index,sponsor,nonce,tx_hash,scheduled_at,submitted_at,confirmed_at,latency_ms,block_number,gas_used,status,error
0,0x70997970C51812dc3A010C7d01b50e0d17dc79C8,2100,0x6e0ff537790e80ddecb8db5b8aa9b648a353a9bd5c163cb1e507e6268af4c46d,1789653587359,1789653587384,1789653617793,30434,770,185010,CONFIRMED,
1,0x3C44CdDdB6a900fa2b585dd299e03d12FA4293BC,2100,0xa3134364e2fcea9bae3275884a197f83b077b3afce85447b4167e49c56541e18,1789653587370,1789653587389,1789653617796,30426,770,185010,CONFIRMED,
2,0x90F79bf6EB2c4f870365E785982E1f101E93b906,2100,0xc0532169b0c717fbb3f91c4c7e48bdc70ff96aea205ba64a215903c9f8d1ed64,1789653587379,1789653587392,1789653617798,30419,770,185022,CONFIRMED,
3,0x15d34AAf54267DB7D7c367839AAf71A00a2C6A65,2100,0x8263569ba32262ffcb741b20af540fe6d50e8544926f26ca779d5df05c1a7ab0,1789653587389,1789653587400,1789653617800,30411,770,185022,CONFIRMED,
4,0x9965507D1a55bcC2695C58ba16FB37d819B0A4dc,2100,0x9cf303fd790824b09111dacf73387bbe4061599893bf64062cbe6aa40ab212f7,1789653587400,1789653587413,1789653617801,30401,770,185010,CONFIRMED,
5,0x976EA74026E726554dB657fA54763abd0C3a0aa9,2100,0xd604c907d3dd26e6c220b7283902a6bbf78aff76c61a25dc4b26154b93c9a1e0,1789653587409,1789653587419,1789653617803,30394,770,185022,CONFIRMED,
6,0x14dC79964da2C08b23698B3D3cc7Ca32193d9955,2100,0x03a251c7e12382760e8506588f0782d089642109a086dc7233370f7911396df7,1789653587419,1789653587430,1789653617805,30386,770,185022,CONFIRMED,
7,0x23618e81E3f5cdF7f54C3d65f7FBc0aBf5B21E8f,2100,0xcc4b22bcf538f034f33fbe75bf51c259dda6f62c31d9daf25b60b5cac9c8d79a,1789653587430,1789653587439,1789653617808,30378,770,185022,CONFIRMED,
8,0xa0Ee7A142d267C1f36714E4a8F75612F20a79720,2100,0xff384292df792ac368eb7b485c57da30295d2c53d8edb97064b2c494471079a4,1789653587439,1789653587453,1789653617809,30370,770,185010,CONFIRMED,
9,0xBcd4042DE499D14e55001CcbB24a551F3b954096,2100,0xc4a0bc7c871d78a10e7a163dcd88048c8a0f0a62254de619beb0a7f02df76755,1789653587449,1789653587460,1789653617811,30362,770,184998,CONFIRMED,
10,0x71bE63f3384f5fb98995898A86B02Fb2426c5788,2100,0xb5ca13e07df3552fcbf4e884d68bfc86b5d022aa3737b2fd75c8d1a4461cbd9c,1789653587460,1789653587473,1789653617814,30354,770,185022,CONFIRMED,
11,0xFABB0ac9d68B0B445fB7357272Ff202C5651694a,2100,0x5a6a523796f5540877c308a99eff0beafb01c064a3f4690be8b8022ddd14c32c,1789653587469,1789653587479,1789653617815,30346,770,185022,CONFIRMED,
12,0x1CBd3b2770909D4e10f157cABC84C7264073C9Ec,2100,0x41dcfba05a20004f96640c39f1576744881dae82bc89fd2f378475778767d816,1789653587479,1789653587488,1789653617816,30337,770,185022,CONFIRMED,
13,0xdF3e18d64BC6A983f673Ab319CCaE4f1a57C7097,2100,0x3f8f23cb29788120f3d52932ebfa30fbab7bd2ca0aff1a39da29d48b95652555,1789653587510,1789653587606,1789653617818,30308,770,185022,CONFIRMED,
14,0xcd3B766CCDd6AE721141F452C550Ca635964ce71,2100,0x3c330cd24dc4a7697cfe2362eccfc7b55a04ae630dd150655656f8605f3e3303,1789653587510,1789653587607,1789653617819,30309,770,185022,CONFIRMED,
15,0x2546BcD3c84621e976D8185a91A922aE77ECEc30,2100,0x4f0cd2ee494c4ec5dfd8046a66f235f0edad2892029eef159a165cafb7091a1c,1789653587510,1789653587601,1789653617821,30311,770,185022,CONFIRMED,
16,0xbDA5747bFD65F08deb54cb465eB87D40e51B197E,2100,0x1a33e3a4d6788fd726e1f2b39c95ef50b6edc157fb4e188a0ea6628ee051b65d,1789653587522,1789653587605,1789653617822,30300,770,185010,CONFIRMED,
17,0xdD2FD4581271e230360230F9337D5c0430Bf44C0,2100,0x2a330542cb02ba98a31a3a273c8e2a5b43d567a6197d0a2772f4a5c05164ac37,1789653587538,1789653587618,1789653617824,30286,770,184998,CONFIRMED,
18,0x8626f6940E2eb28930eFb4CeF49B2d1F2C9C1199,2100,0xc051f6a0ecd503d9cc9ad43eac2995c619f125fa45255347af4e4360f7b94d72,1789653587546,1789653587631,1789653617826,30280,770,185022,CONFIRMED,
19,0x09DB0a93B389bEF724429898f539AEB7ac2Dd55f,2100,0x42e406239248071bbf5ab08ae0c532272782746096ad3177e7bd35fc492c4a8e,1789653587560,1789653587629,1789653617828,30268,770,185022,CONFIRMED,
20,0x70997970C51812dc3A010C7d01b50e0d17dc79C8,2101,0x92ab6d3bfd3ea2aca4d3282cec8c7c7ab21cec970e083dc4f96af673fe07bbaf,1789653587560,1789653587643,1789653617829,30269,770,184998,CONFIRMED,
21,0x3C44CdDdB6a900fa2b585dd299e03d12FA4293BC,2101,0xe12fe5d63f3892bc6f72e182c59f0143bd93c2140a4dd1c9ad83dea26f6f05b5,1789653587583,1789653587641,1789653617830,30247,770,185010,CONFIRMED,
22,0x90F79bf6EB2c4f870365E785982E1f101E93b906,2101,0xf62905a60f4d283743588a6c9c73a76d1a7aa71017a9b46fd30fbb5b3e5a15cc,1789653587583,1789653587642,1789653617832,30249,770,185022,CONFIRMED,
23,0x15d34AAf54267DB7D7c367839AAf71A00a2C6A65,2101,0x3a0ccfa4d876a94fae27856a00dbf3648281b6705de0d5e54948519bb481899b,1789653587607,1789653587650,1789653617834,30227,770,185022,CONFIRMED,
24,0x9965507D1a55bcC2695C58ba16FB37d819B0A4dc,2101,0x12b2f5b1bd5c36c232e0c86ccc20f88d1f854f72bc9925ca0d3cfc345b2c8f1d,1789653587607,1789653587651,1789653617835,30228,770,185022,CONFIRMED,
25,0x976EA74026E726554dB657fA54763abd0C3a0aa9,2101,0x5d30b1d02bd28cac77894215c9eb65a21080af0ad8e3e476065619043c520fc3,1789653587618,1789653587660,1789653617838,30220,770,185010,CONFIRMED,
26,0x14dC79964da2C08b23698B3D3cc7Ca32193d9955,2101,0xaff3e5c498a017aba0ae07b696c6f604a9b693d0b349ef9a4504b1173f56b667,1789653587631,1789653587665,1789653617840,30209,770,185022,CONFIRMED,
27,0x23618e81E3f5cdF7f54C3d65f7FBc0aBf5B21E8f,2101,0x09a378e6c8908f7cf8cc2d8bc7d63528aa9aec5bed3ae9916d14e3a4b53a37c0,1789653587631,1789653587666,1789653617842,30211,770,185022,CONFIRMED,
28,0xa0Ee7A142d267C1f36714E4a8F75612F20a79720,2101,0x648bab55aff8910e93581ba3f2f5ab4770cb9716ad0d529290043b92c154ac9d,1789653587643,1789653587668,1789653617844,30201,770,184986,CONFIRMED,
29,0xBcd4042DE499D14e55001CcbB24a551F3b954096,2101,0x3160c0c98461ce8fe6a45b081b33ec27262ea5bd25c22e27c8ba553fe2ebcc23,1789653587651,1789653587671,1789653617845,30194,770,185010,CONFIRMED,
30,0x71bE63f3384f5fb98995898A86B02Fb2426c5788,2101,0xe09bd47c83a1e09d3f06eb3fc23b62e54ddf7342dac064aa4ecfa9d18366f853,1789653587661,1789653587672,1789653617848,30187,770,185022,CONFIRMED,
31,0xFABB0ac9d68B0B445fB7357272Ff202C5651694a,2101,0xc4a167270bde84c8c698711ef3b0d79709ac87839ebd62cfea70a460d0d422d2,1789653587669,1789653587676,1789653617849,30180,770,185022,CONFIRMED,
32,0x1CBd3b2770909D4e10f157cABC84C7264073C9Ec,2101,0x6e28af4503f9ce626c143610bc73eea546c839079aa5d77d4832412c75e26fac,1789653587693,1789653587702,1789653617850,30157,770,185022,CONFIRMED,
33,0xdF3e18d64BC6A983f673Ab319CCaE4f1a57C7097,2101,0x3cafa73ad18447c2066db1665b428ff8103594c38fd853a22a9870bdc239aec6,1789653587693,1789653587703,1789653617852,30159,770,185022,CONFIRMED,
34,0xcd3B766CCDd6AE721141F452C550Ca635964ce71,2101,0xad54296c810c217954b53652a5311f4d743ed66449fc2a73462f859759c1a1cb,1789653587699,1789653587705,1789653617853,30154,770,185022,CONFIRMED,
35,0x2546BcD3c84621e976D8185a91A922aE77ECEc30,2101,0x41a52b5b994eb07ee60a443b92b094c33ab18d6fb6f95dacf82defbb8581d96e,1789653587709,1789653587718,1789653617855,30146,770,185010,CONFIRMED,
36,0xbDA5747bFD65F08deb54cb465eB87D40e51B197E,2101,0x263576a7882286e73a9695049fc775735898d7935e73b947532e68132f66a763,1789653587732,1789653587742,1789653617857,30125,770,185022,CONFIRMED,
37,0xdD2FD4581271e230360230F9337D5c0430Bf44C0,2101,0xd9a0707e5c84ec58afa7f4c93ee447449fff81ed4a1e6c2bf307d33a8360957d,1789653587732,1789653587744,1789653617859,30127,770,185010,CONFIRMED,
38,0x8626f6940E2eb28930eFb4CeF49B2d1F2C9C1199,2101,0xa41e89695e53b273c33a380420cfc0dee09fbf329b98d35dba151c4aa2bbfdd0,1789653587740,1789653587746,1789653617861,30121,770,185022,CONFIRMED,
39,0x09DB0a93B389bEF724429898f539AEB7ac2Dd55f,2101,0xf4a609dc3a170ee85486f353a4304cfa6d959ce187d618cfaa93094866024aba,1789653587748,1789653587753,1789653617863,30115,770,185022,CONFIRMED,
40,0x70997970C51812dc3A010C7d01b50e0d17dc79C8,2102,0x0a0b02133489f5078dcd4d03c311448f952dd6c64120e16500c77a1adf7563d9,1789653587762,1789653587769,1789653617865,30103,770,185010,CONFIRMED,
41,0x3C44CdDdB6a900fa2b585dd299e03d12FA4293BC,2102,0x9f6693fb0a36df90a4c56c8c6bf358c4f61feeb83218824f6c7a9642dd8ea675,1789653587769,1789653587779,1789653617868,30099,770,185010,CONFIRMED,
42,0x90F79bf6EB2c4f870365E785982E1f101E93b906,2102,0x6ecb2efcf8e8a0788eac069acdef7d022057137c1294d2ae6b04b6b5eb5efb52,1789653587779,1789653587787,1789653617871,30092,770,185022,CONFIRMED,
43,0x15d34AAf54267DB7D7c367839AAf71A00a2C6A65,2102,0x252bdf178b0aca362c58d424792e76f83aae16e3199b00b072e90069f4189677,1789653587793,1789653587803,1789653617873,30080,770,185022,CONFIRMED,
44,0x9965507D1a55bcC2695C58ba16FB37d819B0A4dc,2102,0x349f6c44e8db65ef9fafc954ff5a774b5af7b5e777432a8ee1eb298bc797ab14,1789653587801,1789653587807,1789653617875,30074,770,185022,CONFIRMED,
45,0x976EA74026E726554dB657fA54763abd0C3a0aa9,2102,0x1dd57609273a45f50acb238c526026d6f59579beacdce5c69d0b5aed46d14767,1789653587817,1789653587826,1789653617877,30060,770,184998,CONFIRMED,
46,0x14dC79964da2C08b23698B3D3cc7Ca32193d9955,2102,0x8022a3ca2712e02fcd2c48ab749773217b98afc7223ebc0c358f042bde9245a8,1789653587820,1789653587827,1789653617879,30059,770,185022,CONFIRMED,
47,0x23618e81E3f5cdF7f54C3d65f7FBc0aBf5B21E8f,2102,0x5ef889c9923281e06c8c449e2d93583031bbe5d19029b6ea2913566af530e9ce,1789653587833,1789653587842,1789653617880,30047,770,184998,CONFIRMED,
48,0xa0Ee7A142d267C1f36714E4a8F75612F20a79720,2102,0xef9aa5a2857b43e99edbf0bd94fa78a5389911b87b7db251fde0596cfff3977d,1789653587839,1789653587849,1789653617881,30042,770,184998,CONFIRMED,
49,0xBcd4042DE499D14e55001CcbB24a551F3b954096,2102,0x95b8982abdcd2ce8ee3ec673cde3ad2213aaddaaf169dd197261864dfae7dfe3,1789653587849,1789653587857,1789653617882,30033,770,185010,CONFIRMED,
50,0x71bE63f3384f5fb98995898A86B02Fb2426c5788,2102,0xa1ea7d2157e70fc305b86a514b553de3aca835048872b2ed34190904a07d1c02,1789653587859,1789653587875,1789653617884,30025,770,185010,CONFIRMED,
51,0xFABB0ac9d68B0B445fB7357272Ff202C5651694a,2102,0xfc488d45f5304ebf140b75f321f2a34db8564de756991b8fddc3af74a0885438,1789653587872,1789653587883,1789653617885,30013,770,185022,CONFIRMED,
52,0x1CBd3b2770909D4e10f157cABC84C7264073C9Ec,2102,0xca4351f9497b13bc4085de01b23bd26116a400d8eda0afb7b0baefed3483a9a7,1789653587878,1789653587886,1789653617886,30008,770,185022,CONFIRMED,
53,0xdF3e18d64BC6A983f673Ab319CCaE4f1a57C7097,2102,0x684e51452993387c4495f96ba2bd039436d5a173dfa1c59b92f9c3b3a71d668e,1789653587890,1789653587898,1789653617888,29998,770,185022,CONFIRMED,
54,0xcd3B766CCDd6AE721141F452C550Ca635964ce71,2102,0xef5ee57397a326067729a25d0158088b598ef3d905d3a54cc874087618ba4d97,1789653587906,1789653587915,1789653617890,29984,770,185010,CONFIRMED,
55,0x2546BcD3c84621e976D8185a91A922aE77ECEc30,2102,0xf9fccf70b037d7695386d4bfcaff8d97951830c261699df8e3d05f0274306445,1789653587910,1789653587919,1789653617891,29981,770,185022,CONFIRMED,
56,0xbDA5747bFD65F08deb54cb465eB87D40e51B197E,2102,0x12ba5dc29c5ac27094744fb03ecb50041315dcbc84994ff482260db9b6fc2585,1789653587919,1789653587927,1789653617893,29974,770,185022,CONFIRMED,
57,0xdD2FD4581271e230360230F9337D5c0430Bf44C0,2102,0x1a68f7e335abb2ae1e92bc0cd5edd50b6144ed86cd9890a1545a8672424d30d6,1789653587938,1789653587950,1789653617894,29956,770,185022,CONFIRMED,
58,0x8626f6940E2eb28930eFb4CeF49B2d1F2C9C1199,2102,0x341d92aa103eed4b6bd8a55876f84cb9af8e1ddec4a19205945b0adc878dea0b,1789653587941,1789653587952,1789653617896,29955,770,185022,CONFIRMED,
59,0x09DB0a93B389bEF724429898f539AEB7ac2Dd55f,2102,0xdb2d49ca53840892a3c38e08b9311a52b3e7f367e4c534c0290967dae320ada8,1789653587950,1789653587957,1789653617899,29949,770,185022,CONFIRMED,
60,0x70997970C51812dc3A010C7d01b50e0d17dc79C8,2103,0xb355dda17d7a176f479fd052656239a9123d37a22931240a3942456bf6807508,1789653587970,1789653587981,1789653617902,29932,770,185010,CONFIRMED,
61,0x3C44CdDdB6a900fa2b585dd299e03d12FA4293BC,2103,0xb0cc2be51b0fc6788aaae7eddc8f762d51d14f9bb096ad4eda26086a990e76e7,1789653587970,1789653587981,1789653617904,29934,770,185010,CONFIRMED,
62,0x90F79bf6EB2c4f870365E785982E1f101E93b906,2103,0x871c2afbc23e3937d4259827e876175033dba7936b0d67ac4245518c4e7307c8,1789653587979,1789653587986,1789653617907,29928,770,185022,CONFIRMED,
63,0x15d34AAf54267DB7D7c367839AAf71A00a2C6A65,2103,0xd0a371649b316061f7128ded5f4803d83d0c3e2d127f743e073f73eff02ed9d4,1789653588002,1789653588029,1789653617908,29906,770,185022,CONFIRMED,
64,0x9965507D1a55bcC2695C58ba16FB37d819B0A4dc,2103,0x12ebed7d49012923220dd8720f37a64dad45d1c3e1b959bc7035824b76540d45,1789653588002,1789653588037,1789653617911,29909,770,185010,CONFIRMED,
65,0x976EA74026E726554dB657fA54763abd0C3a0aa9,2103,0xd6cb0d2ea11d563a0f738c3fe01833db7372be75046ba4176c3aa7e988429871,1789653588013,1789653588047,1789653617912,29899,770,185022,CONFIRMED,
66,0x14dC79964da2C08b23698B3D3cc7Ca32193d9955,2103,0x43bcc5b0a9394d5028ff5c8ef328bc09d433c9bbfbc51bf3dd0f54ff72f74056,1789653588020,1789653588049,1789653617914,29894,770,185022,CONFIRMED,
67,0x23618e81E3f5cdF7f54C3d65f7FBc0aBf5B21E8f,2103,0xa86e8f986892a6ac2d5baf1bf1b45e1859c97a51eb46f6e8feaf777a14ad44b6,1789653588029,1789653588055,1789653617916,29887,770,185022,CONFIRMED,
68,0xa0Ee7A142d267C1f36714E4a8F75612F20a79720,2103,0x8e5ff90c7c1cd59aa20eb4fac083f80137da823f2a591e63875306759aff71f9,1789653588041,1789653588075,1789653617918,29877,770,184998,CONFIRMED,
69,0xBcd4042DE499D14e55001CcbB24a551F3b954096,2103,0x98e7527374e12ae8ad596658cabca5bf9772bc5d5e59d579b3853038467f5f91,1789653588049,1789653588081,1789653617919,29870,770,185010,CONFIRMED,
70,0x71bE63f3384f5fb98995898A86B02Fb2426c5788,2103,0xa0c764118ab345a5938e72b6abaccc9b65c268e6ea8691c3027d5fc759ebc9cb,1789653588059,1789653588085,1789653617920,29861,770,185022,CONFIRMED,
71,0xFABB0ac9d68B0B445fB7357272Ff202C5651694a,2103,0xe713111c7f66db76a1dee48f6d2c902ca04590648091d25473a55ea9eaad8b9a,1789653588069,1789653588088,1789653617922,29853,770,185022,CONFIRMED,
72,0x1CBd3b2770909D4e10f157cABC84C7264073C9Ec,2103,0x6b001196237728003245def32efac75a259c2ddf824672def7177f42152c47fc,1789653588081,1789653588092,1789653617924,29843,770,185022,CONFIRMED,
73,0xdF3e18d64BC6A983f673Ab319CCaE4f1a57C7097,2103,0x0d34343bbae1334098a4daedfadcc5e673e21797ac0a2ecca2e4f088506d8348,1789653588089,1789653588100,1789653617926,29837,770,185022,CONFIRMED,
74,0xcd3B766CCDd6AE721141F452C550Ca635964ce71,2103,0x4591dea0f9899917b4d9851c9b42a55e02d993884fb57179a1fd79b96e37d19f,1789653588100,1789653588109,1789653617929,29829,770,185010,CONFIRMED,
75,0x2546BcD3c84621e976D8185a91A922aE77ECEc30,2103,0xfa5778c61246c51b31b0b16c1dd8f6db745695b2bb4db3164d88bb9937f1d567,1789653588109,1789653588119,1789653617930,29821,770,185010,CONFIRMED,
76,0xbDA5747bFD65F08deb54cb465eB87D40e51B197E,2103,0xd79fa6932fcb0de7ee1902b0e7c8cd495ea3bb4a2c1779976396cc8043c65693,1789653588119,1789653588128,1789653617931,29812,770,185022,CONFIRMED,
77,0xdD2FD4581271e230360230F9337D5c0430Bf44C0,2103,0x6e02deb8da1554ab94c6b1c8027f6f887cbc3d056e76cb22ad8001e723c090f0,1789653588136,1789653588149,1789653617933,29797,770,185022,CONFIRMED,
78,0x8626f6940E2eb28930eFb4CeF49B2d1F2C9C1199,2103,0xa59eb9400849677b35e28d97246507283737a43b03a59d3d5264e11758396da5,1789653588141,1789653588154,1789653617934,29793,770,185022,CONFIRMED,
79,0x09DB0a93B389bEF724429898f539AEB7ac2Dd55f,2103,0xa911e0ac371c675649b0b13111c9cda99a6e813336bae5e7b3c7f9b683258d4e,1789653588150,1789653588158,1789653617935,29785,770,185022,CONFIRMED,
80,0x70997970C51812dc3A010C7d01b50e0d17dc79C8,2104,0x0241033e1abacdfefde364beb4df887159063b0f190671543e4ec4e40aba051b,1789653588168,1789653588188,1789653617936,29768,770,185010,CONFIRMED,
81,0x3C44CdDdB6a900fa2b585dd299e03d12FA4293BC,2104,0x8177744a95391ce5dab8d6ae3249c5843fa4e3141ab0deb013c4d7be2e40b822,1789653588171,1789653588195,1789653617938,29767,770,184998,CONFIRMED,
82,0x90F79bf6EB2c4f870365E785982E1f101E93b906,2104,0x7d25d85b2acf869e2a623906c45e7793b14c7f20648dcb521efe11d06a3493fe,1789653588182,1789653588200,1789653617939,29757,770,185022,CONFIRMED,
83,0x15d34AAf54267DB7D7c367839AAf71A00a2C6A65,2104,0x6771ea038864f9e0ec3861de24d97b2259793010811a803c7c1ef434a23e189e,1789653588189,1789653588208,1789653617941,29752,770,185022,CONFIRMED,
84,0x9965507D1a55bcC2695C58ba16FB37d819B0A4dc,2104,0x84b72dde11f45d2098b4720620a9f59a8909bcc3af1179f74ccf8866e98d07f8,1789653588200,1789653588217,1789653617943,29743,770,185022,CONFIRMED,
85,0x976EA74026E726554dB657fA54763abd0C3a0aa9,2104,0x480ba1497f46e57803ed040c93addda26fb937c30da134d3be0cbef8337d513b,1789653588212,1789653588229,1789653617944,29732,770,185022,CONFIRMED,
86,0x14dC79964da2C08b23698B3D3cc7Ca32193d9955,2104,0xa60e0d65eb88b59fa32e6144c15b850e96ab782883dd722f55a13013a3b70ea8,1789653588223,1789653588249,1789653617946,29723,770,185022,CONFIRMED,
87,0x23618e81E3f5cdF7f54C3d65f7FBc0aBf5B21E8f,2104,0xee33a217f689d3712e9cfa1860f2d6dd3a52fad4b51c2ad99d0c533887f8812a,1789653588230,1789653588256,1789653617947,29717,770,185022,CONFIRMED,
88,0xa0Ee7A142d267C1f36714E4a8F75612F20a79720,2104,0x29733e4f67abc931b5240c9a83bcb0032a56494e9e7cb6065b0cd99fb425a9bc,1789653588239,1789653588266,1789653617949,29710,770,185010,CONFIRMED,
89,0xBcd4042DE499D14e55001CcbB24a551F3b954096,2104,0x59f3c5e089a91551fec7cfbc00e322249eba2fedfb8c682b448bb067abe81a80,1789653588249,1789653588268,1789653617953,29704,770,185010,CONFIRMED,
90,0x71bE63f3384f5fb98995898A86B02Fb2426c5788,2104,0xae99d583a5d870353cbce239b446eae8abbd908e4e00019c6c6af2ef1d130c0a,1789653588260,1789653588272,1789653617956,29696,770,185010,CONFIRMED,
91,0xFABB0ac9d68B0B445fB7357272Ff202C5651694a,2104,0x210c07fa9fab7fab075d73a128b1b91416048e60f37482b6b29a5fec4ae46c3a,1789653588270,1789653588283,1789653617959,29689,770,185022,CONFIRMED,
92,0x1CBd3b2770909D4e10f157cABC84C7264073C9Ec,2104,0x25f623813b4b8065292bbc9a755feaa966573231c7716438f119527a91ad9e23,1789653588279,1789653588289,1789653617961,29682,770,185022,CONFIRMED,
93,0xdF3e18d64BC6A983f673Ab319CCaE4f1a57C7097,2104,0x18e109ca3011482426c478ea62e2a807718ac682bfee370adb34c530c46cbd1f,1789653588289,1789653588300,1789653617963,29674,770,185010,CONFIRMED,
94,0xcd3B766CCDd6AE721141F452C550Ca635964ce71,2104,0xe72006ee056707d03a49852ec9001d14e153c34eea8eee2efe9fcc9e7858c2a5,1789653588300,1789653588311,1789653617964,29664,770,185022,CONFIRMED,
95,0x2546BcD3c84621e976D8185a91A922aE77ECEc30,2104,0x6728116cd8442fd56fea70b1b7842fb6dbb62d894150ce5562b6f0fc52ba0ec1,1789653588311,1789653588326,1789653617965,29654,770,185022,CONFIRMED,
96,0xbDA5747bFD65F08deb54cb465eB87D40e51B197E,2104,0xc5f8c9b266689bee30c46dfa1d9b5982d7c423cfd83fe59dfbeebc2c028e1bff,1789653588319,1789653588334,1789653617967,29648,770,185010,CONFIRMED,
97,0xdD2FD4581271e230360230F9337D5c0430Bf44C0,2104,0xf90bf2fc5fd4c4191281b3036efc5553cdf207a4693be8f8574a89caedfba5cd,1789653588329,1789653588338,1789653617968,29639,770,185022,CONFIRMED,
98,0x8626f6940E2eb28930eFb4CeF49B2d1F2C9C1199,2104,0x6db9d95a5871bd6e18fa526cbda4dcb2504ec9e6e53b51c8c8a5401ef7d02846,1789653588343,1789653588355,1789653617970,29627,770,185022,CONFIRMED,
99,0x09DB0a93B389bEF724429898f539AEB7ac2Dd55f,2104,0x8f3c19242b36efba4fda236fabb3af0cd39faef57cad1649cc21e66c2bafd4b6,1789653588349,1789653588359,1789653617971,29622,770,185022,CONFIRMED,
100,0x70997970C51812dc3A010C7d01b50e0d17dc79C8,2105,0x550c547abe1897b3a5c61b412bbdbcbc3bac20ed1d9a2de72dc3142896a7708c,1789653588375,1789653588384,1789653617972,29597,770,184998,CONFIRMED,
101,0x3C44CdDdB6a900fa2b585dd299e03d12FA4293BC,2105,0xc21380fd42f9791041630e683d14645867c5290a696543cfe008ee61ba58f80b,1789653588375,1789653588385,1789653617973,29598,770,185010,CONFIRMED,
102,0x90F79bf6EB2c4f870365E785982E1f101E93b906,2105,0x2a0fb903d00c56232c2ff8b8a2b4db1ffed75b4b3519e6ea91b5dbbe051f2017,1789653588380,1789653588385,1789653617974,29594,770,185022,CONFIRMED,
103,0x15d34AAf54267DB7D7c367839AAf71A00a2C6A65,2105,0xa494db2cf50938e65414529ca3550ff39329a7187e9fa714791998c57760974f,1789653588391,1789653588397,1789653617976,29585,770,185022,CONFIRMED,
104,0x9965507D1a55bcC2695C58ba16FB37d819B0A4dc,2105,0x2610fc782811008d3e76fda3bba5fc35a3b5c73f235b0bf1c885234eac9375b6,1789653588407,1789653588414,1789653617977,29570,770,185022,CONFIRMED,
105,0x976EA74026E726554dB657fA54763abd0C3a0aa9,2105,0x6774586c0bbbbc538824254045a215e3ef33388354f810aa9225738d23da3dac,1789653588410,1789653588416,1789653617979,29569,770,185022,CONFIRMED,
106,0x14dC79964da2C08b23698B3D3cc7Ca32193d9955,2105,0x8893f5c9c70d496c6b3eb9f9a2b978ddf9755de18b0be5bc43b981e2ea4ed1b0,1789653588422,1789653588428,1789653617980,29558,770,185022,CONFIRMED,
107,0x23618e81E3f5cdF7f54C3d65f7FBc0aBf5B21E8f,2105,0xf2e1e1b836a1a6e90c6c32a28423ce9bb6e4f86beba285ef5d8e24aeaf8c82e6,1789653588438,1789653588446,1789653617981,29543,770,185022,CONFIRMED,
108,0xa0Ee7A142d267C1f36714E4a8F75612F20a79720,2105,0x36e4221cab85bc9939d2d0ed5bf8559bd8ec17ec82070cbfe3d961d3cf0ef1c1,1789653588440,1789653588447,1789653617983,29543,770,185010,CONFIRMED,
109,0xBcd4042DE499D14e55001CcbB24a551F3b954096,2105,0x76aadfad3493dae30b192ccff4267608716ccd3e6ccbd4ed21604c8658bb98f3,1789653588454,1789653588459,1789653617984,29530,770,185010,CONFIRMED,
110,0x71bE63f3384f5fb98995898A86B02Fb2426c5788,2105,0x5191189200930cd709bb98b302a4073ae0daf7f0b48d2f530748fa6bc70676c6,1789653588459,1789653588465,1789653617985,29526,770,185022,CONFIRMED,
111,0xFABB0ac9d68B0B445fB7357272Ff202C5651694a,2105,0x3862311c3821f09af2cf16cebda75a313da25182416e7d64d4c7ddb9af2a5ae8,1789653588478,1789653588485,1789653617986,29508,770,185010,CONFIRMED,
112,0x1CBd3b2770909D4e10f157cABC84C7264073C9Ec,2105,0x7795bf4d1eeb79936639375d0ab81f1ce092e3ecc07c430e47bb869b3d838627,1789653588480,1789653588486,1789653617987,29507,770,185022,CONFIRMED,
113,0xdF3e18d64BC6A983f673Ab319CCaE4f1a57C7097,2105,0x557a798c2c90dc0e0f10fc9f9d213f211814e63e56dce87088ed9e3d36eb56c7,1789653588494,1789653588500,1789653617988,29494,770,185022,CONFIRMED,
114,0xcd3B766CCDd6AE721141F452C550Ca635964ce71,2105,0x2004ce8624ed58d3fb6fe03088518531c908224cdc583ea3a2572dd66c3e6742,1789653588500,1789653588505,1789653617989,29489,770,185022,CONFIRMED,
115,0x2546BcD3c84621e976D8185a91A922aE77ECEc30,2105,0xfbb5eb3a7a0cd3497431f6440ac1e8db0bfaeeccb8e607bafc465bd949f7e38b,1789653588510,1789653588516,1789653617990,29480,770,185022,CONFIRMED,
116,0xbDA5747bFD65F08deb54cb465eB87D40e51B197E,2105,0xf19837eeb9a1ad336d27b0e1407cec146c5cf3e166313667f0bf38d2df8e8927,1789653588526,1789653588532,1789653617992,29466,770,185022,CONFIRMED,
117,0xdD2FD4581271e230360230F9337D5c0430Bf44C0,2105,0xafadd5e4e98c84a6e5d68d0f6408d92e58fd452bb37bd5dda06109829c33cc89,1789653588529,1789653588534,1789653617993,29464,770,185022,CONFIRMED,
118,0x8626f6940E2eb28930eFb4CeF49B2d1F2C9C1199,2105,0x8d99c5eebbe2ae919e7ac0b0e61c3df057e0bc5c935ea0cc8a44e9272fbe5be0,1789653588542,1789653588548,1789653617994,29452,770,185022,CONFIRMED,
119,0x09DB0a93B389bEF724429898f539AEB7ac2Dd55f,2105,0x5c0055279f5ae3c5ee097a4e03ab63708279d18dc20432d1a02d1080e5067278,1789653588558,1789653588564,1789653617996,29438,770,185022,CONFIRMED,
120,0x70997970C51812dc3A010C7d01b50e0d17dc79C8,2106,0x79f44771cfa5abdbe7b35c8cedb2af2ec001e585c35c89021c7beb2a4b730bb2,1789653588559,1789653588565,1789653617998,29439,770,184998,CONFIRMED,
121,0x3C44CdDdB6a900fa2b585dd299e03d12FA4293BC,2106,0xdf64679c3325d4ff757d127d39a858a9972217813c8cd82f9777b746ba5d0cad,1789653588573,1789653588580,1789653617999,29426,770,184998,CONFIRMED,
122,0x90F79bf6EB2c4f870365E785982E1f101E93b906,2106,0xc66e70b37f4867d47c508f854731c6ccf55fec72dfb91667e3c8e3be6557a907,1789653588579,1789653588583,1789653618000,29421,770,185022,CONFIRMED,
123,0x15d34AAf54267DB7D7c367839AAf71A00a2C6A65,2106,0x1e3accbf0fdde710bdcfe7fc40cd8c786a4dad5e03c4c97579cc70a267e71e43,1789653588605,1789653588613,1789653618001,29396,770,185022,CONFIRMED,
124,0x9965507D1a55bcC2695C58ba16FB37d819B0A4dc,2106,0xc0bb50875730b3fc4fff3fc5c4df57b00a303e0bb58cfb81a0535d262e7333cf,1789653588605,1789653588614,1789653618003,29398,770,185022,CONFIRMED,
125,0x976EA74026E726554dB657fA54763abd0C3a0aa9,2106,0xfc63948f061233623dc3b03bf94782b2fef7778412b9103c842e638a84022498,1789653588609,1789653588615,1789653618004,29395,770,185022,CONFIRMED,
126,0x14dC79964da2C08b23698B3D3cc7Ca32193d9955,2106,0xf91ee515c81049b2ab8bcaa709b32a18acd089414e0438de4d5aaedfd734b18f,1789653588621,1789653588625,1789653618006,29385,770,185022,CONFIRMED,
127,0x23618e81E3f5cdF7f54C3d65f7FBc0aBf5B21E8f,2106,0x364eb15ffe41b8577b166fe8250b6a85fc7cabecc4138819a82508b3627d53e2,1789653588637,1789653588643,1789653618008,29371,770,185022,CONFIRMED,
128,0xa0Ee7A142d267C1f36714E4a8F75612F20a79720,2106,0x10e9576e6b7a4fef48a90e72b5e645bbce165f97d008921d35b3cf419715b699,1789653588640,1789653588647,1789653618010,29370,770,185010,CONFIRMED,
129,0xBcd4042DE499D14e55001CcbB24a551F3b954096,2106,0x213828f626f2c5f046c5158322a471799f5a40967f293855089d78d4e7a7e068,1789653588653,1789653588659,1789653618011,29358,770,185010,CONFIRMED,
130,0x71bE63f3384f5fb98995898A86B02Fb2426c5788,2106,0xfaecde84913479579ecdabd6fc511f89f8a7bc440bd56eb2870d23b99915b13d,1789653588659,1789653588666,1789653618012,29353,770,185022,CONFIRMED,
131,0xFABB0ac9d68B0B445fB7357272Ff202C5651694a,2106,0xd976ecac4dd922f6d38ad6b9da20c6449085de8081ef8ee57f3bde115c9c2c54,1789653588676,1789653588684,1789653618013,29337,770,185022,CONFIRMED,
132,0x1CBd3b2770909D4e10f157cABC84C7264073C9Ec,2106,0x60f43ec463b6bd1a3699b6705288e9f6728ebd47e591846af6e5d483a6eb931e,1789653588681,1789653588686,1789653618015,29334,770,185022,CONFIRMED,
133,0xdF3e18d64BC6A983f673Ab319CCaE4f1a57C7097,2106,0x4315fcd45ec982ad7cd5243bc26f712d8a79d1cf3b569c48e1ee0b51b288bdcf,1789653588692,1789653588699,1789653618016,29324,770,185010,CONFIRMED,
134,0xcd3B766CCDd6AE721141F452C550Ca635964ce71,2106,0x1464a8a618109315638a339911aeae080a4b3219b515833015e43308d4ccf011,1789653588699,1789653588704,1789653618017,29318,770,185022,CONFIRMED,
135,0x2546BcD3c84621e976D8185a91A922aE77ECEc30,2106,0x84723b5f3b944b9049feec16faa562118bf5477829b2811f6cc782bfe6814491,1789653588724,1789653588734,1789653618018,29294,770,185022,CONFIRMED,
136,0xbDA5747bFD65F08deb54cb465eB87D40e51B197E,2106,0xf02ec1d660d10e3b79eb75aa42a985ca6c140abca9be18582a6a562c3e75729c,1789653588724,1789653588737,1789653618019,29295,770,185022,CONFIRMED,
137,0xdD2FD4581271e230360230F9337D5c0430Bf44C0,2106,0x88a74bb7aafb0c9e228d7e8d325b55b5498488c2a0b6ad8ddc771d715e77df21,1789653588729,1789653588738,1789653618021,29292,770,185022,CONFIRMED,
138,0x8626f6940E2eb28930eFb4CeF49B2d1F2C9C1199,2106,0x390d7f993c656e87e8907479cae4fb451e34a8f89c7de50f144e17694d79ec26,1789653588740,1789653588747,1789653618022,29282,770,185022,CONFIRMED,
139,0x09DB0a93B389bEF724429898f539AEB7ac2Dd55f,2106,0xabbd84d8eebd55600255d0a527eb1a0ec0a1d55f8e3f4fb0a036942e61fb174a,1789653588756,1789653588763,1789653618024,29268,770,185022,CONFIRMED,
140,0x70997970C51812dc3A010C7d01b50e0d17dc79C8,2107,0x573e60f4ce0875a8430bcbf93e97a9bd31f0855a791288c3f80b5654af8709dd,1789653588759,1789653588765,1789653618026,29267,770,185010,CONFIRMED,
141,0x3C44CdDdB6a900fa2b585dd299e03d12FA4293BC,2107,0xf5206a915ade361c264fafc19904f65c5102fe40142e24befbfb60a7659cfc9c,1789653588772,1789653588777,1789653618027,29255,770,184998,CONFIRMED,
142,0x90F79bf6EB2c4f870365E785982E1f101E93b906,2107,0x9629d7d7c279012743f35f33bc329dfe75ee263f3b0f8d96d097388049de1029,1789653588788,1789653588795,1789653618029,29241,770,185022,CONFIRMED,
143,0x15d34AAf54267DB7D7c367839AAf71A00a2C6A65,2107,0x8ae592e2c8c7120f331128cd1749896f11eed83db5284b59970fab7d940ed281,1789653588789,1789653588796,1789653618031,29242,770,185022,CONFIRMED,
144,0x9965507D1a55bcC2695C58ba16FB37d819B0A4dc,2107,0xdfc33b650205aed45bab3295833e10820a22c1afdf82d96f5162e1231f9241da,1789653588803,1789653588808,1789653618032,29229,770,185022,CONFIRMED,
145,0x976EA74026E726554dB657fA54763abd0C3a0aa9,2107,0xf7522a084b24d5c6f3417072212133489b71ad72cbe023343fb5291375c57103,1789653588819,1789653588826,1789653618033,29214,770,185022,CONFIRMED,
146,0x14dC79964da2C08b23698B3D3cc7Ca32193d9955,2107,0x52401a3f9aea3714834f111a2b7e4abbf9ad62a08f5c73cc5c55a354ceecdf83,1789653588819,1789653588826,1789653618034,29215,770,185022,CONFIRMED,
147,0x23618e81E3f5cdF7f54C3d65f7FBc0aBf5B21E8f,2107,0x35552d2827018f313a7af7a9ccb3b89c89082ef6a88c1e62368765e938f6d315,1789653588835,1789653588840,1789653618035,29200,770,185022,CONFIRMED,
148,0xa0Ee7A142d267C1f36714E4a8F75612F20a79720,2107,0x0050b26f1fa7ca9d5d1367b139cf5d8befac9db018f426e3a3800702a6209d3f,1789653588839,1789653588844,1789653618036,29197,770,185010,CONFIRMED,
149,0xBcd4042DE499D14e55001CcbB24a551F3b954096,2107,0xca8f18f3c2042dd2091418ff888aff7c13c067f22ee0ade38813d7643e5dd654,1789653588851,1789653588857,1789653618037,29186,770,185010,CONFIRMED,
150,0x71bE63f3384f5fb98995898A86B02Fb2426c5788,2107,0xfa2ccd494a4eacf455a03e37b299a4975d0a04a5c10cc16e91c2f82b13ff16dc,1789653588867,1789653588872,1789653618039,29172,770,185022,CONFIRMED,
151,0xFABB0ac9d68B0B445fB7357272Ff202C5651694a,2107,0x555894ee29ce52ec0b14b847a3110f87ef7f7c51aac395a041fb0ff50a9a2fea,1789653588869,1789653588874,1789653618041,29172,770,185022,CONFIRMED,
152,0x1CBd3b2770909D4e10f157cABC84C7264073C9Ec,2107,0xb7c9be1240da999e26c63118544151dd2e8666765e453e36e16111ebea973385,1789653588884,1789653588889,1789653618042,29158,770,185022,CONFIRMED,
153,0xdF3e18d64BC6A983f673Ab319CCaE4f1a57C7097,2107,0xdf1fa7f537bfbf80ac1f7fe77bc22d7d408cc6857509f1fa5348cf056058284b,1789653588889,1789653588894,1789653618044,29155,770,185010,CONFIRMED,
154,0xcd3B766CCDd6AE721141F452C550Ca635964ce71,2107,0x06413b6ca4a4a9864d6cfa0b1a1541fa68a64f896cd27488c8e59b8206a13673,1789653588900,1789653588905,1789653618045,29145,770,185022,CONFIRMED,
155,0x2546BcD3c84621e976D8185a91A922aE77ECEc30,2107,0x8fc583639560585c0873c77e4f4374d9ec6018bd2f276356ddaf05736fbc0ffd,1789653588924,1789653588932,1789653618046,29122,770,185022,CONFIRMED,
156,0xbDA5747bFD65F08deb54cb465eB87D40e51B197E,2107,0xc4bc3fa46d63e5a67381828aebc951462b8596c129aa388dd9c9f17368d5ff2d,1789653588924,1789653588932,1789653618047,29123,770,185010,CONFIRMED,
157,0xdD2FD4581271e230360230F9337D5c0430Bf44C0,2107,0x22164426b286109836463d92ec553bc38e3b22abd0b04de91931682d34fad485,1789653588929,1789653588934,1789653618049,29120,770,185022,CONFIRMED,
158,0x8626f6940E2eb28930eFb4CeF49B2d1F2C9C1199,2107,0x108a2cd5b5e2b9933ba7ece31132fc229dbb9fa0a2d2c85e180dede838bbb07c,1789653588939,1789653588946,1789653618051,29112,770,185022,CONFIRMED,
159,0x09DB0a93B389bEF724429898f539AEB7ac2Dd55f,2107,0x0da806cb11e3893639b992286a56515a884b47311a0ecbb8e26375373b3e7190,1789653588955,1789653588962,1789653618052,29097,770,185022,CONFIRMED,
160,0x70997970C51812dc3A010C7d01b50e0d17dc79C8,2108,0x11fe8dce6fcafd030165eb704e10ae0cd6e81e3089b3792440a0e9bf6df7b772,1789653588959,1789653588964,1789653618053,29094,770,184998,CONFIRMED,
161,0x3C44CdDdB6a900fa2b585dd299e03d12FA4293BC,2108,0x7793d86f766970bfa29b560af4b1c7ab2be88a63211154020303022af535bcb4,1789653588971,1789653588976,1789653618054,29083,770,185010,CONFIRMED,
162,0x90F79bf6EB2c4f870365E785982E1f101E93b906,2108,0xcab555fd8944e4022071ef8bb0665bea81e120877b2e32f7bc1a393949832371,1789653588987,1789653588996,1789653618055,29068,770,185022,CONFIRMED,
163,0x15d34AAf54267DB7D7c367839AAf71A00a2C6A65,2108,0x3205268b3be59ee4dde4baa10c7e9484a28d167f6e673101f42f75d99b391e14,1789653588988,1789653588996,1789653618057,29069,770,185022,CONFIRMED,
164,0x9965507D1a55bcC2695C58ba16FB37d819B0A4dc,2108,0x8988ae2c2e6c4dedf1446a27343268a7ae755d723ba839f77f799c934ed65a66,1789653589003,1789653589008,1789653618059,29056,770,185022,CONFIRMED,
165,0x976EA74026E726554dB657fA54763abd0C3a0aa9,2108,0x6636727313caf3b95db965fc34a8b43fda239684954771f3a42c36fd22bb9de0,1789653589018,1789653589024,1789653618060,29042,770,185010,CONFIRMED,
166,0x14dC79964da2C08b23698B3D3cc7Ca32193d9955,2108,0x369b3d6067db71eeb593b2e8426514a0d95d5fca07cc5120c78bdbec44ce5594,1789653589020,1789653589024,1789653618062,29042,770,185022,CONFIRMED,
167,0x23618e81E3f5cdF7f54C3d65f7FBc0aBf5B21E8f,2108,0x4480f85384fc4e2841435700d6ba46a62e811ec62d442d6562b922e778111b7a,1789653589034,1789653589039,1789653618064,29030,770,185022,CONFIRMED,
168,0xa0Ee7A142d267C1f36714E4a8F75612F20a79720,2108,0x3214ba4de185e92e833dfd82e48a214ec9eb2314f1023fcffbc3b3d480d4c92e,1789653589039,1789653589044,1789653618065,29026,770,185010,CONFIRMED,
169,0xBcd4042DE499D14e55001CcbB24a551F3b954096,2108,0x0f64cf041f4e7832b58185f550ae0d7ae00980c5f82079dcef0013954430a3d8,1789653589050,1789653589055,1789653618066,29016,770,184998,CONFIRMED,
170,0x71bE63f3384f5fb98995898A86B02Fb2426c5788,2108,0x09aae4fc5ba22415722c435ba830cecf1012a4b32ef3ef81697af8b89e53ea14,1789653589066,1789653589071,1789653618067,29001,770,185022,CONFIRMED,
171,0xFABB0ac9d68B0B445fB7357272Ff202C5651694a,2108,0x1d2d65e44cf6abf1d0763de93e1275dd352a92ff22ffd8aa848d0846ed47c429,1789653589070,1789653589074,1789653618069,28999,770,185010,CONFIRMED,
172,0x1CBd3b2770909D4e10f157cABC84C7264073C9Ec,2108,0xd7be70502c119ac5fe83c4097667f73f38e5cb4de0042c47dfbeabb005bef9ac,1789653589082,1789653589086,1789653618070,28988,770,185022,CONFIRMED,
173,0xdF3e18d64BC6A983f673Ab319CCaE4f1a57C7097,2108,0xa924acf2a1b4202421a5d41fc73ca53c620d65bda6d1d7ac64a31dac9d8ecea7,1789653589098,1789653589104,1789653618071,28973,770,185022,CONFIRMED,
174,0xcd3B766CCDd6AE721141F452C550Ca635964ce71,2108,0x29a87658a9402f9dd1b97d0da75c275bd97c45550a56a9eb238b2965576f38bd,1789653589099,1789653589104,1789653618073,28974,770,185022,CONFIRMED,
175,0x2546BcD3c84621e976D8185a91A922aE77ECEc30,2108,0x5b870d37e2b4160af13d47fe19e064e53f5315a21a5cd6db5adbba68a4cae0f4,1789653589114,1789653589119,1789653618075,28961,770,185022,CONFIRMED,
176,0xbDA5747bFD65F08deb54cb465eB87D40e51B197E,2108,0x3bfc9368338a5f61c712a246e228156c4599a4d0b495d44de409997179cbe073,1789653589119,1789653589124,1789653618078,28959,770,185022,CONFIRMED,
177,0xdD2FD4581271e230360230F9337D5c0430Bf44C0,2108,0xda9942db6239727784714b6ea0901d097defbcbd6a4b17894a7ef3c98b687544,1789653589130,1789653589136,1789653618079,28949,770,185022,CONFIRMED,
178,0x8626f6940E2eb28930eFb4CeF49B2d1F2C9C1199,2108,0x247d87e6466a433fac19640d8a3ae92453fd17d6f1f0a796ec43bf3272839de4,1789653589154,1789653589166,1789653618080,28926,770,185022,CONFIRMED,
179,0x09DB0a93B389bEF724429898f539AEB7ac2Dd55f,2108,0xfd791ade19b0c35228522fb191b9195a01554f276807469d3eca54a87c8bb492,1789653589154,1789653589167,1789653618081,28927,770,185022,CONFIRMED,
180,0x70997970C51812dc3A010C7d01b50e0d17dc79C8,2109,0x7a1443e9bc9da82032712a0075d997e49efc4cd9706580f29cf97775d3b1db76,1789653589160,1789653590082,1789653618083,28923,771,185010,CONFIRMED,
181,0x3C44CdDdB6a900fa2b585dd299e03d12FA4293BC,2109,0x04db5441e8ac90b2136badf60038a83be5eba7072e01a99fe0ac73e8be3ee186,1789653589168,1789653590100,1789653618084,28916,771,185010,CONFIRMED,
182,0x90F79bf6EB2c4f870365E785982E1f101E93b906,2109,0xf7a011b749a83289adbd51b3142bd4a81f448f38611a2362144fd66867d4ce16,1789653589179,1789653590153,1789653618085,28906,771,185022,CONFIRMED,
183,0x15d34AAf54267DB7D7c367839AAf71A00a2C6A65,2109,0x95abb428f5d114e898b73d9d194867cb4aac3dfdf6b1f7f417acab37b205e88f,1789653589189,1789653590105,1789653618086,28897,771,185022,CONFIRMED,
184,0x9965507D1a55bcC2695C58ba16FB37d819B0A4dc,2109,0xcbeb149108be6114212a8305059bbdf9f92e663c282881ff67f7c0494d4c3e4c,1789653589202,1789653590109,1789653618088,28886,771,185022,CONFIRMED,
185,0x976EA74026E726554dB657fA54763abd0C3a0aa9,2109,0xd807c6598d92fa122c30570616fb7227a7f5dc67ca8af747852b49ffbb818ec2,1789653589218,1789653590120,1789653618089,28871,771,185022,CONFIRMED,
186,0x14dC79964da2C08b23698B3D3cc7Ca32193d9955,2109,0xce6ac743b4fef6117d1969e7f4b4c9bf2bd624f64a0e0fe0bd97f7b3183a3752,1789653589219,1789653590124,1789653618091,28872,771,185010,CONFIRMED,
187,0x23618e81E3f5cdF7f54C3d65f7FBc0aBf5B21E8f,2109,0xe470ba838c41a9bf31dd81e03d046188e5aaa3c16fdd722d74dbb402a7eaa197,1789653589234,1789653590128,1789653618093,28859,771,185010,CONFIRMED,
188,0xa0Ee7A142d267C1f36714E4a8F75612F20a79720,2109,0x72e14c6fe7ef82e3210f75d57d72ad2c8a7bd232c5e14883a48b8b64c2118fef,1789653589250,1789653590158,1789653618094,28844,771,185010,CONFIRMED,
189,0xBcd4042DE499D14e55001CcbB24a551F3b954096,2109,0x3fc9dc623951e184ea53af6272a98ff686345b1a21f300b120c735ab5c0a92ad,1789653589250,1789653590166,1789653618097,28847,771,185010,CONFIRMED,
190,0x71bE63f3384f5fb98995898A86B02Fb2426c5788,2109,0x9091eb055dd13ecd86aa39f9d2218eb7ac1b96f1f4f3dbb27e8ffb1e1d98ea0e,1789653589266,1789653590169,1789653618099,28833,771,185022,CONFIRMED,
191,0xFABB0ac9d68B0B445fB7357272Ff202C5651694a,2109,0x0472cd9054777925f79ea1f6f6ff7e71726ca2390ecbc9ff6ed8b4dca646177d,1789653589282,1789653590172,1789653618101,28819,771,185022,CONFIRMED,
192,0x1CBd3b2770909D4e10f157cABC84C7264073C9Ec,2109,0x5b40d0ed1bc9fb4f236a336af80d25bb93c0f31662cff8062f3da0dec784ce6f,1789653589282,1789653590117,1789653618103,28821,771,185010,CONFIRMED,
193,0xdF3e18d64BC6A983f673Ab319CCaE4f1a57C7097,2109,0xb116a652c1f0e5721b3a98e8885a4cac613e0198b5295ff68759672933c03e37,1789653589298,1789653590163,1789653618105,28807,771,185022,CONFIRMED,
194,0xcd3B766CCDd6AE721141F452C550Ca635964ce71,2109,0x112e54c1df3eab7e29c62fd245ebd30e17b0e8c16d9d072cd96e92c5e632cb6d,1789653589299,1789653590197,1789653618107,28808,771,185022,CONFIRMED,
195,0x2546BcD3c84621e976D8185a91A922aE77ECEc30,2109,0xd770796a4f11d67831da5dbbec18631f5f588239aa2858f35b8a49f61b7def97,1789653589313,1789653590177,1789653618108,28795,771,185010,CONFIRMED,
196,0xbDA5747bFD65F08deb54cb465eB87D40e51B197E,2109,0x81873833c13ecd3f05888a670b6235bbf43a2a2799963791cec8fd3b77a785f3,1789653589330,1789653590131,1789653618110,28780,771,185022,CONFIRMED,
197,0xdD2FD4581271e230360230F9337D5c0430Bf44C0,2109,0xc79e141cff3e634fd99a7d8d1d3e57195183c1e83a467506f554049c5845602d,1789653589330,1789653590136,1789653618111,28781,771,185022,CONFIRMED,
198,0x8626f6940E2eb28930eFb4CeF49B2d1F2C9C1199,2109,0x8ec80c9a025036b84de38862b39be510460297a643ab5fa90cb19a129f9bbb4b,1789653589345,1789653590140,1789653618113,28768,771,185022,CONFIRMED,
199,0x09DB0a93B389bEF724429898f539AEB7ac2Dd55f,2109,0x5216ddd9a7dd5e29704029e0b09547bd00ffa27cf4ce78896c599267e7d14417,1789653589354,1789653590145,1789653618115,28761,771,185022,CONFIRMED,
200,0x70997970C51812dc3A010C7d01b50e0d17dc79C8,2110,0xc1cab77ddd25444d9cfa8fa71d50cbdabdbdcd9ce934ab1cab876559733f926a,1789653589369,1789653590191,1789653618117,28748,771,184998,CONFIRMED,
201,0x3C44CdDdB6a900fa2b585dd299e03d12FA4293BC,2110,0x1bebcb98cfdfea3e5253eee8de09b594a403b16fa3be5be005f1ca338a0c1391,1789653589369,1789653590206,1789653618119,28750,771,185010,CONFIRMED,
202,0x90F79bf6EB2c4f870365E785982E1f101E93b906,2110,0xa03d9460466c3c70808d801b8b27a55ed22ecd8227a5d9a8e15645a60f2e7c0f,1789653589395,1789653590252,1789653618121,28726,771,185022,CONFIRMED,
203,0x15d34AAf54267DB7D7c367839AAf71A00a2C6A65,2110,0x28dbb733f1e9c3bcd806c0c81c6dc187ad695dd1295c981ef41eb52f82c0b599,1789653589395,1789653590230,1789653618123,28728,771,185010,CONFIRMED,
204,0x9965507D1a55bcC2695C58ba16FB37d819B0A4dc,2110,0x527f84681a2ad38633323ba08d31c9d5bc20950da4bf92a06b63e525b917885a,1789653589411,1789653590232,1789653618125,28714,771,185010,CONFIRMED,
205,0x976EA74026E726554dB657fA54763abd0C3a0aa9,2110,0xeb80a5b1d7a69e2700064aaf154bb3788240ba1b750bfd6110252ce59e0e13e2,1789653589411,1789653590214,1789653618126,28715,771,185010,CONFIRMED,
206,0x14dC79964da2C08b23698B3D3cc7Ca32193d9955,2110,0xf3870838b369089b53e7694d9091c52bddf161993c6c272ebe0cdb83654d564b,1789653589427,1789653590219,1789653618128,28701,771,185022,CONFIRMED,
207,0x23618e81E3f5cdF7f54C3d65f7FBc0aBf5B21E8f,2110,0x0cfc1a398392954ac790cc84870cb7d537f4b46238e3f8bdd4814b177c75cd13,1789653589443,1789653590221,1789653618129,28686,771,185022,CONFIRMED,
208,0xa0Ee7A142d267C1f36714E4a8F75612F20a79720,2110,0xe512009a783bbda06337f18c9d197fb5a48e20e32f7bb65ed70d5234381601d0,1789653589443,1789653590255,1789653618130,28687,771,185010,CONFIRMED,
209,0xBcd4042DE499D14e55001CcbB24a551F3b954096,2110,0x474de13deea92b03c167395b24d2b393d9e46bed9a6f5a7760db356fb3bad928,1789653589459,1789653590238,1789653618131,28672,771,185010,CONFIRMED,
210,0x71bE63f3384f5fb98995898A86B02Fb2426c5788,2110,0xfd19b73117605f47d7dd3414b9b692143610e734959361ef794a1ec479c67ccc,1789653589459,1789653590240,1789653618133,28674,771,185010,CONFIRMED,
211,0xFABB0ac9d68B0B445fB7357272Ff202C5651694a,2110,0x179ae427749dc48c57c6762030828a6f08d7e49ccf1c7a7fa1ee85d674635cb0,1789653589475,1789653590242,1789653618134,28659,771,185022,CONFIRMED,
212,0x1CBd3b2770909D4e10f157cABC84C7264073C9Ec,2110,0xbd5a5c9560d7036baa8e1801009ac12dfb1f058a4bb78241af4db2ac6c55583e,1789653589491,1789653590212,1789653618135,28644,771,185022,CONFIRMED,
213,0xdF3e18d64BC6A983f673Ab319CCaE4f1a57C7097,2110,0x148292b688e1079afe41affd77a57c13e92338ee6f0db05af6def1440bc67a29,1789653589491,1789653590235,1789653618136,28645,771,185022,CONFIRMED,
214,0xcd3B766CCDd6AE721141F452C550Ca635964ce71,2110,0x875e416b9b3476e9a8c1a883e3370b1961bc2e49a8def4bf0e73f6117107749e,1789653589507,1789653590257,1789653618137,28630,771,185022,CONFIRMED,
215,0x2546BcD3c84621e976D8185a91A922aE77ECEc30,2110,0xdfa8728bab7c25d3ef6f9195d1a1a803f20746d5cb05343a799b7cc50530b94f,1789653589523,1789653590244,1789653618139,28616,771,185022,CONFIRMED,
216,0xbDA5747bFD65F08deb54cb465eB87D40e51B197E,2110,0xe249469606164dc69b5e0af24797dc608affea6708652dbdd03fe2af6a8da6d4,1789653589523,1789653590223,1789653618140,28617,771,185022,CONFIRMED,
217,0xdD2FD4581271e230360230F9337D5c0430Bf44C0,2110,0x385451479516942d5054650a01ec47b90509e94f965a858356c0e44cc6c2fd96,1789653589539,1789653590224,1789653618142,28603,771,185022,CONFIRMED,
218,0x8626f6940E2eb28930eFb4CeF49B2d1F2C9C1199,2110,0x8a3fcb41f6f3abd12c19ad434e7cc87cb51591b66073a05e09fa1b886c9b2cdb,1789653589539,1789653590226,1789653618143,28604,771,185010,CONFIRMED,
219,0x09DB0a93B389bEF724429898f539AEB7ac2Dd55f,2110,0x445e042ccd23817afcb2a4521654a326b90f491908a6e9a07b6bb0046b6cc4e8,1789653589563,1789653590228,1789653618144,28581,771,185022,CONFIRMED,
220,0x70997970C51812dc3A010C7d01b50e0d17dc79C8,2111,0xeaec0d4995e5d293501dc1f62d4d323592b27d1c29295937c683ece761bd2f23,1789653589563,1789653590250,1789653618145,28582,771,185010,CONFIRMED,
221,0x3C44CdDdB6a900fa2b585dd299e03d12FA4293BC,2111,0xc23f35f4e5c0f17412c510e66e867f3b340e0b0c2f8ea8b029536cb80052a74b,1789653589577,1789653590266,1789653618147,28570,771,185010,CONFIRMED,
222,0x90F79bf6EB2c4f870365E785982E1f101E93b906,2111,0xe52428d02f1610854444136e5aa3fdb6cb63049aded0701576bad09057e22cab,1789653589593,1789653590349,1789653618149,28556,771,185022,CONFIRMED,
223,0x15d34AAf54267DB7D7c367839AAf71A00a2C6A65,2111,0x367cf7e60501321604d62e0e45be4ff5a05fe697f2439990c519607b32ca9ee8,1789653589593,1789653590303,1789653618151,28558,771,185022,CONFIRMED,
224,0x9965507D1a55bcC2695C58ba16FB37d819B0A4dc,2111,0x580cc1e565c32074ca5485e1b8f5d9bc5a6df01800f89ee5e09aa2745b3725f0,1789653589608,1789653590307,1789653618153,28545,771,185022,CONFIRMED,
225,0x976EA74026E726554dB657fA54763abd0C3a0aa9,2111,0x08a18fa6e94d8bb6fd6a12b3c0c53f29000541c4a13a4c7a5779b0dade1bee0a,1789653589625,1789653590275,1789653618156,28531,771,185022,CONFIRMED,
226,0x14dC79964da2C08b23698B3D3cc7Ca32193d9955,2111,0x2745ae097e3e7c5f9ed56112f4907e9eba0d629cffbb1a96f37fe75b137a0b5f,1789653589625,1789653590278,1789653618158,28533,771,185022,CONFIRMED,
227,0x23618e81E3f5cdF7f54C3d65f7FBc0aBf5B21E8f,2111,0x43be0b9be347b20de7167a8f4f9c28bbfe172f9f6c65ecd8bceaec53c94ee380,1789653589640,1789653590281,1789653618159,28519,771,185022,CONFIRMED,
228,0xa0Ee7A142d267C1f36714E4a8F75612F20a79720,2111,0x227239c7e53430706f6234f9a44c51e7ddd0637d8c63f953b737ce5539f6aa34,1789653589640,1789653590353,1789653618161,28521,771,185010,CONFIRMED,
229,0xBcd4042DE499D14e55001CcbB24a551F3b954096,2111,0x9cc30573f4106a48879d4596a9dab610658d87889e73c216a0775b2b67a90abf,1789653589652,1789653590319,1789653618162,28510,771,185010,CONFIRMED,
230,0x71bE63f3384f5fb98995898A86B02Fb2426c5788,2111,0x18aa582485d8795b74473c23dfc89c44fe4112bfaccc76efce7753f15d894487,1789653589660,1789653590322,1789653618163,28503,771,185022,CONFIRMED,
231,0xFABB0ac9d68B0B445fB7357272Ff202C5651694a,2111,0x0f678864b6f5ba6502cd5823d88b45d899283baedafa5de552e93ee894080fc6,1789653589677,1789653590325,1789653618164,28487,771,185022,CONFIRMED,
232,0x1CBd3b2770909D4e10f157cABC84C7264073C9Ec,2111,0xc70ea6b7817ae7525e5c2d5efee3047304d24dcfb2bfdee334b4a00c6c254f0b,1789653589693,1789653590273,1789653618165,28472,771,185022,CONFIRMED,
233,0xdF3e18d64BC6A983f673Ab319CCaE4f1a57C7097,2111,0x50860d8f66e47e8cb66adf19029657aa198f28a6d82a4d948fa666770c77ceb4,1789653589693,1789653590315,1789653618167,28474,771,185022,CONFIRMED,
234,0xcd3B766CCDd6AE721141F452C550Ca635964ce71,2111,0xf45505eabca2e8f99aec046ef5f2cd2322eba340ebd67ef173f3a12fbd76b2f6,1789653589709,1789653590356,1789653618168,28459,771,185022,CONFIRMED,
235,0x2546BcD3c84621e976D8185a91A922aE77ECEc30,2111,0xda3dad99224e18fda4bcdec1405620b58c3b05811f8105b1c1320222530748a8,1789653589709,1789653590330,1789653618169,28460,771,185022,CONFIRMED,
236,0xbDA5747bFD65F08deb54cb465eB87D40e51B197E,2111,0xa9d0267c41824c9e2fdd87e18cedf852d74b756a0fef37aa1f5df149b21b16cf,1789653589725,1789653590284,1789653618170,28445,771,185022,CONFIRMED,
237,0xdD2FD4581271e230360230F9337D5c0430Bf44C0,2111,0xdab9389b28b16c4429e7427fd8b75f036078aec499f57d8a582d605518b172c3,1789653589741,1789653590286,1789653618173,28432,771,185010,CONFIRMED,
238,0x8626f6940E2eb28930eFb4CeF49B2d1F2C9C1199,2111,0x7106889aa26e82cc1d34eb3fba1453da4bc73b0d511c0e8f5b405bb6fe8b42af,1789653589741,1789653590290,1789653618175,28434,771,185022,CONFIRMED,
239,0x09DB0a93B389bEF724429898f539AEB7ac2Dd55f,2111,0xad632c5b7ef987e4a37b609e7cf301835c389400619e12fdb76744a6287b73fd,1789653589756,1789653590297,1789653618176,28420,771,185022,CONFIRMED,
240,0x70997970C51812dc3A010C7d01b50e0d17dc79C8,2112,0x19d052a945909e984625129cfc42df98a8eecbe44dc218877970dd4c5b0e7432,1789653589773,1789653590343,1789653618177,28404,771,185010,CONFIRMED,
241,0x3C44CdDdB6a900fa2b585dd299e03d12FA4293BC,2112,0x8d75893b64c8fc603b0c5702a6450157250e89991288f1d991b4d2964fdee596,1789653589773,1789653590375,1789653618179,28406,771,185010,CONFIRMED,
242,0x90F79bf6EB2c4f870365E785982E1f101E93b906,2112,0x9f3c3f3653cde441cdff5772205214b94fd59702457443524979d475d9b2a3cb,1789653589788,1789653590421,1789653618182,28394,771,185022,CONFIRMED,
243,0x15d34AAf54267DB7D7c367839AAf71A00a2C6A65,2112,0xc9c043f57d27853dcdb09c43a9497446ed1b91b11c516901f011da7a87f428c7,1789653589798,1789653590400,1789653618184,28386,771,185022,CONFIRMED,
244,0x9965507D1a55bcC2695C58ba16FB37d819B0A4dc,2112,0xb5a9f3b8fad8611c2c8676e1dbd9f0505a7bdc8514ac23afb8b258800c39a777,1789653589810,1789653590401,1789653618187,28377,771,185010,CONFIRMED,
245,0x976EA74026E726554dB657fA54763abd0C3a0aa9,2112,0xd66fcbb72ca307f251cdf0001797a43264eacc6db963a0bd1b09c3f8eb4527eb,1789653589810,1789653590386,1789653618189,28379,771,185022,CONFIRMED,
246,0x14dC79964da2C08b23698B3D3cc7Ca32193d9955,2112,0x038e1f98bd15c30b9f9f5a48e18269bf78631c3bcc385f984f05366b894b0dab,1789653589826,1789653590388,1789653618191,28365,771,185022,CONFIRMED,
247,0x23618e81E3f5cdF7f54C3d65f7FBc0aBf5B21E8f,2112,0xddff4b1d9ed6fddc81202ba59ef663dc9f312121d687ff2e35a045b5fda4ac63,1789653589842,1789653590390,1789653618193,28351,771,185022,CONFIRMED,
248,0xa0Ee7A142d267C1f36714E4a8F75612F20a79720,2112,0x954ecfec0caf424403854589e204bca36b7f490a856cddfab10a131480d2ca52,1789653589842,1789653590423,1789653618195,28353,771,185010,CONFIRMED,
249,0xBcd4042DE499D14e55001CcbB24a551F3b954096,2112,0x071c2206c199d328e172f0c12acaf42ffc223b16c4dd21cc1819ad6751b803ca,1789653589858,1789653590406,1789653618197,28339,771,184998,CONFIRMED,
250,0x71bE63f3384f5fb98995898A86B02Fb2426c5788,2112,0xfe32473ca48e9adbb6279724bac012d73f4be4bdb13a5b7a5ed2ed1d266dbd5d,1789653589874,1789653590407,1789653618199,28325,771,185022,CONFIRMED,
251,0xFABB0ac9d68B0B445fB7357272Ff202C5651694a,2112,0x0a491160b28d87f92ad34bbc8384b24fac2421ab58a6bba90643c5689cd384c3,1789653589875,1789653590409,1789653618201,28326,771,185010,CONFIRMED,
252,0x1CBd3b2770909D4e10f157cABC84C7264073C9Ec,2112,0x61e488c526e4eeefcdf7a66675d4a0a2de46c69b5e02ad620106df1f77a41680,1789653589895,1789653590414,1789653618203,28308,771,185022,CONFIRMED,
253,0xdF3e18d64BC6A983f673Ab319CCaE4f1a57C7097,2112,0x04da21073b8df4504aea43ef96240ff781e3634c321a14892e4bb570147bdec5,1789653589895,1789653590404,1789653618204,28309,771,184998,CONFIRMED,
254,0xcd3B766CCDd6AE721141F452C550Ca635964ce71,2112,0x92c1fe90d9a408f6d494836c55936d2f66d7edd0cca956cae2c840e6582bde79,1789653589901,1789653590424,1789653618205,28304,771,185022,CONFIRMED,
255,0x2546BcD3c84621e976D8185a91A922aE77ECEc30,2112,0x98e71db7e8edc2fe51b6d06c82dca728d045396e54e5569b2557dcda2ea9b464,1789653589914,1789653590412,1789653618206,28292,771,185022,CONFIRMED,
256,0xbDA5747bFD65F08deb54cb465eB87D40e51B197E,2112,0x33f9137e5ed08c48b7f00d7e257a5b6124e0e87f4e9330d16e02b21c59008114,1789653589930,1789653590391,1789653618207,28277,771,185022,CONFIRMED,
257,0xdD2FD4581271e230360230F9337D5c0430Bf44C0,2112,0x5ecf666756027ae1d4b4b793eb9a20fa6ac370b7b3174c7483a4deb4cc79753d,1789653589930,1789653590394,1789653618208,28278,771,185022,CONFIRMED,
258,0x8626f6940E2eb28930eFb4CeF49B2d1F2C9C1199,2112,0xaf4a5d9d50ad45316a701167bb7715443b80a62103b377b09732c5c96f860ebc,1789653589946,1789653590396,1789653618210,28264,771,185022,CONFIRMED,
259,0x09DB0a93B389bEF724429898f539AEB7ac2Dd55f,2112,0x3ec18ab406716899272b5708ed8f57c5327254c7f9b685c38e26ab37e95d69b8,1789653589962,1789653590397,1789653618211,28249,771,185022,CONFIRMED,
260,0x70997970C51812dc3A010C7d01b50e0d17dc79C8,2113,0xd75d97b7029ebb1745374af21cf39f8500a5ee794bf154ca308322c9e8367917,1789653589962,1789653590419,1789653618212,28250,771,185010,CONFIRMED,
261,0x3C44CdDdB6a900fa2b585dd299e03d12FA4293BC,2113,0x86fa9e7ad06b994b6dd277f30823c86973cd0bd703beadfd5659c8fb80f05fb4,1789653589977,1789653590435,1789653618213,28236,771,185010,CONFIRMED,
262,0x90F79bf6EB2c4f870365E785982E1f101E93b906,2113,0x2f23ddd25f699b50e8b35c02b92507850a2c0787d7e092633694eb094f557c4d,1789653589995,1789653590518,1789653618215,28220,771,185022,CONFIRMED,
263,0x15d34AAf54267DB7D7c367839AAf71A00a2C6A65,2113,0x74eb51e67353fb828e583e862eecb323815d2770d516a5711cade1cecf7ae70e,1789653589995,1789653590471,1789653618217,28222,771,185022,CONFIRMED,
264,0x9965507D1a55bcC2695C58ba16FB37d819B0A4dc,2113,0x847df2f67412b38f55b803c6ad37b108ecde3c6b1ff78e9c901ceb27983cd68c,1789653590009,1789653590475,1789653618220,28211,771,185022,CONFIRMED,
265,0x976EA74026E726554dB657fA54763abd0C3a0aa9,2113,0x7634c8672f761d06610cabaa883ff27ce0df5ada8e9424396a2ab646dae93e1e,1789653590009,1789653590444,1789653618223,28214,771,185022,CONFIRMED,
266,0x14dC79964da2C08b23698B3D3cc7Ca32193d9955,2113,0xaca85e9806d3925c6f9c22abc760c9cc6d6ec3d3022aaf0cc736b50c6745ab9c,1789653590024,1789653590448,1789653618225,28201,771,185022,CONFIRMED,
267,0x23618e81E3f5cdF7f54C3d65f7FBc0aBf5B21E8f,2113,0x7fdfb9272b5c8e370b493b9a84638958562e487897c697334c2e14b5bef3e985,1789653590040,1789653590451,1789653618226,28186,771,185022,CONFIRMED,
268,0xa0Ee7A142d267C1f36714E4a8F75612F20a79720,2113,0xaaa23755b0e9d513fc2c8ce3adf2167a0b457910a5567d0b8fad07166bc4bfe0,1789653590040,1789653590523,1789653618227,28187,771,185010,CONFIRMED,
269,0xBcd4042DE499D14e55001CcbB24a551F3b954096,2113,0x690bf38ab2c3711f4ae99a25f0c8603ea8f14c4443020b25bfd5054f131f0b08,1789653590052,1789653590485,1789653618228,28176,771,184998,CONFIRMED,
270,0x71bE63f3384f5fb98995898A86B02Fb2426c5788,2113,0x6d7f513e90a6e76edfb34f0bd32734c621ac64e9cfb59c258f8295db74e88fd1,1789653590063,1789653590488,1789653618229,28166,771,185022,CONFIRMED,
271,0xFABB0ac9d68B0B445fB7357272Ff202C5651694a,2113,0xb0789cfa1e192b1115fbccbad103bbce495b6657f17bfc7ffc63ba0cefe80faa,1789653590076,1789653590492,1789653618230,28154,771,185022,CONFIRMED,
272,0x1CBd3b2770909D4e10f157cABC84C7264073C9Ec,2113,0x75b18391b311018cbf873da265b9a5ef0828b07f98437cc1e8d763b2422ef4ae,1789653590092,1789653590498,1789653618231,28139,771,185022,CONFIRMED,
273,0xdF3e18d64BC6A983f673Ab319CCaE4f1a57C7097,2113,0x6da238cf9643a6ae991cc484071614b1d460a5e1af3ce2492dd31836b8179f8b,1789653590092,1789653590481,1789653618232,28140,771,185022,CONFIRMED,
274,0xcd3B766CCDd6AE721141F452C550Ca635964ce71,2113,0x5419d7ee6ba32b99979f6d1815834e3eccbbe54a77578a9e22c3cadfccda58c8,1789653590115,1789653590526,1789653618234,28119,771,185022,CONFIRMED,
275,0x2546BcD3c84621e976D8185a91A922aE77ECEc30,2113,0x5d35ad8ac72ee73575d921a0a277941a6cdd7e04770571af3db45fa75185adbc,1789653590115,1789653590496,1789653618234,28119,771,185022,CONFIRMED,
276,0xbDA5747bFD65F08deb54cb465eB87D40e51B197E,2113,0x4f128ef432a25172c2b20ff54ed45b1e0ef8e88419e89c31536a1537699dcf67,1789653590162,1789653590454,1789653618235,28073,771,185022,CONFIRMED,
277,0xdD2FD4581271e230360230F9337D5c0430Bf44C0,2113,0x338522437e0667f843fd05fb2034153603eb84446f93bed6f852407147b9d64c,1789653590162,1789653590457,1789653618236,28074,771,185022,CONFIRMED,
278,0x8626f6940E2eb28930eFb4CeF49B2d1F2C9C1199,2113,0xb19d3d3cc571f4f68d7c3d06183b385a839804e9f244f3a5ec4dd4fa5bdccf20,1789653590162,1789653590462,1789653618238,28076,771,185022,CONFIRMED,
279,0x09DB0a93B389bEF724429898f539AEB7ac2Dd55f,2113,0xc19a3729783b9f15b3cfa8af7f064684ec72f334fdda72975c6857c35ea3c041,1789653590162,1789653590465,1789653618239,28077,771,185022,CONFIRMED,
280,0x70997970C51812dc3A010C7d01b50e0d17dc79C8,2114,0x07f077e310ef586308ce241988dda3785553917694471af7fabf9ed55ebc1d10,1789653590162,1789653590514,1789653618240,28078,771,184998,CONFIRMED,
281,0x3C44CdDdB6a900fa2b585dd299e03d12FA4293BC,2114,0xc7a4ec84efed5ed46ac2dff138a94976beedc42171d382fe2c4e1e5cb508957f,1789653590197,1789653590539,1789653618241,28044,771,184998,CONFIRMED,
282,0x90F79bf6EB2c4f870365E785982E1f101E93b906,2114,0x18e2b149df7dfabbcd240eadc5f35a3aa7dcbaede89ae44f5442459e36bc887b,1789653590197,1789653590604,1789653618242,28045,771,185022,CONFIRMED,
283,0x15d34AAf54267DB7D7c367839AAf71A00a2C6A65,2114,0x0a190fd15eb207654e90c1cc48001aea1e827ed6b36b2de11faad2f2b650a70d,1789653590197,1789653590570,1789653618243,28046,771,185010,CONFIRMED,
284,0x9965507D1a55bcC2695C58ba16FB37d819B0A4dc,2114,0x12ba393ae0204cf5ec617345bf1946b6eb9df5a1d8264c990f5f70165b845f5b,1789653590208,1789653590573,1789653618244,28036,771,185022,CONFIRMED,
285,0x976EA74026E726554dB657fA54763abd0C3a0aa9,2114,0x8263079d0eeba656503369806586064a2c4596146bc8cf80bdfd58b29f4f3271,1789653590229,1789653590550,1789653618246,28017,771,185022,CONFIRMED,
286,0x14dC79964da2C08b23698B3D3cc7Ca32193d9955,2114,0x69fc8337197a42e085a70c184bc11afcdcd292688a62930a29ed25a98118246d,1789653590229,1789653590553,1789653618247,28018,771,185022,CONFIRMED,
287,0x23618e81E3f5cdF7f54C3d65f7FBc0aBf5B21E8f,2114,0x2786be8be2f0f568e49369043a52c47585a13604585488d81a10408a59e31d3b,1789653590229,1789653590555,1789653618249,28020,771,185022,CONFIRMED,
288,0xa0Ee7A142d267C1f36714E4a8F75612F20a79720,2114,0x3a423d3b7cd80ec3e62168d877781ef6509c0174bc2daac5f70a8017d8a7798f,1789653590249,1789653590608,1789653618251,28002,771,185010,CONFIRMED,
289,0xBcd4042DE499D14e55001CcbB24a551F3b954096,2114,0xf3c8dc8ed4e4c7f5d5d33ad58e6cda5799a65fb2f6bcec084acc91b60f0b445f,1789653590249,1789653590580,1789653618253,28004,771,185010,CONFIRMED,
290,0x71bE63f3384f5fb98995898A86B02Fb2426c5788,2114,0x117e3f454fdb3f6d504254cca282a4cfc9a12c35dbf1c033e5a32ea2e55d0c81,1789653590264,1789653590583,1789653618255,27991,771,185022,CONFIRMED,
291,0xFABB0ac9d68B0B445fB7357272Ff202C5651694a,2114,0xf9387da06988499efdef6b3ce875190f9935fa961663ee27e9e9bbbe5ec44008,1789653590277,1789653590585,1789653618257,27980,771,185022,CONFIRMED,
292,0x1CBd3b2770909D4e10f157cABC84C7264073C9Ec,2114,0x990d2961c6d504f16e436b17c92d0bf5ab92c52304ef2677589f029f3b204ba5,1789653590334,1789653590589,1789653618259,27925,771,185010,CONFIRMED,
293,0xdF3e18d64BC6A983f673Ab319CCaE4f1a57C7097,2114,0x744f164dcc8cb1594c56cc81aa250b9849a59dbe4825e71fb051b1816ee6a32a,1789653590334,1789653590577,1789653618260,27926,771,185022,CONFIRMED,
294,0xcd3B766CCDd6AE721141F452C550Ca635964ce71,2114,0x449a817016e4881eb5965447ecfe81c88f117154ac29b42c19d168d0ff32e090,1789653590334,1789653590614,1789653618261,27927,771,185022,CONFIRMED,
295,0x2546BcD3c84621e976D8185a91A922aE77ECEc30,2114,0xa9ff6b223bc3acb63472061f2e0daebe741da1c2f856f8e523e2255db8881b0b,1789653590334,1789653590587,1789653618262,27928,771,185010,CONFIRMED,
296,0xbDA5747bFD65F08deb54cb465eB87D40e51B197E,2114,0x2380195e014f999f97c880069eb9e46e90a2c806fc5195f0b44b4c8b3d6a7f93,1789653590334,1789653590557,1789653618263,27929,771,185022,CONFIRMED,
297,0xdD2FD4581271e230360230F9337D5c0430Bf44C0,2114,0x35e3a06f7c46687966ba7b6b28f3b009c28365e2b401d4874217f765b6bc2709,1789653590334,1789653590559,1789653618264,27930,771,185010,CONFIRMED,
298,0x8626f6940E2eb28930eFb4CeF49B2d1F2C9C1199,2114,0x1359477d88367cd80cf798352105b84fd2547994b692ce6022a6d9a1850f8366,1789653590370,1789653590563,1789653618265,27895,771,185022,CONFIRMED,
299,0x09DB0a93B389bEF724429898f539AEB7ac2Dd55f,2114,0x367120d89a345513854361ea67c434e83233987f8bce40c17ab75ffa62c78f9f,1789653590370,1789653590566,1789653618266,27896,771,185022,CONFIRMED,
300,0x70997970C51812dc3A010C7d01b50e0d17dc79C8,2115,0xa43035d852fa0072801d900c4044d75fc51ca1b60a3762fde720985953971932,1789653590371,1789653590600,1789653618266,27895,771,185010,CONFIRMED,
301,0x3C44CdDdB6a900fa2b585dd299e03d12FA4293BC,2115,0x110aaac23bfbe20c99701350d6a42afdf12c74a247d48b20a6b2b52d3accae78,1789653590371,1789653590629,1789653618267,27896,771,184998,CONFIRMED,
302,0x90F79bf6EB2c4f870365E785982E1f101E93b906,2115,0xe0a24e9118367cbba13c0e985a473137c3e2f8f7c65e697d5c0d5322cbca9b29,1789653590384,1789653590672,1789653618268,27884,771,185022,CONFIRMED,
303,0x15d34AAf54267DB7D7c367839AAf71A00a2C6A65,2115,0xb2a4b0782fe6c2a0a1e2c1d2a18322b1284a4312533d898983ffc629cf63ccb7,1789653590405,1789653590651,1789653618269,27864,771,185022,CONFIRMED,
304,0x9965507D1a55bcC2695C58ba16FB37d819B0A4dc,2115,0xac0dd4be1e3c5908ddd61b600d55f300ec1d2f264af716197833398e04717470,1789653590405,1789653590654,1789653618270,27865,771,185022,CONFIRMED,
305,0x976EA74026E726554dB657fA54763abd0C3a0aa9,2115,0xd000f7f7c9927e00333e461a46a45cee28c81a89b4ac577d5053c1a226710750,1789653590427,1789653590640,1789653618271,27844,771,185022,CONFIRMED,
306,0x14dC79964da2C08b23698B3D3cc7Ca32193d9955,2115,0xf6bcfbfde78c9d462ec1f343b271aaf1df44b8e41a12d7eb856f74c3e6a5a583,1789653590427,1789653590642,1789653618273,27846,771,185022,CONFIRMED,
307,0x23618e81E3f5cdF7f54C3d65f7FBc0aBf5B21E8f,2115,0x5241ba78c10c3a7677003240b97ad2685f2f6011dea3d8767e29707674318ea3,1789653590439,1789653590646,1789653618274,27835,771,185022,CONFIRMED,
308,0xa0Ee7A142d267C1f36714E4a8F75612F20a79720,2115,0x60677ebd3e6b107f82a4f4db884aadb6c66513904d9a53a2187233a2f4eb1acf,1789653590439,1789653590680,1789653618275,27836,771,185010,CONFIRMED,
309,0xBcd4042DE499D14e55001CcbB24a551F3b954096,2115,0x1220b5db71ff6f2fb96816c5d6ab8ee4a144162b1936c0604bde8c27ab45b260,1789653590465,1789653590658,1789653618276,27811,771,184998,CONFIRMED,
310,0x71bE63f3384f5fb98995898A86B02Fb2426c5788,2115,0x404a9992b9734eec714d7a83d304728485e8d5bb8b8e97c3005742d073d6ce17,1789653590465,1789653590662,1789653618278,27813,771,185010,CONFIRMED,
311,0xFABB0ac9d68B0B445fB7357272Ff202C5651694a,2115,0xafcba592c2c0034f2dc11ecfadf7ce2952abfa27027a5cb763bc61ce3b5243d5,1789653590506,1789653590662,1789653618279,27773,771,185022,CONFIRMED,
312,0x1CBd3b2770909D4e10f157cABC84C7264073C9Ec,2115,0x36d5e542af44eeb7a104dcb84db11016c0b1dbc132a22a93c0625bc67080cc97,1789653590506,1789653590663,1789653618281,27775,771,185022,CONFIRMED,
313,0xdF3e18d64BC6A983f673Ab319CCaE4f1a57C7097,2115,0x39162ef81a602c6239895d2309fda2c61b63c786d0ca29b72e3baa4e42115919,1789653590506,1789653590658,1789653618283,27777,771,185022,CONFIRMED,
314,0xcd3B766CCDd6AE721141F452C550Ca635964ce71,2115,0x3f19dfda6a1d0524dd61d93ac2eb7fead901261eb1aa92922f48547318282448,1789653590506,1789653590682,1789653618285,27779,771,185022,CONFIRMED,
315,0x2546BcD3c84621e976D8185a91A922aE77ECEc30,2115,0x155ee8ba291964fed84bef8811c602ab9d5cdd8b0eaa0d2886ade6ca9a6d1902,1789653590536,1789653590663,1789653618287,27751,771,185022,CONFIRMED,
316,0xbDA5747bFD65F08deb54cb465eB87D40e51B197E,2115,0x93c2a469158f0166e8241b1858f108b4d6c23e5a04c0eb979bd3e91f1090ad50,1789653590536,1789653590648,1789653618290,27754,771,185022,CONFIRMED,
317,0xdD2FD4581271e230360230F9337D5c0430Bf44C0,2115,0xb427e1d6e4cba9ec7bfbbc5540ef84449575b52d6876e5494aa3303f82cc34f4,1789653590536,1789653590649,1789653618293,27757,771,185022,CONFIRMED,
318,0x8626f6940E2eb28930eFb4CeF49B2d1F2C9C1199,2115,0xc1001fddccb373159e120a45bd4a101079e81d8c12300a6c87fe9712a86112e0,1789653590552,1789653590649,1789653618294,27742,771,185010,CONFIRMED,
319,0x09DB0a93B389bEF724429898f539AEB7ac2Dd55f,2115,0x9fcc783770b3698de28f9416080103adccdd40369e65b3f8336ffa446dee3adb,1789653590552,1789653590650,1789653618295,27743,771,185022,CONFIRMED,
320,0x70997970C51812dc3A010C7d01b50e0d17dc79C8,2116,0xf0893abfa89fe8a179a9cc80ba53e3d6d9f95745bcd44bd541240ce887053f25,1789653590591,1789653590671,1789653618296,27705,771,184998,CONFIRMED,
321,0x3C44CdDdB6a900fa2b585dd299e03d12FA4293BC,2116,0x578ea49c03f44eac3019deaa50bcc5974c763c290f9521ae6954039ff408eebc,1789653590591,1789653590684,1789653618298,27707,771,185010,CONFIRMED,
322,0x90F79bf6EB2c4f870365E785982E1f101E93b906,2116,0x5ce931a62227f653486e9c071651340dc04e2a834e5bafb24dcad57d76b17e71,1789653590591,1789653590700,1789653618299,27708,771,185022,CONFIRMED,
323,0x15d34AAf54267DB7D7c367839AAf71A00a2C6A65,2116,0xb728a8ff93e98069c2425deb521a47adb30da65ec0523f5645adde0915b76c37,1789653590591,1789653590693,1789653618301,27710,771,185022,CONFIRMED,
324,0x9965507D1a55bcC2695C58ba16FB37d819B0A4dc,2116,0x4049f039cfc5999e61b596bc7b4bf6948fc94543a1496cb48529517ce6ff3c8e,1789653590622,1789653590695,1789653618302,27680,771,185010,CONFIRMED,
325,0x976EA74026E726554dB657fA54763abd0C3a0aa9,2116,0xff7bde2548406a7b5e0af71db334c49fd7371bd652fa9c6ec60f07ba5c6fe9cb,1789653590622,1789653590691,1789653618303,27681,771,185022,CONFIRMED,
326,0x14dC79964da2C08b23698B3D3cc7Ca32193d9955,2116,0x94ae17e818f5545a11e79830ca0efe62358d67e9232d8006a8d3d90ce1c499cb,1789653590622,1789653590692,1789653618304,27682,771,185022,CONFIRMED,
327,0x23618e81E3f5cdF7f54C3d65f7FBc0aBf5B21E8f,2116,0x74abc4ea7c9089fad20de54d9f56aed53d41063887816109240b6093a5a567e2,1789653590638,1789653590692,1789653618305,27667,771,185022,CONFIRMED,
328,0xa0Ee7A142d267C1f36714E4a8F75612F20a79720,2116,0xd76472e41ef7f0250476d6e9c100a1bcdcea1c47fb65d602b05bf777816f36b0,1789653590657,1789653590706,1789653618306,27649,771,185010,CONFIRMED,
329,0xBcd4042DE499D14e55001CcbB24a551F3b954096,2116,0x9a746fee70f8465c8e30d24cb84527442842b71c9f6dccb4713cc66fc0dfdb87,1789653590657,1789653590700,1789653618308,27651,771,185010,CONFIRMED,
330,0x71bE63f3384f5fb98995898A86B02Fb2426c5788,2116,0xe7da2c6beff2a0b88471426e2d6514bfe85f6a98eb5653727a53fb824e2e79b7,1789653590675,1789653590705,1789653618309,27634,771,185022,CONFIRMED,
331,0xFABB0ac9d68B0B445fB7357272Ff202C5651694a,2116,0xc0af7745777536fefece9be366bed71b858234a82d03c9bca5c7b1404e13f7ef,1789653590675,1789653590706,1789653618310,27635,771,185022,CONFIRMED,
332,0x1CBd3b2770909D4e10f157cABC84C7264073C9Ec,2116,0xc1f05565904919e32946d8ac813868906fa4a398ba8e862f411bcc9b6cea5c57,1789653590686,1789653590714,1789653618311,27625,771,185022,CONFIRMED,
333,0xdF3e18d64BC6A983f673Ab319CCaE4f1a57C7097,2116,0x8451bab4790ffce6fb16c5d6308f85135b098580dfdfffa355e64be5c3878a1e,1789653590695,1789653590719,1789653618312,27617,771,185010,CONFIRMED,
334,0xcd3B766CCDd6AE721141F452C550Ca635964ce71,2116,0x9bc639f8ffcee5533bb01b46a0417af276a970e75764ee3796ab9063d0e13687,1789653590701,1789653590725,1789653618314,27613,771,185022,CONFIRMED,
335,0x2546BcD3c84621e976D8185a91A922aE77ECEc30,2116,0x56e42c4ea4e0367631dc0e6b092f0669ea824ffc4d638feb55eec04e8c68d570,1789653590714,1789653590731,1789653618315,27601,771,185022,CONFIRMED,
336,0xbDA5747bFD65F08deb54cb465eB87D40e51B197E,2116,0x636cf18ebc1c3d96e06d23710af4a581097ee74b662fb3c3d65958e3a19907b0,1789653590719,1789653590733,1789653618316,27597,771,185022,CONFIRMED,
337,0xdD2FD4581271e230360230F9337D5c0430Bf44C0,2116,0xd77b618e57901afb16a552c94658cf1a09b3419f980aa81e07419a8212db2c1e,1789653590729,1789653590735,1789653618318,27589,771,185022,CONFIRMED,
338,0x8626f6940E2eb28930eFb4CeF49B2d1F2C9C1199,2116,0x3b4092e62e966e0100d590fe11157347e937651295aafaf12b449ba38573fe7c,1789653590744,1789653590751,1789653618321,27577,771,185010,CONFIRMED,
339,0x09DB0a93B389bEF724429898f539AEB7ac2Dd55f,2116,0xb75363d172c9e63fabd45ae201ce28f443b0b355f674f9a693fe3caa5ae050a8,1789653590749,1789653590754,1789653618327,27578,771,185022,CONFIRMED,
340,0x70997970C51812dc3A010C7d01b50e0d17dc79C8,2117,0x13e53a4c29d3d4a38258d4a7df1997ef1149eff8363f17461863b9ece961dfab,1789653590775,1789653590784,1789653618330,27555,771,184986,CONFIRMED,
341,0x3C44CdDdB6a900fa2b585dd299e03d12FA4293BC,2117,0x19bc45e7980a8960d9d9e70e44ffda52b63f2d9f42da1454bc4c6efc4880dc59,1789653590775,1789653590785,1789653618334,27559,771,185010,CONFIRMED,
342,0x90F79bf6EB2c4f870365E785982E1f101E93b906,2117,0x927081495e3225d40a837d905af87de3d9504e30cdeb1ba0968a55f6c0f803c1,1789653590779,1789653590785,1789653618336,27557,771,185022,CONFIRMED,
343,0x15d34AAf54267DB7D7c367839AAf71A00a2C6A65,2117,0xd86c3ca6a4b59ee150de31bd8881fa06742ed73c288ce67a98f8806fa184d0f8,1789653590791,1789653590799,1789653618343,27552,771,185022,CONFIRMED,
344,0x9965507D1a55bcC2695C58ba16FB37d819B0A4dc,2117,0xcb1fbed1883422d968fe93e2436ba0019b648960cb2bc7373ce25475c66f11d5,1789653590799,1789653590805,1789653618347,27548,771,185022,CONFIRMED,
345,0x976EA74026E726554dB657fA54763abd0C3a0aa9,2117,0xb4161bd29bf5c946d162386bab4fae1a3b35378ef50cc910f3922f05ea196bdc,1789653590823,1789653590836,1789653618349,27526,771,185022,CONFIRMED,
346,0x14dC79964da2C08b23698B3D3cc7Ca32193d9955,2117,0x366e5a387b9c068c374783d58adba3661f510a3332093c623d521c08a5f3e3e9,1789653590823,1789653590837,1789653618351,27528,771,185022,CONFIRMED,
347,0x23618e81E3f5cdF7f54C3d65f7FBc0aBf5B21E8f,2117,0x2463fd834dcd7301c64c31bb29ae70cc162fd63a6c26258d5d280b3bfa7b2d86,1789653590830,1789653590840,1789653618353,27523,771,185022,CONFIRMED,
348,0xa0Ee7A142d267C1f36714E4a8F75612F20a79720,2117,0xe8dda9d723afa966c0f76278881987a8bb52c795e43ec41ecc1df37870e3e3f1,1789653590840,1789653590849,1789653618354,27514,771,185010,CONFIRMED,
349,0xBcd4042DE499D14e55001CcbB24a551F3b954096,2117,0xfbd40853b21213f3af1f5faccbbfc847918cb4441956448e644c6730517b1088,1789653590849,1789653590855,1789653618356,27507,771,185010,CONFIRMED,
350,0x71bE63f3384f5fb98995898A86B02Fb2426c5788,2117,0x993748cc236e90eadf9d17d2a12f8624dffe43a58d29a38c15fd95eaa5d965a9,1789653590872,1789653590884,1789653618358,27486,771,185010,CONFIRMED,
351,0xFABB0ac9d68B0B445fB7357272Ff202C5651694a,2117,0xc22bbc42ecfa85945258e49c77c4145c2f96ff1838d0caf04d6d34e64db9d984,1789653590872,1789653590886,1789653618360,27488,771,185022,CONFIRMED,
352,0x1CBd3b2770909D4e10f157cABC84C7264073C9Ec,2117,0x8d2cc143c8cac993e0ee95f54878a913d1533024c7791f3faa8bf9fc139f433e,1789653590879,1789653590886,1789653618363,27484,771,185022,CONFIRMED,
353,0xdF3e18d64BC6A983f673Ab319CCaE4f1a57C7097,2117,0xc1c45c6301f6c7dc112fe351613ce6cebc7aa99f02d028426e3ad82e266b1275,1789653590896,1789653590904,1789653618365,27469,771,185010,CONFIRMED,
354,0xcd3B766CCDd6AE721141F452C550Ca635964ce71,2117,0xba96691ae02b80291078822bae6cd54ff655d98f224d86a564e2e2672b9c61cc,1789653590900,1789653590907,1789653618404,27504,771,185022,CONFIRMED,
355,0x2546BcD3c84621e976D8185a91A922aE77ECEc30,2117,0xb8f091808a3bdd828711daf86c4477e4dc00f323c1c98f72cf363c9e99e9dc4b,1789653590912,1789653590919,1789653618415,27503,771,185022,CONFIRMED,
356,0xbDA5747bFD65F08deb54cb465eB87D40e51B197E,2117,0xb3a66e37132a4b11f5d737358773d8aaa7cdca99fe02910649990e6dffe44379,1789653590919,1789653590928,1789653618418,27499,771,185022,CONFIRMED,
357,0xdD2FD4581271e230360230F9337D5c0430Bf44C0,2117,0x6187939e27374f475320f60a5acfd0c66535f2287fe5b652fa78353e71a6b772,1789653590944,1789653590956,1789653618420,27476,771,185022,CONFIRMED,
358,0x8626f6940E2eb28930eFb4CeF49B2d1F2C9C1199,2117,0x6780b3c93ff4556c7af50b3bc9dd5f0bc77b51c63103c713adcba303fe28b875,1789653590944,1789653590958,1789653618424,27480,771,185022,CONFIRMED,
359,0x09DB0a93B389bEF724429898f539AEB7ac2Dd55f,2117,0x1e4e1c1f70ea1a13b03335119358d34a21e950e0232580bb081299c8ab5f26d2,1789653590950,1789653590958,1789653618426,27476,771,185022,CONFIRMED,
360,0x70997970C51812dc3A010C7d01b50e0d17dc79C8,2118,0x2d0d1821107d6d5010dec5cd868cabc2d2bbca3677ac604d750b4d451ea9086d,1789653590959,1789653590968,1789653618429,27470,771,185010,CONFIRMED,
361,0x3C44CdDdB6a900fa2b585dd299e03d12FA4293BC,2118,0xbba1af2daebc361854c94c69a061807d97c90778a879e314866456a346195da3,1789653590975,1789653590983,1789653618431,27456,771,185010,CONFIRMED,
362,0x90F79bf6EB2c4f870365E785982E1f101E93b906,2118,0x4c1c1df3dc6505f1767bfaebf0658e9eefb3450ba439fae29b4fe42b97d27631,1789653590979,1789653590986,1789653618433,27454,771,185010,CONFIRMED,
363,0x15d34AAf54267DB7D7c367839AAf71A00a2C6A65,2118,0xe17d76eb5715830f1699d16a04ed57da00f283e16aae30993624c895867a46f9,1789653590991,1789653591007,1789653618435,27444,771,185022,CONFIRMED,
364,0x9965507D1a55bcC2695C58ba16FB37d819B0A4dc,2118,0xa84216ef556fcdaaeeb18e94fd346963a4071ab0e8143f444764a7b3727590d3,1789653591000,1789653591015,1789653618436,27436,771,185022,CONFIRMED,
365,0x976EA74026E726554dB657fA54763abd0C3a0aa9,2118,0xa4ca6e755652c45d01940536d692f3a1bb193ae71e750f1de4cf835ec90147ff,1789653591011,1789653591026,1789653618438,27427,771,185022,CONFIRMED,
366,0x14dC79964da2C08b23698B3D3cc7Ca32193d9955,2118,0x8ba648e2cecec63645316f5064198ae6a0f2c6879bb15a3c359649b4d02a87e7,1789653591022,1789653591039,1789653618445,27423,771,185022,CONFIRMED,
367,0x23618e81E3f5cdF7f54C3d65f7FBc0aBf5B21E8f,2118,0x9e7e3f25780fe0a1f5aeb5e2d2b16fb95892dd2066ebcf12f739ce69949bf6a8,1789653591030,1789653591049,1789653618449,27419,771,185022,CONFIRMED,
368,0xa0Ee7A142d267C1f36714E4a8F75612F20a79720,2118,0xc8566b8eb9276959f2f4755d69ad36f63b56b3b0029ffbbeaed814e009694fe7,1789653591040,1789653591058,1789653618451,27411,771,185010,CONFIRMED,
369,0xBcd4042DE499D14e55001CcbB24a551F3b954096,2118,0x9b0af022ff824a21ec5a6fa8b10602b1f1bb87711c0640993da613a05e1bf218,1789653591049,1789653591066,1789653618453,27404,771,185010,CONFIRMED,
370,0x71bE63f3384f5fb98995898A86B02Fb2426c5788,2118,0x9dc4bf78aa912cd8090f439c5dc9c72b2f04a6f6bd0240fdb03b9b5ffa194dbc,1789653591061,1789653591084,1789653618454,27393,771,185022,CONFIRMED,
371,0xFABB0ac9d68B0B445fB7357272Ff202C5651694a,2118,0xa7fe70525cf94ff115e0e851221d02b64d6c2af5bb9c55f5fb0c997a60bd9c60,1789653591070,1789653591088,1789653618456,27386,771,185022,CONFIRMED,
372,0x1CBd3b2770909D4e10f157cABC84C7264073C9Ec,2118,0x7218c4de4e2ea295b0a9feb57a15618a3a25b6443e4f9a846c317e33646d1e3c,1789653591079,1789653591097,1789653618458,27379,771,185010,CONFIRMED,
373,0xdF3e18d64BC6A983f673Ab319CCaE4f1a57C7097,2118,0xfb99ebcad3ceeeebd695d3e2e67e3f89e26b255f6c20f0f945563ad1133afbe6,1789653591091,1789653591106,1789653618460,27369,771,185010,CONFIRMED,
374,0xcd3B766CCDd6AE721141F452C550Ca635964ce71,2118,0xebf8e42c19ab3adeed82505df2df9216019b29383914e5d961107e2b4582786a,1789653591099,1789653591115,1789653618462,27363,771,185022,CONFIRMED,
375,0x2546BcD3c84621e976D8185a91A922aE77ECEc30,2118,0x930e99533b3fdac999d8c95436952fe90bed2f21330f689f88f9892fa1e8cda5,1789653591108,1789653591126,1789653618464,27356,771,185022,CONFIRMED,
376,0xbDA5747bFD65F08deb54cb465eB87D40e51B197E,2118,0xe1af14a9ecb774132a3cb79fe447e7c0fd5ea54ec2fbd8786883692c54e25566,1789653591121,1789653591139,1789653618466,27345,771,185022,CONFIRMED,
377,0xdD2FD4581271e230360230F9337D5c0430Bf44C0,2118,0x4e25df084d85c2fbd34c21d2118726ce53070e76049781bcda1cc1a276496bb3,1789653591130,1789653591149,1789653618467,27337,771,185010,CONFIRMED,
378,0x8626f6940E2eb28930eFb4CeF49B2d1F2C9C1199,2118,0x45c213d8665dff90ce6bd11044640609a8699466fc632bf80e96862d161dd01c,1789653591139,1789653591158,1789653618469,27330,771,185010,CONFIRMED,
379,0x09DB0a93B389bEF724429898f539AEB7ac2Dd55f,2118,0x28bb2d46686aa4874df0a4d3278d32f38e4fad8a9f97c68f74be427b22a9e116,1789653591150,1789653591168,1789653618478,27328,771,185022,CONFIRMED,
380,0x70997970C51812dc3A010C7d01b50e0d17dc79C8,2119,0xf839d67586c201ed8ca7ed674f8520995c1714e5b2b036b47eb2061e11f6ab9a,1789653591159,1789653591175,1789653618480,27321,771,185010,CONFIRMED,
381,0x3C44CdDdB6a900fa2b585dd299e03d12FA4293BC,2119,0x67785974c2e94162e5bcb6cd4d8800018bc8c40bee139080dafba8b7a73b0d62,1789653591171,1789653591750,1789653618482,27311,772,185010,CONFIRMED,
382,0x90F79bf6EB2c4f870365E785982E1f101E93b906,2119,0xc89253109ca9db6c43ac0f23829fa3e558c72509f82cd781884c28183af820b1,1789653591181,1789653591754,1789653618483,27302,772,185022,CONFIRMED,
383,0x15d34AAf54267DB7D7c367839AAf71A00a2C6A65,2119,0x4ea5f21e9e78a16bb9cb4b9159553cc876963b48378df4ca84877b64fcc8de4c,1789653591197,1789653591756,1789653618485,27288,772,185010,CONFIRMED,
384,0x9965507D1a55bcC2695C58ba16FB37d819B0A4dc,2119,0x2dd5e3682b16b021061dcda860a9178a275ae4d9f117b3814dcd42fb064f2370,1789653591201,1789653591757,1789653618486,27285,772,185022,CONFIRMED,
385,0x976EA74026E726554dB657fA54763abd0C3a0aa9,2119,0x919857357eaae74ad0e1eb85f882614d596984f2f729c728a4a057bb04f12510,1789653591213,1789653591759,1789653618487,27274,772,185022,CONFIRMED,
386,0x14dC79964da2C08b23698B3D3cc7Ca32193d9955,2119,0xcd5d191f8708a428947e2691f9ec5facce555dbd31e5425db13065a5d9f2da1a,1789653591230,1789653591762,1789653618487,27257,772,185010,CONFIRMED,
387,0x23618e81E3f5cdF7f54C3d65f7FBc0aBf5B21E8f,2119,0x04113d8f59ab27a468cebbe824b75aedc3173b8dcb1f2f46781554338a0a2a1e,1789653591230,1789653591763,1789653618488,27258,772,185022,CONFIRMED,
388,0xa0Ee7A142d267C1f36714E4a8F75612F20a79720,2119,0x077ab8f68f59ecc3815766aa4e10a4aba9258aeb512661cfb9ec4a7ae5ad34e7,1789653591245,1789653591765,1789653618490,27245,772,185010,CONFIRMED,
389,0xBcd4042DE499D14e55001CcbB24a551F3b954096,2119,0xce5f7f5a48bc9036f9a352cf04ce736323413dc157bb1184556dffd3f8f1231b,1789653591259,1789653591766,1789653618492,27233,772,185010,CONFIRMED,
390,0x71bE63f3384f5fb98995898A86B02Fb2426c5788,2119,0xea22e50d906298043873fcd94a28f5f00268204e836704798dd457d488433fb1,1789653591259,1789653591767,1789653618493,27234,772,185022,CONFIRMED,
391,0xFABB0ac9d68B0B445fB7357272Ff202C5651694a,2119,0xec756306a65a5a363c7f4b19b7d32caedd203a2c23db59c962b56943220c2506,1789653591270,1789653591769,1789653618494,27224,772,185010,CONFIRMED,
392,0x1CBd3b2770909D4e10f157cABC84C7264073C9Ec,2119,0x583c4b472c22578eb9f78af7cd237744cdd3d89b0f2f859058fb308d7333392c,1789653591286,1789653591770,1789653618495,27209,772,185010,CONFIRMED,
393,0xdF3e18d64BC6A983f673Ab319CCaE4f1a57C7097,2119,0x9ce138833e0eb5067b806ef469e10206b481b8f2a8621ced5bb7b8a1885b1e53,1789653591289,1789653591772,1789653618497,27208,772,185022,CONFIRMED,
394,0xcd3B766CCDd6AE721141F452C550Ca635964ce71,2119,0x9df575c80847fdc50cfd710c48dc60cba6ea1540d4b9bb717f8a91a5eb2e0156,1789653591311,1789653591773,1789653618499,27188,772,185022,CONFIRMED,
395,0x2546BcD3c84621e976D8185a91A922aE77ECEc30,2119,0x7d2feae3d997df18744502fb8e67ba796af2b0a25ba4b1c21a8707c9ed39ab10,1789653591311,1789653591774,1789653618501,27190,772,185022,CONFIRMED,
396,0xbDA5747bFD65F08deb54cb465eB87D40e51B197E,2119,0x30eb71aadde3daf2e69ac082fde916e23fefcbf667895300442467148a5ee0c7,1789653591320,1789653591776,1789653618504,27184,772,185022,CONFIRMED,
397,0xdD2FD4581271e230360230F9337D5c0430Bf44C0,2119,0xc1952a2170be403b826cb84eee3753a0c8adcb299ac94988132b3b300f44039c,1789653591342,1789653591779,1789653618507,27165,772,185022,CONFIRMED,
398,0x8626f6940E2eb28930eFb4CeF49B2d1F2C9C1199,2119,0xf81ca12202f916087a611c503626d02b2d489584bb88658995f819d42c387dbc,1789653591342,1789653591781,1789653618509,27167,772,185022,CONFIRMED,
399,0x09DB0a93B389bEF724429898f539AEB7ac2Dd55f,2119,0x5aa4ac53a750b9fc3414fc3a46cdc5f44012eb56600c3d31dad4e45b3dcdaa3c,1789653591357,1789653591782,1789653618510,27153,772,185022,CONFIRMED,
400,0x70997970C51812dc3A010C7d01b50e0d17dc79C8,2120,0x4cc61286969a38fb22ec30053e926a117cef68bf886e1e82a6fd2efa6a79fc24,1789653591360,1789653591783,1789653618512,27152,772,185010,CONFIRMED,
401,0x3C44CdDdB6a900fa2b585dd299e03d12FA4293BC,2120,0xe3766a9195a72b09922b48ba0bec422964f7c7ac01c3c3c4a12f92065b03e9bf,1789653591373,1789653591807,1789653618513,27140,772,184998,CONFIRMED,
402,0x90F79bf6EB2c4f870365E785982E1f101E93b906,2120,0xe8ab10a93af8f7185da80d138789c24776b82088401df37f7ea505e7ff073426,1789653591382,1789653591810,1789653618514,27132,772,185022,CONFIRMED,
403,0x15d34AAf54267DB7D7c367839AAf71A00a2C6A65,2120,0x0bd34425dc8f36208599c9717b37630b7f6376ca73adf6cb471bfd0f7bb83628,1789653591406,1789653591813,1789653618515,27109,772,185022,CONFIRMED,
404,0x9965507D1a55bcC2695C58ba16FB37d819B0A4dc,2120,0xabf219f4d54ecb0749c56a61a3caf647934558428e81ada7f2873963465a8f5a,1789653591406,1789653591815,1789653618517,27111,772,185022,CONFIRMED,
405,0x976EA74026E726554dB657fA54763abd0C3a0aa9,2120,0x4a03b57b277df83f74c57d31f41229189db96e63c91fce550d2855623faf5aed,1789653591422,1789653591817,1789653618523,27101,772,185010,CONFIRMED,
406,0x14dC79964da2C08b23698B3D3cc7Ca32193d9955,2120,0x07fcdc953157054d4209d8b6252ba5b58b1e8e577815f794f82a36428c264b65,1789653591422,1789653591819,1789653618526,27104,772,185022,CONFIRMED,
407,0x23618e81E3f5cdF7f54C3d65f7FBc0aBf5B21E8f,2120,0x154f895dbfde6c37ae5f6db77fc7a2ec9cf88ae59aed7f5c53ea8772f8b8a27e,1789653591437,1789653591821,1789653618528,27091,772,185022,CONFIRMED,
408,0xa0Ee7A142d267C1f36714E4a8F75612F20a79720,2120,0x97007886eb02e488dc49b727b0111e95b21b305d295ba49f88db1d1fee6c6627,1789653591453,1789653591823,1789653618530,27077,772,185010,CONFIRMED,
409,0xBcd4042DE499D14e55001CcbB24a551F3b954096,2120,0x6ea3cca49c20c9642c2ad7e985162aeba06d271c4877904e563b317d019ea627,1789653591453,1789653591824,1789653618531,27078,772,185010,CONFIRMED,
410,0x71bE63f3384f5fb98995898A86B02Fb2426c5788,2120,0xf5e72747d25e74e8cbe69094124f6204ec5cb0044ba509f83b4e1936d096f787,1789653591469,1789653591825,1789653618532,27063,772,185022,CONFIRMED,
411,0xFABB0ac9d68B0B445fB7357272Ff202C5651694a,2120,0x2e49f7ea079fabc5e09efcddc2904791c828c3c45355b4f56385c7b594edc5e0,1789653591469,1789653591826,1789653618533,27064,772,185022,CONFIRMED,
412,0x1CBd3b2770909D4e10f157cABC84C7264073C9Ec,2120,0xb0397077a54ae8397421e61f154bf254329cca3468b2fcfbbe785185be333275,1789653591484,1789653591827,1789653618534,27050,772,185022,CONFIRMED,
413,0xdF3e18d64BC6A983f673Ab319CCaE4f1a57C7097,2120,0x81a7647a6a667620d592fada9552dc3bdd9f286d8fd446bd9eb8e33bcaa79475,1789653591498,1789653591828,1789653618535,27037,772,184998,CONFIRMED,
414,0xcd3B766CCDd6AE721141F452C550Ca635964ce71,2120,0x2d5311f7aca1d7da2881a89d649fff5af6cc8090dce167bc3c23e6bfe06f573f,1789653591508,1789653591830,1789653618536,27028,772,185010,CONFIRMED,
415,0x2546BcD3c84621e976D8185a91A922aE77ECEc30,2120,0xade20bf888868332ebdbd12b57a68080dca96387d45c463ea1fbf2bcaccc962c,1789653591523,1789653591831,1789653618537,27014,772,185010,CONFIRMED,
416,0xbDA5747bFD65F08deb54cb465eB87D40e51B197E,2120,0x258db3a894151f64caac2ac8dc4e110c4e874e4745a41b85bacb744a30dee456,1789653591523,1789653591832,1789653618538,27015,772,185022,CONFIRMED,
417,0xdD2FD4581271e230360230F9337D5c0430Bf44C0,2120,0xed52bf7554f4f9f3748d04d4e934f105587e35b5497ca44f4e7edf19a2f35d21,1789653591539,1789653591833,1789653618540,27001,772,185022,CONFIRMED,
418,0x8626f6940E2eb28930eFb4CeF49B2d1F2C9C1199,2120,0x22c0a4d42d19732d6a241dacce360ad6762d1b2a4cc21a92b1f9150ca78042ac,1789653591539,1789653591834,1789653618542,27003,772,185022,CONFIRMED,
419,0x09DB0a93B389bEF724429898f539AEB7ac2Dd55f,2120,0x40b9dcc93c097082354728e3e6b02ef74632ee35f3b526b2c3ebd4519a5aa5b7,1789653591555,1789653591835,1789653618543,26988,772,185022,CONFIRMED,
420,0x70997970C51812dc3A010C7d01b50e0d17dc79C8,2121,0xea62b369d443f1075f8c5ea3086a9c3db6e00e0625ed27e3c014ec80a9eb8a0d,1789653591570,1789653591836,1789653618545,26975,772,185010,CONFIRMED,
421,0x3C44CdDdB6a900fa2b585dd299e03d12FA4293BC,2121,0x2c5a2df1033d5fd3f499401957b2ff637c9a9146711d2b541c49e6129fd12f24,1789653591570,1789653591856,1789653618549,26979,772,185010,CONFIRMED,
422,0x90F79bf6EB2c4f870365E785982E1f101E93b906,2121,0x8b5d9935a48e13ecc09293a346e3b848cb58b44dbe2ea6f27eb0c49413f03317,1789653591586,1789653591858,1789653618553,26967,772,185022,CONFIRMED,
423,0x15d34AAf54267DB7D7c367839AAf71A00a2C6A65,2121,0x9e153bbbe9b112228cfd968ea89b941581621b49f82d02afa6e247c788a0ddfe,1789653591602,1789653591859,1789653618557,26955,772,185022,CONFIRMED,
424,0x9965507D1a55bcC2695C58ba16FB37d819B0A4dc,2121,0xd54451827a7e7b48430cd38098a442b48a3793a348d8a64e6c09562d4feaf4f2,1789653591602,1789653591861,1789653618558,26956,772,185022,CONFIRMED,
425,0x976EA74026E726554dB657fA54763abd0C3a0aa9,2121,0xea50d02bb17a77783e030e04dc6af8bc479afec0fd5ea78fb3ba943b1ab52fd1,1789653591611,1789653591863,1789653618560,26949,772,185022,CONFIRMED,
426,0x14dC79964da2C08b23698B3D3cc7Ca32193d9955,2121,0x864c3ef0b7550e830e3ff046f5e3cfd32e3632a7d9a469550347c46bc66a866f,1789653591627,1789653591864,1789653618561,26934,772,185010,CONFIRMED,
427,0x23618e81E3f5cdF7f54C3d65f7FBc0aBf5B21E8f,2121,0xcfa845dbde7769200ddd75b7a0d9614460c2e1b90fdcef1d2f866bc65336a5d4,1789653591642,1789653591866,1789653618562,26920,772,185022,CONFIRMED,
428,0xa0Ee7A142d267C1f36714E4a8F75612F20a79720,2121,0x6235e4f4021cea05506c19ad2bd4abfae1ff0c5a7566ce219626d02609a8e54c,1789653591642,1789653591868,1789653618563,26921,772,185010,CONFIRMED,
429,0xBcd4042DE499D14e55001CcbB24a551F3b954096,2121,0x5f9cc9a6fb401cd42fc3c11d91ad77c45ef436b0a43b145c5ba4ae59051fe00b,1789653591658,1789653591869,1789653618564,26906,772,185010,CONFIRMED,
430,0x71bE63f3384f5fb98995898A86B02Fb2426c5788,2121,0xed48e6af539ed2bed0a24fc7c001fc578ec9608fa08dfaa09967178c708c074f,1789653591674,1789653591870,1789653618565,26891,772,185022,CONFIRMED,
431,0xFABB0ac9d68B0B445fB7357272Ff202C5651694a,2121,0xe935d23617bf8ec74b309a05fbf2b590363c2b6a25716eef10cc549687dd6778,1789653591674,1789653591871,1789653618565,26891,772,185010,CONFIRMED,
432,0x1CBd3b2770909D4e10f157cABC84C7264073C9Ec,2121,0xe2689ffac94c6e33fe1aec10cca84bb6a90556c6987bafadf5dff2e37a8538ad,1789653591690,1789653591872,1789653618566,26876,772,185010,CONFIRMED,
433,0xdF3e18d64BC6A983f673Ab319CCaE4f1a57C7097,2121,0xc156dcb5a8f3804661d93681ca43aafe29820824a3926350a3b329d214e79e0f,1789653591690,1789653591872,1789653618568,26878,772,185022,CONFIRMED,
434,0xcd3B766CCDd6AE721141F452C550Ca635964ce71,2121,0xfc0358d5a82f7e69e91595c0121c7068eab7ede45b6bbe063416bfcf77823c87,1789653591705,1789653591872,1789653618569,26864,772,185010,CONFIRMED,
435,0x2546BcD3c84621e976D8185a91A922aE77ECEc30,2121,0x68097f47e87631451a4c248adfba6c3ecabe90b524442a0f5f52714555b17666,1789653591713,1789653591872,1789653618570,26857,772,185022,CONFIRMED,
436,0xbDA5747bFD65F08deb54cb465eB87D40e51B197E,2121,0xe77f49c384b6287e8e712d92119df3c02a2c8f6c46030639ae285f5650093a41,1789653591729,1789653591873,1789653618571,26842,772,184998,CONFIRMED,
437,0xdD2FD4581271e230360230F9337D5c0430Bf44C0,2121,0x295b1ab866be6b9d6c9e0b857f2ef04de6ca594de91b81fb5196e8f96de4854b,1789653591729,1789653591873,1789653618573,26844,772,185010,CONFIRMED,
438,0x8626f6940E2eb28930eFb4CeF49B2d1F2C9C1199,2121,0xb942f4ce354e863124b0305d8b29cd580f3b485b67fda1a81303a477169eca2a,1789653591742,1789653591873,1789653618574,26832,772,185022,CONFIRMED,
439,0x09DB0a93B389bEF724429898f539AEB7ac2Dd55f,2121,0xc5b7a2d572cfa10b5bb2c3675e884e8aa62ab0188c222b0374e8979c10ffe547,1789653591752,1789653591874,1789653618575,26823,772,185022,CONFIRMED,
440,0x70997970C51812dc3A010C7d01b50e0d17dc79C8,2122,0x124d00e20f15dcfd42f540d837cabf324dc44068d9c171ed84b348a9733975d2,1789653591781,1789653591874,1789653618576,26795,772,185010,CONFIRMED,
441,0x3C44CdDdB6a900fa2b585dd299e03d12FA4293BC,2122,0x95fd61096007c8453fbcaf6ec897a4f7d23737025fe5bc4b94ad65a68406d7ee,1789653591781,1789653591887,1789653618577,26796,772,184998,CONFIRMED,
442,0x90F79bf6EB2c4f870365E785982E1f101E93b906,2122,0xef9ba09e703448048c3492dc9efe4469ac2a0799c5f87171775c996940d4ee58,1789653591781,1789653591885,1789653618578,26797,772,185022,CONFIRMED,
443,0x15d34AAf54267DB7D7c367839AAf71A00a2C6A65,2122,0xc89dca8bdb5e3c85ada75bad57dc7ac9fa8d74aca5a17d6d5f238b04c19fe8ae,1789653591797,1789653591888,1789653618579,26782,772,185022,CONFIRMED,
444,0x9965507D1a55bcC2695C58ba16FB37d819B0A4dc,2122,0x7ad5b1b84128d056b5fb26e9ae72280e7c7e131f2461a707383f4b650cc36060,1789653591805,1789653591888,1789653618580,26775,772,185022,CONFIRMED,
445,0x976EA74026E726554dB657fA54763abd0C3a0aa9,2122,0x1f0de70fe938d9a9e78ad61374ad01d809b2c50a6cd6514ed3dc67e268801c1e,1789653591812,1789653591889,1789653618581,26769,772,185022,CONFIRMED,
446,0x14dC79964da2C08b23698B3D3cc7Ca32193d9955,2122,0x5fa52692f408c4633cdb28f48a7e06e244488d5523dca5f247844715e28eeb5b,1789653591825,1789653591889,1789653618582,26757,772,185010,CONFIRMED,
447,0x23618e81E3f5cdF7f54C3d65f7FBc0aBf5B21E8f,2122,0xd93c0b2ac769e3a3d8c31cd65b50c20e449ec182d1608083cc5d15a784378364,1789653591841,1789653591890,1789653618583,26742,772,185022,CONFIRMED,
448,0xa0Ee7A142d267C1f36714E4a8F75612F20a79720,2122,0x0e42408490c291427503b0baf5587f30dcf37032430bbc8914b6f08e8eaa8f08,1789653591841,1789653591890,1789653618583,26742,772,185010,CONFIRMED,
449,0xBcd4042DE499D14e55001CcbB24a551F3b954096,2122,0x632ad4fa9d3bac9d1a55464032fe2729af0aac12a92e0efa4e17f25390fa3a51,1789653591852,1789653591891,1789653618585,26733,772,185010,CONFIRMED,
450,0x71bE63f3384f5fb98995898A86B02Fb2426c5788,2122,0x43d55725efb42bf81756875e057ecfd2d9e8d1092b9a93b19525dbf69d92a3dd,1789653591860,1789653591892,1789653618586,26726,772,185022,CONFIRMED,
451,0xFABB0ac9d68B0B445fB7357272Ff202C5651694a,2122,0x3fa6ab7c685b6f9edcae7dd18d127ae805daf27d59dbf45ab454d19b0f7f1e3c,1789653591875,1789653591896,1789653618587,26712,772,185010,CONFIRMED,
452,0x1CBd3b2770909D4e10f157cABC84C7264073C9Ec,2122,0xcf9578a52a4e28c9dece656bf1b2fd1b979fb9bb6aa1bc52e985e3ca19a57a34,1789653591881,1789653591898,1789653618589,26708,772,185022,CONFIRMED,
453,0xdF3e18d64BC6A983f673Ab319CCaE4f1a57C7097,2122,0xb9462acd2713c9681d5bee2332d3a450726addff3ecb7c40175c72d750bb47f1,1789653591892,1789653591904,1789653618591,26699,772,185010,CONFIRMED,
454,0xcd3B766CCDd6AE721141F452C550Ca635964ce71,2122,0xe5b31a25b09f0805a7bcd2fb3820939a6fe5c083c072e34f80afbdb60519fbfd,1789653591899,1789653591907,1789653618592,26693,772,185022,CONFIRMED,
455,0x2546BcD3c84621e976D8185a91A922aE77ECEc30,2122,0x6eeb915c3fa29ee4560129dc6b9370450339a86a9cb448b95b76b92c758a3530,1789653591915,1789653591926,1789653618593,26678,772,185022,CONFIRMED,
456,0xbDA5747bFD65F08deb54cb465eB87D40e51B197E,2122,0x200721aaf0a636971a9b50cad2811a7b0e0cce1968529c233a2f785a4b84feac,1789653591919,1789653591927,1789653618594,26675,772,185022,CONFIRMED,
457,0xdD2FD4581271e230360230F9337D5c0430Bf44C0,2122,0xe285f5720b2c63666449cb9edb4289e13ff388be16fb96bfed72f9184be3707d,1789653591948,1789653591957,1789653618595,26647,772,185022,CONFIRMED,
458,0x8626f6940E2eb28930eFb4CeF49B2d1F2C9C1199,2122,0x91642fe624e59d0ae4880a19f4cd125753d75e83b35a8b5d3a9eb381c7c4aed4,1789653591948,1789653591957,1789653618596,26648,772,185022,CONFIRMED,
459,0x09DB0a93B389bEF724429898f539AEB7ac2Dd55f,2122,0xe0bde5575c82af933459c99ffd5651d06aff548f30708bdea2c26bbd98009d47,1789653591951,1789653591958,1789653618597,26646,772,185022,CONFIRMED,
460,0x70997970C51812dc3A010C7d01b50e0d17dc79C8,2123,0x4b5802cadd2ebe0cc26f3277dc02595d614fcea0c3c01dbc98ddb0d98529942a,1789653591968,1789653591975,1789653618597,26629,772,185010,CONFIRMED,
461,0x3C44CdDdB6a900fa2b585dd299e03d12FA4293BC,2123,0xe63482cbb93ae14531dd571269b41d77cfcbd22e15b394587c0d0221c527159d,1789653591969,1789653591975,1789653618598,26629,772,185010,CONFIRMED,
462,0x90F79bf6EB2c4f870365E785982E1f101E93b906,2123,0xffef4d9c7d511c2e21cec2d5c22a8bc69281d2c4e23a3f24669864209763a7d7,1789653591983,1789653591990,1789653618599,26616,772,185022,CONFIRMED,
463,0x15d34AAf54267DB7D7c367839AAf71A00a2C6A65,2123,0xad385455e9980bbc85a9b5bf77089e31e0f44f84823df7869644f2639d383840,1789653591990,1789653591996,1789653618600,26610,772,185022,CONFIRMED,
464,0x9965507D1a55bcC2695C58ba16FB37d819B0A4dc,2123,0x15c2ec93c1ebecdbfe15a7278ddb8a624b4fd26f3767cac65e78d45f6b5de437,1789653591999,1789653592006,1789653618601,26602,772,185022,CONFIRMED,
465,0x976EA74026E726554dB657fA54763abd0C3a0aa9,2123,0x93547fc0bb0db45a8379bf1efc4a2b375a85dc545eb3f70299e26ba94756d332,1789653592015,1789653592022,1789653618602,26587,772,185022,CONFIRMED,
466,0x14dC79964da2C08b23698B3D3cc7Ca32193d9955,2123,0x5b3cbfd5b4ebfce8baccc2d251ac53fa20cbd2d2d81e379d0aa78f107b00b64c,1789653592019,1789653592025,1789653618603,26584,772,185010,CONFIRMED,
467,0x23618e81E3f5cdF7f54C3d65f7FBc0aBf5B21E8f,2123,0xa7c6782a506362046c421854b1dd23132d93b5a4295de2b875053ef86c80792f,1789653592037,1789653592046,1789653618604,26567,772,185022,CONFIRMED,
468,0xa0Ee7A142d267C1f36714E4a8F75612F20a79720,2123,0xc384f8ab3d4be3455ff16a91151dca8a09513f8d35c765c74f7ade4ceaf7e5d6,1789653592039,1789653592046,1789653618604,26565,772,184998,CONFIRMED,
469,0xBcd4042DE499D14e55001CcbB24a551F3b954096,2123,0xb36f1c859debd4679d8c81493decb627d369188e19757008d1d5ef3aaa850c50,1789653592056,1789653592065,1789653618606,26550,772,184998,CONFIRMED,
470,0x71bE63f3384f5fb98995898A86B02Fb2426c5788,2123,0xfd195fcc9d0c62858567505272cf3a6bf8f59b37a3f5b3fd453c6ee7af92ec70,1789653592060,1789653592068,1789653618607,26547,772,185022,CONFIRMED,
471,0xFABB0ac9d68B0B445fB7357272Ff202C5651694a,2123,0xebcfd85fbee34397041b510a48c3b5e38c8ae139bfa4b8a96c8fe56c6b09763a,1789653592072,1789653592081,1789653618609,26537,772,185022,CONFIRMED,
472,0x1CBd3b2770909D4e10f157cABC84C7264073C9Ec,2123,0xd93afbd6d8584342af1456fb34af568f801ca506e4ce7b6c2da4e5a4efd5745e,1789653592079,1789653592086,1789653618610,26531,772,185010,CONFIRMED,
473,0xdF3e18d64BC6A983f673Ab319CCaE4f1a57C7097,2123,0x7bc718e23570035b79172961a40f0f48f37ff6083b123ec54970c375f96d5e5f,1789653592103,1789653592116,1789653618611,26508,772,185010,CONFIRMED,
474,0xcd3B766CCDd6AE721141F452C550Ca635964ce71,2123,0x785d5061c697c592ff60ca1551ab96f523ff52466e2672a8d047c0a8bbda29f3,1789653592103,1789653592116,1789653618612,26509,772,185010,CONFIRMED,
475,0x2546BcD3c84621e976D8185a91A922aE77ECEc30,2123,0x851c9d82ed6fc64cc0796c73976957d1029002da3576b245323718ddeec2ad49,1789653592110,1789653592119,1789653618613,26503,772,185022,CONFIRMED,
476,0xbDA5747bFD65F08deb54cb465eB87D40e51B197E,2123,0x47027ad49e3bc65ae8c1ad17f50e97d2a9e1b0a389bb637488f2083d53318835,1789653592119,1789653592126,1789653618614,26495,772,185022,CONFIRMED,
477,0xdD2FD4581271e230360230F9337D5c0430Bf44C0,2123,0xd658d916183470c50c189f9bac7bad1290f03336a8c525035b8a6ca42e68f758,1789653592135,1789653592143,1789653618615,26480,772,185022,CONFIRMED,
478,0x8626f6940E2eb28930eFb4CeF49B2d1F2C9C1199,2123,0xd77962038f3e516d88a34e5bac9438cd12176312930ad9dbc54416324a62a2ea,1789653592139,1789653592147,1789653618619,26480,772,185022,CONFIRMED,
479,0x09DB0a93B389bEF724429898f539AEB7ac2Dd55f,2123,0x452f87849eeb524097fd3eebeb669afb929d73312d615ba7cc724ce0a270e1f3,1789653592151,1789653592158,1789653618621,26470,772,185022,CONFIRMED,
480,0x70997970C51812dc3A010C7d01b50e0d17dc79C8,2124,0x2481199755c72664ee40656ab980015f14eeee0a4802b0b0dd98342ba9048d4f,1789653592167,1789653592175,1789653618624,26457,772,185010,CONFIRMED,
481,0x3C44CdDdB6a900fa2b585dd299e03d12FA4293BC,2124,0x9f1c5f9b034f97fd90589224d84153b4e027c7b7592b58d4978f6acfa0956380,1789653592168,1789653592176,1789653618626,26458,772,185010,CONFIRMED,
482,0x90F79bf6EB2c4f870365E785982E1f101E93b906,2124,0x57e77125277eac5646e69d1a5004b01bd5ed94fa7f7f239c047b675aa91a782e,1789653592183,1789653592190,1789653618629,26446,772,185022,CONFIRMED,
483,0x15d34AAf54267DB7D7c367839AAf71A00a2C6A65,2124,0x9b5aab59316778309fa130d4ddd6cff9c98cfab5a3bc709cf175da3f53acbcda,1789653592189,1789653592197,1789653618630,26441,772,185022,CONFIRMED,
484,0x9965507D1a55bcC2695C58ba16FB37d819B0A4dc,2124,0xb6bb87ab33c847769aa38383e88b4bbac1bffca3cefcdb4d3a79f674a5407a7f,1789653592199,1789653592207,1789653618631,26432,772,185022,CONFIRMED,
485,0x976EA74026E726554dB657fA54763abd0C3a0aa9,2124,0x204b8e6cee7930828d26dccb86f35bd6112e4380809cc460aa5daaf8cd18ee13,1789653592215,1789653592223,1789653618632,26417,772,185010,CONFIRMED,
486,0x14dC79964da2C08b23698B3D3cc7Ca32193d9955,2124,0xf16a09cd5a124c8fa46c48923f1644214105cef82a404475e5e7b46b33a451c0,1789653592219,1789653592226,1789653618633,26414,772,185022,CONFIRMED,
487,0x23618e81E3f5cdF7f54C3d65f7FBc0aBf5B21E8f,2124,0xfed84cad71a7f453fb25b0b9fcef958b8b0f67a88ccf4d18d61dab6fbed404b4,1789653592231,1789653592239,1789653618634,26403,772,185022,CONFIRMED,
488,0xa0Ee7A142d267C1f36714E4a8F75612F20a79720,2124,0x7054136442b80bc6bd1365c38375083df81c564b54722d4af507d8ddb9528634,1789653592239,1789653592248,1789653618635,26396,772,185010,CONFIRMED,
489,0xBcd4042DE499D14e55001CcbB24a551F3b954096,2124,0x693d16feb35939207c43a0611438049c3aefce56eabdc9625528104beec5c448,1789653592263,1789653592274,1789653618636,26373,772,185010,CONFIRMED,
490,0x71bE63f3384f5fb98995898A86B02Fb2426c5788,2124,0x76b1e60deb7fe0e90b11f9381bf5090124c80ec0c30cab6a593ade3f0a687250,1789653592263,1789653592275,1789653618637,26374,772,184998,CONFIRMED,
491,0xFABB0ac9d68B0B445fB7357272Ff202C5651694a,2124,0x959cb5b94ffb9eaf5742338adbbdbff6c96cb7d2e3b288305e8d5f6227c8d3d0,1789653592269,1789653592278,1789653618637,26368,772,185022,CONFIRMED,
492,0x1CBd3b2770909D4e10f157cABC84C7264073C9Ec,2124,0xeff093ced67abcf1d37367638c1d4ae79c3d26124c862f30145211a0f7c647ba,1789653592278,1789653592287,1789653618638,26360,772,185022,CONFIRMED,
493,0xdF3e18d64BC6A983f673Ab319CCaE4f1a57C7097,2124,0x78565d7fb5aa7662e805e04459a7f38a663db0d3b4fcb689107e14ca0f02dc99,1789653592295,1789653592303,1789653618639,26344,772,185010,CONFIRMED,
494,0xcd3B766CCDd6AE721141F452C550Ca635964ce71,2124,0x3f468271c4cc7c22ad001c8dbaf975a017208370cb80f2cf6dcb768241421424,1789653592299,1789653592306,1789653618641,26342,772,185022,CONFIRMED,
495,0x2546BcD3c84621e976D8185a91A922aE77ECEc30,2124,0x9929342fa62563b6d31a5d9eb386dd2c8043adc8e0967aee3bee7ab6f2f8c8b4,1789653592311,1789653592322,1789653618642,26331,772,185022,CONFIRMED,
496,0xbDA5747bFD65F08deb54cb465eB87D40e51B197E,2124,0xf795c0eb770f1a22b0a41bee55394f82de910c8b7aec12ac03a5229cb3b4bc1c,1789653592319,1789653592328,1789653618643,26324,772,185010,CONFIRMED,
497,0xdD2FD4581271e230360230F9337D5c0430Bf44C0,2124,0x6c1dfbf7ac4dd4018212d3628a56a5bf3a870938cec993dbb4ec48d63a868c59,1789653592328,1789653592336,1789653618644,26316,772,185010,CONFIRMED,
498,0x8626f6940E2eb28930eFb4CeF49B2d1F2C9C1199,2124,0xa9c0f904ef70efd16143539c65fd14b38b779b7564456f0a015876af9293ec9d,1789653592343,1789653592351,1789653618645,26302,772,185022,CONFIRMED,
499,0x09DB0a93B389bEF724429898f539AEB7ac2Dd55f,2124,0xb4ee7c314ce1416c4caffc79e48abd0afdd8a880e68fba3d57a8bcf276b1858a,1789653592349,1789653592356,1789653618646,26297,772,185022,CONFIRMED,
500,0x70997970C51812dc3A010C7d01b50e0d17dc79C8,2125,0x6f521c5245853d2f0b1a07f4ae776f82bad06424efa6b8c9eef2cd717389c4f9,1789653592369,1789653592378,1789653618646,26277,772,185010,CONFIRMED,
501,0x3C44CdDdB6a900fa2b585dd299e03d12FA4293BC,2125,0x72e3b9830b4a25aecd7a1debd9c8d5623deab021a00576643e7edfab3e529722,1789653592369,1789653592380,1789653618647,26278,772,184998,CONFIRMED,
502,0x90F79bf6EB2c4f870365E785982E1f101E93b906,2125,0xcfbe3c91b2dafe86148c802f11432bec96af69efc9ea04ce9567cf007f374232,1789653592378,1789653592386,1789653618648,26270,772,185022,CONFIRMED,
503,0x15d34AAf54267DB7D7c367839AAf71A00a2C6A65,2125,0xf00626d3b88e9d30b3a3f8b018cd62abc8a1d6ba48ac1f899d7fff450c55bf32,1789653592394,1789653592402,1789653618649,26255,772,185022,CONFIRMED,
504,0x9965507D1a55bcC2695C58ba16FB37d819B0A4dc,2125,0xf53f94248c379bfc8ba40c47d05b2df722e100c3dbf747e305f6eacced5b694b,1789653592400,1789653592408,1789653618650,26250,772,185022,CONFIRMED,
505,0x976EA74026E726554dB657fA54763abd0C3a0aa9,2125,0x27b29c38b87aef517cc17a3af92e6173300f59c2ff53e0a8d32f1154b08a7012,1789653592418,1789653592427,1789653618650,26232,772,185022,CONFIRMED,
506,0x14dC79964da2C08b23698B3D3cc7Ca32193d9955,2125,0x42e78dd07507ce4ea91eebb50733bf3eb579acfa5b498d58b09dd2a67b8199c7,1789653592420,1789653592428,1789653618651,26231,772,185022,CONFIRMED,
507,0x23618e81E3f5cdF7f54C3d65f7FBc0aBf5B21E8f,2125,0x7e5b661e20d10e3a558778262fb76af93b25359443ae9c2b2a8263b9d3e7635f,1789653592434,1789653592442,1789653618652,26218,772,185022,CONFIRMED,
508,0xa0Ee7A142d267C1f36714E4a8F75612F20a79720,2125,0xdc75e6c65f1c963af96baddd32cc9a47c3ad728d0f1cd7d145e8d6ef6333883f,1789653592440,1789653592449,1789653618652,26212,772,185010,CONFIRMED,
509,0xBcd4042DE499D14e55001CcbB24a551F3b954096,2125,0xab71db78b83389e577a6a292e877dfc9792e5543f4dd1e945ed51d14ca70d42c,1789653592449,1789653592456,1789653618653,26204,772,185010,CONFIRMED,
510,0x71bE63f3384f5fb98995898A86B02Fb2426c5788,2125,0xa2b945024a5ac076114ea9ca0e398624c640bc1b0de93e64f36c42719041a8e3,1789653592466,1789653592473,1789653618654,26188,772,185022,CONFIRMED,
511,0xFABB0ac9d68B0B445fB7357272Ff202C5651694a,2125,0xc2bcf6fd42d324186bb2f8504204545d27dedd97eca75bff01f3aa6a20f1bb1e,1789653592469,1789653592477,1789653618655,26186,772,185022,CONFIRMED,
512,0x1CBd3b2770909D4e10f157cABC84C7264073C9Ec,2125,0x8f56aed3b188ca120b872523a5dea4b1738c6ecbbf5b66e2a84299fdb4cc3adb,1789653592482,1789653592489,1789653618656,26174,772,185022,CONFIRMED,
513,0xdF3e18d64BC6A983f673Ab319CCaE4f1a57C7097,2125,0xb977a0fdb0d6bbb8f0f81e3c6ce25a4740ffd51d92efd04a67f5dd6165c3552d,1789653592489,1789653592498,1789653618658,26169,772,185022,CONFIRMED,
514,0xcd3B766CCDd6AE721141F452C550Ca635964ce71,2125,0x165fa204a975c1fe73bac08e622eb395e2e060dad21fcbcd048e53aacf9951b3,1789653592513,1789653592524,1789653618659,26146,772,185022,CONFIRMED,
515,0x2546BcD3c84621e976D8185a91A922aE77ECEc30,2125,0xb0e2b9266faed6d3cf51e385e3f7af834ec0b3d75e69e6748e40c662a33d0aae,1789653592513,1789653592525,1789653618659,26146,772,185022,CONFIRMED,
516,0xbDA5747bFD65F08deb54cb465eB87D40e51B197E,2125,0x1a25852d7047395831326e9495cd77f5bdc98a6b4f540c58d15e647cb9303ef4,1789653592519,1789653592526,1789653618660,26141,772,185022,CONFIRMED,
517,0xdD2FD4581271e230360230F9337D5c0430Bf44C0,2125,0x87f6b5b24564cca01fa7d8945de26d7225ba842e6ba292d993415b925811ceda,1789653592529,1789653592536,1789653618661,26132,772,185022,CONFIRMED,
518,0x8626f6940E2eb28930eFb4CeF49B2d1F2C9C1199,2125,0x4605276662d363de921c9df9f65b2ea39d2f66b405ff5cd3fdbfae3f5eb4e13e,1789653592545,1789653592553,1789653618662,26117,772,185022,CONFIRMED,
519,0x09DB0a93B389bEF724429898f539AEB7ac2Dd55f,2125,0x6daabd33612c86528f36010c8afaabb27dcdffd47b91f177ef186293d34f9f02,1789653592549,1789653592556,1789653618662,26113,772,185022,CONFIRMED,
520,0x70997970C51812dc3A010C7d01b50e0d17dc79C8,2126,0x5d52090e574d775997144cbfa027761d920a80fda0c1b2bafa7d4cabfe2c94ae,1789653592560,1789653592568,1789653618664,26104,772,185010,CONFIRMED,
521,0x3C44CdDdB6a900fa2b585dd299e03d12FA4293BC,2126,0x224aa670b10dd62e8f001c2afa7a4e772772bf1329defcfb02178048f274cb92,1789653592576,1789653592585,1789653618665,26089,772,185010,CONFIRMED,
522,0x90F79bf6EB2c4f870365E785982E1f101E93b906,2126,0xd5c6facbf060e4b15af2de3bf97e87767f752571d5988a09b48f7c1c23a0f374,1789653592581,1789653592588,1789653618666,26085,772,185022,CONFIRMED,
523,0x15d34AAf54267DB7D7c367839AAf71A00a2C6A65,2126,0xadde47fc8e7c024b7dc2d0827ff8691147fba25aa433e443d2642d798a3e079f,1789653592589,1789653592597,1789653618667,26078,772,185022,CONFIRMED,
524,0x9965507D1a55bcC2695C58ba16FB37d819B0A4dc,2126,0xf40c6835e58f231d3426896800dfa9aec4572adfe7bfb456881c4b8c64739a85,1789653592609,1789653592636,1789653618668,26059,772,185022,CONFIRMED,
525,0x976EA74026E726554dB657fA54763abd0C3a0aa9,2126,0xcd4e1f809e93b7df017e8b90355bcf00c3383c865aeecfc73ed2b37ca517414d,1789653592609,1789653592640,1789653618668,26059,772,185022,CONFIRMED,
526,0x14dC79964da2C08b23698B3D3cc7Ca32193d9955,2126,0x871dab50c1b7c55f17ed0621d0b71888234e24d195c329d4da72b58c6ef9fdd2,1789653592620,1789653592647,1789653618669,26049,772,185022,CONFIRMED,
527,0x23618e81E3f5cdF7f54C3d65f7FBc0aBf5B21E8f,2126,0x9de9fdd2e4ce5d5b8ad7a453bf4beaa246c1e114487ee3785a5a5babbb166a67,1789653592630,1789653592655,1789653618670,26040,772,185010,CONFIRMED,
528,0xa0Ee7A142d267C1f36714E4a8F75612F20a79720,2126,0xfd6e687c73e39307031ac4e3a0595fc9b50c4ffbb72e43d4a393c55a8bd8b404,1789653592640,1789653592667,1789653618670,26030,772,184998,CONFIRMED,
529,0xBcd4042DE499D14e55001CcbB24a551F3b954096,2126,0x8013623a916e1662cef7902f33b2464e40c8cd05a542be1a8e63ab907f0fece5,1789653592649,1789653592673,1789653618671,26022,772,185010,CONFIRMED,
530,0x71bE63f3384f5fb98995898A86B02Fb2426c5788,2126,0xb24314f8d90c44c4820e379b4abc9febaa0deadfeb2a41658548589a6623a77b,1789653592663,1789653592684,1789653618673,26010,772,185010,CONFIRMED,
531,0xFABB0ac9d68B0B445fB7357272Ff202C5651694a,2126,0x8d1d9cabc27a1f99b54450579d9b1f1788f6aeaef5a2f4b9d96442ab0d26e447,1789653592673,1789653592684,1789653618674,26001,772,185022,CONFIRMED,
532,0x1CBd3b2770909D4e10f157cABC84C7264073C9Ec,2126,0x29f5e36fbb525ca5bd04e687560e2968fb158bc299b3ac736caa34b7e2118bfd,1789653592679,1789653592687,1789653618675,25996,772,185010,CONFIRMED,
533,0xdF3e18d64BC6A983f673Ab319CCaE4f1a57C7097,2126,0xf8e90883c22838ad78a568eec3eb87a6d07e7a01af88556e2f21a7bb3efbd937,1789653592710,1789653592729,1789653618676,25966,772,185022,CONFIRMED,
534,0xcd3B766CCDd6AE721141F452C550Ca635964ce71,2126,0xd390c4bd8c38f957f0fd234ac744ab55b6f0d14fd0d9ab9e8b6ab8e5c636c344,1789653592710,1789653592733,1789653618676,25966,772,185022,CONFIRMED,
535,0x2546BcD3c84621e976D8185a91A922aE77ECEc30,2126,0x1cdacf42ce2b620357da27c28aad05c20df00aa04516fe4b8e7ca326f557753a,1789653592710,1789653592733,1789653618677,25967,772,185010,CONFIRMED,
536,0xbDA5747bFD65F08deb54cb465eB87D40e51B197E,2126,0xc8d81c178f59cbec42c0646e869240e149edc913b00536ae8e1a7e5f9cd61edb,1789653592719,1789653592735,1789653618678,25959,772,185022,CONFIRMED,
537,0xdD2FD4581271e230360230F9337D5c0430Bf44C0,2126,0x239b4ac2f2f226cb6d87d429c4dfa8522b2d5262ca7e2a5791ca522a0afc70df,1789653592729,1789653592738,1789653618679,25950,772,185022,CONFIRMED,
538,0x8626f6940E2eb28930eFb4CeF49B2d1F2C9C1199,2126,0xfb8eb004c1c3faeec7f5f6ee3e5eb2235d1f359a10603668cad466877107d37d,1789653592742,1789653592750,1789653618679,25937,772,185022,CONFIRMED,
539,0x09DB0a93B389bEF724429898f539AEB7ac2Dd55f,2126,0x62fcb16face449a8ac1e11a4b1b64885acd8fe3ea19943b30ebc5b1b1a04ad3d,1789653592750,1789653592757,1789653618680,25930,772,185022,CONFIRMED,
540,0x70997970C51812dc3A010C7d01b50e0d17dc79C8,2127,0x0010732cbde2b0c88e70b345565fbda07f48775934e30d3e395637e9d25ed275,1789653592767,1789653592776,1789653618681,25914,772,185010,CONFIRMED,
541,0x3C44CdDdB6a900fa2b585dd299e03d12FA4293BC,2127,0x29093a6bf7d2dbd536a14821594dc1c0d37b9ca4026101153afcc86861079c43,1789653592769,1789653592776,1789653618682,25913,772,185010,CONFIRMED,
542,0x90F79bf6EB2c4f870365E785982E1f101E93b906,2127,0xee65f62da9c573fa30b0f33699f5e8881a0f7b927367ace6d07455bf168cd8d4,1789653592787,1789653592796,1789653618683,25896,772,185022,CONFIRMED,
543,0x15d34AAf54267DB7D7c367839AAf71A00a2C6A65,2127,0x7dfa8a291ece86de48d1d0c32a37bb2497ddec3150208202a41615044f5bff8e,1789653592789,1789653592797,1789653618683,25894,772,185010,CONFIRMED,
544,0x9965507D1a55bcC2695C58ba16FB37d819B0A4dc,2127,0x47e7b1cb3218aec056e69f4dc582363c2d76cdcbef9fb2a9107b02715d89ebd7,1789653592801,1789653592807,1789653618684,25883,772,185022,CONFIRMED,
545,0x976EA74026E726554dB657fA54763abd0C3a0aa9,2127,0x9cda402996f39d10db1319dbce503bfea7286a9d04bcbb2f6c16fb2c00524fdd,1789653592816,1789653592822,1789653618685,25869,772,185022,CONFIRMED,
546,0x14dC79964da2C08b23698B3D3cc7Ca32193d9955,2127,0x2942ae478d929affaddfa3127837b2b702f3e91898a214ef235fea5fc34e138b,1789653592820,1789653592825,1789653618685,25865,772,185010,CONFIRMED,
547,0x23618e81E3f5cdF7f54C3d65f7FBc0aBf5B21E8f,2127,0xb4094fc15ae6ad01ca87c054ea78e9070396681e3b6ff9fd3263cd724a4656ad,1789653592841,1789653592848,1789653618686,25845,772,184998,CONFIRMED,
548,0xa0Ee7A142d267C1f36714E4a8F75612F20a79720,2127,0x901e0e5f84b38970bca8f4135a74e186ff7a32eb658fd9e2c118e168e75fd844,1789653592841,1789653592849,1789653618687,25846,772,185010,CONFIRMED,
549,0xBcd4042DE499D14e55001CcbB24a551F3b954096,2127,0xb2da88e0cefaa6b9563ff08a55fd55a024de68957875503dcd007cc69a5c61b8,1789653592857,1789653592863,1789653618687,25830,772,184986,CONFIRMED,
550,0x71bE63f3384f5fb98995898A86B02Fb2426c5788,2127,0xa39673e93843acbee53ab550c82e3db385cc3f55e993174114c08c431eafe449,1789653592860,1789653592865,1789653618688,25828,772,185010,CONFIRMED,
551,0xFABB0ac9d68B0B445fB7357272Ff202C5651694a,2127,0xb5aed0a0cdeccb7fd67d18475d2ca0f7ea1278db0d132af0de44f017cb0cf106,1789653592873,1789653592879,1789653618690,25817,772,185010,CONFIRMED,
552,0x1CBd3b2770909D4e10f157cABC84C7264073C9Ec,2127,0x15a5f16247ee41d1b3d113bef06e007047f7ef56a529fa2910d0222cbaf8fa0b,1789653592879,1789653592883,1789653618691,25812,772,184998,CONFIRMED,
553,0xdF3e18d64BC6A983f673Ab319CCaE4f1a57C7097,2127,0x096389e8742ed9875bfd8a55bdaafb13dc691fb1cee1551375b800cde507a51b,1789653592889,1789653592897,1789653618692,25803,772,185010,CONFIRMED,
554,0xcd3B766CCDd6AE721141F452C550Ca635964ce71,2127,0x5308f75ad2267db141c999235416af79fa64d2eb0b58ab4f01344efca4ee351f,1789653592905,1789653592917,1789653618693,25788,772,185022,CONFIRMED,
555,0x2546BcD3c84621e976D8185a91A922aE77ECEc30,2127,0x4968207bebbbade0e956a9194db7f41c192350abb2a28689b67e09f1975c6877,1789653592909,1789653592925,1789653618693,25784,772,185022,CONFIRMED,
556,0xbDA5747bFD65F08deb54cb465eB87D40e51B197E,2127,0xdcb96d4bbd1e8222657e0b4d212ae8f406589e597271e9d41c0eb44539b2c1d1,1789653592920,1789653592938,1789653618694,25774,772,185022,CONFIRMED,
557,0xdD2FD4581271e230360230F9337D5c0430Bf44C0,2127,0xfc92d1302225976994126864afcf29f8ac9bff64c241969f70ad6e163b95f148,1789653592930,1789653592946,1789653618695,25765,772,185022,CONFIRMED,
558,0x8626f6940E2eb28930eFb4CeF49B2d1F2C9C1199,2127,0x92a25d82f480ab8b721b118ce9e48c32cf5794ad4966a5cfdc7ee0b753b926ce,1789653592941,1789653592956,1789653618696,25755,772,185022,CONFIRMED,
559,0x09DB0a93B389bEF724429898f539AEB7ac2Dd55f,2127,0xd74b0d009121e13fe2419bd733b060e4656a59dc2a7fd479772d8a33ebea6640,1789653592952,1789653592974,1789653618696,25744,772,185022,CONFIRMED,
560,0x70997970C51812dc3A010C7d01b50e0d17dc79C8,2128,0x95c162df503cf99e020009388da05ad4c1e1ed20a16bdce07fffa9e62957d07e,1789653592961,1789653592984,1789653618697,25736,772,185010,CONFIRMED,
561,0x3C44CdDdB6a900fa2b585dd299e03d12FA4293BC,2128,0xb8f7dfa44678dbe39cb9eca56678bc4abc9c7e22533fa2c86e5bcd2a4885c729,1789653592969,1789653592989,1789653618698,25729,772,184998,CONFIRMED,
562,0x90F79bf6EB2c4f870365E785982E1f101E93b906,2128,0x8baae52b036189a6e504f88a0c60c49cd73c0986d4a7047cccbc864954b5451f,1789653592979,1789653593004,1789653618698,25719,772,185022,CONFIRMED,
563,0x15d34AAf54267DB7D7c367839AAf71A00a2C6A65,2128,0x8153c3151dbe4e0da251ec169f2c1cc133f870fb430b64938ab14a935ea56a34,1789653592989,1789653593009,1789653618699,25710,772,185022,CONFIRMED,
564,0x9965507D1a55bcC2695C58ba16FB37d819B0A4dc,2128,0x2c096e6d25be8e7e0de27d836f1f0e9e0e2e6d6f7a466506727968ef8ea93997,1789653592999,1789653593015,1789653618699,25700,772,185022,CONFIRMED,
565,0x976EA74026E726554dB657fA54763abd0C3a0aa9,2128,0x12e9d6151a7b464d34725aa2d562e330f9c8361095ac243968c4cba6ac0ca723,1789653593009,1789653593019,1789653618700,25691,772,185022,CONFIRMED,
566,0x14dC79964da2C08b23698B3D3cc7Ca32193d9955,2128,0x64d4eec19fc4c7b21aa55330976cdeecc88349cd2f9643fca992d0236acf2bcc,1789653593019,1789653593033,1789653618701,25682,772,185022,CONFIRMED,
567,0x23618e81E3f5cdF7f54C3d65f7FBc0aBf5B21E8f,2128,0x6d3d8082d0d8d29d774ee5a8e1127fb1ac464a3fa7aaf9462deb1f0ee03547eb,1789653593030,1789653593039,1789653618701,25671,772,185022,CONFIRMED,
568,0xa0Ee7A142d267C1f36714E4a8F75612F20a79720,2128,0x640293b736c794a84db20dc0c5e8cfac672ee64b3fce230e528f521a107c92e1,1789653593040,1789653593049,1789653618702,25662,772,185010,CONFIRMED,
569,0xBcd4042DE499D14e55001CcbB24a551F3b954096,2128,0x28a4d7703ba370a1b4324b002ab7718b7afe7f585a368000746d0c690e17ecfa,1789653593050,1789653593058,1789653618703,25653,772,185010,CONFIRMED,
570,0x71bE63f3384f5fb98995898A86B02Fb2426c5788,2128,0xb4b2f9347568ffcdda11c9e7696e821c38f5251ebd3545bbba9921a7b6615c44,1789653593072,1789653593086,1789653618704,25632,772,185022,CONFIRMED,
571,0xFABB0ac9d68B0B445fB7357272Ff202C5651694a,2128,0x250e96eaea08b9c3ae0ed1103e9b7cd2eb8b3705634627f0bd2716d15aa0cb46,1789653593072,1789653593088,1789653618705,25633,772,185022,CONFIRMED,
572,0x1CBd3b2770909D4e10f157cABC84C7264073C9Ec,2128,0x1aad1c3251ca6ae655a24de49458b7ae004370adc756063836c6771cb22d2f75,1789653593079,1789653593089,1789653618706,25627,772,185022,CONFIRMED,
573,0xdF3e18d64BC6A983f673Ab319CCaE4f1a57C7097,2128,0x0f644670c4a4db3bd5b9899236de8a9e8edb73e842ba5d9a2cac78aaa2538913,1789653593089,1789653593099,1789653618708,25619,772,185010,CONFIRMED,
574,0xcd3B766CCDd6AE721141F452C550Ca635964ce71,2128,0x4dc5fd9b4d7161739fda39ca53222204a50678b2aee10577237235cd9f5f6346,1789653593099,1789653593108,1789653618709,25610,772,185022,CONFIRMED,
575,0x2546BcD3c84621e976D8185a91A922aE77ECEc30,2128,0x5470f7abdeb75fc158f825189067edf073e76d0a82815c34964e6824dcc0ffe5,1789653593120,1789653593133,1789653618709,25589,772,185022,CONFIRMED,
576,0xbDA5747bFD65F08deb54cb465eB87D40e51B197E,2128,0xc0db69729c7b3416bc34d7bd5071e94f5f36f71c29f9730ae4b4c2d3efd5fe75,1789653593120,1789653593135,1789653618710,25590,772,185010,CONFIRMED,
577,0xdD2FD4581271e230360230F9337D5c0430Bf44C0,2128,0xb78c41f37ca3b381a3e3c280077ae1dd70ee0420dc8ed56c9e37f9c65132826a,1789653593129,1789653593139,1789653618711,25582,772,185022,CONFIRMED,
578,0x8626f6940E2eb28930eFb4CeF49B2d1F2C9C1199,2128,0x85109950b498d7e9491045b89fd238243eeed7abbaa9637f4d5be1f9f7d9c665,1789653593139,1789653593148,1789653618711,25572,772,185022,CONFIRMED,
579,0x09DB0a93B389bEF724429898f539AEB7ac2Dd55f,2128,0xb24026aeeca4e49788ca3ec2dd4eb3c82069d86b848f595560360ac3adbf3950,1789653593149,1789653593157,1789653618712,25563,772,185022,CONFIRMED,
580,0x70997970C51812dc3A010C7d01b50e0d17dc79C8,2129,0x61298edbebbed262f7cc0066576c562d51a239a4628961e599806b86bbe0ba34,1789653593168,1789653593953,1789653618712,25544,773,185010,CONFIRMED,
581,0x3C44CdDdB6a900fa2b585dd299e03d12FA4293BC,2129,0xcadff613a79ff9814a46050523e2be0bbfa8626d23378f1f386324830784ae7b,1789653593171,1789653593954,1789653618713,25542,773,184998,CONFIRMED,
582,0x90F79bf6EB2c4f870365E785982E1f101E93b906,2129,0x69e2aaf9dbf349c5d2ef806fd32408c6f0b6341d423d25ae3bf9cf3ead720b67,1789653593185,1789653593971,1789653618714,25529,773,185022,CONFIRMED,
583,0x15d34AAf54267DB7D7c367839AAf71A00a2C6A65,2129,0xcb799b4a2f42b748f22303b0e0f32383a67271557060ac70a5c61d61d3737e95,1789653593201,1789653593972,1789653618715,25514,773,185010,CONFIRMED,
584,0x9965507D1a55bcC2695C58ba16FB37d819B0A4dc,2129,0xd2462614d53559d16ff40454c232ed649b92cbe0e9b24b98ef48c0748c02ae72,1789653593201,1789653593973,1789653618715,25514,773,185022,CONFIRMED,
585,0x976EA74026E726554dB657fA54763abd0C3a0aa9,2129,0x6eab56ea0e7ba9b71bca8ae36376bcf8bc7c29cf1bf545b7113a42c099bc5bea,1789653593216,1789653593974,1789653618716,25500,773,185022,CONFIRMED,
586,0x14dC79964da2C08b23698B3D3cc7Ca32193d9955,2129,0xbb9acabfa99dcad3cf89cac09a4b53ab36e59cba818dca33a626598f66054a24,1789653593232,1789653593975,1789653618717,25485,773,185022,CONFIRMED,
587,0x23618e81E3f5cdF7f54C3d65f7FBc0aBf5B21E8f,2129,0xa1cd0e1628da6295a5e3076865c817a8168084b94b9e35c96af6d0110608635d,1789653593232,1789653593976,1789653618717,25485,773,185022,CONFIRMED,
588,0xa0Ee7A142d267C1f36714E4a8F75612F20a79720,2129,0x38f0b4b347407f0ac56defc9c56d6a0a959b9c683c83e23350cc72c5b413f66e,1789653593240,1789653593978,1789653618718,25478,773,185010,CONFIRMED,
589,0xBcd4042DE499D14e55001CcbB24a551F3b954096,2129,0x6f10f52ce8fc67748acf523a8d61e5039362fa854f24161629ffd8609ced071a,1789653593263,1789653593980,1789653618718,25455,773,185010,CONFIRMED,
590,0x71bE63f3384f5fb98995898A86B02Fb2426c5788,2129,0xa69f4afc2cd687dfc6ba344d63dee304e16f6682c8a2ca68acc4d9442eaa1ed2,1789653593264,1789653593981,1789653618719,25455,773,185022,CONFIRMED,
591,0xFABB0ac9d68B0B445fB7357272Ff202C5651694a,2129,0xdf91a1949c5c3cfb9be74fdd926e960a366bf386f1b96ddf6abdaa1fe455d5ea,1789653593269,1789653593982,1789653618720,25451,773,185022,CONFIRMED,
592,0x1CBd3b2770909D4e10f157cABC84C7264073C9Ec,2129,0x6a30cb124e0d2f0a16bb5f3ae46644b48d5f15bff35bffd44cc4ce1b3a34580d,1789653593279,1789653593983,1789653618720,25441,773,185010,CONFIRMED,
593,0xdF3e18d64BC6A983f673Ab319CCaE4f1a57C7097,2129,0xdf0d9aa67c51adf641685c52dfca2f85f4972cc61309155f014ec87227ab6dc6,1789653593296,1789653593984,1789653618721,25425,773,185022,CONFIRMED,
594,0xcd3B766CCDd6AE721141F452C550Ca635964ce71,2129,0xb2f26cd931fc0cb89eb0dde71331d656565b7151382f2d2d90c2e17c56a885bb,1789653593300,1789653593985,1789653618722,25422,773,185022,CONFIRMED,
595,0x2546BcD3c84621e976D8185a91A922aE77ECEc30,2129,0xac9e8ef20a65d0587ec5854ea74650ad849e13110c3bdc8d8d9dae0d57ca6a5a,1789653593312,1789653593989,1789653618724,25412,773,185022,CONFIRMED,
596,0xbDA5747bFD65F08deb54cb465eB87D40e51B197E,2129,0xc54a2630d077e8969cb0bb5381d279fa0ea93a23516b576fd080fbb9d47a36d0,1789653593327,1789653593991,1789653618724,25397,773,185022,CONFIRMED,
597,0xdD2FD4581271e230360230F9337D5c0430Bf44C0,2129,0x9b359c90f6f88fba76e77ae9b915769f61495ecd50315879e9f7ecad70241e73,1789653593332,1789653593993,1789653618725,25393,773,185010,CONFIRMED,
598,0x8626f6940E2eb28930eFb4CeF49B2d1F2C9C1199,2129,0x21fd49f4a731def7bbbdf78029f06a4db37e869558752df8c2b7253aefd6b9de,1789653593343,1789653593997,1789653618726,25383,773,185022,CONFIRMED,
599,0x09DB0a93B389bEF724429898f539AEB7ac2Dd55f,2129,0x05f94a4b93d71630d878aa1070ca0880bc07bc97d269eac8516622d8d0171dad,1789653593354,1789653594000,1789653618727,25373,773,185022,CONFIRMED,
600,0x70997970C51812dc3A010C7d01b50e0d17dc79C8,2130,0x7716b4ecb15f34ab2b3806f34df3a0d0dbdadc888d03ce0881a43af3c8247fac,1789653593359,1789653594018,1789653618728,25369,773,185010,CONFIRMED,
601,0x3C44CdDdB6a900fa2b585dd299e03d12FA4293BC,2130,0x15b3647821c04eb8f459e487bd1ff6b6a8194920b6065f3a05df2c6d49ef36dd,1789653593379,1789653594020,1789653618729,25350,773,185010,CONFIRMED,
602,0x90F79bf6EB2c4f870365E785982E1f101E93b906,2130,0xfdfb90e60af39cce4a25233401ba4d7df4760d0f7de1405cc291220dbda3faeb,1789653593379,1789653594032,1789653618730,25351,773,185010,CONFIRMED,
603,0x15d34AAf54267DB7D7c367839AAf71A00a2C6A65,2130,0x0194df17953fb2e6694894fa0a6daf58af4096d9a6ba223d66edd7cf803548e7,1789653593400,1789653594034,1789653618730,25330,773,185010,CONFIRMED,
604,0x9965507D1a55bcC2695C58ba16FB37d819B0A4dc,2130,0xc28009889a5fb7afd2daf55814ac26e3fc428bc29ce088c20b0c0ef6274b1659,1789653593400,1789653594036,1789653618731,25331,773,185022,CONFIRMED,
605,0x976EA74026E726554dB657fA54763abd0C3a0aa9,2130,0x8510450d88cc920a85fc8060e6d3a923291fa0cedb9235519beb5cf3ff196859,1789653593412,1789653594038,1789653618732,25320,773,185022,CONFIRMED,
606,0x14dC79964da2C08b23698B3D3cc7Ca32193d9955,2130,0x11bb94558b6efc655a447554efa8061b3c03d7b400e2b7239e78f53e14f2c243,1789653593430,1789653594040,1789653618733,25303,773,185022,CONFIRMED,
607,0x23618e81E3f5cdF7f54C3d65f7FBc0aBf5B21E8f,2130,0x510e4c8f566d08322ba5a4c15f4be8113564dad47b0297d378ef3e0f4d3da7e4,1789653593430,1789653594043,1789653618733,25303,773,185022,CONFIRMED,
608,0xa0Ee7A142d267C1f36714E4a8F75612F20a79720,2130,0x3eb4905fcf6c0c6f7e9111a6657666623ad413ef4a95ea61441089a668dc28ac,1789653593449,1789653594046,1789653618734,25285,773,185010,CONFIRMED,
609,0xBcd4042DE499D14e55001CcbB24a551F3b954096,2130,0x20a96ab5c4038506980c4703cd3d0bacf3657de394cd66e9c2ffab459ff22b08,1789653593449,1789653594047,1789653618735,25286,773,184998,CONFIRMED,
610,0x71bE63f3384f5fb98995898A86B02Fb2426c5788,2130,0x8717ed552f2771f06338f51c9f03d331bec3baeb4188a780f8523e7a10299fe9,1789653593478,1789653594049,1789653618735,25257,773,185022,CONFIRMED,
611,0xFABB0ac9d68B0B445fB7357272Ff202C5651694a,2130,0xaf4fa515d8705ebf83045da9dd90a1529d8cf7785e7f7a951828e7cb50b6f69f,1789653593478,1789653594050,1789653618736,25258,773,185010,CONFIRMED,
612,0x1CBd3b2770909D4e10f157cABC84C7264073C9Ec,2130,0x9a4a007eb70cfa32d7e1007e49a16f5d64b830401b0cbe0d0636adeccbac01da,1789653593481,1789653594052,1789653618736,25255,773,185010,CONFIRMED,
613,0xdF3e18d64BC6A983f673Ab319CCaE4f1a57C7097,2130,0x964745d3d7d24ccb309883b0c7e41e387a4e00ae5eb145e70d5a97054d2bd790,1789653593497,1789653594053,1789653618737,25240,773,185022,CONFIRMED,
614,0xcd3B766CCDd6AE721141F452C550Ca635964ce71,2130,0xdaf92b93c93ad84d29dd8b077defc460d257976ccc24f422c6902f3e93a168b3,1789653593513,1789653594056,1789653618738,25225,773,185010,CONFIRMED,
615,0x2546BcD3c84621e976D8185a91A922aE77ECEc30,2130,0x9668641165a749740f556b6131ec379d98863b5e7aea5d01908876f80296d43f,1789653593513,1789653594058,1789653618739,25226,773,185022,CONFIRMED,
616,0xbDA5747bFD65F08deb54cb465eB87D40e51B197E,2130,0x47acdc76ee35625eb5f48556529a459e9ba5a6c9644c33544b257b5730af86cf,1789653593529,1789653594061,1789653618740,25211,773,185022,CONFIRMED,
617,0xdD2FD4581271e230360230F9337D5c0430Bf44C0,2130,0xb9caa035353597598db8f376192fa07ee86caa54f8dbfb3aabac2410ee12ffcf,1789653593529,1789653594064,1789653618741,25212,773,185010,CONFIRMED,
618,0x8626f6940E2eb28930eFb4CeF49B2d1F2C9C1199,2130,0x5ca2ce517e9c1b50bb0c71c3c23aed28fea9d09dc6f772911311b16c1fe7fb38,1789653593545,1789653594067,1789653618742,25197,773,185010,CONFIRMED,
619,0x09DB0a93B389bEF724429898f539AEB7ac2Dd55f,2130,0xa6031c7ea4fd8e81ca5a60e04745bed523f5a3c145af56926f8cc233ebaf4188,1789653593561,1789653594069,1789653618743,25182,773,185022,CONFIRMED,
620,0x70997970C51812dc3A010C7d01b50e0d17dc79C8,2131,0x92d4f05e1ad11bdfc2a6a424a76d56dd66d35829e195e31b62b4f3be99bbd518,1789653593561,1789653594090,1789653618744,25183,773,185010,CONFIRMED,
621,0x3C44CdDdB6a900fa2b585dd299e03d12FA4293BC,2131,0x6b708c51fb46bf2dc403bb498b9d52532eaf165cfec18e5c3403e9d6e31f6e61,1789653593577,1789653594093,1789653618744,25167,773,185010,CONFIRMED,
622,0x90F79bf6EB2c4f870365E785982E1f101E93b906,2131,0xe000365359b13b48c41fb910186b9383624a5daad1ebd22a190ad280cbb7574e,1789653593593,1789653594110,1789653618745,25152,773,185022,CONFIRMED,
623,0x15d34AAf54267DB7D7c367839AAf71A00a2C6A65,2131,0x5ac62d4449758e03c69102d8293c1f467b9c7c0e6973c4a7932969f902db097e,1789653593593,1789653594113,1789653618746,25153,773,185022,CONFIRMED,
624,0x9965507D1a55bcC2695C58ba16FB37d819B0A4dc,2131,0x817204ef81f8067d3857749ae10cb19a6d3defa9248f0b0c5fe6d4bd179b5bf5,1789653593609,1789653594116,1789653618747,25138,773,185010,CONFIRMED,
625,0x976EA74026E726554dB657fA54763abd0C3a0aa9,2131,0xcf9ffa8d832a5d6f7566c820fe4111b867ff7ba749458ef3d10e01e99f47d537,1789653593609,1789653594119,1789653618748,25139,773,185022,CONFIRMED,
626,0x14dC79964da2C08b23698B3D3cc7Ca32193d9955,2131,0xf5ef83e0a61c4c0a14a0a394e3ac03ab69e12606d932bb6fc1ab25c262715aaa,1789653593625,1789653594121,1789653618749,25124,773,185010,CONFIRMED,
627,0x23618e81E3f5cdF7f54C3d65f7FBc0aBf5B21E8f,2131,0x313d7914d05041fafb5bba71a05c49dcfe846427d7f0f0839d72af853579ccb1,1789653593641,1789653594124,1789653618749,25108,773,185022,CONFIRMED,
628,0xa0Ee7A142d267C1f36714E4a8F75612F20a79720,2131,0x70ed394bba20a11e0a4c292a3cce5356c3101fd78d939ff22c47bd9a61993494,1789653593641,1789653594126,1789653618750,25109,773,185010,CONFIRMED,
629,0xBcd4042DE499D14e55001CcbB24a551F3b954096,2131,0x9685b4730ef35dc5648604238e5d56eb6bca6923bd51bfab19eebb036ac92308,1789653593657,1789653594129,1789653618751,25094,773,185010,CONFIRMED,
630,0x71bE63f3384f5fb98995898A86B02Fb2426c5788,2131,0x6451ff5b95ab27b2efb6121ba739ddabc8b9ffd192c0c48f2ba2938125831797,1789653593673,1789653594132,1789653618752,25079,773,185022,CONFIRMED,
631,0xFABB0ac9d68B0B445fB7357272Ff202C5651694a,2131,0xa777acaef252abef1ae49c93e2a2b3542c41f5bd1c97a4c26ca06cc713e43205,1789653593673,1789653594135,1789653618752,25079,773,185022,CONFIRMED,
632,0x1CBd3b2770909D4e10f157cABC84C7264073C9Ec,2131,0xcbe0501a8226496d32e53fdcde92cbef34418424532fc30a9ef9482a71b2daf4,1789653593681,1789653594138,1789653618753,25072,773,185022,CONFIRMED,
633,0xdF3e18d64BC6A983f673Ab319CCaE4f1a57C7097,2131,0xe5011a520d8a140ba6cd12913d02b287f91b23986f588a9734fa3041a9a9b5a0,1789653593695,1789653594140,1789653618754,25059,773,185022,CONFIRMED,
634,0xcd3B766CCDd6AE721141F452C550Ca635964ce71,2131,0xa0e52da88d64aad68de2fde3e6704242dafa7567da74e6505162e594a1352a6f,1789653593710,1789653594143,1789653618755,25045,773,185022,CONFIRMED,
635,0x2546BcD3c84621e976D8185a91A922aE77ECEc30,2131,0x2b51cc7cdb4a95fb35888563ea162626425021434c60546e3a9eb8786554d724,1789653593710,1789653594147,1789653618757,25047,773,185010,CONFIRMED,
636,0xbDA5747bFD65F08deb54cb465eB87D40e51B197E,2131,0xf934567d4bed13b4a4bb9b2a71d13f321e6baa881dc441fff9754282b614c240,1789653593726,1789653594153,1789653618758,25032,773,184998,CONFIRMED,
637,0xdD2FD4581271e230360230F9337D5c0430Bf44C0,2131,0xfe16c14f33b156224d3744651b1279136330271f25ad336621041f831cd9ebc3,1789653593742,1789653594157,1789653618759,25017,773,185022,CONFIRMED,
638,0x8626f6940E2eb28930eFb4CeF49B2d1F2C9C1199,2131,0x28ab6e9378a3a66ea5ad3f9540e5c6d2d5019a67f2c32c2ca4ba84717d7e1d20,1789653593742,1789653594162,1789653618760,25018,773,185022,CONFIRMED,
639,0x09DB0a93B389bEF724429898f539AEB7ac2Dd55f,2131,0x2cc7c5c4fe0a5aa1f8fdda43dcc5d0694db4d4dfa4b20706b926bf4529197b56,1789653593758,1789653594165,1789653618761,25003,773,185022,CONFIRMED,
640,0x70997970C51812dc3A010C7d01b50e0d17dc79C8,2132,0xa6e162f4b384347632082fe0c7129389ea175561f39cb15a6709d1738730d1a7,1789653593773,1789653594191,1789653618762,24989,773,185010,CONFIRMED,
641,0x3C44CdDdB6a900fa2b585dd299e03d12FA4293BC,2132,0xcd082fd43110e8f7171b11908b7a8c1c3e57914931f56b0877ca15fb2cf4abd1,1789653593773,1789653594195,1789653618763,24990,773,185010,CONFIRMED,
642,0x90F79bf6EB2c4f870365E785982E1f101E93b906,2132,0x96fb1fef99ed70f286e501877c53154d751e621c8985c9b7b3a0bf2629111656,1789653593781,1789653594213,1789653618765,24984,773,185010,CONFIRMED,
643,0x15d34AAf54267DB7D7c367839AAf71A00a2C6A65,2132,0x0850a56462c0ddc54668979301c6bd02f575df279e1a1726086bae564e10a664,1789653593794,1789653594215,1789653618767,24973,773,185022,CONFIRMED,
644,0x9965507D1a55bcC2695C58ba16FB37d819B0A4dc,2132,0xf952d8f13a9634558354bc114c6c41086ee91eb333ffc9ab58ddd784fad5d524,1789653593809,1789653594217,1789653618769,24960,773,185022,CONFIRMED,
645,0x976EA74026E726554dB657fA54763abd0C3a0aa9,2132,0x4c5a91dd41b481c2bd993ec61dc5ab89cc874d173fc5a9d5ef4c3620eebf6430,1789653593810,1789653594219,1789653618771,24961,773,185010,CONFIRMED,
646,0x14dC79964da2C08b23698B3D3cc7Ca32193d9955,2132,0x7e232f87ff4dffaa9585d35f5da4cd43c3ae299e5bd183fa78af05a29a5edd7e,1789653593825,1789653594221,1789653618774,24949,773,185022,CONFIRMED,
647,0x23618e81E3f5cdF7f54C3d65f7FBc0aBf5B21E8f,2132,0x0385ea56d2b7cdca1c7aaab148d500f15529f38a65621e306a251c337584ec60,1789653593842,1789653594223,1789653618775,24933,773,184986,CONFIRMED,
648,0xa0Ee7A142d267C1f36714E4a8F75612F20a79720,2132,0x04de3114f1ebec900fefcf507826e8f2a0871bb9a212b6e462f2b09298bfb00a,1789653593842,1789653594225,1789653618776,24934,773,185010,CONFIRMED,
649,0xBcd4042DE499D14e55001CcbB24a551F3b954096,2132,0x8fc2de8925fe73e36dffc85999a844f17445eaf19b457ae82aa088511d0302a5,1789653593857,1789653594227,1789653618778,24921,773,185010,CONFIRMED,
650,0x71bE63f3384f5fb98995898A86B02Fb2426c5788,2132,0xe19ce3d0260e7ab579fe15518214b3e2e9010618e7d9893643c963fed64d4334,1789653593873,1789653594230,1789653618779,24906,773,185022,CONFIRMED,
651,0xFABB0ac9d68B0B445fB7357272Ff202C5651694a,2132,0xc4869edf10cbfee574c895d818b320358769689fed154f22505fa7086136858e,1789653593873,1789653594233,1789653618780,24907,773,185022,CONFIRMED,
652,0x1CBd3b2770909D4e10f157cABC84C7264073C9Ec,2132,0xd073925079a654beaddebb4fe03886ecc7a155a95a5f9e0994449eeccda6efa2,1789653593881,1789653594236,1789653618781,24900,773,185022,CONFIRMED,
653,0xdF3e18d64BC6A983f673Ab319CCaE4f1a57C7097,2132,0x5728d3a8c5a87b170d70878cb9cadee42b78b7c6c90b4efe0b526ba7ee93d694,1789653593897,1789653594238,1789653618782,24885,773,185010,CONFIRMED,
654,0xcd3B766CCDd6AE721141F452C550Ca635964ce71,2132,0x77859e3c30dd31a4d039cfadbdde9798a0a16811bc4c22055fd141864eb5340c,1789653593912,1789653594240,1789653618785,24873,773,185010,CONFIRMED,
655,0x2546BcD3c84621e976D8185a91A922aE77ECEc30,2132,0x2825da075b42c3c8b073f88fa9870d54e962ebed88688015920f9c3661088463,1789653593912,1789653594242,1789653618787,24875,773,185022,CONFIRMED,
656,0xbDA5747bFD65F08deb54cb465eB87D40e51B197E,2132,0x3d5d373b518931bda7f846e37d1d6bc9c61d30d039bc4a02aa7de2b2357862d6,1789653593928,1789653594245,1789653618792,24864,773,185022,CONFIRMED,
657,0xdD2FD4581271e230360230F9337D5c0430Bf44C0,2132,0x3821bd9953fff0cabfc20397e612516d83e8d305c4d119f2f9ee4bc3c8d0d2d4,1789653593931,1789653594248,1789653618793,24862,773,185022,CONFIRMED,
658,0x8626f6940E2eb28930eFb4CeF49B2d1F2C9C1199,2132,0xe912f9f7a846ad15d3367b5039cb923f8db66f58e808d271719943f9ea4ff445,1789653593944,1789653594251,1789653618794,24850,773,185022,CONFIRMED,
659,0x09DB0a93B389bEF724429898f539AEB7ac2Dd55f,2132,0xb52bc0cc9aef150e927861db66ee8f4f3dfdcf6b79860d88e95f6a2a0625f552,1789653593949,1789653594254,1789653618795,24846,773,185022,CONFIRMED,
660,0x70997970C51812dc3A010C7d01b50e0d17dc79C8,2133,0xcf6bf8722ae04efa91d84ab51a3f6811a65c1433821113700e50e8ddcf58de5e,1789653593959,1789653594272,1789653618796,24837,773,185010,CONFIRMED,
661,0x3C44CdDdB6a900fa2b585dd299e03d12FA4293BC,2133,0x3277b6c81f2af628452cbc6da94a01edadfa1514ea353b023ff66c5747d666f3,1789653593969,1789653594273,1789653618797,24828,773,185010,CONFIRMED,
662,0x90F79bf6EB2c4f870365E785982E1f101E93b906,2133,0x2adde3d7d487288cd672fe007cef6053e40d90db6da305194cb46bf36d938856,1789653593985,1789653594286,1789653618798,24813,773,185022,CONFIRMED,
663,0x15d34AAf54267DB7D7c367839AAf71A00a2C6A65,2133,0x6266d0a5de2a65c089f8748915080f7a577237d5c73b2de6fb9a725f25a9b80a,1789653594013,1789653594288,1789653618799,24786,773,185010,CONFIRMED,
664,0x9965507D1a55bcC2695C58ba16FB37d819B0A4dc,2133,0xbca031ec241e40f05d1637d7ac1a7f78409569db44fa1b3c49bb7d11b87c862b,1789653594013,1789653594291,1789653618800,24787,773,185010,CONFIRMED,
665,0x976EA74026E726554dB657fA54763abd0C3a0aa9,2133,0x902fc55e8fc1b6ddeca6a1028e8c6b24e179dc5c82c5066c2d205624dbd8cbb2,1789653594013,1789653594293,1789653618801,24788,773,185010,CONFIRMED,
666,0x14dC79964da2C08b23698B3D3cc7Ca32193d9955,2133,0xc25b9fdb0dbb521b12225ae9111c3f45da11827310b90be671dd0490c7f3a9e7,1789653594025,1789653594296,1789653618801,24776,773,185022,CONFIRMED,
667,0x23618e81E3f5cdF7f54C3d65f7FBc0aBf5B21E8f,2133,0x506da720276bdb9e231630b6c1372e3cac28fc4bcb11f1b9803eb0a8cb421194,1789653594040,1789653594297,1789653618802,24762,773,185022,CONFIRMED,
668,0xa0Ee7A142d267C1f36714E4a8F75612F20a79720,2133,0xaa239eab01d3e668134abea147dca2276f7bc50296c0353d9f88fd68da485060,1789653594040,1789653594299,1789653618802,24762,773,185010,CONFIRMED,
669,0xBcd4042DE499D14e55001CcbB24a551F3b954096,2133,0x64ac4e7fcf5cc057155f10a73b4be0a3d0567dfe48b4211f2eb5a3cede512a75,1789653594075,1789653594301,1789653618803,24728,773,185010,CONFIRMED,
670,0x71bE63f3384f5fb98995898A86B02Fb2426c5788,2133,0xe296aecaefa1e787e84b9e09b7bd500b71d96c57d31e730e16f9127fafbdf6a6,1789653594075,1789653594303,1789653618804,24729,773,185022,CONFIRMED,
671,0xFABB0ac9d68B0B445fB7357272Ff202C5651694a,2133,0x326414ae415938881a324a7d467df2540f57c5364d219e018d43e120d2f17a9d,1789653594075,1789653594304,1789653618805,24730,773,185022,CONFIRMED,
672,0x1CBd3b2770909D4e10f157cABC84C7264073C9Ec,2133,0x9c414b25e159430827d9e3d0b083addfeb7b1c83a011f008d5dd9af3a83aa432,1789653594096,1789653594306,1789653618806,24710,773,185022,CONFIRMED,
673,0xdF3e18d64BC6A983f673Ab319CCaE4f1a57C7097,2133,0x7b8b58a7afbb5a559537ce99823149def39a070e32938763308ebb0391bba57a,1789653594096,1789653594307,1789653618807,24711,773,185022,CONFIRMED,
674,0xcd3B766CCDd6AE721141F452C550Ca635964ce71,2133,0x43f9bed228476b97dace9874ce927843206bc3758830ae284096d8d8528635c5,1789653594108,1789653594309,1789653618808,24700,773,185010,CONFIRMED,
675,0x2546BcD3c84621e976D8185a91A922aE77ECEc30,2133,0x3e343bd581c12910b5ab52237c2ea4a2eb9461a017df37b5c29434a70242814f,1789653594140,1789653594311,1789653618809,24669,773,185022,CONFIRMED,
676,0xbDA5747bFD65F08deb54cb465eB87D40e51B197E,2133,0x84862235e756862787ec9d5f0999a2cbc2205dbae210386104792e59a6b3a2f5,1789653594140,1789653594312,1789653618810,24670,773,185010,CONFIRMED,
677,0xdD2FD4581271e230360230F9337D5c0430Bf44C0,2133,0x91ecd8a288e418fb34e3ffa754af1527b88a055154179eeed6a0042dc6ab2170,1789653594140,1789653594312,1789653618810,24670,773,185022,CONFIRMED,
678,0x8626f6940E2eb28930eFb4CeF49B2d1F2C9C1199,2133,0xf51f5464e8719a8f245f75c7ef28ca1317e777a039e3cedd39c9f17f8a4f9975,1789653594140,1789653594312,1789653618811,24671,773,185022,CONFIRMED,
679,0x09DB0a93B389bEF724429898f539AEB7ac2Dd55f,2133,0xd21da19474bff770823bc78ad990e8869d10811851bf3a921d69c9f86a7ab520,1789653594181,1789653594313,1789653618813,24632,773,185022,CONFIRMED,
680,0x70997970C51812dc3A010C7d01b50e0d17dc79C8,2134,0xfdb64f2f7476a772001dfb40ddcaf08562b08a16772801622a73f1ed732e5c17,1789653594181,1789653594324,1789653618814,24633,773,185010,CONFIRMED,
681,0x3C44CdDdB6a900fa2b585dd299e03d12FA4293BC,2134,0xf9bede7ff746ec9393a3320f0e54823dbd71959483c3d0b80ddadcffbd4f4096,1789653594181,1789653594324,1789653618816,24635,773,184998,CONFIRMED,
682,0x90F79bf6EB2c4f870365E785982E1f101E93b906,2134,0x865243155e7364cdec83d19c5ada065a33aa7345518e0d39c031ba608824de7e,1789653594181,1789653594337,1789653618817,24636,773,185022,CONFIRMED,
683,0x15d34AAf54267DB7D7c367839AAf71A00a2C6A65,2134,0x107aee466fc71a148824d93367d44b40941c34b5e7acd5d2ef3e9593186ab707,1789653594204,1789653594337,1789653618818,24614,773,185022,CONFIRMED,
684,0x9965507D1a55bcC2695C58ba16FB37d819B0A4dc,2134,0x41943724c854c13802a6855ad4f04b25967427bc713b67c765751b3c2c9040ca,1789653594204,1789653594338,1789653618820,24616,773,185022,CONFIRMED,
685,0x976EA74026E726554dB657fA54763abd0C3a0aa9,2134,0xff65569fd2587aa0c343901a758499165ab0e135f09261c6eea766804de40e98,1789653594223,1789653594338,1789653618823,24600,773,185022,CONFIRMED,
686,0x14dC79964da2C08b23698B3D3cc7Ca32193d9955,2134,0x432e8465890484c618e617539d6f4d5228e8ab3124bea2a4e40905dd50f40262,1789653594223,1789653594338,1789653618825,24602,773,185022,CONFIRMED,
687,0x23618e81E3f5cdF7f54C3d65f7FBc0aBf5B21E8f,2134,0x5d49a059868d8a006ca0f17d13eae6174f5d04a73f23206d7c7200e4ba747431,1789653594261,1789653594339,1789653618827,24566,773,185022,CONFIRMED,
688,0xa0Ee7A142d267C1f36714E4a8F75612F20a79720,2134,0xa3c1d1d84785e2fcc05c215c7aba46af01ecee3ccbfd545ff7f5431fab4bbc38,1789653594261,1789653594339,1789653618829,24568,773,185010,CONFIRMED,
689,0xBcd4042DE499D14e55001CcbB24a551F3b954096,2134,0x205d624f829da5aa89e9bb26c8c8a26e1f6c0fb9d68db74d73bba5e1094160c9,1789653594261,1789653594339,1789653618830,24569,773,185010,CONFIRMED,
690,0x71bE63f3384f5fb98995898A86B02Fb2426c5788,2134,0xd398eb5d5dd1741ceb2674a0fad4d6fdbf6c1e8104b1205aadd38be684064cdf,1789653594261,1789653594340,1789653618831,24570,773,185022,CONFIRMED,
691,0xFABB0ac9d68B0B445fB7357272Ff202C5651694a,2134,0x490b2ca7af8c3ceb0662dfe5d99de3e5f59eaf2ea31b3cbe33218f81d4112212,1789653594276,1789653594340,1789653618832,24556,773,185022,CONFIRMED,
692,0x1CBd3b2770909D4e10f157cABC84C7264073C9Ec,2134,0x74e91e995c7cf8be73f2af41ec5ea7796ae6ce505e14610bfc1be2f0c1fa9319,1789653594286,1789653594341,1789653618833,24547,773,185022,CONFIRMED,
693,0xdF3e18d64BC6A983f673Ab319CCaE4f1a57C7097,2134,0x88baa64a732470e576a70a467eba7e4699cd80ea1c1ad049cdd5004d0b245e61,1789653594307,1789653594347,1789653618834,24527,773,185022,CONFIRMED,
694,0xcd3B766CCDd6AE721141F452C550Ca635964ce71,2134,0x6b006f6487651b1243b6a4b576616ead819c88c3751c2c98fbf4680f4a06bbb6,1789653594307,1789653594348,1789653618835,24528,773,185010,CONFIRMED,
695,0x2546BcD3c84621e976D8185a91A922aE77ECEc30,2134,0x939fdc4059fbfe58fbb9bfbd6ef2c4e657debdf0328288159fdd292b3d3f9d8f,1789653594321,1789653594356,1789653618836,24515,773,185010,CONFIRMED,
696,0xbDA5747bFD65F08deb54cb465eB87D40e51B197E,2134,0x8e3884d0e179cb3468078d72dc740899a3caaa1e792297d02ff329f46bfc5866,1789653594321,1789653594357,1789653618837,24516,773,185022,CONFIRMED,
697,0xdD2FD4581271e230360230F9337D5c0430Bf44C0,2134,0xe0ffae4af1f656b851a8ad70e96f0635cfbd4d4a3dd3aa34cb470728e06afd37,1789653594333,1789653594360,1789653618838,24505,773,185022,CONFIRMED,
698,0x8626f6940E2eb28930eFb4CeF49B2d1F2C9C1199,2134,0x17e895b986f2392c2bfa1e35786a87929b2adf943e6d8e1a975df651dfe91740,1789653594341,1789653594363,1789653618840,24499,773,185022,CONFIRMED,
699,0x09DB0a93B389bEF724429898f539AEB7ac2Dd55f,2134,0x51fa9bdef570912d894eec91be1027f2f877b4db279b6f3636bafeae1bdaeffb,1789653594351,1789653594364,1789653618842,24491,773,185022,CONFIRMED,
700,0x70997970C51812dc3A010C7d01b50e0d17dc79C8,2135,0xe739a10a839cd3a89ffc7f04859391c6faa355028dee4e07aa660f347a7966ed,1789653594360,1789653594366,1789653618843,24483,773,185010,CONFIRMED,
701,0x3C44CdDdB6a900fa2b585dd299e03d12FA4293BC,2135,0x8e8dc1427856ad1c0408728c128000edeb8416c8d593275ca4e4e5d2a8e19134,1789653594371,1789653594377,1789653618845,24474,773,185010,CONFIRMED,
702,0x90F79bf6EB2c4f870365E785982E1f101E93b906,2135,0xc872890408cd403d1b4b65e501000d441f8ce5c1feca9e59dc0e443614dd0b78,1789653594387,1789653594391,1789653618846,24459,773,185022,CONFIRMED,
703,0x15d34AAf54267DB7D7c367839AAf71A00a2C6A65,2135,0x27513ceb60c751e14c1a1e6cb4267e10e2bed8981bd37bc5075fcb1b7e10afce,1789653594389,1789653594393,1789653618847,24458,773,185022,CONFIRMED,
704,0x9965507D1a55bcC2695C58ba16FB37d819B0A4dc,2135,0xbf80e7d218d448dbe2dc6b56b368709e67b45e3989c84ff7443e6e9b24251d4e,1789653594403,1789653594407,1789653618848,24445,773,185022,CONFIRMED,
705,0x976EA74026E726554dB657fA54763abd0C3a0aa9,2135,0xcaedbe333b0f2fcd66d7bea34e59a82864100ac091d29bbc007f40bc93950549,1789653594416,1789653594421,1789653618851,24435,773,185022,CONFIRMED,
706,0x14dC79964da2C08b23698B3D3cc7Ca32193d9955,2135,0x7c2021692492b3bb43a94aca86f4f3f3f96cbd21bf699213c5486a31d1a63d22,1789653594420,1789653594424,1789653618855,24435,773,185022,CONFIRMED,
707,0x23618e81E3f5cdF7f54C3d65f7FBc0aBf5B21E8f,2135,0xf24d9e9b0b5fdf9f4ff5b639dc822b539ea3db0146253ff0fd55f7b62df5d2a0,1789653594441,1789653594448,1789653618858,24417,773,185022,CONFIRMED,
708,0xa0Ee7A142d267C1f36714E4a8F75612F20a79720,2135,0x7238551245f036bce19b3360e09f78f23ea04ff67f771c7e78462ef832a21e6b,1789653594441,1789653594449,1789653618860,24419,773,184998,CONFIRMED,
709,0xBcd4042DE499D14e55001CcbB24a551F3b954096,2135,0xf2fa30eb07663124d1ed233002922ff271d51e8bc8719ce8adc6f64bc37b2d29,1789653594459,1789653594466,1789653618862,24403,773,185010,CONFIRMED,
710,0x71bE63f3384f5fb98995898A86B02Fb2426c5788,2135,0x173cfaeb98e208f32461b53a2fbdcededcdc307085c78b9f4c50a6d566f70cd5,1789653594459,1789653594466,1789653618863,24404,773,185022,CONFIRMED,
711,0xFABB0ac9d68B0B445fB7357272Ff202C5651694a,2135,0x0826fd48009a3577a6b00aa0c73b8c90b53f0aa41ca2d4332dabd5956381b929,1789653594475,1789653594481,1789653618864,24389,773,185022,CONFIRMED,
712,0x1CBd3b2770909D4e10f157cABC84C7264073C9Ec,2135,0xf268271b06989c9b9767dcc61b39709c670564fb53321900fff9ba0fd431ae06,1789653594479,1789653594483,1789653618865,24386,773,185022,CONFIRMED,
713,0xdF3e18d64BC6A983f673Ab319CCaE4f1a57C7097,2135,0x23e65ccf7507a720a7748e11b083236df206bca3931c93afe72aa25dfc1867eb,1789653594491,1789653594497,1789653618866,24375,773,185010,CONFIRMED,
714,0xcd3B766CCDd6AE721141F452C550Ca635964ce71,2135,0x29175f1d25392d5cf5a834afc6620d72287386e1b9c60c55ea03e87a5852b303,1789653594507,1789653594514,1789653618867,24360,773,185022,CONFIRMED,
715,0x2546BcD3c84621e976D8185a91A922aE77ECEc30,2135,0x72efe498ca6ff76058445ccfac7ffffb06fe368ccccf5ee9420e72067d3f5795,1789653594509,1789653594516,1789653618869,24360,773,185022,CONFIRMED,
716,0xbDA5747bFD65F08deb54cb465eB87D40e51B197E,2135,0xdf3f4dc140b417fbecdf7ca3c8739ab7a65752ab71b9aa9185452e56013f16d8,1789653594523,1789653594531,1789653618870,24347,773,185010,CONFIRMED,
717,0xdD2FD4581271e230360230F9337D5c0430Bf44C0,2135,0xf08531b677d9037afda23ca0823be01743dc11bfa68c2107e9b93078218fc809,1789653594529,1789653594534,1789653618871,24342,773,185022,CONFIRMED,
718,0x8626f6940E2eb28930eFb4CeF49B2d1F2C9C1199,2135,0x809b53c67ecb494a33645494f589541e884f7877bebb67fc0bbeada5d35fbd81,1789653594548,1789653594553,1789653618872,24324,773,185022,CONFIRMED,
719,0x09DB0a93B389bEF724429898f539AEB7ac2Dd55f,2135,0x02f6e3bdb0f6a8c2bfffe72fe9207ffdccb91872ba0685e0dac418ab5d486f9b,1789653594549,1789653594554,1789653618873,24324,773,185022,CONFIRMED,
720,0x70997970C51812dc3A010C7d01b50e0d17dc79C8,2136,0x9133430d907cb459436f35ff86bc903b65cd58145cbb91e6c1a53bc0a9ede940,1789653594563,1789653594569,1789653618874,24311,773,185010,CONFIRMED,
721,0x3C44CdDdB6a900fa2b585dd299e03d12FA4293BC,2136,0xcff3631431002ee186e572c09f4686e92b0df186d28801c51163953df06fa2e3,1789653594577,1789653594584,1789653618876,24299,773,185010,CONFIRMED,
722,0x90F79bf6EB2c4f870365E785982E1f101E93b906,2136,0xeb5353acba38ad73c4c9d0cc5b12a1949ef7dc9269cef5070b5de3ee004e7c29,1789653594579,1789653594585,1789653618877,24298,773,185010,CONFIRMED,
723,0x15d34AAf54267DB7D7c367839AAf71A00a2C6A65,2136,0x556d6aa9b5f9f075b6e72940dd9f6f68f8e47e6ef4eddfdafefaa82d2f74343c,1789653594593,1789653594597,1789653618878,24285,773,185022,CONFIRMED,
724,0x9965507D1a55bcC2695C58ba16FB37d819B0A4dc,2136,0x452bb624714703fbc5c82442b45bb0ed14e3d15d32a6281af99ae2e013804636,1789653594608,1789653594615,1789653618879,24271,773,185022,CONFIRMED,
725,0x976EA74026E726554dB657fA54763abd0C3a0aa9,2136,0xc3d26a33da268d3068538e627cf53ba841af252396f8c8450e220aa0389e65bd,1789653594610,1789653594616,1789653618880,24270,773,185022,CONFIRMED,
726,0x14dC79964da2C08b23698B3D3cc7Ca32193d9955,2136,0x07cacdf671ac48c951f947b62010aa338e2039f3df0b5277aa68bb1b5597b7b7,1789653594625,1789653594633,1789653618881,24256,773,185022,CONFIRMED,
727,0x23618e81E3f5cdF7f54C3d65f7FBc0aBf5B21E8f,2136,0x82fb0d18299dc81ee166dd40ce0e046c62e88e323cb71b4bb8a984af89f7d876,1789653594629,1789653594633,1789653618885,24256,773,185010,CONFIRMED,
728,0xa0Ee7A142d267C1f36714E4a8F75612F20a79720,2136,0x4c7712480f3ab20e7243f0c6b228ecfc9cc364d64631be5f0e52d740be82d133,1789653594657,1789653594672,1789653618888,24231,773,185010,CONFIRMED,
729,0xBcd4042DE499D14e55001CcbB24a551F3b954096,2136,0x1b93b74195c111b2777fb75e70017f20409215598387606fc6919f3824466b3d,1789653594657,1789653594674,1789653618891,24234,773,185010,CONFIRMED,
730,0x71bE63f3384f5fb98995898A86B02Fb2426c5788,2136,0xa27ed92bd8ccc402f09e3f8fb9a22b3c65d77a5917cfb125b285af59e0f05fd2,1789653594662,1789653594675,1789653618893,24231,773,185022,CONFIRMED,
731,0xFABB0ac9d68B0B445fB7357272Ff202C5651694a,2136,0xe1836e449820f5a5042715cbe6bf173bee25cced9bb0157b92657582ec4089c2,1789653594668,1789653594679,1789653618894,24226,773,185022,CONFIRMED,
732,0x1CBd3b2770909D4e10f157cABC84C7264073C9Ec,2136,0x01d564dac173562c95af30dfb30525a1826e405b6dc98110c8f6d37b15aba956,1789653594689,1789653594702,1789653618895,24206,773,185022,CONFIRMED,
733,0xdF3e18d64BC6A983f673Ab319CCaE4f1a57C7097,2136,0x9b2580f73d5a35a87a3ce4f314feb64721ec139dc58e3eafecc4a2564bc1db96,1789653594689,1789653594704,1789653618897,24208,773,185022,CONFIRMED,
734,0xcd3B766CCDd6AE721141F452C550Ca635964ce71,2136,0x9fab2e20abd9c3755b32a5ac87becfe2b695e753dc491d8619b4b1be9152adc0,1789653594699,1789653594708,1789653618898,24199,773,185022,CONFIRMED,
735,0x2546BcD3c84621e976D8185a91A922aE77ECEc30,2136,0xff77f090a8c20085f70b2f4a37fe0727ae2122591bf758f4dfdfa4f36287e790,1789653594708,1789653594721,1789653618902,24194,773,185022,CONFIRMED,
736,0xbDA5747bFD65F08deb54cb465eB87D40e51B197E,2136,0xb1a48c99c4f94829ebfea0f01b97a2e0ab5dc5e3ba62a2a3179e4f6935ccfc4d,1789653594721,1789653594733,1789653618906,24185,773,185022,CONFIRMED,
737,0xdD2FD4581271e230360230F9337D5c0430Bf44C0,2136,0x03e90c87b2db22fe45a5ab70465cd19f6f7f62e27e3798974a57025fda288726,1789653594730,1789653594740,1789653618909,24179,773,185022,CONFIRMED,
738,0x8626f6940E2eb28930eFb4CeF49B2d1F2C9C1199,2136,0xb2b06cd30b6b9dc7ffe15bf8af1484281a38757a542f75bd5b2f3d656b3ed5e9,1789653594740,1789653594752,1789653618910,24170,773,185022,CONFIRMED,
739,0x09DB0a93B389bEF724429898f539AEB7ac2Dd55f,2136,0x8a8fd547c718e9a3b13eeff50a634891ad59e60b6caca486a47a465cbcbcbcf5,1789653594749,1789653594758,1789653618912,24163,773,185022,CONFIRMED,
740,0x70997970C51812dc3A010C7d01b50e0d17dc79C8,2137,0x11004eed349fe37bf9c5390e823e6bafea75e25c7856419c2ce19486590c6d6a,1789653594763,1789653594774,1789653618912,24149,773,185010,CONFIRMED,
741,0x3C44CdDdB6a900fa2b585dd299e03d12FA4293BC,2137,0x3705b32f8cf2a14514a372af9e66d3622a7a6afdfe70bc161915c89d7330139c,1789653594769,1789653594777,1789653618913,24144,773,185010,CONFIRMED,
742,0x90F79bf6EB2c4f870365E785982E1f101E93b906,2137,0x30c42e959c57741aecaed89e0b4cbeb997ef48498ea8700dc2acd6c6246fee19,1789653594792,1789653594802,1789653618914,24122,773,185022,CONFIRMED,
743,0x15d34AAf54267DB7D7c367839AAf71A00a2C6A65,2137,0x79d86506fd22c9a578195d5e609f5ef15399ce4e4e11a01946be797245aa210b,1789653594792,1789653594803,1789653618915,24123,773,185022,CONFIRMED,
744,0x9965507D1a55bcC2695C58ba16FB37d819B0A4dc,2137,0xcb83967b5a0c5d44aec34635dd0a31024a85eb8f963471d72c15f8c78bd0433e,1789653594798,1789653594805,1789653618917,24119,773,185010,CONFIRMED,
745,0x976EA74026E726554dB657fA54763abd0C3a0aa9,2137,0x4dcdbd36f051a8fdb70a4a0fe7918d3f026ca69a610b0302419e8f7e4943dfc1,1789653594824,1789653594835,1789653618918,24094,773,185022,CONFIRMED,
746,0x14dC79964da2C08b23698B3D3cc7Ca32193d9955,2137,0x7b9b040c06a0c00a1e3fbdd64b25aa028a4d21cfc223276205525022dcccf83f,1789653594824,1789653594836,1789653618919,24095,773,185022,CONFIRMED,
747,0x23618e81E3f5cdF7f54C3d65f7FBc0aBf5B21E8f,2137,0x177e6d90f664bd0155c1adb5f112028d7f33edf41ed7e946f480746cc5455f97,1789653594830,1789653594837,1789653618920,24090,773,185010,CONFIRMED,
748,0xa0Ee7A142d267C1f36714E4a8F75612F20a79720,2137,0x1264eed342ec6b3d257fbb50255b96307ea29896dc70fa3bf220f835a30141c9,1789653594840,1789653594847,1789653618921,24081,773,185010,CONFIRMED,
749,0xBcd4042DE499D14e55001CcbB24a551F3b954096,2137,0x412177ed773cca69c3354b8f1eaa8346702af5f4273448bc9aa4cbfed55a7b43,1789653594853,1789653594861,1789653618922,24069,773,185010,CONFIRMED,
750,0x71bE63f3384f5fb98995898A86B02Fb2426c5788,2137,0xb1f56bc17b9b846767984a8805b344445a1be4705cbe4a6ed22d499eca066b7b,1789653594859,1789653594866,1789653618923,24064,773,185022,CONFIRMED,
751,0xFABB0ac9d68B0B445fB7357272Ff202C5651694a,2137,0x7701052b69c18055f71d52fa5e5f2b6458cf57e155bd3f516acdc00a93f2004d,1789653594879,1789653594887,1789653618925,24046,773,185022,CONFIRMED,
752,0x1CBd3b2770909D4e10f157cABC84C7264073C9Ec,2137,0xa81001b764e2b45ee5ab6e6c3a0d135eb5b9f6fb1cfb6e0bdd1ec434adbeb6aa,1789653594879,1789653594888,1789653618926,24047,773,185010,CONFIRMED,
753,0xdF3e18d64BC6A983f673Ab319CCaE4f1a57C7097,2137,0x9f93bcbc95950f1df35c8233045fa1a47750316460734f6fe726816541d0a22a,1789653594895,1789653594902,1789653618928,24033,773,185022,CONFIRMED,
754,0xcd3B766CCDd6AE721141F452C550Ca635964ce71,2137,0xc1e8aaadbdc0db06e684a34767b6000d7478715c68380c77949fd848f8300223,1789653594900,1789653594906,1789653618931,24031,773,185022,CONFIRMED,
755,0x2546BcD3c84621e976D8185a91A922aE77ECEc30,2137,0x7f6e1a7cd0046e82d72acebac102e0603756b1a829f8fce37ad1566521b48129,1789653594910,1789653594918,1789653618934,24024,773,184998,CONFIRMED,
756,0xbDA5747bFD65F08deb54cb465eB87D40e51B197E,2137,0x259d853011e2ce42ac8e663bb76c4c4af518825fb36f9945789ee66289467085,1789653594926,1789653594935,1789653618935,24009,773,185022,CONFIRMED,
757,0xdD2FD4581271e230360230F9337D5c0430Bf44C0,2137,0x980cb95f3793dd511001cd86fcce5b5e1de4256c740e126b7db06395eaf0eb61,1789653594931,1789653594937,1789653618936,24005,773,185022,CONFIRMED,
758,0x8626f6940E2eb28930eFb4CeF49B2d1F2C9C1199,2137,0x081a64db3c6db43c98e8990a0b50da6fe38380670b672e1c402a6dfdf8ab82c5,1789653594943,1789653594950,1789653618937,23994,773,185022,CONFIRMED,
759,0x09DB0a93B389bEF724429898f539AEB7ac2Dd55f,2137,0x7042699c8e4eaa77d92355d04fdb472179707236fef4fcb76829b696c5ce3af4,1789653594949,1789653594955,1789653618939,23990,773,185022,CONFIRMED,
760,0x70997970C51812dc3A010C7d01b50e0d17dc79C8,2138,0x2cb7914d0e501fc6dba36ebb67a408f2743b7760dd2eed8b713890579c1438f1,1789653594968,1789653594975,1789653618941,23973,773,185010,CONFIRMED,
761,0x3C44CdDdB6a900fa2b585dd299e03d12FA4293BC,2138,0xd595f81617d06f7e4018dbcb86f5528c40dce0ccd8e16c6cb8658d982ce94a57,1789653594970,1789653594976,1789653618942,23972,773,185010,CONFIRMED,
762,0x90F79bf6EB2c4f870365E785982E1f101E93b906,2138,0xf15ce136718ec37d04f39366903f8fe37e753625a5cf653ad082cab0799f3b3b,1789653594984,1789653594994,1789653618943,23959,773,185022,CONFIRMED,
763,0x15d34AAf54267DB7D7c367839AAf71A00a2C6A65,2138,0xa1a695e155431872049f05bf087bdf785d007109c05681c32ac6f0f08aefb56e,1789653594990,1789653594999,1789653618944,23954,773,185022,CONFIRMED,
764,0x9965507D1a55bcC2695C58ba16FB37d819B0A4dc,2138,0x334740dba28263a07e0a1758dd2993e270800e8b48924a862eaf2188cbdaf1af,1789653594999,1789653595005,1789653618944,23945,773,185022,CONFIRMED,
765,0x976EA74026E726554dB657fA54763abd0C3a0aa9,2138,0xb4f657356baab74523cf0714ec4f7f9a1e32d3064c6c616f3ee03ac1d91157b7,1789653595016,1789653595023,1789653618945,23929,773,185022,CONFIRMED,
766,0x14dC79964da2C08b23698B3D3cc7Ca32193d9955,2138,0x498e1c65b904bb350e127475a82b2e3bdedd6ec4dd7bd8cac20897ee954f3262,1789653595019,1789653595025,1789653618947,23928,773,185010,CONFIRMED,
767,0x23618e81E3f5cdF7f54C3d65f7FBc0aBf5B21E8f,2138,0x12bab8f749fb9340aea0e3223e02d9974dae9bf93be5ac8e531c7a8243fe5a88,1789653595032,1789653595039,1789653618950,23918,773,185022,CONFIRMED,
768,0xa0Ee7A142d267C1f36714E4a8F75612F20a79720,2138,0xa4a2afca2585927d6a6831b2a679a575d7b98c7fc0061f61999cde4ac95456d3,1789653595039,1789653595049,1789653618954,23915,773,185010,CONFIRMED,
769,0xBcd4042DE499D14e55001CcbB24a551F3b954096,2138,0x5d3c816107375a21c4113f077bfa945ab59ee825baad25d3c3f289e018543249,1789653595049,1789653595058,1789653618957,23908,773,185010,CONFIRMED,
770,0x71bE63f3384f5fb98995898A86B02Fb2426c5788,2138,0xc41b3512011316ec8184a36388d4622dd0f050d75974453b0ad8a8954da27b90,1789653595064,1789653595073,1789653618960,23896,773,185022,CONFIRMED,
771,0xFABB0ac9d68B0B445fB7357272Ff202C5651694a,2138,0xf3ebb88a7dbe96da779430df08908862ddd53623ac1cb61a8d5a179d2e236c6a,1789653595071,1789653595081,1789653618961,23890,773,185022,CONFIRMED,
772,0x1CBd3b2770909D4e10f157cABC84C7264073C9Ec,2138,0x29ba3170463a5211f7cfc733a59d16bf7acaede92f370e0730d7b7e2edaad420,1789653595078,1789653595088,1789653618962,23884,773,185022,CONFIRMED,
773,0xdF3e18d64BC6A983f673Ab319CCaE4f1a57C7097,2138,0x70f4877ee126caee763982777f5dd1c3274205504c8fa6c5dcf93f0caf3af6b7,1789653595095,1789653595105,1789653618963,23868,773,185022,CONFIRMED,
774,0xcd3B766CCDd6AE721141F452C550Ca635964ce71,2138,0x339a6d5d2109c6096a40397adb25d595c01be0c2d00211aa51af3437138f108e,1789653595100,1789653595109,1789653618964,23864,773,185022,CONFIRMED,
775,0x2546BcD3c84621e976D8185a91A922aE77ECEc30,2138,0xca4055afcd1affdbd614bda50f16f407622dbe0af2f905fd098bd05f08b5fa4c,1789653595109,1789653595119,1789653618965,23856,773,185010,CONFIRMED,
776,0xbDA5747bFD65F08deb54cb465eB87D40e51B197E,2138,0x20c590a09d1fb63c2e4ae48746ba51d53f34d5186684d9f800cdde5b7fcff51f,1789653595120,1789653595130,1789653618968,23848,773,185022,CONFIRMED,
777,0xdD2FD4581271e230360230F9337D5c0430Bf44C0,2138,0xd8ebdf2273eb0a77d28941b1cca42435a76abaf219ba3d592ea48f064ddff226,1789653595130,1789653595139,1789653618970,23840,773,185022,CONFIRMED,
778,0x8626f6940E2eb28930eFb4CeF49B2d1F2C9C1199,2138,0xeee2169a92911b108e2ed306ea2501bdee66ecd12c46c542d8138dc5fdbc9b60,1789653595139,1789653595150,1789653618973,23834,773,185022,CONFIRMED,
779,0x09DB0a93B389bEF724429898f539AEB7ac2Dd55f,2138,0x56471f664897a5c85cb59247556fde2b26aba51ab43f17720db9737bbb7a8de4,1789653595150,1789653595159,1789653618976,23826,773,185022,CONFIRMED,
780,0x70997970C51812dc3A010C7d01b50e0d17dc79C8,2139,0x343fd16d440bc7f08b19c61be8ca296cc8308bbf0ba3df50e5a98342020a8365,1789653595159,1789653595170,1789653618978,23819,773,185010,CONFIRMED,
781,0x3C44CdDdB6a900fa2b585dd299e03d12FA4293BC,2139,0x22252060989cec499001f3bc91dc269a8aeda43b49919e64496d4d8cb4c172c3,1789653595170,1789653595924,1789653618979,23809,774,185010,CONFIRMED,
782,0x90F79bf6EB2c4f870365E785982E1f101E93b906,2139,0x37776d2b2d63d633cf847c75cac6816230bbd98b9a8338168951d8a19cb7f7bf,1789653595189,1789653595934,1789653618980,23791,774,185022,CONFIRMED,
783,0x15d34AAf54267DB7D7c367839AAf71A00a2C6A65,2139,0x57ba0e9e86cef5644843b02845c9dc6df1779152cb5d1ae1905d43ced4d9f290,1789653595189,1789653595935,1789653618981,23792,774,185022,CONFIRMED,
784,0x9965507D1a55bcC2695C58ba16FB37d819B0A4dc,2139,0x155b2ccf8709a4af3475ff0796e77e877bad888a8e32a9364be942f76c744874,1789653595214,1789653595936,1789653618982,23768,774,185010,CONFIRMED,
785,0x976EA74026E726554dB657fA54763abd0C3a0aa9,2139,0xac6743c646f0d337746be10839d74fc2e6f9820b57938a0a3deffffbe9ab4de2,1789653595214,1789653595937,1789653618983,23769,774,185022,CONFIRMED,
786,0x14dC79964da2C08b23698B3D3cc7Ca32193d9955,2139,0x3c4a348e15717f827cef5a03e772aa338684448e2959facd6dbb119b27d15617,1789653595230,1789653595938,1789653618984,23754,774,185022,CONFIRMED,
787,0x23618e81E3f5cdF7f54C3d65f7FBc0aBf5B21E8f,2139,0x05ebb13236fc494ceeac03f0aebbbd2d0de6f76e1ebe55697d2be3af5475de70,1789653595230,1789653595939,1789653618985,23755,774,185022,CONFIRMED,
788,0xa0Ee7A142d267C1f36714E4a8F75612F20a79720,2139,0x50f8c51e26a11ddb591014afc751d8fd6240ba0f3cf16e44dccabf4e14df29d0,1789653595246,1789653595940,1789653618986,23740,774,185010,CONFIRMED,
789,0xBcd4042DE499D14e55001CcbB24a551F3b954096,2139,0x7b96e1c50c6a07221415d7eb7fe96eb2f62b23c289e6e4f2478b59d476680273,1789653595262,1789653595941,1789653618987,23725,774,185010,CONFIRMED,
790,0x71bE63f3384f5fb98995898A86B02Fb2426c5788,2139,0x63a7735bf5399ab8375e39c1f52c3951b3ab0c5c21699f99c6604e5b190b135a,1789653595262,1789653595942,1789653618989,23727,774,185022,CONFIRMED,
791,0xFABB0ac9d68B0B445fB7357272Ff202C5651694a,2139,0xdf7478ed2d865450b19b2040fa75a4165d4a1af9ba0552ff968346af49d767e4,1789653595279,1789653595942,1789653618990,23711,774,185022,CONFIRMED,
792,0x1CBd3b2770909D4e10f157cABC84C7264073C9Ec,2139,0x96b9cdc3d1b06de3ff2f9f065f5a5005a3f53ab3d23b7c49a44d0df4d0ce4be0,1789653595279,1789653595944,1789653618991,23712,774,185022,CONFIRMED,
793,0xdF3e18d64BC6A983f673Ab319CCaE4f1a57C7097,2139,0x388785a103cd5e9c1fcb7ffac88ba0b104b3b627a40431e196668e63ffeb793a,1789653595291,1789653595946,1789653618992,23701,774,185022,CONFIRMED,
794,0xcd3B766CCDd6AE721141F452C550Ca635964ce71,2139,0x829c5a43787985469827a10ee37f265dc88d33046995692d9ad7433369ab44d5,1789653595303,1789653595947,1789653618993,23690,774,185010,CONFIRMED,
795,0x2546BcD3c84621e976D8185a91A922aE77ECEc30,2139,0x892a185c817196acb0f1468cc709fbe3e82b33d2c43919afa092b1c35cb9dc46,1789653595318,1789653595948,1789653618994,23676,774,185022,CONFIRMED,
796,0xbDA5747bFD65F08deb54cb465eB87D40e51B197E,2139,0xf50d62165a583f8ed7bfc5c5e2b0b12e98def4156faa54ec3219784d067c9f5f,1789653595321,1789653595949,1789653618995,23674,774,185022,CONFIRMED,
797,0xdD2FD4581271e230360230F9337D5c0430Bf44C0,2139,0x05018a1b27a7ae110cb3be65590bf4790c0b1938c1cc1f9abe9a7dfbd64e1992,1789653595334,1789653595950,1789653618996,23662,774,185022,CONFIRMED,
798,0x8626f6940E2eb28930eFb4CeF49B2d1F2C9C1199,2139,0x86cc96fc72ed867f64df76dec957681e4e53f69ad83f9e42f4f47c4c97a3edd7,1789653595349,1789653595951,1789653618997,23648,774,185022,CONFIRMED,
799,0x09DB0a93B389bEF724429898f539AEB7ac2Dd55f,2139,0x253cae78e3d578d6aaee8739343215c283eaf90ab824a1dcdcbd8c78317c1805,1789653595349,1789653595952,1789653619000,23651,774,185022,CONFIRMED,
800,0x70997970C51812dc3A010C7d01b50e0d17dc79C8,2140,0x3dabda024a7a55bd8745eb943d6e349e34b51f68437ff4747d5daff885488aab,1789653595365,1789653595953,1789653619002,23637,774,184998,CONFIRMED,
801,0x3C44CdDdB6a900fa2b585dd299e03d12FA4293BC,2140,0x92ec8a1dbedd7885a138f313d932bc85a52f36f23324d876db6043a1a1e1feac,1789653595369,1789653595958,1789653619004,23635,774,184998,CONFIRMED,
802,0x90F79bf6EB2c4f870365E785982E1f101E93b906,2140,0xc28bf03abee31f4b8370fe0b57ff111bb72e98a19b0e948da0c9052bd86471ff,1789653595381,1789653595964,1789653619009,23628,774,185022,CONFIRMED,
803,0x15d34AAf54267DB7D7c367839AAf71A00a2C6A65,2140,0xa39f80e53abb4164a8eb9060b2a3b4fa671eef866bf7d7cad11e9bd7c418ec14,1789653595392,1789653595965,1789653619011,23619,774,185022,CONFIRMED,
804,0x9965507D1a55bcC2695C58ba16FB37d819B0A4dc,2140,0x8e41fb37ef613e415d32bc93967df5d8f0ec2d8c11179f8d04ade26c951cb6b5,1789653595409,1789653595966,1789653619012,23603,774,185010,CONFIRMED,
805,0x976EA74026E726554dB657fA54763abd0C3a0aa9,2140,0xf7306fcbbee0b4c0c92ef2c67d965e11bca01886cbe70fe37610df9c4b519c90,1789653595409,1789653595967,1789653619014,23605,774,185010,CONFIRMED,
806,0x14dC79964da2C08b23698B3D3cc7Ca32193d9955,2140,0xcc8e12c3bc993f3d44dec222ccc232609255a1c659fce2cb7fb8e31a435bd12e,1789653595425,1789653595968,1789653619015,23590,774,185022,CONFIRMED,
807,0x23618e81E3f5cdF7f54C3d65f7FBc0aBf5B21E8f,2140,0x24e479922aa3152d13ac6e266737923d2171f5954392af381484eab6d0040d98,1789653595441,1789653595969,1789653619017,23576,774,185022,CONFIRMED,
808,0xa0Ee7A142d267C1f36714E4a8F75612F20a79720,2140,0xe374c6056e2976ca13b073697be08b7ca71c34bd74bbf0c937f38e1bf7997ac9,1789653595441,1789653595970,1789653619019,23578,774,184998,CONFIRMED,
809,0xBcd4042DE499D14e55001CcbB24a551F3b954096,2140,0x81241c192423f80c7db595d081fb72478882bd2a479d79ed751d2ab732e7ee08,1789653595449,1789653595970,1789653619022,23573,774,185010,CONFIRMED,
810,0x71bE63f3384f5fb98995898A86B02Fb2426c5788,2140,0xed45a0347bae366f0d6d9efa70d554aa710d05e8acc463f05993d33570c55708,1789653595465,1789653595971,1789653619024,23559,774,185022,CONFIRMED,
811,0xFABB0ac9d68B0B445fB7357272Ff202C5651694a,2140,0xd7aa89f026ad7e0696016cad407aa2cae27dedf2eeb5f985612477a1f8d179b3,1789653595481,1789653595972,1789653619025,23544,774,185022,CONFIRMED,
812,0x1CBd3b2770909D4e10f157cABC84C7264073C9Ec,2140,0x6e059e02f59897308e65b999706becd3e95447c9dd8dc22c5e0db9e560a6c0b9,1789653595481,1789653595973,1789653619026,23545,774,185010,CONFIRMED,
813,0xdF3e18d64BC6A983f673Ab319CCaE4f1a57C7097,2140,0x14a5754808c864aa29d06ced3b3564f2bc3d00863e6084f20d1748ea1bb2fa3b,1789653595497,1789653595974,1789653619027,23530,774,185022,CONFIRMED,
814,0xcd3B766CCDd6AE721141F452C550Ca635964ce71,2140,0xc2942863af2bbe7fddabb10d22eb865f87d5c17e155fdd32a0be6e126290e5b9,1789653595513,1789653595974,1789653619028,23515,774,185010,CONFIRMED,
815,0x2546BcD3c84621e976D8185a91A922aE77ECEc30,2140,0x918ffffa7aa4aa29d5b9c480118813b3610254eed7c4f261d61a517f5085008d,1789653595513,1789653595975,1789653619028,23515,774,185010,CONFIRMED,
816,0xbDA5747bFD65F08deb54cb465eB87D40e51B197E,2140,0xf832e0ca706457fcf0b3a501fcc82f0ec4c6b79a30b87ce53b5307f46a346799,1789653595529,1789653595976,1789653619029,23500,774,185022,CONFIRMED,
817,0xdD2FD4581271e230360230F9337D5c0430Bf44C0,2140,0x3fba48a1b87259655d9c7356b7a79b5c0bbcad49bf549dafbfc7fb042ba5a87f,1789653595529,1789653595978,1789653619030,23501,774,185022,CONFIRMED,
818,0x8626f6940E2eb28930eFb4CeF49B2d1F2C9C1199,2140,0xc2e88dfe17fe2ac70e5dc74fb628cd6584d791af368b41784da01ee1105ff724,1789653595545,1789653595979,1789653619031,23486,774,185022,CONFIRMED,
819,0x09DB0a93B389bEF724429898f539AEB7ac2Dd55f,2140,0xf0e5fbb1da882f97b020d9c15a154f6594861d993e9c807408e396ff702ab92c,1789653595560,1789653595980,1789653619032,23472,774,185022,CONFIRMED,
820,0x70997970C51812dc3A010C7d01b50e0d17dc79C8,2141,0x9dd90a66748c5045a82ad6e333dc43b168382be1263b003c50f3d76dc6747737,1789653595561,1789653595981,1789653619032,23471,774,185010,CONFIRMED,
821,0x3C44CdDdB6a900fa2b585dd299e03d12FA4293BC,2141,0xd8c772c818345326748ca8da3ff912fb67e18a87f66ff8f1b191c3e3df473f9c,1789653595577,1789653595988,1789653619033,23456,774,185010,CONFIRMED,
822,0x90F79bf6EB2c4f870365E785982E1f101E93b906,2141,0x70b6dbe3e46f868f56ffe42ce913508349486f474584aa38582910848af3d202,1789653595592,1789653595991,1789653619034,23442,774,185022,CONFIRMED,
823,0x15d34AAf54267DB7D7c367839AAf71A00a2C6A65,2141,0x9096576d3cdfabe90a9fce2395ed5635e2ef8ec0e9610b0cd1983c55d2729aec,1789653595592,1789653595992,1789653619035,23443,774,185022,CONFIRMED,
824,0x9965507D1a55bcC2695C58ba16FB37d819B0A4dc,2141,0x2792ed0e3931cafa61149a9ef9a6453605a7fca25f38b5e0142d1e8d1f204498,1789653595609,1789653595994,1789653619036,23427,774,185022,CONFIRMED,
825,0x976EA74026E726554dB657fA54763abd0C3a0aa9,2141,0xa0bbf79d84428ba3a037fdd398b134d7283a35a512205216e10ba134b5d8ffe5,1789653595609,1789653595995,1789653619036,23427,774,185022,CONFIRMED,
826,0x14dC79964da2C08b23698B3D3cc7Ca32193d9955,2141,0x4020ea927b05b00d9ec12f19b753b77989a51acc03b84bec245d120a20f86a06,1789653595624,1789653595996,1789653619037,23413,774,185022,CONFIRMED,
827,0x23618e81E3f5cdF7f54C3d65f7FBc0aBf5B21E8f,2141,0x19f35897502144cc671b9a7c4e37a309ba08ed0895c5cb85ca59f24b037b059c,1789653595640,1789653595997,1789653619038,23398,774,185022,CONFIRMED,
828,0xa0Ee7A142d267C1f36714E4a8F75612F20a79720,2141,0xa06c9ce76c2aebae07e10b0856a48a96f8998919fdeea1b1451036307245903f,1789653595640,1789653595998,1789653619040,23400,774,185010,CONFIRMED,
829,0xBcd4042DE499D14e55001CcbB24a551F3b954096,2141,0xd8dc896ebf4d62993773964ad2ebecf961af3048acf2ecb346d43ddac7e0d987,1789653595656,1789653595999,1789653619041,23385,774,185010,CONFIRMED,
830,0x71bE63f3384f5fb98995898A86B02Fb2426c5788,2141,0x4a5b64e0ceb653ea923b919c79cb2ffcb1ac5d8e4fae14f1aeec2170bbdf3bc7,1789653595672,1789653596000,1789653619041,23369,774,185022,CONFIRMED,
831,0xFABB0ac9d68B0B445fB7357272Ff202C5651694a,2141,0xb15b8eb8d2d6892fa9598013cae85a4e52f2dfb9aa4003c9efb89a0bb8c7ff80,1789653595672,1789653596001,1789653619042,23370,774,185022,CONFIRMED,
832,0x1CBd3b2770909D4e10f157cABC84C7264073C9Ec,2141,0x00142d177c6aff23f216ed71676222fe79ab3f73c17b7054ec39f05d8966804d,1789653595681,1789653596002,1789653619043,23362,774,185022,CONFIRMED,
833,0xdF3e18d64BC6A983f673Ab319CCaE4f1a57C7097,2141,0x365950f6ae153092ce6d23325ea1f85a1163e420c3ad4ce6845b20c89caf834d,1789653595694,1789653596003,1789653619044,23350,774,185022,CONFIRMED,
834,0xcd3B766CCDd6AE721141F452C550Ca635964ce71,2141,0xe5d72c3b01715af16db2349768f050dbeca823856bdfaffb7ef51a695f2492cf,1789653595710,1789653596004,1789653619045,23335,774,185010,CONFIRMED,
835,0x2546BcD3c84621e976D8185a91A922aE77ECEc30,2141,0x407dd0072e952c7d6ea3a9fea4accae35e14a8df35dac8040f7487f1eb773b2e,1789653595710,1789653596005,1789653619046,23336,774,185010,CONFIRMED,
836,0xbDA5747bFD65F08deb54cb465eB87D40e51B197E,2141,0x0fe57925fcb2e5be075b6b6b5c84284b3e861b1145bd1633934c8f339968fd65,1789653595725,1789653596006,1789653619047,23322,774,185022,CONFIRMED,
837,0xdD2FD4581271e230360230F9337D5c0430Bf44C0,2141,0x032c5371bdc3a5af93889dd47c7053a5e02112b76674201a2d6d2022a959078d,1789653595741,1789653596007,1789653619047,23306,774,185010,CONFIRMED,
838,0x8626f6940E2eb28930eFb4CeF49B2d1F2C9C1199,2141,0xfb6669bf93f4405e25a3ab891232c853bcef2440dff3175b86f9f1e29091aef4,1789653595741,1789653596009,1789653619048,23307,774,185022,CONFIRMED,
839,0x09DB0a93B389bEF724429898f539AEB7ac2Dd55f,2141,0x110e398254973da6ff0f6528cd76134f1699d8a1ba79a1689684ffa76f0dade2,1789653595757,1789653596010,1789653619049,23292,774,185022,CONFIRMED,
840,0x70997970C51812dc3A010C7d01b50e0d17dc79C8,2142,0xb820c2732a56eb314fc716870ff3c840a6bb6f0c684caa31c798518f49a98a08,1789653595765,1789653596011,1789653619050,23285,774,185010,CONFIRMED,
841,0x3C44CdDdB6a900fa2b585dd299e03d12FA4293BC,2142,0xcd2e634a85ff4b72d474e0180047452cfc8b8fae3b6105dfe7bd356c6588a662,1789653595777,1789653596018,1789653619050,23273,774,185010,CONFIRMED,
842,0x90F79bf6EB2c4f870365E785982E1f101E93b906,2142,0xaa40818392f2ba6cc67d87d26c26e295728042b7cfe4c7e564fb8a98ea78ecf1,1789653595795,1789653596023,1789653619052,23257,774,185010,CONFIRMED,
843,0x15d34AAf54267DB7D7c367839AAf71A00a2C6A65,2142,0x334cb8dcd2ac4797847c051d5bf23901813359dea24c6efde45804fb4bfce1f7,1789653595795,1789653596024,1789653619052,23257,774,185022,CONFIRMED,
844,0x9965507D1a55bcC2695C58ba16FB37d819B0A4dc,2142,0xdac41fd74bfe03ce28692170fac87ff784bae318c5ff3ff0e520001de473b053,1789653595808,1789653596026,1789653619053,23245,774,185022,CONFIRMED,
845,0x976EA74026E726554dB657fA54763abd0C3a0aa9,2142,0xe4525666ffeea0eb05c3f9d8489510fc265b1f099bf95307cac8beb6169af0c4,1789653595824,1789653596027,1789653619054,23230,774,185022,CONFIRMED,
846,0x14dC79964da2C08b23698B3D3cc7Ca32193d9955,2142,0x0c764bcf32d6a07a4be74dca59c76cd685094557e385a66be697baf8c0721fa0,1789653595825,1789653596029,1789653619054,23229,774,185010,CONFIRMED,
847,0x23618e81E3f5cdF7f54C3d65f7FBc0aBf5B21E8f,2142,0x59612191b65908f2b9f854d0980e9758a5b604b67b7567f0b128dcd536c9881b,1789653595841,1789653596030,1789653619055,23214,774,185022,CONFIRMED,
848,0xa0Ee7A142d267C1f36714E4a8F75612F20a79720,2142,0xa17d30dfb1e7d45033388cbaa9591ad8d727b5b61f9b1558e926d365c47212db,1789653595841,1789653596031,1789653619056,23215,774,184986,CONFIRMED,
849,0xBcd4042DE499D14e55001CcbB24a551F3b954096,2142,0xc9a28814e503c11be18840ed49fa946b0db5117e0ecb73a02593c24acfe9b19c,1789653595856,1789653596031,1789653619057,23201,774,184998,CONFIRMED,
850,0x71bE63f3384f5fb98995898A86B02Fb2426c5788,2142,0x58a6971cab892aa1ffe099309027f0eb97401fe7921dd3f1ad5b4c9b9e89d103,1789653595872,1789653596031,1789653619058,23186,774,185022,CONFIRMED,
851,0xFABB0ac9d68B0B445fB7357272Ff202C5651694a,2142,0x91486d47522e62a57fe53418b8751055452c0b56ea2e73bde3086710f2e476ef,1789653595872,1789653596031,1789653619059,23187,774,185022,CONFIRMED,
852,0x1CBd3b2770909D4e10f157cABC84C7264073C9Ec,2142,0xc88df57d056da29af525d199e393eb5d50173044c8e1ade684cde5b09f4ebd4a,1789653595888,1789653596031,1789653619059,23171,774,185022,CONFIRMED,
853,0xdF3e18d64BC6A983f673Ab319CCaE4f1a57C7097,2142,0x5212c0fa5ec0185bab63df5065326a6c42cb400bd41d85e4fb2806d56b5f118a,1789653595904,1789653596033,1789653619060,23156,774,185022,CONFIRMED,
854,0xcd3B766CCDd6AE721141F452C550Ca635964ce71,2142,0x1a0bb2f096378b43fa67530abd9de51a8d9729566dd0b2da39f5c91f261723f7,1789653595904,1789653596033,1789653619061,23157,774,185022,CONFIRMED,
855,0x2546BcD3c84621e976D8185a91A922aE77ECEc30,2142,0x02cf7bbc94cea87a2fcc6c4edba8a0c025d06991b78360b80330ce9b0d8ef4d5,1789653595918,1789653596033,1789653619061,23143,774,185010,CONFIRMED,
856,0xbDA5747bFD65F08deb54cb465eB87D40e51B197E,2142,0xbea7aed1e417d5818824fd1ceb215ad1df96a960f40a57f3d2898d7cc743e181,1789653595919,1789653596034,1789653619062,23143,774,185010,CONFIRMED,
857,0xdD2FD4581271e230360230F9337D5c0430Bf44C0,2142,0x9d6554018f9c7e3b161ca52ad3ab3da148b24ee517a9068b64eae275fd1ff533,1789653595929,1789653596034,1789653619063,23134,774,185022,CONFIRMED,
858,0x8626f6940E2eb28930eFb4CeF49B2d1F2C9C1199,2142,0xea434241ca74a1a8591a335f726bcf40e5d7d697cb0433dd86ce0a92c0de3181,1789653595954,1789653596035,1789653619063,23109,774,185010,CONFIRMED,
859,0x09DB0a93B389bEF724429898f539AEB7ac2Dd55f,2142,0xb75469ee12fae2b8453f4de721abe428ab9d59bb7877bb19bc0c5e91831dedb5,1789653595954,1789653596036,1789653619064,23110,774,185010,CONFIRMED,
860,0x70997970C51812dc3A010C7d01b50e0d17dc79C8,2143,0x233f7d494d25e8252328d4d6a53304d9e9245e77685ad1f29c5fdf7bef891d70,1789653595961,1789653596036,1789653619065,23104,774,184998,CONFIRMED,
861,0x3C44CdDdB6a900fa2b585dd299e03d12FA4293BC,2143,0xee52531ea0f9330b5a68af0fa7ffa683407cda8d149cadf93bff9c44678f98db,1789653595979,1789653596041,1789653619065,23086,774,184998,CONFIRMED,
862,0x90F79bf6EB2c4f870365E785982E1f101E93b906,2143,0xa858b6327c56c0ab633713eea0fc6780fdb7361a46e77d6e4fa5411ff419a232,1789653595979,1789653596045,1789653619066,23087,774,185022,CONFIRMED,
863,0x15d34AAf54267DB7D7c367839AAf71A00a2C6A65,2143,0x36f8cc78756889a22c194918bd0e9ca5b014e04f63488105c80f5a3edfb6e800,1789653595990,1789653596046,1789653619066,23076,774,185022,CONFIRMED,
864,0x9965507D1a55bcC2695C58ba16FB37d819B0A4dc,2143,0x0cc6174a59ef4e8d0bb10176eca9b1af94de7a00be430e8861ad67a179e4b555,1789653596003,1789653596046,1789653619067,23064,774,184998,CONFIRMED,
865,0x976EA74026E726554dB657fA54763abd0C3a0aa9,2143,0x23351df4fcad41e272fc837fe7065eb315f8f88ae3915dd4e6b573710f1e7ee1,1789653596015,1789653596047,1789653619067,23052,774,185010,CONFIRMED,
866,0x14dC79964da2C08b23698B3D3cc7Ca32193d9955,2143,0xfd89515d2dc5a26b54805e3eb9a4281f8f7fa3def05147e08e8e6ca945ab8fe9,1789653596020,1789653596047,1789653619068,23048,774,185010,CONFIRMED,
867,0x23618e81E3f5cdF7f54C3d65f7FBc0aBf5B21E8f,2143,0xfd33277e7c72ac286a30a03f181f0335d133fb03607077fff0f4ad895271a330,1789653596031,1789653596048,1789653619069,23038,774,184998,CONFIRMED,
868,0xa0Ee7A142d267C1f36714E4a8F75612F20a79720,2143,0x6f8da1ab048d10cee38b33a7eadd9ec3a8043f70fb40f92cc270cf4721b73cb1,1789653596039,1789653596050,1789653619069,23030,774,185010,CONFIRMED,
869,0xBcd4042DE499D14e55001CcbB24a551F3b954096,2143,0x521d31da989b8855994b29f03d1faf4f99464856b4bc8fbd4ab0b43b69071027,1789653596048,1789653596055,1789653619070,23022,774,185010,CONFIRMED,
870,0x71bE63f3384f5fb98995898A86B02Fb2426c5788,2143,0x291f612dbbad24851d656707550ced7a2d89face87b624e3964348343f467118,1789653596063,1789653596070,1789653619070,23007,774,185022,CONFIRMED,
871,0xFABB0ac9d68B0B445fB7357272Ff202C5651694a,2143,0xe94e1b23e830438aae6c1d100e62e742b0cb9e3a0765439b0b079300e6dc7183,1789653596069,1789653596076,1789653619071,23002,774,185022,CONFIRMED,
872,0x1CBd3b2770909D4e10f157cABC84C7264073C9Ec,2143,0x0d6e8b801397ecf9887538216c3b9455144205ee3614d86ad9d4eedaff47c4c0,1789653596094,1789653596115,1789653619072,22978,774,185022,CONFIRMED,
873,0xdF3e18d64BC6A983f673Ab319CCaE4f1a57C7097,2143,0xf1043e22d2e50eec266f92d199b482bf9d4e9871f66b824d25dcbe0123f8129d,1789653596094,1789653596116,1789653619073,22979,774,185022,CONFIRMED,
874,0xcd3B766CCDd6AE721141F452C550Ca635964ce71,2143,0x966574926f8dc6d0ad7d9fa5e2381ac4aeeb6c7b42e37be957bc7df2863503e3,1789653596099,1789653596117,1789653619074,22975,774,185022,CONFIRMED,
875,0x2546BcD3c84621e976D8185a91A922aE77ECEc30,2143,0xc74c1251feab450adcb3732cefcdf8d6ebab3b8e37a89226cbf292b99996b6b0,1789653596111,1789653596128,1789653619075,22964,774,185022,CONFIRMED,
876,0xbDA5747bFD65F08deb54cb465eB87D40e51B197E,2143,0xc6bad279b46bc5f03b0647b6bca2ed74b09cfbb8e9189e24a614c0440d14eb3e,1789653596122,1789653596137,1789653619075,22953,774,185010,CONFIRMED,
877,0xdD2FD4581271e230360230F9337D5c0430Bf44C0,2143,0x588d35c552b2138c4ffbae35650b6805019e70192c4f4b65a4c77e83d8077ffa,1789653596131,1789653596146,1789653619076,22945,774,184998,CONFIRMED,
878,0x8626f6940E2eb28930eFb4CeF49B2d1F2C9C1199,2143,0xbfc74916f1a2525a87970431ef9c80b4dcac41f81917dfd81f8809133d9f9018,1789653596140,1789653596155,1789653619076,22936,774,185022,CONFIRMED,
879,0x09DB0a93B389bEF724429898f539AEB7ac2Dd55f,2143,0xd17250e288536b33fff58da29cfb33e249f382128555e83f42da2e7a4a403fa7,1789653596151,1789653596166,1789653619077,22926,774,185022,CONFIRMED,
880,0x70997970C51812dc3A010C7d01b50e0d17dc79C8,2144,0x226a6856e695c9538e50adab6e0f24dd1e144673fab33c363ec5b2aa460122eb,1789653596162,1789653596175,1789653619077,22915,774,185010,CONFIRMED,
881,0x3C44CdDdB6a900fa2b585dd299e03d12FA4293BC,2144,0xa4d3bc1115ea342d6337424ee455418d9b5bfbf57c3a35e9f06e957a86e2b285,1789653596171,1789653596186,1789653619078,22907,774,184998,CONFIRMED,
882,0x90F79bf6EB2c4f870365E785982E1f101E93b906,2144,0x7024f302e0e5f9e133b7d41a76d72c0709fbf01f7ba72d519d0c862e7b192577,1789653596182,1789653596196,1789653619079,22897,774,185010,CONFIRMED,
883,0x15d34AAf54267DB7D7c367839AAf71A00a2C6A65,2144,0xb0f65a606f93abb985c91506fe075e601f714bd087e18b9630d7dec1f175d589,1789653596191,1789653596205,1789653619080,22889,774,185022,CONFIRMED,
884,0x9965507D1a55bcC2695C58ba16FB37d819B0A4dc,2144,0xa007f7267a36852c12d34f38a50c2aa579a770abe24c47255c53840e24d7e618,1789653596198,1789653596211,1789653619080,22882,774,185022,CONFIRMED,
885,0x976EA74026E726554dB657fA54763abd0C3a0aa9,2144,0x8ff42126ab04c9e6693a9b04038c4aff656b28cab26804d9e14314e83b1dc1df,1789653596212,1789653596225,1789653619081,22869,774,185022,CONFIRMED,
886,0x14dC79964da2C08b23698B3D3cc7Ca32193d9955,2144,0x5956376e656d896fbb8df217dc30f82c6a245a6d1995c195c2fd46f992d3dc42,1789653596222,1789653596236,1789653619081,22859,774,185022,CONFIRMED,
887,0x23618e81E3f5cdF7f54C3d65f7FBc0aBf5B21E8f,2144,0x873ab3afa6671a53635d72f95588149fa6adca05d98a37066172db1f498fc4d9,1789653596230,1789653596242,1789653619082,22852,774,185022,CONFIRMED,
888,0xa0Ee7A142d267C1f36714E4a8F75612F20a79720,2144,0xdb0a5635b415ac62f9ab61ce8100278b7e8e4a081ecc2ad2f5ea9ea7ec89f991,1789653596239,1789653596254,1789653619082,22843,774,185010,CONFIRMED,
889,0xBcd4042DE499D14e55001CcbB24a551F3b954096,2144,0x55b7a120bac8e0b9904da2155baf08bbc944a32c0a1989eb689a06766a91c382,1789653596250,1789653596265,1789653619083,22833,774,184998,CONFIRMED,
890,0x71bE63f3384f5fb98995898A86B02Fb2426c5788,2144,0xdca95084f7360cf70c09d8c8e2af56da01a5d6d753ba042e38c0fc68c6479e46,1789653596260,1789653596276,1789653619084,22824,774,185010,CONFIRMED,
891,0xFABB0ac9d68B0B445fB7357272Ff202C5651694a,2144,0x9278cc5c576db1cd511549a0c37bdc13193858dc0d64cb1035891f276d03d974,1789653596271,1789653596288,1789653619084,22813,774,185010,CONFIRMED,
892,0x1CBd3b2770909D4e10f157cABC84C7264073C9Ec,2144,0x7d79a4e05ff8aedcfa9327732fd48284c77493d156e64488af600ac4711a977c,1789653596280,1789653596296,1789653619085,22805,774,185022,CONFIRMED,
893,0xdF3e18d64BC6A983f673Ab319CCaE4f1a57C7097,2144,0x01e6c9c1192be0cba7ce1029f950ee356acd1636ea2596bbc3880263addb9262,1789653596291,1789653596305,1789653619085,22794,774,185022,CONFIRMED,
894,0xcd3B766CCDd6AE721141F452C550Ca635964ce71,2144,0xb56cd61f24e318b2328b90833b923ef3f43f51247637ab432e6baf81c1e29c7a,1789653596302,1789653596316,1789653619086,22784,774,185010,CONFIRMED,
895,0x2546BcD3c84621e976D8185a91A922aE77ECEc30,2144,0xfcdde2dcbb79da802e3c476a71bd66cbb181a9178bcf11b3d28cc1db63bd00b4,1789653596313,1789653596325,1789653619087,22774,774,184998,CONFIRMED,
896,0xbDA5747bFD65F08deb54cb465eB87D40e51B197E,2144,0x9c0476272730b2dd0d308f33f6ee6d1369b2b8ef9d2edf208708a37ad6deb410,1789653596322,1789653596336,1789653619087,22765,774,185022,CONFIRMED,
897,0xdD2FD4581271e230360230F9337D5c0430Bf44C0,2144,0xfa4de77915f5d678a62c2e86113f3c9eb824a88c0259b0fcfd5374f85acf5a06,1789653596329,1789653596343,1789653619088,22759,774,185022,CONFIRMED,
898,0x8626f6940E2eb28930eFb4CeF49B2d1F2C9C1199,2144,0x5d388080e38b9ad4554c898401967503ba0c04fa0e86fdb2193d5865182234d8,1789653596339,1789653596354,1789653619089,22750,774,185010,CONFIRMED,
899,0x09DB0a93B389bEF724429898f539AEB7ac2Dd55f,2144,0x643086e86221921891c753eae384b59870360a233e9a1ca9fd8bb3fbe63de06e,1789653596350,1789653596365,1789653619090,22740,774,185022,CONFIRMED,
900,0x70997970C51812dc3A010C7d01b50e0d17dc79C8,2145,0x4149a0fc362b6cc4c53cd2b9e6ce6634687e8dc28c1486a08fa5a6b8c187840c,1789653596360,1789653596376,1789653619091,22731,774,185010,CONFIRMED,
901,0x3C44CdDdB6a900fa2b585dd299e03d12FA4293BC,2145,0xf261d3137e10d0a3572e07fc4cfae43cc9cbcf2e7548745f21d10070ab51629d,1789653596371,1789653596387,1789653619091,22720,774,185010,CONFIRMED,
902,0x90F79bf6EB2c4f870365E785982E1f101E93b906,2145,0x1868790cdfe3b48fc97597b7730a56f29e5546f49177f5d3fdb1e50bf331bc16,1789653596380,1789653596395,1789653619092,22712,774,185010,CONFIRMED,
903,0x15d34AAf54267DB7D7c367839AAf71A00a2C6A65,2145,0x70989315772473e80f25dd35b47e781b939e3cc2e82559ef0b94d381114fbc25,1789653596391,1789653596401,1789653619093,22702,774,185010,CONFIRMED,
904,0x9965507D1a55bcC2695C58ba16FB37d819B0A4dc,2145,0x811e2b01a3e404842d57d0629d1dcc5bdb47070a4dad98f80e88d11a571e31a6,1789653596399,1789653596406,1789653619093,22694,774,185022,CONFIRMED,
905,0x976EA74026E726554dB657fA54763abd0C3a0aa9,2145,0x5f5005950bc50a2d53da2fc89e4d2eb5d96c7bd2cdce7e53e9330b8392f6ae5a,1789653596412,1789653596420,1789653619094,22682,774,185022,CONFIRMED,
906,0x14dC79964da2C08b23698B3D3cc7Ca32193d9955,2145,0x8ebb2473bcac2bfd6c44b40a51b5512a6eae5bf774bb6d3c3e05836b1f93c969,1789653596420,1789653596430,1789653619094,22674,774,185010,CONFIRMED,
907,0x23618e81E3f5cdF7f54C3d65f7FBc0aBf5B21E8f,2145,0x610649178dbbe3d93d5b934cc1687438faed0b17c19198f01ceae8faff8d2a45,1789653596430,1789653596438,1789653619095,22665,774,185022,CONFIRMED,
908,0xa0Ee7A142d267C1f36714E4a8F75612F20a79720,2145,0x80fc66fbe7fb025f1da0081e654be3c709ac78133d40c53909b97d1ea75f98a0,1789653596444,1789653596453,1789653619095,22651,774,185010,CONFIRMED,
909,0xBcd4042DE499D14e55001CcbB24a551F3b954096,2145,0x08e35104dd0f1c366fc73e3757ab465682865c3665cbd01240bee20a68b3d078,1789653596451,1789653596459,1789653619096,22645,774,185010,CONFIRMED,
910,0x71bE63f3384f5fb98995898A86B02Fb2426c5788,2145,0x418373dcc7e3c480bc4c382a6a20e4e4222f8365e259212463bf63e9c8d6b02b,1789653596459,1789653596469,1789653619097,22638,774,185022,CONFIRMED,
911,0xFABB0ac9d68B0B445fB7357272Ff202C5651694a,2145,0xec8649c3c5bc596aeecc9687f7f763e9bbad2c8a983b5f2f452f358e9495acc1,1789653596469,1789653596480,1789653619098,22629,774,185022,CONFIRMED,
912,0x1CBd3b2770909D4e10f157cABC84C7264073C9Ec,2145,0x8e89abec8cf0d252e26bc1a2b02f7d6b8aef44c863171307da4f96fd1cfae21b,1789653596480,1789653596489,1789653619098,22618,774,185022,CONFIRMED,
913,0xdF3e18d64BC6A983f673Ab319CCaE4f1a57C7097,2145,0x09b7af4e96628c9e5961f55a3f04671f61a5065f411f65098071c77ea70a5af7,1789653596489,1789653596498,1789653619099,22610,774,185022,CONFIRMED,
914,0xcd3B766CCDd6AE721141F452C550Ca635964ce71,2145,0x87d18404a824099132c177b78fca061dba144467f29c853710dba6654584d2c1,1789653596499,1789653596506,1789653619100,22601,774,185022,CONFIRMED,
915,0x2546BcD3c84621e976D8185a91A922aE77ECEc30,2145,0xefd6f82ef1a5895e5e32a0bc3e6437b3ef8548f203a5570f6b9387404f7fdcb5,1789653596522,1789653596534,1789653619100,22578,774,185022,CONFIRMED,
916,0xbDA5747bFD65F08deb54cb465eB87D40e51B197E,2145,0x9d6b7bdb2b64a074ca7754258884e7d4d9b496bd40723f9c15022176ea8eeb34,1789653596522,1789653596534,1789653619101,22579,774,185022,CONFIRMED,
917,0xdD2FD4581271e230360230F9337D5c0430Bf44C0,2145,0x419b81b65d3a148b3a41658b7e5de9126d659a2fcaedbf686223aed17776391e,1789653596529,1789653596538,1789653619101,22572,774,185010,CONFIRMED,
918,0x8626f6940E2eb28930eFb4CeF49B2d1F2C9C1199,2145,0x4985e105a47dcc7898a8980ba3f76c8838d272deb71b8044d8531264c3464a98,1789653596542,1789653596557,1789653619102,22560,774,185022,CONFIRMED,
919,0x09DB0a93B389bEF724429898f539AEB7ac2Dd55f,2145,0xc293d86595e6905059703a8f857f824b6583df0e36548ffd3f8e1d64c2bc27e2,1789653596550,1789653596566,1789653619103,22553,774,185022,CONFIRMED,
920,0x70997970C51812dc3A010C7d01b50e0d17dc79C8,2146,0xd55ce794c16800b50128895084dd4907c4ce80b415c380fe54bc64aeb484ee18,1789653596560,1789653596577,1789653619103,22543,774,185010,CONFIRMED,
921,0x3C44CdDdB6a900fa2b585dd299e03d12FA4293BC,2146,0x1de0d0bbe553f9ae25a3a2f39906fd5fa79d25b91199b4bb144b367257181cba,1789653596569,1789653596584,1789653619104,22535,774,185010,CONFIRMED,
922,0x90F79bf6EB2c4f870365E785982E1f101E93b906,2146,0x9d60889c2dc0f2127e145de1d25a60162de302ebb39585adab14200746b741d7,1789653596580,1789653596596,1789653619104,22524,774,184998,CONFIRMED,
923,0x15d34AAf54267DB7D7c367839AAf71A00a2C6A65,2146,0x1d992a2dfbca4af76b3ddc6c6c4f35b033dcbc55526de2ef6ca8838786aa262c,1789653596590,1789653596608,1789653619105,22515,774,185022,CONFIRMED,
924,0x9965507D1a55bcC2695C58ba16FB37d819B0A4dc,2146,0xef485a62688ac14adfd30e132406f179cc1e4fc202d8e76fa7888c20cded74d3,1789653596599,1789653596616,1789653619108,22509,774,185010,CONFIRMED,
925,0x976EA74026E726554dB657fA54763abd0C3a0aa9,2146,0x623969692ea4e4413754a5c62a33ef3212fcaec3128fa98338e4c4ae56e8f51d,1789653596611,1789653596626,1789653619108,22497,774,185010,CONFIRMED,
926,0x14dC79964da2C08b23698B3D3cc7Ca32193d9955,2146,0x9947849cea0b2cbb60d2951067c6dd741ebfa62ec8dd72c434579a737e4a141f,1789653596619,1789653596634,1789653619109,22490,774,185010,CONFIRMED,
927,0x23618e81E3f5cdF7f54C3d65f7FBc0aBf5B21E8f,2146,0xc3a4f6c5db6d1db74da8add8b9c178d823a6d6a070bc8c8e80e17da402881ce0,1789653596630,1789653596645,1789653619110,22480,774,185022,CONFIRMED,
928,0xa0Ee7A142d267C1f36714E4a8F75612F20a79720,2146,0x3c7ca6573f008aeeb1292749f08111f9c1499d99b5de5e239a058e078455f245,1789653596640,1789653596655,1789653619111,22471,774,185010,CONFIRMED,
929,0xBcd4042DE499D14e55001CcbB24a551F3b954096,2146,0xb3b2053769d514fd4a3f3a938c4a97c53d383f97ad7cfdcd8a4faad8958a2026,1789653596651,1789653596667,1789653619111,22460,774,185010,CONFIRMED,
930,0x71bE63f3384f5fb98995898A86B02Fb2426c5788,2146,0x068593d5632e1565cbbc90be39c94bceab9df66a7b6625aaf18bc3243a719cb3,1789653596662,1789653596677,1789653619112,22450,774,185022,CONFIRMED,
931,0xFABB0ac9d68B0B445fB7357272Ff202C5651694a,2146,0xc2ad45a15c469f8fe6ed37773056c44e8dcb3f947c02ce9595fde1ed1b382137,1789653596669,1789653596685,1789653619112,22443,774,185010,CONFIRMED,
932,0x1CBd3b2770909D4e10f157cABC84C7264073C9Ec,2146,0x862a73faee6e110644e81b90981ee3f2ca9188c555ab6e45fe3699d5d838b512,1789653596680,1789653596698,1789653619113,22433,774,185022,CONFIRMED,
933,0xdF3e18d64BC6A983f673Ab319CCaE4f1a57C7097,2146,0x7d4add4526e5114b82fc55ad2a38aaa4b9e4d970b5ab8ac286c0c23976d741bc,1789653596692,1789653596710,1789653619113,22421,774,185022,CONFIRMED,
934,0xcd3B766CCDd6AE721141F452C550Ca635964ce71,2146,0xcab793125e4ad3f396b862a9cf7fa034735af1d80ff9de4434a8412cbbb12068,1789653596700,1789653596727,1789653619114,22414,774,185022,CONFIRMED,
935,0x2546BcD3c84621e976D8185a91A922aE77ECEc30,2146,0xcae7a0b03ef0163f639a034fbda61157994df5a33c6131e48e75795550c78b39,1789653596711,1789653596739,1789653619115,22404,774,185022,CONFIRMED,
936,0xbDA5747bFD65F08deb54cb465eB87D40e51B197E,2146,0x631a35fe128fb7f925711288f8889f8b7c762c8a722b729338f9bccaba9acde0,1789653596720,1789653596757,1789653619116,22396,774,185022,CONFIRMED,
937,0xdD2FD4581271e230360230F9337D5c0430Bf44C0,2146,0x0955ab64df025c484ae823257cffa21de20608382bec9a7d5b3235f4c9d2beea,1789653596730,1789653596763,1789653619116,22386,774,185010,CONFIRMED,
938,0x8626f6940E2eb28930eFb4CeF49B2d1F2C9C1199,2146,0xe242d7166f9f08b37842e3ea591bfbebba5270b1a27421777308e0164b67748b,1789653596739,1789653596768,1789653619117,22378,774,185022,CONFIRMED,
939,0x09DB0a93B389bEF724429898f539AEB7ac2Dd55f,2146,0xb6e18b4481856d3320f2a0ad8608b5794a158d523be9abd5bdf7f4dac30dfc9e,1789653596751,1789653596773,1789653619117,22366,774,185022,CONFIRMED,
940,0x70997970C51812dc3A010C7d01b50e0d17dc79C8,2147,0xc84fcea3cf1f7ebf405bb79f68e66600299aeed078ecae286d0e7a9618636b3e,1789653596763,1789653596779,1789653619118,22355,774,185010,CONFIRMED,
941,0x3C44CdDdB6a900fa2b585dd299e03d12FA4293BC,2147,0xb1a3aad74caba84cb92ee37a20bc7fb4f46fd7b14909a5bea47f3d9e65faa077,1789653596770,1789653596783,1789653619119,22349,774,185010,CONFIRMED,
942,0x90F79bf6EB2c4f870365E785982E1f101E93b906,2147,0xb1931b2888391a2d62b9897938ad2d4d24084b8d9f0e27e14e61c2c8be3c0ae4,1789653596779,1789653596789,1789653619119,22340,774,185022,CONFIRMED,
943,0x15d34AAf54267DB7D7c367839AAf71A00a2C6A65,2147,0xb1fb23ca41565b9f7939b4b83a0fbdd0fcab4ab78e7b6968a788930f7fa84ef4,1789653596790,1789653596806,1789653619120,22330,774,185010,CONFIRMED,
944,0x9965507D1a55bcC2695C58ba16FB37d819B0A4dc,2147,0xfccfb8f6af52cc58e32d779db189e806ee9b35c3b67d0175135553fa035ef02a,1789653596800,1789653596815,1789653619121,22321,774,185022,CONFIRMED,
945,0x976EA74026E726554dB657fA54763abd0C3a0aa9,2147,0x07d388367be9d58b54297a6408797bd679cdfa5956d54bb358a5e5a668ec2430,1789653596810,1789653596821,1789653619121,22311,774,185022,CONFIRMED,
946,0x14dC79964da2C08b23698B3D3cc7Ca32193d9955,2147,0x0662fadfd5eb44eeef3f8829efb970bbffbf097a6e84f134aebab8b615813a3f,1789653596821,1789653596831,1789653619123,22302,774,185022,CONFIRMED,
947,0x23618e81E3f5cdF7f54C3d65f7FBc0aBf5B21E8f,2147,0xd2f85b061d68ca2b9d047ebae6c733e8b81472c4424c725b5583f8630663a78f,1789653596831,1789653596842,1789653619124,22293,774,185022,CONFIRMED,
948,0xa0Ee7A142d267C1f36714E4a8F75612F20a79720,2147,0x25299055500cfb2ada6888804800d48bd72ac9af967f66c33d6f1eb5a61fbddf,1789653596839,1789653596847,1789653619125,22286,774,185010,CONFIRMED,
949,0xBcd4042DE499D14e55001CcbB24a551F3b954096,2147,0x0fd88bb6ac04b2c02e320157c3115737a9061a37bcf3f51cf51a9ec151d3cd52,1789653596854,1789653596862,1789653619125,22271,774,185010,CONFIRMED,
950,0x71bE63f3384f5fb98995898A86B02Fb2426c5788,2147,0xe53e6d76a4c4d94eae1b100b0e00aa27d949dee27e4d348fa35519144143c48b,1789653596859,1789653596866,1789653619126,22267,774,185022,CONFIRMED,
951,0xFABB0ac9d68B0B445fB7357272Ff202C5651694a,2147,0x01ce417b504a8f7ec5e100b089f155b6dedd59640df5520ac0756178900dad84,1789653596870,1789653596876,1789653619126,22256,774,185022,CONFIRMED,
952,0x1CBd3b2770909D4e10f157cABC84C7264073C9Ec,2147,0x81ff21f9e8eb001d5808b48592f1a830c67b54b17fa5bfced9585ee04c1a1a13,1789653596885,1789653596891,1789653619127,22242,774,185022,CONFIRMED,
953,0xdF3e18d64BC6A983f673Ab319CCaE4f1a57C7097,2147,0x8ec8f26fad89fa83f53e4172e098bb9c03f1d58110b9ac49b3cfe706071e415f,1789653596889,1789653596895,1789653619128,22239,774,185022,CONFIRMED,
954,0xcd3B766CCDd6AE721141F452C550Ca635964ce71,2147,0x7d1bd63471f25d8ab7b68f4c8bdecec81da12ad327560d2ef6f1a0555d848c98,1789653596901,1789653596907,1789653619128,22227,774,185022,CONFIRMED,
955,0x2546BcD3c84621e976D8185a91A922aE77ECEc30,2147,0xe4cb0c32a8c5ca2a7151c9ede64a9381add59c1f1fb667fbb862bca4af9a2b85,1789653596917,1789653596924,1789653619129,22212,774,185010,CONFIRMED,
956,0xbDA5747bFD65F08deb54cb465eB87D40e51B197E,2147,0x349fcf88c96908e8bd154484371ac1a63243112ae13f845992c12518ad01e020,1789653596919,1789653596925,1789653619129,22210,774,185022,CONFIRMED,
957,0xdD2FD4581271e230360230F9337D5c0430Bf44C0,2147,0xb55016bf5f4d83c3a0f4ff0846845056ec935302fa569610f3ef5ca3ec722cb5,1789653596933,1789653596941,1789653619130,22197,774,185010,CONFIRMED,
958,0x8626f6940E2eb28930eFb4CeF49B2d1F2C9C1199,2147,0xbc0ff34ae2d308b25b98c55c423e2e3e647127e808ab836d9c524ef670e1a5fa,1789653596939,1789653596948,1789653619130,22191,774,185010,CONFIRMED,
959,0x09DB0a93B389bEF724429898f539AEB7ac2Dd55f,2147,0x0ee8daca064e894d9d0bf837fdcdbf827bfeb22e5a6b6f1ca7113113be5cfa09,1789653596965,1789653596974,1789653619132,22167,774,185022,CONFIRMED,
960,0x70997970C51812dc3A010C7d01b50e0d17dc79C8,2148,0xbf7e368b272431ace295ca3087a303b142261c4f5631565dd455f484baea9006,1789653596965,1789653596976,1789653619132,22167,774,185010,CONFIRMED,
961,0x3C44CdDdB6a900fa2b585dd299e03d12FA4293BC,2148,0xf357bfb34e927f1acd7c3e43f15fd5f72e57fd86aa7eabfe39e0d5fc05f2609c,1789653596970,1789653596977,1789653619133,22163,774,185010,CONFIRMED,
962,0x90F79bf6EB2c4f870365E785982E1f101E93b906,2148,0x44948fd74a5e3fd56a4c4922878ab31c9817f09c0831ded649995ebd0f748bca,1789653596982,1789653596989,1789653619134,22152,774,185022,CONFIRMED,
963,0x15d34AAf54267DB7D7c367839AAf71A00a2C6A65,2148,0xfeec7f139af5015d89b3287036aa986df38dff66b6e195e0691095839806b0b1,1789653596989,1789653596997,1789653619134,22145,774,185022,CONFIRMED,
964,0x9965507D1a55bcC2695C58ba16FB37d819B0A4dc,2148,0xb71666bf887e79e493ea7beb928a7a4b138a6ceaacc1fd9e8c4ca9c3e258727b,1789653597014,1789653597025,1789653619135,22121,774,185022,CONFIRMED,
965,0x976EA74026E726554dB657fA54763abd0C3a0aa9,2148,0x319deea9e54ee24a611f675271c7111838562ad77762629efd5c952eaaa93eea,1789653597014,1789653597028,1789653619136,22122,774,185022,CONFIRMED,
966,0x14dC79964da2C08b23698B3D3cc7Ca32193d9955,2148,0x166b8999392774ed042cba5d198d1cb59dde210d1b0a70560fef053a22ff14d8,1789653597020,1789653597029,1789653619136,22116,774,185022,CONFIRMED,
967,0x23618e81E3f5cdF7f54C3d65f7FBc0aBf5B21E8f,2148,0x6b8289f57b86596ae3c42410206acf5f01095a53a2a74766e15e2acbd76e257f,1789653597029,1789653597035,1789653619137,22108,774,185022,CONFIRMED,
968,0xa0Ee7A142d267C1f36714E4a8F75612F20a79720,2148,0x2b5e7c61c2ea7690498c8ebdd2db655737a3219ed4d19adfeebc4cb640cbcecb,1789653597041,1789653597049,1789653619137,22096,774,185010,CONFIRMED,
969,0xBcd4042DE499D14e55001CcbB24a551F3b954096,2148,0xf456b9f97a598abb7ac8390dcf6f90078ff0de29a25871d9905ec473cea3685d,1789653597049,1789653597056,1789653619138,22089,774,185010,CONFIRMED,
970,0x71bE63f3384f5fb98995898A86B02Fb2426c5788,2148,0xd35031bde31e0e63fcaa98879f8d3e57c082cd03bec485384fad09018adc9765,1789653597061,1789653597068,1789653619140,22079,774,185022,CONFIRMED,
971,0xFABB0ac9d68B0B445fB7357272Ff202C5651694a,2148,0x0ae36b819e638e118b4d18e24b59c63c494baeca608c62c35a8e601d5a8caeca,1789653597071,1789653597078,1789653619141,22070,774,185022,CONFIRMED,
972,0x1CBd3b2770909D4e10f157cABC84C7264073C9Ec,2148,0xc35204d852c15ad563db861a093f1c0a56c0e7114618d7bafc5e17b940531171,1789653597087,1789653597095,1789653619142,22055,774,185022,CONFIRMED,
973,0xdF3e18d64BC6A983f673Ab319CCaE4f1a57C7097,2148,0xd540d14d813a3f42b18902ffb27663c956444f940a9088d66cdafde58116c552,1789653597090,1789653597098,1789653619142,22052,774,185010,CONFIRMED,
974,0xcd3B766CCDd6AE721141F452C550Ca635964ce71,2148,0xdf4fc5cc79d4d56c9c34552500d8606a3fb27fd66e08e26ade9b7beab7d63565,1789653597103,1789653597109,1789653619143,22040,774,185022,CONFIRMED,
975,0x2546BcD3c84621e976D8185a91A922aE77ECEc30,2148,0xa82c6ff4610d6391985afd9081f838d0e465b7511e7c2a81c8963585160906e9,1789653597109,1789653597118,1789653619143,22034,774,185022,CONFIRMED,
976,0xbDA5747bFD65F08deb54cb465eB87D40e51B197E,2148,0x07297ba05066ab19a831abf57aee5ce0015e454f49956c14b2fc03a487cdb229,1789653597119,1789653597125,1789653619144,22025,774,185022,CONFIRMED,
977,0xdD2FD4581271e230360230F9337D5c0430Bf44C0,2148,0xe37e63d1b6a33a13c1df719aa853ac52078b19750826c6b6c3e2b83f64a5c0d5,1789653597135,1789653597142,1789653619145,22010,774,185022,CONFIRMED,
978,0x8626f6940E2eb28930eFb4CeF49B2d1F2C9C1199,2148,0xcb94f6735901f9689268cda93fbb3da35ab115f95c7124e15606d4d9b6bae6d8,1789653597138,1789653597146,1789653619145,22007,774,185022,CONFIRMED,
979,0x09DB0a93B389bEF724429898f539AEB7ac2Dd55f,2148,0xc55cd40b2c8bcb0abe46a458cf831031d39bcc3b047d6be0404b934134836081,1789653597151,1789653597154,1789653619146,21995,774,185022,CONFIRMED,
980,0x70997970C51812dc3A010C7d01b50e0d17dc79C8,2149,0x20310f760ddf1f42dab66dac3ea97dd55008e7eedd5678e9203dbb7c8c5035a9,1789653597159,1789653597164,1789653619146,21987,774,184998,CONFIRMED,
981,0x3C44CdDdB6a900fa2b585dd299e03d12FA4293BC,2149,0x4d65927aebde9fea7fd39a46bc00216514ba0e50dafda59a66b17593c4de4a0d,1789653597183,1789653597596,1789653619147,21964,775,185010,CONFIRMED,
982,0x90F79bf6EB2c4f870365E785982E1f101E93b906,2149,0x12ac35114d1140ec1164aa10a6b8c5731a9453da7fb936eae3566dcb70c617f1,1789653597183,1789653597597,1789653619147,21964,775,185022,CONFIRMED,
983,0x15d34AAf54267DB7D7c367839AAf71A00a2C6A65,2149,0x291db01fc107f06ea3a008295b5dfe6d7480be697da69590461bc3575b23d603,1789653597189,1789653597599,1789653619148,21959,775,185022,CONFIRMED,
984,0x9965507D1a55bcC2695C58ba16FB37d819B0A4dc,2149,0xf8e8f3a80d5be40e3b096b3d6d27752f3c2c78f10b3efdb7c191ed9914649b6a,1789653597199,1789653597600,1789653619149,21950,775,185010,CONFIRMED,
985,0x976EA74026E726554dB657fA54763abd0C3a0aa9,2149,0xac85df40a9c2731fbf78ad3b0cd522d18658d91e6f66be2dbe3e68307e0a5061,1789653597209,1789653597601,1789653619149,21940,775,185022,CONFIRMED,
986,0x14dC79964da2C08b23698B3D3cc7Ca32193d9955,2149,0xa30c2642d7506a05a21b8bd32f72ca57e81a43888e58ee9c9a7b4b2df0fb233b,1789653597221,1789653597602,1789653619150,21929,775,185022,CONFIRMED,
987,0x23618e81E3f5cdF7f54C3d65f7FBc0aBf5B21E8f,2149,0x805da53d8e77b750de974b4f8fb1ec8f8192d6c909d2f727734bf0f12fa4d9cd,1789653597231,1789653597603,1789653619150,21919,775,184998,CONFIRMED,
988,0xa0Ee7A142d267C1f36714E4a8F75612F20a79720,2149,0x8c37e66de340e9ea43b7a0407c2b866cfd17b1e90298226d612a67cdbc1f53f8,1789653597247,1789653597603,1789653619151,21904,775,185010,CONFIRMED,
989,0xBcd4042DE499D14e55001CcbB24a551F3b954096,2149,0x54e2a6f319dd712fbbc43189892df10d2f6c62a1e18efa62b744abcf8086fbab,1789653597249,1789653597604,1789653619151,21902,775,185010,CONFIRMED,
990,0x71bE63f3384f5fb98995898A86B02Fb2426c5788,2149,0x5448eaa34815651bc09d7f9cac25d5c3fcfc2fb6494a8856476e9de6c8a558b7,1789653597263,1789653597605,1789653619152,21889,775,185022,CONFIRMED,
991,0xFABB0ac9d68B0B445fB7357272Ff202C5651694a,2149,0x95fd5297b22b694ee39dfc7883f686ebcafd7f4c1a4b3db153e467e84b1b4fdc,1789653597279,1789653597606,1789653619153,21874,775,185022,CONFIRMED,
992,0x1CBd3b2770909D4e10f157cABC84C7264073C9Ec,2149,0xeeadf410e71393e614844c1272b7a4630b99b092f0b57707d1a3e36961cb75e2,1789653597279,1789653597606,1789653619153,21874,775,185022,CONFIRMED,
993,0xdF3e18d64BC6A983f673Ab319CCaE4f1a57C7097,2149,0xd4bf57b8039206f369d7b232fd91d1453dd54a56de464242cdcf5d8db2d51b40,1789653597296,1789653597607,1789653619154,21858,775,185022,CONFIRMED,
994,0xcd3B766CCDd6AE721141F452C550Ca635964ce71,2149,0xd40e23938f0a5db84cd89139e1e98a71dcc11ec7579c7f7314cfc3a6349f0d46,1789653597299,1789653597608,1789653619154,21855,775,185022,CONFIRMED,
995,0x2546BcD3c84621e976D8185a91A922aE77ECEc30,2149,0x1cae08bdd2d77ce05037650bc8e816dbf6b6adeb86ee77df7d771191a9c52219,1789653597311,1789653597609,1789653619158,21847,775,185022,CONFIRMED,
996,0xbDA5747bFD65F08deb54cb465eB87D40e51B197E,2149,0x39b6ace8bdf1ef5e24dc0ab6f768cc105114e4aef6f0569d7e48d32037bb46d9,1789653597327,1789653597611,1789653619159,21832,775,185022,CONFIRMED,
997,0xdD2FD4581271e230360230F9337D5c0430Bf44C0,2149,0xd8b8f621494e66d52a40ab3336acdfb5a0cf7993a228873b127cd1ecff9c4d73,1789653597330,1789653597613,1789653619160,21830,775,185010,CONFIRMED,
998,0x8626f6940E2eb28930eFb4CeF49B2d1F2C9C1199,2149,0xdbd6b797e38e903a5c3c79f30585fef2b038724fd924729b3df09566f8fafbef,1789653597343,1789653597614,1789653619161,21818,775,185022,CONFIRMED,
999,0x09DB0a93B389bEF724429898f539AEB7ac2Dd55f,2149,0xafefa5a8ecb15288e2991dde9e351c8ec3d857bddd8ef4f8a02721463dfa1126,1789653597359,1789653597615,1789653619161,21802,775,185022,CONFIRMED,
1000,0x70997970C51812dc3A010C7d01b50e0d17dc79C8,2150,0x3615394c3a40813a74032f8fbc33815e451deb2a8c9b25daeb8c76e0c3c1490c,1789653597359,1789653597616,1789653619162,21803,775,185010,CONFIRMED,
1001,0x3C44CdDdB6a900fa2b585dd299e03d12FA4293BC,2150,0x08669b1efa2fe34ce26ce486bccdafdaaa651286ddbca75867cfecb507945417,1789653597374,1789653597625,1789653619162,21788,775,185010,CONFIRMED,
1002,0x90F79bf6EB2c4f870365E785982E1f101E93b906,2150,0x5e0dcdb50c84aa59066f8ed943847885bcfbf72301b2683205084074d04b0445,1789653597384,1789653597626,1789653619163,21779,775,185022,CONFIRMED,
1003,0x15d34AAf54267DB7D7c367839AAf71A00a2C6A65,2150,0x2a18edd7ae055b1c9fd1e874884f04095f5ac1446754af04ce2f5b5f97056b85,1789653597399,1789653597627,1789653619164,21765,775,185010,CONFIRMED,
1004,0x9965507D1a55bcC2695C58ba16FB37d819B0A4dc,2150,0x11cea1a2ad54aa1ae13613f69d6547ce6980a832744dbaa83e419a78c4fba4c6,1789653597399,1789653597629,1789653619164,21765,775,185010,CONFIRMED,
1005,0x976EA74026E726554dB657fA54763abd0C3a0aa9,2150,0x4129c0dac390a0ccb3f00dca2a31ac161e861c04787212867ee189c2ee19143f,1789653597414,1789653597630,1789653619165,21751,775,185022,CONFIRMED,
1006,0x14dC79964da2C08b23698B3D3cc7Ca32193d9955,2150,0x2881f0ef846905b61a334779821c4e057d98fa2738ca97c36a96465dc9a6b014,1789653597430,1789653597631,1789653619165,21735,775,185022,CONFIRMED,
1007,0x23618e81E3f5cdF7f54C3d65f7FBc0aBf5B21E8f,2150,0xf6f2c27657a45dba076805c9f55854d391deb587dcfbfbb8e7b827b20c317af6,1789653597430,1789653597632,1789653619166,21736,775,185022,CONFIRMED,
1008,0xa0Ee7A142d267C1f36714E4a8F75612F20a79720,2150,0x4aa77a3d7cdf25d7cbd96d1e96fbc89d5e8090072b8c0d96b90e98fcfeeb5398,1789653597441,1789653597634,1789653619167,21726,775,185010,CONFIRMED,
1009,0xBcd4042DE499D14e55001CcbB24a551F3b954096,2150,0x0c60f981f9edc025e0ffe60f5116ca13d8fa4b32e8b4633dcd689cbe7c7d72cf,1789653597455,1789653597634,1789653619167,21712,775,185010,CONFIRMED,
1010,0x71bE63f3384f5fb98995898A86B02Fb2426c5788,2150,0xfbeb3e2282df14f1615f30ecf3086cb09ecae0f8dd3bea159c1eaa08f2d97463,1789653597471,1789653597634,1789653619168,21697,775,185022,CONFIRMED,
1011,0xFABB0ac9d68B0B445fB7357272Ff202C5651694a,2150,0x46730516818ee87b2cc09596b3d3385c6764a5a9f7ef3e02ee4ba4d0029dfb9e,1789653597471,1789653597636,1789653619168,21697,775,185022,CONFIRMED,
1012,0x1CBd3b2770909D4e10f157cABC84C7264073C9Ec,2150,0x044afa8edd309f61bd0c7957cc6740f68e8a13e4724f27bea513eeb770fe68b6,1789653597487,1789653597636,1789653619169,21682,775,185010,CONFIRMED,
1013,0xdF3e18d64BC6A983f673Ab319CCaE4f1a57C7097,2150,0x109aacd93f15d7c835982cad46e71ec0eb50db3ccaa30cdcf12630455886de0d,1789653597501,1789653597636,1789653619170,21669,775,185022,CONFIRMED,
1014,0xcd3B766CCDd6AE721141F452C550Ca635964ce71,2150,0x0843d1fb8ebeb465441c5a9bce62b4b79183803a676abd5b67f9c8a996604917,1789653597501,1789653597637,1789653619170,21669,775,185022,CONFIRMED,
1015,0x2546BcD3c84621e976D8185a91A922aE77ECEc30,2150,0x6a7f9bde39a2829067d0eac62f832145bebc91943d4e7d660dd2b28bc6ffe18e,1789653597520,1789653597637,1789653619171,21651,775,185022,CONFIRMED,
1016,0xbDA5747bFD65F08deb54cb465eB87D40e51B197E,2150,0xdaad3d4792b62d1e5f3eaa27646464251a817d96b59d835c03f1bb47117ad140,1789653597520,1789653597637,1789653619173,21653,775,185022,CONFIRMED,
1017,0xdD2FD4581271e230360230F9337D5c0430Bf44C0,2150,0xb4d1ecba5678615303720048536e16b1b380d4697e1646b7104bbcf8a9be52f4,1789653597535,1789653597638,1789653619174,21639,775,185022,CONFIRMED,
1018,0x8626f6940E2eb28930eFb4CeF49B2d1F2C9C1199,2150,0x5b31519fd37bd98f079642f7ee49de43c91b61b2860d00316349c894bcc95ef1,1789653597551,1789653597638,1789653619175,21624,775,185022,CONFIRMED,
1019,0x09DB0a93B389bEF724429898f539AEB7ac2Dd55f,2150,0xd6a252ab57ebed558c3a127fc3342b33d40383ac3c0bade1758691193286544e,1789653597551,1789653597638,1789653619177,21626,775,185010,CONFIRMED,
1020,0x70997970C51812dc3A010C7d01b50e0d17dc79C8,2151,0x31bfe3a2a82c33aee335cd88a3b07f4abbda39fec5b48e64daadab53568a1b95,1789653597561,1789653597639,1789653619177,21616,775,184998,CONFIRMED,
1021,0x3C44CdDdB6a900fa2b585dd299e03d12FA4293BC,2151,0x50f1ec4158af6eae2a82a59f8c4f871a2b55b45670bb657af699087fed740e02,1789653597576,1789653597650,1789653619178,21602,775,185010,CONFIRMED,
1022,0x90F79bf6EB2c4f870365E785982E1f101E93b906,2151,0x55eea1c725c88b9bc5e6cf9b7ad97fec8fe4ce8b96849f98bd80ac98af417b0c,1789653597580,1789653597651,1789653619179,21599,775,185010,CONFIRMED,
1023,0x15d34AAf54267DB7D7c367839AAf71A00a2C6A65,2151,0xffe9b8337770e6223da3749f1e96c674eb449cbf988184a140b3f4c4b70411bf,1789653597589,1789653597651,1789653619179,21590,775,185022,CONFIRMED,
1024,0x9965507D1a55bcC2695C58ba16FB37d819B0A4dc,2151,0x46317655e208ec79b864ceb41f7faa9b70f07bd122c230ef739a02d6d55e692d,1789653597602,1789653597651,1789653619180,21578,775,185022,CONFIRMED,
1025,0x976EA74026E726554dB657fA54763abd0C3a0aa9,2151,0xf6d9c31e1020057ac0db3ab5beb24895e63ed8de38ff150467f6254fa466ccad,1789653597618,1789653597652,1789653619180,21562,775,185022,CONFIRMED,
1026,0x14dC79964da2C08b23698B3D3cc7Ca32193d9955,2151,0x1454e544edf4d0bbdaba8f0cc1c9b3e0fdd8ee078e7c2d80cbc3f427e75c6285,1789653597622,1789653597652,1789653619181,21559,775,185010,CONFIRMED,
1027,0x23618e81E3f5cdF7f54C3d65f7FBc0aBf5B21E8f,2151,0x1a1be8b4d77dd31e009ad7a57932ef06120dd823c7c791f08b9d6f999636542a,1789653597632,1789653597653,1789653619181,21549,775,184998,CONFIRMED,
1028,0xa0Ee7A142d267C1f36714E4a8F75612F20a79720,2151,0xc24db0e5afd8f5279536fa44982b50662f226fd219c28948c7d2a1c1e34a7a14,1789653597642,1789653597654,1789653619182,21540,775,185010,CONFIRMED,
1029,0xBcd4042DE499D14e55001CcbB24a551F3b954096,2151,0x56c9a9b2b80078869bff68b8967b87b91320429f9d0216216d637e18c312be3b,1789653597649,1789653597656,1789653619183,21534,775,184998,CONFIRMED,
1030,0x71bE63f3384f5fb98995898A86B02Fb2426c5788,2151,0x81a5b813aaef693b4da2b1e2cbe380083cb381e4fec1c555aae56825e86315bf,1789653597666,1789653597670,1789653619183,21517,775,185010,CONFIRMED,
1031,0xFABB0ac9d68B0B445fB7357272Ff202C5651694a,2151,0x48fe216b4e28ef7dd14d55002003f7638ab84b95263de632bdaed53941f5c1c8,1789653597669,1789653597673,1789653619184,21515,775,185010,CONFIRMED,
1032,0x1CBd3b2770909D4e10f157cABC84C7264073C9Ec,2151,0x00f6685a2af6787b5103a2e262edbf1f1ec78189763ad613d79d3cd81d61bff5,1789653597681,1789653597688,1789653619184,21503,775,185022,CONFIRMED,
1033,0xdF3e18d64BC6A983f673Ab319CCaE4f1a57C7097,2151,0x643201a712bfd29537b9e0a428699b9fdd181d5611b564f89e9822504a31e2fe,1789653597694,1789653597702,1789653619185,21491,775,185010,CONFIRMED,
1034,0xcd3B766CCDd6AE721141F452C550Ca635964ce71,2151,0x171c7a16709b9aedb197fb7cc0167496d544dfbcec0d5926af47ae98dad2c311,1789653597700,1789653597707,1789653619186,21486,775,185022,CONFIRMED,
1035,0x2546BcD3c84621e976D8185a91A922aE77ECEc30,2151,0xc22d688188d4514b3e517e9f194b6f68cf52d96fbddd50561fcc32af0fe5e52f,1789653597712,1789653597718,1789653619186,21474,775,185010,CONFIRMED,
1036,0xbDA5747bFD65F08deb54cb465eB87D40e51B197E,2151,0xfa6c091d889432f031441286303f292335de56c5f116be8d053e7a762c92caed,1789653597733,1789653597739,1789653619187,21454,775,185022,CONFIRMED,
1037,0xdD2FD4581271e230360230F9337D5c0430Bf44C0,2151,0x81589f48b2c903dea6fb8b29ce69f7055058d3f60965b2c89968115aecd100f7,1789653597733,1789653597739,1789653619188,21455,775,185022,CONFIRMED,
1038,0x8626f6940E2eb28930eFb4CeF49B2d1F2C9C1199,2151,0xc2e7fd61123e325d33cfb086c20d17bfa0757bdd7080af30b8330f50e999872f,1789653597749,1789653597755,1789653619189,21440,775,185022,CONFIRMED,
1039,0x09DB0a93B389bEF724429898f539AEB7ac2Dd55f,2151,0xff0e768cb60103954d8692811d283d320621301c50cd400fc1acca829279c437,1789653597749,1789653597756,1789653619191,21442,775,185022,CONFIRMED,
1040,0x70997970C51812dc3A010C7d01b50e0d17dc79C8,2152,0xc04b705d0899f084fdfb656d0347066415a51674483bd5c280a0782f3b44ed06,1789653597760,1789653597766,1789653619192,21432,775,185010,CONFIRMED,
1041,0x3C44CdDdB6a900fa2b585dd299e03d12FA4293BC,2152,0x38a99da857eafe6b2ba9f1d5efa86fcc2c06045963dbeef01924d7ae90c0b876,1789653597776,1789653597786,1789653619193,21417,775,185010,CONFIRMED,
1042,0x90F79bf6EB2c4f870365E785982E1f101E93b906,2152,0xb901aa4a7dccc440d179d95d9870be5e37c6397cf7e079d4f73a9049810ac811,1789653597779,1789653597786,1789653619193,21414,775,185022,CONFIRMED,
1043,0x15d34AAf54267DB7D7c367839AAf71A00a2C6A65,2152,0x2a3474b09bcf8779f66e9c520d0770647095a153d42d5699aa6c975e5f54059b,1789653597792,1789653597802,1789653619194,21402,775,185022,CONFIRMED,
1044,0x9965507D1a55bcC2695C58ba16FB37d819B0A4dc,2152,0x21f94cbb1bf717bfb4141ecc9729916c9cd6b7d84eb1fe82066d61ae91455cda,1789653597799,1789653597807,1789653619195,21396,775,185022,CONFIRMED,
1045,0x976EA74026E726554dB657fA54763abd0C3a0aa9,2152,0x29d24b53208bc0909415e57c753e76d0d6981644bd2a84b211c4067157db9017,1789653597814,1789653597819,1789653619195,21381,775,185022,CONFIRMED,
1046,0x14dC79964da2C08b23698B3D3cc7Ca32193d9955,2152,0x27a4d7e85c0a46ad1ab668e1560c96c3c713ef9985f73882153e1919795926b3,1789653597819,1789653597822,1789653619196,21377,775,185022,CONFIRMED,
1047,0x23618e81E3f5cdF7f54C3d65f7FBc0aBf5B21E8f,2152,0x3b714bf24ae67702b51c6632f74ba3d15317aa6c8d6ee40741a1bbe5f485806f,1789653597829,1789653597833,1789653619196,21367,775,185022,CONFIRMED,
1048,0xa0Ee7A142d267C1f36714E4a8F75612F20a79720,2152,0xd384ce6bd1d065f2bd4e810e5e0f8932d47d2bce0690252b00659f599cfc518a,1789653597854,1789653597859,1789653619197,21343,775,185010,CONFIRMED,
1049,0xBcd4042DE499D14e55001CcbB24a551F3b954096,2152,0x30d12774a014c0dabafe408862ed97068b38d2aa08a5e92c790a18887a0c2245,1789653597854,1789653597862,1789653619198,21344,775,185010,CONFIRMED,
1050,0x71bE63f3384f5fb98995898A86B02Fb2426c5788,2152,0xa42ae980423c35724931205a422c1d7b5b836fbf499ba4da7618b3c6b8d0226d,1789653597859,1789653597865,1789653619198,21339,775,185010,CONFIRMED,
1051,0xFABB0ac9d68B0B445fB7357272Ff202C5651694a,2152,0xbbcecb16afd047cc8915ac88fc1ccfd108759a448dfdf0f3dbdd9e6a11255d4b,1789653597870,1789653597874,1789653619199,21329,775,185022,CONFIRMED,
1052,0x1CBd3b2770909D4e10f157cABC84C7264073C9Ec,2152,0x4c92ffee9c7f0ea0a919142b08b622cd26bf270ffbb7abc7d92d8844cb6a4635,1789653597885,1789653597890,1789653619200,21315,775,185022,CONFIRMED,
1053,0xdF3e18d64BC6A983f673Ab319CCaE4f1a57C7097,2152,0x7682f62c82322829767c8f45f3b892b710d61a6189873b6f60bf9df38d99c717,1789653597890,1789653597895,1789653619200,21310,775,185022,CONFIRMED,
1054,0xcd3B766CCDd6AE721141F452C550Ca635964ce71,2152,0x27b597d10818e26245b441f3b149f17a98fb3da233eb4d374efb5788aeec072a,1789653597901,1789653597905,1789653619201,21300,775,185022,CONFIRMED,
1055,0x2546BcD3c84621e976D8185a91A922aE77ECEc30,2152,0x185ac1d7a2504a9ecfa1a7928906fecc0263339a3b11e6c47bde1d8c9af38aa5,1789653597917,1789653597921,1789653619201,21284,775,185010,CONFIRMED,
1056,0xbDA5747bFD65F08deb54cb465eB87D40e51B197E,2152,0x64d85ec6ecb9804d8bd91fc832d6cb2dbac7cd69f7480c2edb1676813c1cb86c,1789653597919,1789653597923,1789653619202,21283,775,185022,CONFIRMED,
1057,0xdD2FD4581271e230360230F9337D5c0430Bf44C0,2152,0xfff0856e0b162b64a65057a31ffbd92f565e138e681fc1c4908289eaab7f7039,1789653597940,1789653597946,1789653619202,21262,775,185022,CONFIRMED,
1058,0x8626f6940E2eb28930eFb4CeF49B2d1F2C9C1199,2152,0x06f62bc305d1c8c8c828c8a1164ab945cbc2cc0b8ea9e99b65bd13c52c1ca553,1789653597940,1789653597947,1789653619203,21263,775,185010,CONFIRMED,
1059,0x09DB0a93B389bEF724429898f539AEB7ac2Dd55f,2152,0xbc6bb726372e5b5b7723f38af0a3a000458d455569f993db6d6884be151c23fb,1789653597956,1789653597963,1789653619204,21248,775,185022,CONFIRMED,
1060,0x70997970C51812dc3A010C7d01b50e0d17dc79C8,2153,0xb6acb6fe692c4733b747358f43eb308678bed40b2131c70beba5bdafb7bba11a,1789653597959,1789653597966,1789653619204,21245,775,184998,CONFIRMED,
1061,0x3C44CdDdB6a900fa2b585dd299e03d12FA4293BC,2153,0x0b701b633985837b3b5a9e814a4e2cbe635bb5d5dd3dfb8e7dcc99320ab0f1fa,1789653597974,1789653597979,1789653619207,21233,775,185010,CONFIRMED,
1062,0x90F79bf6EB2c4f870365E785982E1f101E93b906,2153,0x06ad322301dabeb2dea6869a564b834c201d0bc76b5ea9dfe08fd9c9130d487d,1789653597979,1789653597982,1789653619209,21230,775,185022,CONFIRMED,
1063,0x15d34AAf54267DB7D7c367839AAf71A00a2C6A65,2153,0xe799428e231552ec3f80816f10c9e2330659d45af7bedeef67e80701dfe78a0e,1789653597995,1789653598000,1789653619210,21215,775,185022,CONFIRMED,
1064,0x9965507D1a55bcC2695C58ba16FB37d819B0A4dc,2153,0x8e7335777084ab11a63c5285d462a40471c34442cf1c6939c734ba3bd7c897d9,1789653597999,1789653598003,1789653619211,21212,775,185010,CONFIRMED,
1065,0x976EA74026E726554dB657fA54763abd0C3a0aa9,2153,0x068b30737b993ca3fec3cb90098cf4d1f8b5353c8752d463859d0af6d18e06ab,1789653598012,1789653598017,1789653619211,21199,775,185010,CONFIRMED,
1066,0x14dC79964da2C08b23698B3D3cc7Ca32193d9955,2153,0x78d22a301815a70ce74809d7dd0718aabccaf492a68852cf907adec94cc0d36e,1789653598027,1789653598032,1789653619212,21185,775,185022,CONFIRMED,
1067,0x23618e81E3f5cdF7f54C3d65f7FBc0aBf5B21E8f,2153,0x9be1b589f95126a8d574bea458a38e4314ff63c04d00a187317faa0f077feb33,1789653598030,1789653598034,1789653619213,21183,775,185022,CONFIRMED,
1068,0xa0Ee7A142d267C1f36714E4a8F75612F20a79720,2153,0xcc39bcc3395b3d786a79b8ea1ebc730bf8ac48a522cdadc9cb38f51f197501fe,1789653598044,1789653598048,1789653619214,21170,775,185010,CONFIRMED,
1069,0xBcd4042DE499D14e55001CcbB24a551F3b954096,2153,0xe470c5d64d6933597c9cf2fb5f34c7e6a78fb59293b7c3ccc2c9bef4ad90bb96,1789653598059,1789653598066,1789653619215,21156,775,185010,CONFIRMED,
1070,0x71bE63f3384f5fb98995898A86B02Fb2426c5788,2153,0xaaf923ee338306d4a698fb4a932a8b853346d72549718d9880f94f4e6e7d3631,1789653598059,1789653598066,1789653619215,21156,775,185022,CONFIRMED,
1071,0xFABB0ac9d68B0B445fB7357272Ff202C5651694a,2153,0x2bd93af4f3fc0850754efec170c4f8fba0b5fe22b039c113941bdc973e7d7612,1789653598075,1789653598081,1789653619216,21141,775,185022,CONFIRMED,
1072,0x1CBd3b2770909D4e10f157cABC84C7264073C9Ec,2153,0xcc917a974bbe9e874d7709e750758c3002c1947f72ce83f02a04ca155b22f3b0,1789653598080,1789653598084,1789653619216,21136,775,185022,CONFIRMED,
1073,0xdF3e18d64BC6A983f673Ab319CCaE4f1a57C7097,2153,0xd72fb5ba35258c4e5cc2a5b23521053b5c72d227e465dd9228cb69cd1885a737,1789653598091,1789653598096,1789653619217,21126,775,185022,CONFIRMED,
1074,0xcd3B766CCDd6AE721141F452C550Ca635964ce71,2153,0xca753c793ea68cf1ad7611d1891a896c05ccb63fde2961611bb3126ec1afb352,1789653598107,1789653598112,1789653619217,21110,775,185022,CONFIRMED,
1075,0x2546BcD3c84621e976D8185a91A922aE77ECEc30,2153,0xa4091b2b7440daef327e2929b3a063ca0a38b86055bfba70e75addd4899dc072,1789653598109,1789653598114,1789653619218,21109,775,185010,CONFIRMED,
1076,0xbDA5747bFD65F08deb54cb465eB87D40e51B197E,2153,0xc6c7604f4efb6c1fccd8a27f33fabde02b5b005bee89f4ce6c4da217bd05272d,1789653598324,1789653598387,1789653619220,20896,775,185022,CONFIRMED,
1077,0xdD2FD4581271e230360230F9337D5c0430Bf44C0,2153,0x6e4548663f39b3d62893008db1aa2455775a35aaa9bf5838282994d0a3a247b0,1789653598324,1789653598389,1789653619221,20897,775,185010,CONFIRMED,
1078,0x8626f6940E2eb28930eFb4CeF49B2d1F2C9C1199,2153,0x4b0587c8b40394e6a8e432453874d129ba7040f0542b6b3f0fd264aa48183cab,1789653598324,1789653598391,1789653619222,20898,775,185022,CONFIRMED,
1079,0x09DB0a93B389bEF724429898f539AEB7ac2Dd55f,2153,0x89930004fde0375649c25167be179773750c5d2dbdf807f4636589ceb19acfd9,1789653598324,1789653598393,1789653619224,20900,775,185022,CONFIRMED,
1080,0x70997970C51812dc3A010C7d01b50e0d17dc79C8,2154,0xeac6980a5e8ac6a330338fe10d59b5701f81a49fc3bc45537bdc0283fe23ada5,1789653598324,1789653598400,1789653619225,20901,775,185010,CONFIRMED,
1081,0x3C44CdDdB6a900fa2b585dd299e03d12FA4293BC,2154,0x89cc462afadc10f636e9ea13b9431c2c30176abdcc3491d9cb8dc464b2898264,1789653598324,1789653598403,1789653619225,20901,775,184998,CONFIRMED,
1082,0x90F79bf6EB2c4f870365E785982E1f101E93b906,2154,0xb490e13f6d73959327d2adb6756d005a771a681bd2e46b3d984f0f17af6faa29,1789653598324,1789653598404,1789653619227,20903,775,185022,CONFIRMED,
1083,0x15d34AAf54267DB7D7c367839AAf71A00a2C6A65,2154,0xf10fd649ec24c11f49a2d11115a39b74f7ec3d30080543e60bb23a0ee76dbd41,1789653598324,1789653598413,1789653619228,20904,775,185010,CONFIRMED,
1084,0x9965507D1a55bcC2695C58ba16FB37d819B0A4dc,2154,0x4c20ca5a05d8e12be2f88f9360e039e9f5066a3848a9ead5c1ca36d381fc4895,1789653598324,1789653598406,1789653619228,20904,775,185010,CONFIRMED,
1085,0x976EA74026E726554dB657fA54763abd0C3a0aa9,2154,0xaea024552b38d1eb24ca38a6531e24eb73325a04d0ef5b85a3ed569d4078279d,1789653598324,1789653598416,1789653619229,20905,775,185022,CONFIRMED,
1086,0x14dC79964da2C08b23698B3D3cc7Ca32193d9955,2154,0xfa65b6412147a18c10a34ed8b13fafe5eede8a8e46050f9f7ce1f3af8535daee,1789653598324,1789653598418,1789653619230,20906,775,185022,CONFIRMED,
1087,0x23618e81E3f5cdF7f54C3d65f7FBc0aBf5B21E8f,2154,0x69436bb9ad2adbb369f861361ed6e5d49a8b8a58f3f76408c2092b831dc1fccf,1789653598324,1789653598419,1789653619232,20908,775,185022,CONFIRMED,
1088,0xa0Ee7A142d267C1f36714E4a8F75612F20a79720,2154,0xbc450bcf60a43b3f0d8c93b12c929e999cfcc807d629b19377d61a870d8afecb,1789653598324,1789653598421,1789653619234,20910,775,185010,CONFIRMED,
1089,0xBcd4042DE499D14e55001CcbB24a551F3b954096,2154,0x9070400d4b75c466fe6dac533af941c4b494ff604c57f96809ab67c8050e72d4,1789653598324,1789653598422,1789653619237,20913,775,185010,CONFIRMED,
1090,0x71bE63f3384f5fb98995898A86B02Fb2426c5788,2154,0x772b216116cf031722f5637d259073abf888801fc12ba7438f48b710471f5ca6,1789653598324,1789653598423,1789653619239,20915,775,185010,CONFIRMED,
1091,0xFABB0ac9d68B0B445fB7357272Ff202C5651694a,2154,0xf4c5cbc91d6723dc58ebb5801d7dc8747e96125728190b9d716f3db8e211f35e,1789653598324,1789653598424,1789653619241,20917,775,185022,CONFIRMED,
1092,0x1CBd3b2770909D4e10f157cABC84C7264073C9Ec,2154,0x6eeed2c599a0e01fd9d68c64b97dafbbc37d0e574de9ec0fae424ea9cfad6acd,1789653598324,1789653598424,1789653619243,20919,775,185022,CONFIRMED,
1093,0xdF3e18d64BC6A983f673Ab319CCaE4f1a57C7097,2154,0x2d70b052bfb9d4b5edbf1a19c9232f9ade87a3f4cc875466267cc774ba9e3fd6,1789653598324,1789653598425,1789653619244,20920,775,184998,CONFIRMED,
1094,0xcd3B766CCDd6AE721141F452C550Ca635964ce71,2154,0x55c4355762ec7949ee1a95be0270d3fe63b8784ee01c1634b5b243b3d4a04c10,1789653598324,1789653598426,1789653619245,20921,775,185022,CONFIRMED,
1095,0x2546BcD3c84621e976D8185a91A922aE77ECEc30,2154,0x72c8cc6b8383b2b9960e04870ace4d585f2c4cf072627482a15ed3ebd1be0e55,1789653598324,1789653598426,1789653619245,20921,775,185022,CONFIRMED,
1096,0xbDA5747bFD65F08deb54cb465eB87D40e51B197E,2154,0xdf8ac03c025a3c9798294fa627461df280d020ade1343b888c6f98d2d4b66c31,1789653598324,1789653598446,1789653619246,20922,775,185022,CONFIRMED,
1097,0xdD2FD4581271e230360230F9337D5c0430Bf44C0,2154,0x91f17342e52dc2da78a51868fb49f0d194571051afc7b9e211b25d31aff7f10f,1789653598346,1789653598447,1789653619247,20901,775,185010,CONFIRMED,
1098,0x8626f6940E2eb28930eFb4CeF49B2d1F2C9C1199,2154,0xcd9709449a7c4f2c3d552e1ab985f7022a55e9f2f2f27dfad006b9e51d70d4aa,1789653598346,1789653598447,1789653619249,20903,775,185022,CONFIRMED,
1099,0x09DB0a93B389bEF724429898f539AEB7ac2Dd55f,2154,0x3a510c0b6b57e3cf3036e1c7311803a14cee806d6127aa0f4e38703a6845d80f,1789653598350,1789653598448,1789653619251,20901,775,185022,CONFIRMED,
1100,0x70997970C51812dc3A010C7d01b50e0d17dc79C8,2155,0xf1e7f725113a0afa1427cb298f4384d0b7fa6a28d5c803356f1f1df90908268f,1789653598359,1789653598448,1789653619274,20915,775,185010,CONFIRMED,
1101,0x3C44CdDdB6a900fa2b585dd299e03d12FA4293BC,2155,0x74132d8a5b950e9700401d7ad549620ad859e49d8967a378561ecb9b41f26cb3,1789653598369,1789653598453,1789653619276,20907,775,185010,CONFIRMED,
1102,0x90F79bf6EB2c4f870365E785982E1f101E93b906,2155,0x2c2a946f63b3af318ffec672777ce0a8cb08594c6d13bab0567cc930055b2756,1789653598379,1789653598451,1789653619277,20898,775,185022,CONFIRMED,
1103,0x15d34AAf54267DB7D7c367839AAf71A00a2C6A65,2155,0xb75cc4707d015ef7314ff972cdbbaacf3e8019915133f41bf56bac740f1213bb,1789653598389,1789653598451,1789653619279,20890,775,185010,CONFIRMED,
1104,0x9965507D1a55bcC2695C58ba16FB37d819B0A4dc,2155,0x38c92166b13673f7fcd56152d493588e3bc9d02f20ba916a37c0e46112a719ed,1789653598399,1789653598453,1789653619280,20881,775,185022,CONFIRMED,
1105,0x976EA74026E726554dB657fA54763abd0C3a0aa9,2155,0xfb12286b31e5c464c49d32f3b17365708f73c4559349f25b23e3f9ac4d0ba96e,1789653598414,1789653598452,1789653619282,20868,775,185022,CONFIRMED,
1106,0x14dC79964da2C08b23698B3D3cc7Ca32193d9955,2155,0x782514a047f77725777488dbb2f47d8a91af46e362c08998a211e76852c8efed,1789653598419,1789653598452,1789653619285,20866,775,185022,CONFIRMED,
1107,0x23618e81E3f5cdF7f54C3d65f7FBc0aBf5B21E8f,2155,0xaf988227334bba750e18466e257a0e548af4a8fd5a94cc393204d18fe5d4f363,1789653598429,1789653598454,1789653619287,20858,775,185022,CONFIRMED,
1108,0xa0Ee7A142d267C1f36714E4a8F75612F20a79720,2155,0xf8e7a2e4da1db8e343a86e26eb4081f382b21cd87a2e46fa8974d947583c3c24,1789653598440,1789653598457,1789653619287,20847,775,185010,CONFIRMED,
1109,0xBcd4042DE499D14e55001CcbB24a551F3b954096,2155,0x2ec810b05f80dec68a6909ea22bb4b5bc194b76451928e4181d7877bd0f5c365,1789653598449,1789653598458,1789653619288,20839,775,185010,CONFIRMED,
1110,0x71bE63f3384f5fb98995898A86B02Fb2426c5788,2155,0x02ed256e301772b9053860eaf1c904434c8561ab7bbb1583df3faef035d72b4f,1789653598475,1789653598484,1789653619290,20815,775,185010,CONFIRMED,
1111,0xFABB0ac9d68B0B445fB7357272Ff202C5651694a,2155,0xcd69703efb1e761d04dc4f687d0509bf855bccc310861fb6ed8aa69438e10ea9,1789653598475,1789653598485,1789653619291,20816,775,185022,CONFIRMED,
1112,0x1CBd3b2770909D4e10f157cABC84C7264073C9Ec,2155,0x743791567eb24c816721918c56aae635d9521073fe3231641e579564921664a7,1789653598480,1789653598486,1789653619292,20812,775,185022,CONFIRMED,
1113,0xdF3e18d64BC6A983f673Ab319CCaE4f1a57C7097,2155,0x434be606d12e182bf8ba8f7b91340857d1239ae5959b276d3bb9757c3514c24a,1789653598491,1789653598510,1789653619293,20802,775,185022,CONFIRMED,
1114,0xcd3B766CCDd6AE721141F452C550Ca635964ce71,2155,0xd13643e693ad90154fb4048033791147fdc8241de1c47c1f3ad0c4029d271c57,1789653598504,1789653598518,1789653619294,20790,775,185022,CONFIRMED,
1115,0x2546BcD3c84621e976D8185a91A922aE77ECEc30,2155,0x0f81241f5322e5d47373f25e9f71050473a32bf48cac755cc7113d54db511b66,1789653598510,1789653598521,1789653619295,20785,775,185010,CONFIRMED,
1116,0xbDA5747bFD65F08deb54cb465eB87D40e51B197E,2155,0xca7d9b47e0d46332cab14d59f7c4b5fe492c7d1f00d1e414cbe142a543a94675,1789653598518,1789653598524,1789653619296,20778,775,185022,CONFIRMED,
1117,0xdD2FD4581271e230360230F9337D5c0430Bf44C0,2155,0x08904e5d227702bc8b5ac5cf800bcbc5f01157f0279bdd8dffb5d93a2c608b45,1789653598535,1789653598541,1789653619299,20764,775,185010,CONFIRMED,
1118,0x8626f6940E2eb28930eFb4CeF49B2d1F2C9C1199,2155,0xa1c0bbf5b068bdfe4b0debd961c499cb8190fc0850d2602f81046a9638cc1dcd,1789653598539,1789653598543,1789653619301,20762,775,185022,CONFIRMED,
1119,0x09DB0a93B389bEF724429898f539AEB7ac2Dd55f,2155,0x996e8a367c7288049869b5d624999d0583deaf02329d7b1ecb4be0a835d47394,1789653598549,1789653598556,1789653619303,20754,775,185022,CONFIRMED,
1120,0x70997970C51812dc3A010C7d01b50e0d17dc79C8,2156,0x6c607d4956eb2ddb736b3d320bef79030853cf21b0115766343b20e43cf84c39,1789653598574,1789653598584,1789653619305,20731,775,185010,CONFIRMED,
1121,0x3C44CdDdB6a900fa2b585dd299e03d12FA4293BC,2156,0xe4cf259e27697be597221c670c2fee33cfec0a9821c3c650aa8b1835bb462016,1789653598574,1789653598585,1789653619307,20733,775,185010,CONFIRMED,
1122,0x90F79bf6EB2c4f870365E785982E1f101E93b906,2156,0xf169b389f8fb9c9001cb5d7f3e3dbdf1d39d33b4c8c0621aef907392526e80a7,1789653598579,1789653598586,1789653619308,20729,775,185022,CONFIRMED,
1123,0x15d34AAf54267DB7D7c367839AAf71A00a2C6A65,2156,0x63ad662f7eda0d1915bca938c67838e4c94d960b98a504ff8ee2ced23c872606,1789653598590,1789653598600,1789653619309,20719,775,185010,CONFIRMED,
1124,0x9965507D1a55bcC2695C58ba16FB37d819B0A4dc,2156,0xf57e3469eacd32aad11c7e6e65c8efe372cf34ec4d71fdc2579d549f9f0156fe,1789653598600,1789653598606,1789653619310,20710,775,185022,CONFIRMED,
1125,0x976EA74026E726554dB657fA54763abd0C3a0aa9,2156,0x065b2a0d7a6050835f0b2c79482789109a2c6519f612b53ba4c6c353ce3edaf4,1789653598621,1789653598631,1789653619311,20690,775,185010,CONFIRMED,
1126,0x14dC79964da2C08b23698B3D3cc7Ca32193d9955,2156,0x3c72ec8e9af6e87af5ffdce637844256d341a89974a1ae825d2f2dbaf1cbc46e,1789653598621,1789653598632,1789653619311,20690,775,185022,CONFIRMED,
1127,0x23618e81E3f5cdF7f54C3d65f7FBc0aBf5B21E8f,2156,0xdbe5e14a09725baf667ba6d4ea226167c5a4f053855dd77f770a3aa1cec2b72a,1789653598629,1789653598635,1789653619312,20683,775,185022,CONFIRMED,
1128,0xa0Ee7A142d267C1f36714E4a8F75612F20a79720,2156,0x80eff62d47ff475fa59668fdcece2d554967d1e8e1206923a7cd039dc82bab45,1789653598653,1789653598665,1789653619313,20660,775,185010,CONFIRMED,
1129,0xBcd4042DE499D14e55001CcbB24a551F3b954096,2156,0xec1130b54c7fb3c36d158a7ee125e4f2d7465d3455b1e6e262b2d5e0f51f3ed2,1789653598653,1789653598666,1789653619314,20661,775,185010,CONFIRMED,
1130,0x71bE63f3384f5fb98995898A86B02Fb2426c5788,2156,0x672732111fa68987d3764b8b738f566f3c815e472214a5c209395c52cd5b1f00,1789653598659,1789653598668,1789653619315,20656,775,185022,CONFIRMED,
1131,0xFABB0ac9d68B0B445fB7357272Ff202C5651694a,2156,0x2d516d63c8b0cd72e3aeb740777c3f9a04b0971129a01c3dd7c43473dca65bdf,1789653598677,1789653598685,1789653619315,20638,775,185022,CONFIRMED,
1132,0x1CBd3b2770909D4e10f157cABC84C7264073C9Ec,2156,0x66d00001d2a23f506f21b22dd89feea9d702d6ab01c27323468a473caa0fe9e8,1789653598679,1789653598686,1789653619316,20637,775,185022,CONFIRMED,
1133,0xdF3e18d64BC6A983f673Ab319CCaE4f1a57C7097,2156,0x4df5dfc6d208888d070ae65ffcad1dd6f048d5340159f4506bfb4c68f1fdf6f5,1789653598692,1789653598700,1789653619317,20625,775,185022,CONFIRMED,
1134,0xcd3B766CCDd6AE721141F452C550Ca635964ce71,2156,0x650b65d0c2c19a54c8d34116c4df621006612a64df41028849e312ddc2c97269,1789653598698,1789653598705,1789653619318,20620,775,185022,CONFIRMED,
1135,0x2546BcD3c84621e976D8185a91A922aE77ECEc30,2156,0xff61ffbbb964459ccec3e31fc6e650a96c668d3b748fb88e296452853deeeda5,1789653598724,1789653598734,1789653619318,20594,775,185022,CONFIRMED,
1136,0xbDA5747bFD65F08deb54cb465eB87D40e51B197E,2156,0x2f1bdd1fe9907685ed0c870e527d32108dcb14b1e0d31bf37600f02018abbb59,1789653598724,1789653598735,1789653619319,20595,775,185022,CONFIRMED,
1137,0xdD2FD4581271e230360230F9337D5c0430Bf44C0,2156,0x3ddbe0cef121c15bca1765f06b308e5b9fa00997915af7c75cae0dfa16cc9e64,1789653598730,1789653598736,1789653619320,20590,775,185022,CONFIRMED,
1138,0x8626f6940E2eb28930eFb4CeF49B2d1F2C9C1199,2156,0xb8b376822a817b961a14dbe4348ba283ad0c43cf0d9a14ed4144673dedcc6724,1789653598740,1789653598747,1789653619320,20580,775,185022,CONFIRMED,
1139,0x09DB0a93B389bEF724429898f539AEB7ac2Dd55f,2156,0x94b9b35d26279530b83b043643a27ab63e42bf2d5c5d4b829af2864a94313801,1789653598756,1789653598764,1789653619321,20565,775,185022,CONFIRMED,
1140,0x70997970C51812dc3A010C7d01b50e0d17dc79C8,2157,0x1da4200dca625254a28c1ecf96fc9d5b9346b8407a2062c96ed2cb08b9e3a33c,1789653598759,1789653598766,1789653619322,20563,775,185010,CONFIRMED,
1141,0x3C44CdDdB6a900fa2b585dd299e03d12FA4293BC,2157,0xbc67113b0632d2bd4600bbb1c6c97aed1f32babd364865af17306cb293083e99,1789653598772,1789653598779,1789653619323,20551,775,185010,CONFIRMED,
1142,0x90F79bf6EB2c4f870365E785982E1f101E93b906,2157,0x71969ab81565a296ef7b7d61469d3d95e6802630baf7ed1b5770caa29f9c4a18,1789653598779,1789653598784,1789653619324,20545,775,185022,CONFIRMED,
1143,0x15d34AAf54267DB7D7c367839AAf71A00a2C6A65,2157,0x3bfeb3a92a0ed02cf0e33c0e742b2b6a1c5324a1448b837b7f3e6b911a2fffd6,1789653598795,1789653598801,1789653619325,20530,775,185010,CONFIRMED,
1144,0x9965507D1a55bcC2695C58ba16FB37d819B0A4dc,2157,0x4eb6e24e213e4a9268b6afa50c89b08885e51448f86532e5ebbca1b4b3655768,1789653598800,1789653598807,1789653619326,20526,775,185022,CONFIRMED,
1145,0x976EA74026E726554dB657fA54763abd0C3a0aa9,2157,0x4e008a2297abfc3465245d1b47c4fd40a553de1c73b52f0632f0aadc6fcd8a09,1789653598808,1789653598815,1789653619327,20519,775,185022,CONFIRMED,
1146,0x14dC79964da2C08b23698B3D3cc7Ca32193d9955,2157,0x10fefbc91728df84e35e0ae97e22c1f6d66f16dfe3550627409154e9283cb4be,1789653598824,1789653598833,1789653619328,20504,775,185010,CONFIRMED,
1147,0x23618e81E3f5cdF7f54C3d65f7FBc0aBf5B21E8f,2157,0x62e50c3d1698ef6c44d35ca014ace529056c002c6358321d441707a4a061d3ea,1789653598829,1789653598835,1789653619330,20501,775,185022,CONFIRMED,
1148,0xa0Ee7A142d267C1f36714E4a8F75612F20a79720,2157,0x42d476e183d63a687dbd130531ed31793f867af142aee1fcade43e0f3bf566c8,1789653598840,1789653598852,1789653619333,20493,775,185010,CONFIRMED,
1149,0xBcd4042DE499D14e55001CcbB24a551F3b954096,2157,0x1c0210da7e1d02f687c17a31a91fc88b64477a684cdc1ed732a5558ae976e25b,1789653598850,1789653598856,1789653619335,20485,775,185010,CONFIRMED,
1150,0x71bE63f3384f5fb98995898A86B02Fb2426c5788,2157,0xf4ce4bf7bd857f8d4e5ac7e9cd648ab70a96f993b2a3e2c107dda279f3842925,1789653598867,1789653598875,1789653619337,20470,775,185022,CONFIRMED,
1151,0xFABB0ac9d68B0B445fB7357272Ff202C5651694a,2157,0x3434894569abcd7695a95e16345e102f54e6ff3211f9c9c4310cf14a0f7d5913,1789653598870,1789653598877,1789653619338,20468,775,185022,CONFIRMED,
1152,0x1CBd3b2770909D4e10f157cABC84C7264073C9Ec,2157,0x64a06831b9b16a2e81e99b230afaf205ed2a33142ff4705586ac028a0519c704,1789653598889,1789653598895,1789653619340,20451,775,185022,CONFIRMED,
1153,0xdF3e18d64BC6A983f673Ab319CCaE4f1a57C7097,2157,0xb98e49e0b2e1b8929e9008ea7d2024afedfa54d87c6b503e2b6ba40ce06fbf53,1789653598889,1789653598895,1789653619341,20452,775,185010,CONFIRMED,
1154,0xcd3B766CCDd6AE721141F452C550Ca635964ce71,2157,0x3b802cadef6e2803503c82682bf8d075affb3a114db163667d2b6a2b9f284cd8,1789653598905,1789653598909,1789653619343,20438,775,185022,CONFIRMED,
1155,0x2546BcD3c84621e976D8185a91A922aE77ECEc30,2157,0x904669ac28a8808853fed440ed94654c7c3751252597da0a8805157dbec99a61,1789653598909,1789653598914,1789653619343,20434,775,185022,CONFIRMED,
1156,0xbDA5747bFD65F08deb54cb465eB87D40e51B197E,2157,0x6455ceac85e51b96c84e7f251b1f0c4d2ae5f8f214eb3a62242e7baead31e475,1789653598921,1789653598926,1789653619344,20423,775,185022,CONFIRMED,
1157,0xdD2FD4581271e230360230F9337D5c0430Bf44C0,2157,0x99ccbe65c7c82484af55ec9b566fea71c113467b430be21e6d5556099d522b8a,1789653598937,1789653598942,1789653619346,20409,775,185022,CONFIRMED,
1158,0x8626f6940E2eb28930eFb4CeF49B2d1F2C9C1199,2157,0x1e30355e41811621cde6c08a14c91bc96396b7b320ecebc8fc15602582024fc9,1789653598939,1789653598946,1789653619347,20408,775,185022,CONFIRMED,
1159,0x09DB0a93B389bEF724429898f539AEB7ac2Dd55f,2157,0xe45832f8699b26d14eb429519d2781343847438b7ee134a748050630b108c0e3,1789653598952,1789653598959,1789653619349,20397,775,184998,CONFIRMED,
1160,0x70997970C51812dc3A010C7d01b50e0d17dc79C8,2158,0x156becc21c0a3f9e04c75b3ce02954abdb3126e41ea9dfbee244a1e521a7924b,1789653598959,1789653598985,1789653619350,20391,775,185010,CONFIRMED,
1161,0x3C44CdDdB6a900fa2b585dd299e03d12FA4293BC,2158,0x37aaa64254ad5f7b212f64b629a67edbf9e71c5ce42fa17dcedcf4ff7a772f72,1789653598970,1789653598998,1789653619352,20382,775,184998,CONFIRMED,
1162,0x90F79bf6EB2c4f870365E785982E1f101E93b906,2158,0x37974803d04d581d362838b5009e20304102a32a8d0f57394555220918967b15,1789653598985,1789653598998,1789653619354,20369,775,185022,CONFIRMED,
1163,0x15d34AAf54267DB7D7c367839AAf71A00a2C6A65,2158,0x97b2cbe8b9c0a9cae5f3732106c7aa51e53b260bbf1704552f6e3e2d564396d7,1789653598989,1789653599002,1789653619357,20368,775,185022,CONFIRMED,
1164,0x9965507D1a55bcC2695C58ba16FB37d819B0A4dc,2158,0xf12735c04d5fff7b865fc040a26269f22fd1edb7b513e86c74eb684454a1d184,1789653599000,1789653599006,1789653619358,20358,775,185022,CONFIRMED,
1165,0x976EA74026E726554dB657fA54763abd0C3a0aa9,2158,0x56b882eaf29d0a72f3b0d3c235f89c9e6c558633d4584daaa982d47743c552d2,1789653599009,1789653599016,1789653619359,20350,775,185010,CONFIRMED,
1166,0x14dC79964da2C08b23698B3D3cc7Ca32193d9955,2158,0x7ddb2bbfada727e6486d558955285e501ed42790f7808b24f1be8077ae891e5f,1789653599025,1789653599033,1789653619361,20336,775,185022,CONFIRMED,
1167,0x23618e81E3f5cdF7f54C3d65f7FBc0aBf5B21E8f,2158,0xe4b925a15bd223b1839f974c3773ea80f4c0d311b8596c00cf8e7fa0fce7661d,1789653599030,1789653599035,1789653619362,20332,775,185022,CONFIRMED,
1168,0xa0Ee7A142d267C1f36714E4a8F75612F20a79720,2158,0x41dd93522270c67d22c22cf27c51e96ba7a01dbe76df1ff9384b104d913cc2fe,1789653599041,1789653599049,1789653619362,20321,775,185010,CONFIRMED,
1169,0xBcd4042DE499D14e55001CcbB24a551F3b954096,2158,0x411aa57d311832335fa2d95b4bc6c0bc335861c84a414e453d2fac694115da90,1789653599049,1789653599058,1789653619363,20314,775,184998,CONFIRMED,
1170,0x71bE63f3384f5fb98995898A86B02Fb2426c5788,2158,0x5055939ec88cd3e8296d70762fddf6b1d11764cfc088e64ff88bf20e7e550d65,1789653599065,1789653599071,1789653619364,20299,775,185022,CONFIRMED,
1171,0xFABB0ac9d68B0B445fB7357272Ff202C5651694a,2158,0xfee5b8603768c15f28dafd554dafa5935a2d875789ed96584ef00fb2c48f6f2f,1789653599070,1789653599074,1789653619364,20294,775,185022,CONFIRMED,
1172,0x1CBd3b2770909D4e10f157cABC84C7264073C9Ec,2158,0xc11b104c370bd78d6352e68a74df33bf54428ad62b5b917dfdf659ed315c395d,1789653599082,1789653599090,1789653619365,20283,775,185022,CONFIRMED,
1173,0xdF3e18d64BC6A983f673Ab319CCaE4f1a57C7097,2158,0x504a0b4581fe5aba2f905b58c620c3161fcb21fb4ac5a2e66c8e5454115e5aa3,1789653599090,1789653599097,1789653619366,20276,775,185022,CONFIRMED,
1174,0xcd3B766CCDd6AE721141F452C550Ca635964ce71,2158,0x078a733e2dc72836bfb06072870469da11b9626ad8bb5793777fea66f1bd6fa5,1789653599106,1789653599116,1789653619367,20261,775,185022,CONFIRMED,
1175,0x2546BcD3c84621e976D8185a91A922aE77ECEc30,2158,0xac998f0108971204b72f60f472b1f6ebe7e5dbb5fbcc3458f2e9377e19bbe16e,1789653599110,1789653599119,1789653619368,20258,775,185010,CONFIRMED,
1176,0xbDA5747bFD65F08deb54cb465eB87D40e51B197E,2158,0x02bfcc584cb9c4c51997c17a6db35b4641c34f0e779cb4bb753ac89f76726e66,1789653599119,1789653599124,1789653619369,20250,775,185022,CONFIRMED,
1177,0xdD2FD4581271e230360230F9337D5c0430Bf44C0,2158,0x35963508b980b5379404cd5f2dceab58fbadb73333da8f0ca3b3759b41047c84,1789653599137,1789653599147,1789653619369,20232,775,185022,CONFIRMED,
1178,0x8626f6940E2eb28930eFb4CeF49B2d1F2C9C1199,2158,0x624d40c4333c320c33b0cc128815f342ec2f5ec488ffbbe0c6351cf163bf8baa,1789653599141,1789653599147,1789653619370,20229,775,185022,CONFIRMED,
1179,0x09DB0a93B389bEF724429898f539AEB7ac2Dd55f,2158,0xbc0fd2c81cb38ce6537f308adf4f7e90e333a2e5aa2dd1d2f3ce9dfbb62821fb,1789653599153,1789653599156,1789653619371,20218,775,185022,CONFIRMED,
1180,0x70997970C51812dc3A010C7d01b50e0d17dc79C8,2159,0xb71403beb6c9972bbf565d7fa0e81ab76efb48710c5b3ed51fb187c7ae1036d2,1789653599169,1789653599173,1789653619371,20202,775,185010,CONFIRMED,
1181,0x3C44CdDdB6a900fa2b585dd299e03d12FA4293BC,2159,0xaf913d208594853c322c62302bd47462ee0d0655075838db8da1401f37596850,1789653599169,1789653599173,1789653619372,20203,775,185010,CONFIRMED,
1182,0x90F79bf6EB2c4f870365E785982E1f101E93b906,2159,0x938191e8f76bae25ee43b5d49e902cf1e125c0f3ade25cde1594602d28174ea8,1789653599184,1789653600757,1789653619373,20189,776,185022,CONFIRMED,
1183,0x15d34AAf54267DB7D7c367839AAf71A00a2C6A65,2159,0x4f2175e18ecc8f9a2d92e8cf21e5c9ad77c633b4ddf1d445443ae91bfe977d1c,1789653599194,1789653600759,1789653619375,20181,776,185010,CONFIRMED,
1184,0x9965507D1a55bcC2695C58ba16FB37d819B0A4dc,2159,0x5f1597c6c4a2476558825f03a0b22adacad4974757e0572006c9ae31c02fdf5b,1789653599211,1789653600762,1789653619376,20165,776,185022,CONFIRMED,
1185,0x976EA74026E726554dB657fA54763abd0C3a0aa9,2159,0x874388d4cf3a4cc236b4955fd11228e8734bd0b3e5c3f380a1460ce2ccec4a19,1789653599211,1789653600766,1789653619377,20166,776,185010,CONFIRMED,
1186,0x14dC79964da2C08b23698B3D3cc7Ca32193d9955,2159,0xb023944c78dc741c08c7bcb80e80475c7d6d7be3129b57c4233476c5af7c2c67,1789653599233,1789653600768,1789653619380,20147,776,185010,CONFIRMED,
1187,0x23618e81E3f5cdF7f54C3d65f7FBc0aBf5B21E8f,2159,0x7dc9b6ae6b66437d515ea09a65ba59b2733d1f2eaa735326aea5e3e988d6f622,1789653599233,1789653600771,1789653619384,20151,776,185022,CONFIRMED,
1188,0xa0Ee7A142d267C1f36714E4a8F75612F20a79720,2159,0x86368b4f080c895784fed22353b515cd586daac31649829356f25e7dbb68b559,1789653599249,1789653600773,1789653619386,20137,776,185010,CONFIRMED,
1189,0xBcd4042DE499D14e55001CcbB24a551F3b954096,2159,0x9c25d0e989b39d743e4a6a11d96a5a964d884392504e1ed64cccee2824564d30,1789653599249,1789653600775,1789653619387,20138,776,184998,CONFIRMED,
1190,0x71bE63f3384f5fb98995898A86B02Fb2426c5788,2159,0x255c3d5664b37dadda6e0a7d47c781caa22f4af8564390521c2b1eae5987bc81,1789653599265,1789653600781,1789653619388,20123,776,185022,CONFIRMED,
1191,0xFABB0ac9d68B0B445fB7357272Ff202C5651694a,2159,0xb94ce46abbc669b23feea11d53a3e7f1d700c47dde8fb1df8016048fcbd984e1,1789653599280,1789653600783,1789653619390,20110,776,185022,CONFIRMED,
1192,0x1CBd3b2770909D4e10f157cABC84C7264073C9Ec,2159,0xe0454c7e34c83f1e8234f2db476c8e2e7bf6d45f70c53a3687093e0b8b99d28f,1789653599280,1789653600788,1789653619391,20111,776,184998,CONFIRMED,
1193,0xdF3e18d64BC6A983f673Ab319CCaE4f1a57C7097,2159,0xbdcc665e2655d7b911128775122921eb26b8c9535dc2b8992c10e8556e13defc,1789653599297,1789653600785,1789653619393,20096,776,185022,CONFIRMED,
1194,0xcd3B766CCDd6AE721141F452C550Ca635964ce71,2159,0xb50c94514683becc11763f08012111d3d56225fc1d81e1f156eef56be0fb19e8,1789653599300,1789653600791,1789653619393,20093,776,185022,CONFIRMED,
1195,0x2546BcD3c84621e976D8185a91A922aE77ECEc30,2159,0x68f67e5218493f3c86c1e6e07341488097a4870348aed0d0cb7d9dfcc97ec7e3,1789653599321,1789653600795,1789653619395,20074,776,185022,CONFIRMED,
1196,0xbDA5747bFD65F08deb54cb465eB87D40e51B197E,2159,0xe4740174e1b5ff81af8b16ef77baf993b8471a8460bb77ad702b2daa9be7341c,1789653599321,1789653600799,1789653619396,20075,776,185022,CONFIRMED,
1197,0xdD2FD4581271e230360230F9337D5c0430Bf44C0,2159,0xf7d176a16ffc20c76f38621fa667bc5c4115e35822b2ba65ccbe47e3f4d04b17,1789653599329,1789653600802,1789653619397,20068,776,185022,CONFIRMED,
1198,0x8626f6940E2eb28930eFb4CeF49B2d1F2C9C1199,2159,0x64d6339cca8855d6a16af906965eeba4bc1e97c57eaeb3dba2776333767b9679,1789653599345,1789653600804,1789653619399,20054,776,185022,CONFIRMED,
1199,0x09DB0a93B389bEF724429898f539AEB7ac2Dd55f,2159,0xe728bea65d4d9be2d77e010974856db6129c672add0854f09dd417f343be8034,1789653599361,1789653600806,1789653619400,20039,776,185022,CONFIRMED,
1200,0x70997970C51812dc3A010C7d01b50e0d17dc79C8,2160,0x3c93103694d9608429548e40364d59e79aee25f24af1d252561af23eacf78833,1789653599361,1789653600808,1789653619402,20041,776,185010,CONFIRMED,
1201,0x3C44CdDdB6a900fa2b585dd299e03d12FA4293BC,2160,0x53b80101636b2b94e939a139cebde59be708f9aa8e096ff28583e153b53c1ba9,1789653599377,1789653600811,1789653619404,20027,776,185010,CONFIRMED,
1202,0x90F79bf6EB2c4f870365E785982E1f101E93b906,2160,0x9bdfb3fda9b15e9127ca139cd2b02f2ff77764e73e9a0374c01a29c1bce82ca4,1789653599379,1789653600851,1789653619407,20028,776,185022,CONFIRMED,
1203,0x15d34AAf54267DB7D7c367839AAf71A00a2C6A65,2160,0x65df229df0a64dc521da5ac8efca66994b92b3ad2f5ce3a9fa0e19f6cc79f003,1789653599392,1789653600854,1789653619408,20016,776,185022,CONFIRMED,
1204,0x9965507D1a55bcC2695C58ba16FB37d819B0A4dc,2160,0x5b57d1c06408ea1a84521fd6c7519fc04a285a17591990d5de8a51f830d015a7,1789653599401,1789653600856,1789653619410,20009,776,185022,CONFIRMED,
1205,0x976EA74026E726554dB657fA54763abd0C3a0aa9,2160,0x8ac7bb8ae6d8b8ba01d83af3900c10c7c67429172b9ce6b46c20ac3269427ba8,1789653599411,1789653600858,1789653619411,20000,776,185022,CONFIRMED,
1206,0x14dC79964da2C08b23698B3D3cc7Ca32193d9955,2160,0x189ae8ed59380fc5f30b1a543ab4dd9927309ce53686b1ca6fcc5436e0b3ed7f,1789653599425,1789653600861,1789653619412,19987,776,185022,CONFIRMED,
1207,0x23618e81E3f5cdF7f54C3d65f7FBc0aBf5B21E8f,2160,0x0b356935f8a9f73ab60fdb39811c8706b8b6c7b075fdfdc0bcdff4316fe359b7,1789653599433,1789653600863,1789653619413,19980,776,185010,CONFIRMED,
1208,0xa0Ee7A142d267C1f36714E4a8F75612F20a79720,2160,0x23921859e81e09c95010c3200a211180cdc5e291c5928fd9bfdc0c4b2cce5955,1789653599458,1789653600865,1789653619413,19955,776,185010,CONFIRMED,
1209,0xBcd4042DE499D14e55001CcbB24a551F3b954096,2160,0xb6c73dd32c4592602f0b5f9bb36ab72308e4e73e00a91dc1e9dad2f5a0d55775,1789653599458,1789653600868,1789653619414,19956,776,185010,CONFIRMED,
1210,0x71bE63f3384f5fb98995898A86B02Fb2426c5788,2160,0xe59455a57019fa051034aa871de1470cdbdcf75cf20a193fd809ff7570221dbd,1789653599466,1789653600870,1789653619416,19950,776,185022,CONFIRMED,
1211,0xFABB0ac9d68B0B445fB7357272Ff202C5651694a,2160,0x8ba4dcc71f0e3f66a9d4f0ea4789e3d79950c0079769a62bd08131b935b9a36b,1789653599499,1789653600878,1789653619419,19920,776,185022,CONFIRMED,
1212,0x1CBd3b2770909D4e10f157cABC84C7264073C9Ec,2160,0x7e3ea62257e09efc5e43faf91330b9ef8b500b64483dc99e7a6089d6458168b8,1789653599500,1789653600885,1789653619421,19921,776,185010,CONFIRMED,
1213,0xdF3e18d64BC6A983f673Ab319CCaE4f1a57C7097,2160,0x6247d4ebfc9700b060156478c787ac2e45919ce40f9980764decf7da456e7c8c,1789653599500,1789653600883,1789653619424,19924,776,185022,CONFIRMED,
1214,0xcd3B766CCDd6AE721141F452C550Ca635964ce71,2160,0x3da8df506ae3491524a91467f53e47dab5b0c2ceb456f513d2156583f18291c7,1789653599500,1789653600887,1789653619426,19926,776,185010,CONFIRMED,
1215,0x2546BcD3c84621e976D8185a91A922aE77ECEc30,2160,0xce4b2a8ab18bfb6c6fdf95ae821f5640e36581dda52afd4e175d28aa0427f479,1789653599519,1789653600890,1789653619428,19909,776,184998,CONFIRMED,
1216,0xbDA5747bFD65F08deb54cb465eB87D40e51B197E,2160,0x7ca1da4e33a163412b46c43aea03923c7a32170a58991abd0a7e7087c80b2085,1789653599519,1789653600893,1789653619428,19909,776,185010,CONFIRMED,
1217,0xdD2FD4581271e230360230F9337D5c0430Bf44C0,2160,0xf4227092358d1c3c4d76cb59f7528fa51d0d3b92f3f77f124fa350281ed32228,1789653599568,1789653600897,1789653619430,19862,776,185010,CONFIRMED,
1218,0x8626f6940E2eb28930eFb4CeF49B2d1F2C9C1199,2160,0x205736223f32c05db17bcafdf1b0627130ea0d5590fbd4a48f2bf95f2b3300a6,1789653599569,1789653600899,1789653619431,19862,776,185022,CONFIRMED,
1219,0x09DB0a93B389bEF724429898f539AEB7ac2Dd55f,2160,0x9bd95407a5467785e2405aa1453a5bc664445808a499be6514b1346ffa7112de,1789653599569,1789653600901,1789653619431,19862,776,185022,CONFIRMED,
1220,0x70997970C51812dc3A010C7d01b50e0d17dc79C8,2161,0x50d2bda52bc079216516240d337bc7ab32a0a778e6ddec711d2dfed49333a10c,1789653599569,1789653600903,1789653619432,19863,776,185010,CONFIRMED,
1221,0x3C44CdDdB6a900fa2b585dd299e03d12FA4293BC,2161,0xfae4f9bb8a4e80fa4b9d9a2614b3a41b50e6e0f4a3b6a415649772e4e896cd57,1789653599569,1789653600905,1789653619433,19864,776,185010,CONFIRMED,
1222,0x90F79bf6EB2c4f870365E785982E1f101E93b906,2161,0xb008f39f48dabbc9fc387c3a1d973f5004761044fda3a10cf176079021d90e53,1789653599619,1789653600955,1789653619434,19815,776,185010,CONFIRMED,
1223,0x15d34AAf54267DB7D7c367839AAf71A00a2C6A65,2161,0x90aab67ba2e0aaa33d722794229c23f33990c733eb744949d8e0230d7d2dbe14,1789653599619,1789653600957,1789653619434,19815,776,185022,CONFIRMED,
1224,0x9965507D1a55bcC2695C58ba16FB37d819B0A4dc,2161,0xe65efcd81e921d8cfbdfcfadcf4f016c2aebf2427b523e22776c4f3944e1c36f,1789653599619,1789653600959,1789653619435,19816,776,185022,CONFIRMED,
1225,0x976EA74026E726554dB657fA54763abd0C3a0aa9,2161,0x2c7c047abcedf72515a80b3181f59c033bb72e43b0703a573f2646658ac451d4,1789653599619,1789653600962,1789653619436,19817,776,185010,CONFIRMED,
1226,0x14dC79964da2C08b23698B3D3cc7Ca32193d9955,2161,0x44ddf82b3a2b5b8d335f5eb944cd0ec087e3596688feefe143f78e3f238dd405,1789653599619,1789653600964,1789653619437,19818,776,185022,CONFIRMED,
1227,0x23618e81E3f5cdF7f54C3d65f7FBc0aBf5B21E8f,2161,0x36151c19d153eb0114f4926f8b8eb787c61afd0946286e1dd5459f19aac3ce06,1789653599666,1789653600966,1789653619437,19771,776,185022,CONFIRMED,
1228,0xa0Ee7A142d267C1f36714E4a8F75612F20a79720,2161,0xb4974e18361e3bfc7edb38e7c973149dc9da24b0d662b2fd36798d2625f1a4ed,1789653599666,1789653600968,1789653619439,19773,776,185010,CONFIRMED,
1229,0xBcd4042DE499D14e55001CcbB24a551F3b954096,2161,0xa4c7acbd6c7b78a22eaa4eab02812034b883e24c542ab02a05a1b443d7f8f8d4,1789653599666,1789653600970,1789653619440,19774,776,185010,CONFIRMED,
1230,0x71bE63f3384f5fb98995898A86B02Fb2426c5788,2161,0x38ee72c480d677280eca9131dc23b07f556006a6266468d26aabca62bc3ce6da,1789653599666,1789653600972,1789653619441,19775,776,185022,CONFIRMED,
1231,0xFABB0ac9d68B0B445fB7357272Ff202C5651694a,2161,0x9371da99296a6d96d1473a1ee727339d41fc4bf30d967deeed75166b8831b107,1789653599699,1789653600974,1789653619442,19743,776,185022,CONFIRMED,
1232,0x1CBd3b2770909D4e10f157cABC84C7264073C9Ec,2161,0x7bc89db5eae8430190f08e3d62d4d32e199e88b583808a7274bc3fe5a8c4e5a4,1789653599699,1789653600981,1789653619442,19743,776,185010,CONFIRMED,
1233,0xdF3e18d64BC6A983f673Ab319CCaE4f1a57C7097,2161,0x5e7cb72ebfc04634dcdf477f00b95d888a63ac8a7d7ae5ca993b4620952b2d5e,1789653599699,1789653600976,1789653619443,19744,776,185010,CONFIRMED,
1234,0xcd3B766CCDd6AE721141F452C550Ca635964ce71,2161,0xc52a8b78bdcd50a8331e4605c90be35402c05fb3d35d9f33c446fc1357eb1e6c,1789653599699,1789653600983,1789653619446,19747,776,185010,CONFIRMED,
1235,0x2546BcD3c84621e976D8185a91A922aE77ECEc30,2161,0xfb451181abcd7dcd63a0927fa260d4dc81f8120ce8715d445e1d09152f2ed806,1789653599716,1789653600979,1789653619449,19733,776,185010,CONFIRMED,
1236,0xbDA5747bFD65F08deb54cb465eB87D40e51B197E,2161,0x7d2b45791cf0456c148e3a857ec7195c6f0fab1cf1cf2736e2dec6e05d8b55eb,1789653599728,1789653600987,1789653619450,19722,776,185022,CONFIRMED,
1237,0xdD2FD4581271e230360230F9337D5c0430Bf44C0,2161,0x8971d1c7e05751e886e1efdf464e3a54176e9536e6bade4aa27c8d07ddab50a9,1789653599738,1789653600985,1789653619452,19714,776,185022,CONFIRMED,
1238,0x8626f6940E2eb28930eFb4CeF49B2d1F2C9C1199,2161,0x2ecd38353c7a363898c3759fac5f504d2328d4adcbe9f84b1ac2f6b7f590808e,1789653599766,1789653600989,1789653619453,19687,776,185022,CONFIRMED,
1239,0x09DB0a93B389bEF724429898f539AEB7ac2Dd55f,2161,0x639f34d26806c914e84d28b3649ea2f1e9442841633d15a7cf74a7bfa8a8b187,1789653599766,1789653600991,1789653619454,19688,776,184998,CONFIRMED,
1240,0x70997970C51812dc3A010C7d01b50e0d17dc79C8,2162,0x2a44f8fed80d4e453d1741f3fc3679bdb775a86e7ad2f9dbd3498e0537a971ac,1789653599766,1789653600994,1789653619455,19689,776,185010,CONFIRMED,
1241,0x3C44CdDdB6a900fa2b585dd299e03d12FA4293BC,2162,0x842d05f444bae108f58154676c5c1a4476d54b6ecdd600b5b2917ca0fa5360a6,1789653599771,1789653600997,1789653619458,19687,776,185010,CONFIRMED,
1242,0x90F79bf6EB2c4f870365E785982E1f101E93b906,2162,0x6d0055b4d18aa75d1aad013bcaadc344cc646dffd1c548495becefdceab1d897,1789653599833,1789653601058,1789653619460,19627,776,185022,CONFIRMED,
1243,0x15d34AAf54267DB7D7c367839AAf71A00a2C6A65,2162,0xfaf5daa3635d1f983d984662196ba5933096d9745837a194db67e00ece6bba50,1789653599833,1789653601063,1789653619461,19628,776,185022,CONFIRMED,
1244,0x9965507D1a55bcC2695C58ba16FB37d819B0A4dc,2162,0x7cf406ec1e5f7d267a99a3cd2684c827b0cd75bbebf1e7690785f5cb56730d20,1789653599833,1789653601067,1789653619462,19629,776,185022,CONFIRMED,
1245,0x976EA74026E726554dB657fA54763abd0C3a0aa9,2162,0x48e21cf82fedfdc4d92bf9f1792cac306f9463765c4f19553a2dc1f0574f7c92,1789653599833,1789653601070,1789653619462,19629,776,185022,CONFIRMED,
1246,0x14dC79964da2C08b23698B3D3cc7Ca32193d9955,2162,0x7f713e81089c1f2ae48e2eda16b98a469c34aa9ec349db4a67ab285c05afba24,1789653599833,1789653601072,1789653619463,19630,776,185010,CONFIRMED,
1247,0x23618e81E3f5cdF7f54C3d65f7FBc0aBf5B21E8f,2162,0x60802ca5d32fc71aa43f04256b2c985b3fe09510b4ec992c12d25ff105367eae,1789653599833,1789653601075,1789653619465,19632,776,185022,CONFIRMED,
1248,0xa0Ee7A142d267C1f36714E4a8F75612F20a79720,2162,0xf1b49579bccd10ca103027769950dd8cb5f91de278f27cce25ad4eb21ef6916a,1789653599853,1789653601079,1789653619468,19615,776,185010,CONFIRMED,
1249,0xBcd4042DE499D14e55001CcbB24a551F3b954096,2162,0x31f246c7f87ec8b664fe5794acb5a6933d3cb3340e7ed8d9c5fe78190dbcd4ca,1789653599853,1789653601095,1789653619469,19616,776,185010,CONFIRMED,
1250,0x71bE63f3384f5fb98995898A86B02Fb2426c5788,2162,0xd7aee1e9642c0126bac0fc894746b509680d4d87b3483db4b26baa447fd49bae,1789653599860,1789653601082,1789653619474,19614,776,185022,CONFIRMED,
1251,0xFABB0ac9d68B0B445fB7357272Ff202C5651694a,2162,0x2e06db091d70322d0209fc81a7e0bd31edc81a479f88b59e5d71e3a1d8b0c7e8,1789653599891,1789653601084,1789653619475,19584,776,185022,CONFIRMED,
1252,0x1CBd3b2770909D4e10f157cABC84C7264073C9Ec,2162,0x8f7da058b5fe0f3bff236c968d45299d63a8bac18c9cc38a2ca3d45dd70a6578,1789653599891,1789653601091,1789653619477,19586,776,185022,CONFIRMED,
1253,0xdF3e18d64BC6A983f673Ab319CCaE4f1a57C7097,2162,0x8a22fbcb524667ea4008a2b71e2444a1e4a689fc9d2b41a1b801887fd2af88b3,1789653599891,1789653601087,1789653619477,19586,776,185022,CONFIRMED,
1254,0xcd3B766CCDd6AE721141F452C550Ca635964ce71,2162,0x828cb918bb988d703cf2e23a04fd57a0ab69c199d08d16fdeda4ffb876b3b46a,1789653599910,1789653601093,1789653619478,19568,776,185022,CONFIRMED,
1255,0x2546BcD3c84621e976D8185a91A922aE77ECEc30,2162,0x281670acee7796bdbbaf2aa926acf4b07ab4dd7e086be8acb24140ad0344994a,1789653599910,1789653601090,1789653619480,19570,776,185022,CONFIRMED,
1256,0xbDA5747bFD65F08deb54cb465eB87D40e51B197E,2162,0x9bc36f5d57151bb32478e797f19bec40cdc5d73aee8ee817aa3c4cb44d6fb56b,1789653599921,1789653601107,1789653619481,19560,776,185022,CONFIRMED,
1257,0xdD2FD4581271e230360230F9337D5c0430Bf44C0,2162,0x73fa5938d1a2f7469f519e4d2d6e5ad1bd0908b060933d1a7989076b2a0a808c,1789653599949,1789653601097,1789653619482,19533,776,185022,CONFIRMED,
1258,0x8626f6940E2eb28930eFb4CeF49B2d1F2C9C1199,2162,0x0fb64cc177aaab9821e58cd15ecee55be0400e0018d94d3caa08aead5ae10d6b,1789653599949,1789653601103,1789653619483,19534,776,185022,CONFIRMED,
1259,0x09DB0a93B389bEF724429898f539AEB7ac2Dd55f,2162,0xcd5646815538e76bdd9f4315927071c89d3159196d9f3ca7758793a3ce03a9b6,1789653599949,1789653601114,1789653619484,19535,776,185022,CONFIRMED,
1260,0x70997970C51812dc3A010C7d01b50e0d17dc79C8,2163,0x73ef4eb018e9c07e3b820e2145450e32dae00305735f34d9cb5c7d17c98bcae1,1789653599985,1789653601120,1789653619484,19499,776,185010,CONFIRMED,
1261,0x3C44CdDdB6a900fa2b585dd299e03d12FA4293BC,2163,0xb9be61411253657ebad5cb008d9b472e1779b9f4ff8c2d21589b917e0d1e882a,1789653599985,1789653601124,1789653619485,19500,776,185010,CONFIRMED,
1262,0x90F79bf6EB2c4f870365E785982E1f101E93b906,2163,0x6f61846efdbb98fe0847b7390dd5a439de9c3710d599211244f218c620e317f6,1789653599985,1789653601165,1789653619487,19502,776,185022,CONFIRMED,
1263,0x15d34AAf54267DB7D7c367839AAf71A00a2C6A65,2163,0x7afd6293afe4a00ce34504efa0b5eb6aaf8c626e8c01151e3af9ce122d818ee4,1789653600015,1789653601167,1789653619488,19473,776,185010,CONFIRMED,
1264,0x9965507D1a55bcC2695C58ba16FB37d819B0A4dc,2163,0xfa9fbad7f6c595c9c8070cdd08f1021fa874cc629f8386a8ea06bd01b19c71a0,1789653600015,1789653601171,1789653619490,19475,776,185022,CONFIRMED,
1265,0x976EA74026E726554dB657fA54763abd0C3a0aa9,2163,0xdff768d72c2a0d86c411f9ac918e50655d5300709bae7ceb8c8443111ca0a6f6,1789653600015,1789653601173,1789653619492,19477,776,185010,CONFIRMED,
1266,0x14dC79964da2C08b23698B3D3cc7Ca32193d9955,2163,0xfc7cf3d242a7fdd1912cb47885e91f3f790776c067f0fe18b0cf2e8fd7e7f54f,1789653600072,1789653601174,1789653619494,19422,776,185022,CONFIRMED,
1267,0x23618e81E3f5cdF7f54C3d65f7FBc0aBf5B21E8f,2163,0x565d1f2b638bc6f50417ae319a3ade52d907ef619dee8e5ad7f08002130e6a10,1789653600072,1789653601179,1789653619495,19423,776,185022,CONFIRMED,
1268,0xa0Ee7A142d267C1f36714E4a8F75612F20a79720,2163,0xb00bbec328bc6a655267501e91f707779bc596a664d84126b0f061f06091642e,1789653600072,1789653601182,1789653619496,19424,776,185010,CONFIRMED,
1269,0xBcd4042DE499D14e55001CcbB24a551F3b954096,2163,0x3691790eb0da991d1b6fb53a76094200b871639fd18cee18b9adb3a13290733c,1789653600072,1789653601200,1789653619497,19425,776,184998,CONFIRMED,
1270,0x71bE63f3384f5fb98995898A86B02Fb2426c5788,2163,0x35e12dda5063473b25c9e8f3b0002975fd5d519dc1ad826ebac214c12923ce19,1789653600072,1789653601184,1789653619498,19426,776,185022,CONFIRMED,
1271,0xFABB0ac9d68B0B445fB7357272Ff202C5651694a,2163,0x1434008dd087ae442c9b02a309a81d62829506fd15b94bb8ede0446305ce1c75,1789653600072,1789653601186,1789653619499,19427,776,185022,CONFIRMED,
1272,0x1CBd3b2770909D4e10f157cABC84C7264073C9Ec,2163,0x09db862a4bae1065a5ef89e37d1662127beb8ed203a71ff5ddaeca9e2733eb2e,1789653600140,1789653601192,1789653619500,19360,776,185022,CONFIRMED,
1273,0xdF3e18d64BC6A983f673Ab319CCaE4f1a57C7097,2163,0x2ba607b52d5574d5e189366a63828fe1abdbc1305065baeec5d2d33a93654648,1789653600140,1789653601188,1789653619502,19362,776,185022,CONFIRMED,
1274,0xcd3B766CCDd6AE721141F452C550Ca635964ce71,2163,0x56335beb59e3e8cd8f4a9e695594b8fd3244a669289812bff7c6758d72cc0a86,1789653600140,1789653601196,1789653619505,19365,776,185022,CONFIRMED,
1275,0x2546BcD3c84621e976D8185a91A922aE77ECEc30,2163,0xea365e78f113751557e61b6c563e24eeaff178a2a71cc58d9c974435fb870ab0,1789653600140,1789653601191,1789653619508,19368,776,185010,CONFIRMED,
1276,0xbDA5747bFD65F08deb54cb465eB87D40e51B197E,2163,0x454ff2b3d1208413c1cd0dc3a4c0dd7c44816b941649133d78cad4879782016d,1789653600140,1789653601208,1789653619511,19371,776,185010,CONFIRMED,
1277,0xdD2FD4581271e230360230F9337D5c0430Bf44C0,2163,0xe61598dae7dbc9ae470ce09b23314c46e6fc8635990b960d4fbe02a8510c8505,1789653600140,1789653601203,1789653619512,19372,776,185022,CONFIRMED,
1278,0x8626f6940E2eb28930eFb4CeF49B2d1F2C9C1199,2163,0x9fdfde7722ea533b8399b56d0c8150686ec64060ba347ab39eacd7fa232006b6,1789653600140,1789653601206,1789653619513,19373,776,185022,CONFIRMED,
1279,0x09DB0a93B389bEF724429898f539AEB7ac2Dd55f,2163,0xc82fd1a592294fdf6f9102f0558f405ed0e94dacb5dd525354be4b0eea4cc072,1789653600163,1789653601211,1789653619514,19351,776,185022,CONFIRMED,
1280,0x70997970C51812dc3A010C7d01b50e0d17dc79C8,2164,0xec87327de9c5ee0b499c51e0fe13a1bdecea42886cca9f2968ad181872670e92,1789653600163,1789653601215,1789653619515,19352,776,185010,CONFIRMED,
1281,0x3C44CdDdB6a900fa2b585dd299e03d12FA4293BC,2164,0xaf146c71eaf4ce960f99a78460801f2e063b721f45279c6bcb38b8cb8c4b84e5,1789653600184,1789653601217,1789653619515,19331,776,185010,CONFIRMED,
1282,0x90F79bf6EB2c4f870365E785982E1f101E93b906,2164,0x2370c412d43e728616a2a5609bf7cd031719bc53ac0db9971e1aca28312b2659,1789653600184,1789653601358,1789653619516,19332,777,185022,CONFIRMED,
1283,0x15d34AAf54267DB7D7c367839AAf71A00a2C6A65,2164,0x4838d816bd34d3af1c3418837d7ddcb9115be39cfa1294d816618238269cbb19,1789653600200,1789653601360,1789653619517,19317,777,185022,CONFIRMED,
1284,0x9965507D1a55bcC2695C58ba16FB37d819B0A4dc,2164,0x700e479d9c6e4e227e89a0c69500b13a72abd56182c1e854a832e0a3c2c58e35,1789653600200,1789653601363,1789653619518,19318,777,185022,CONFIRMED,
1285,0x976EA74026E726554dB657fA54763abd0C3a0aa9,2164,0x95b49d1b4a1f9a033449d0a13905e742e2176421b36ceebe1c17809a787946dd,1789653600219,1789653601365,1789653619519,19300,777,185022,CONFIRMED,
1286,0x14dC79964da2C08b23698B3D3cc7Ca32193d9955,2164,0x9d0d3af451b4c03a8b68f39818f7cc411e2cd75b3e4a9bcf4ae5411d5c719fcf,1789653600219,1789653601367,1789653619519,19300,777,185022,CONFIRMED,
1287,0x23618e81E3f5cdF7f54C3d65f7FBc0aBf5B21E8f,2164,0xd724a9ae6faeb99b0b1c50a370fb474a253ffef496158b489a09c58fcc4a935c,1789653600232,1789653601368,1789653619520,19288,777,185010,CONFIRMED,
1288,0xa0Ee7A142d267C1f36714E4a8F75612F20a79720,2164,0x954aeb70b9cfe46befce58d7933f49180d6da5b16f343bdf622d7eea429567b9,1789653600255,1789653601369,1789653619521,19266,777,185010,CONFIRMED,
1289,0xBcd4042DE499D14e55001CcbB24a551F3b954096,2164,0xfc58f15615c5d21733517a77347a2ff0603c19b17f82f20d4733a757a1ce4d78,1789653600263,1789653601381,1789653619522,19259,777,185010,CONFIRMED,
1290,0x71bE63f3384f5fb98995898A86B02Fb2426c5788,2164,0x606426d3a1b1fd7b84464425bd98432c68f06012bcede938a84f90fe2bb174b0,1789653600263,1789653601371,1789653619523,19260,777,185022,CONFIRMED,
1291,0xFABB0ac9d68B0B445fB7357272Ff202C5651694a,2164,0x4136113266faf9277ef7864494c7da121dbf70ee4c16a13b23dcaf6d6ab7340e,1789653600278,1789653601372,1789653619524,19246,777,185022,CONFIRMED,
1292,0x1CBd3b2770909D4e10f157cABC84C7264073C9Ec,2164,0xe295c661cd8a23fe88b057ab903210de7d4fa0e820cb75fabf80d14f80d6b2a1,1789653600279,1789653601377,1789653619525,19246,777,185010,CONFIRMED,
1293,0xdF3e18d64BC6A983f673Ab319CCaE4f1a57C7097,2164,0xa56055985491e6c59875d9ad3b3fd38bbcb6d4d76cdd6c3ffb2da86a165e7ce8,1789653600300,1789653601374,1789653619526,19226,777,185022,CONFIRMED,
1294,0xcd3B766CCDd6AE721141F452C550Ca635964ce71,2164,0xc270c3ddf657afe7ebe44ce0e8a71c02d77c8ba58964f3da7314fc8be734b8b6,1789653600300,1789653601380,1789653619527,19227,777,185022,CONFIRMED,
1295,0x2546BcD3c84621e976D8185a91A922aE77ECEc30,2164,0x099907aebe263b223bbb93ad752dc709abd7226bf120717efec19434935721b2,1789653600334,1789653601375,1789653619528,19194,777,185022,CONFIRMED,
1296,0xbDA5747bFD65F08deb54cb465eB87D40e51B197E,2164,0x5a3faccfca0674e5085de28531ecc8a6f68c689e1279932b82d2f6295f1545a6,1789653600334,1789653601385,1789653619529,19195,777,185022,CONFIRMED,
1297,0xdD2FD4581271e230360230F9337D5c0430Bf44C0,2164,0x39cbdb7ddacab2ce55693becf76eb4787831c72386f50d42f706a143bf0d0bd0,1789653600334,1789653601382,1789653619531,19197,777,185022,CONFIRMED,
1298,0x8626f6940E2eb28930eFb4CeF49B2d1F2C9C1199,2164,0x52443324e9643043dad4a4e71d920e3705c811e81e83c4f201c8ed4098a8bbfb,1789653600365,1789653601384,1789653619533,19168,777,185022,CONFIRMED,
1299,0x09DB0a93B389bEF724429898f539AEB7ac2Dd55f,2164,0x14079f2065ce318073786ef8fd571fb92f576c7047e125b905f36d881427976f,1789653600365,1789653601386,1789653619537,19172,777,185022,CONFIRMED,
1300,0x70997970C51812dc3A010C7d01b50e0d17dc79C8,2165,0x8aa4c8a38420dfce0aa0b02820ee5c19cb45e5b300205d7916cc4f2c5290a07c,1789653600365,1789653601389,1789653619538,19173,777,184998,CONFIRMED,
1301,0x3C44CdDdB6a900fa2b585dd299e03d12FA4293BC,2165,0xb3144dad8a58884bbdb037917e27246b64e7276adeaf688aa06ea480ad4b4710,1789653600372,1789653601390,1789653619540,19168,777,185010,CONFIRMED,
1302,0x90F79bf6EB2c4f870365E785982E1f101E93b906,2165,0x1c80c2fc466403ea52e072194d029144f06882f0bea2b6252ea8123a473e02c8,1789653600393,1789653601406,1789653619541,19148,777,185022,CONFIRMED,
1303,0x15d34AAf54267DB7D7c367839AAf71A00a2C6A65,2165,0x591b5d521e034d1556fcb7b1f165639f4905a4fd477e8189f3d0c721a51974c5,1789653600394,1789653601408,1789653619543,19149,777,185022,CONFIRMED,
1304,0x9965507D1a55bcC2695C58ba16FB37d819B0A4dc,2165,0xc104f7dbb30fb02edb314a9657ae255a2c918d0a127be79bac2b8ab9fe692004,1789653600411,1789653601410,1789653619544,19133,777,185010,CONFIRMED,
1305,0x976EA74026E726554dB657fA54763abd0C3a0aa9,2165,0x729e44f3ab5c5d88267a210e6b2d7be614798dd2555c040914577279245f7d3f,1789653600411,1789653601412,1789653619545,19134,777,185022,CONFIRMED,
1306,0x14dC79964da2C08b23698B3D3cc7Ca32193d9955,2165,0xe3b61a1d124eedde58a893f7fab46733f26b10119140023524dbceb6dc03f0ac,1789653600426,1789653601413,1789653619545,19119,777,185022,CONFIRMED,
1307,0x23618e81E3f5cdF7f54C3d65f7FBc0aBf5B21E8f,2165,0xd72c7e68c450db883dd230a6500027976d69f79be6c0f5e5bf226e04a62d576e,1789653600434,1789653601414,1789653619546,19112,777,185022,CONFIRMED,
1308,0xa0Ee7A142d267C1f36714E4a8F75612F20a79720,2165,0x83ad20643ac93188aa14155fe6c07789214e67d3831a45d32e0f64de9886722b,1789653600445,1789653601415,1789653619547,19102,777,185010,CONFIRMED,
1309,0xBcd4042DE499D14e55001CcbB24a551F3b954096,2165,0xa34edb9b21c07a7dc91be9f394c9b61fe638adef612dc21df93ec55eca6dd69d,1789653600459,1789653601422,1789653619548,19089,777,185010,CONFIRMED,
1310,0x71bE63f3384f5fb98995898A86B02Fb2426c5788,2165,0x2010a1efa1b7c18b9119e8ddec6defaf3ebc3939361fab54084935b1a0261cf8,1789653600459,1789653601416,1789653619549,19090,777,185022,CONFIRMED,
1311,0xFABB0ac9d68B0B445fB7357272Ff202C5651694a,2165,0xe4560e44cf60c7a8ca7671b0c0b46e6031bb6271e9b3a75eacd2c4cdce95b9c1,1789653600475,1789653601417,1789653619550,19075,777,185022,CONFIRMED,
1312,0x1CBd3b2770909D4e10f157cABC84C7264073C9Ec,2165,0xd8a86f7c80f40d32d8e599dbd7f41b91f13a2cc393b5d873d88ae02857ad48c3,1789653600484,1789653601420,1789653619551,19067,777,185022,CONFIRMED,
1313,0xdF3e18d64BC6A983f673Ab319CCaE4f1a57C7097,2165,0xfadf3b89a9319727db181a38a5a5354559a9d8524bf55acf78ad288b7448f870,1789653600495,1789653601418,1789653619552,19057,777,185022,CONFIRMED,
1314,0xcd3B766CCDd6AE721141F452C550Ca635964ce71,2165,0xa5fa140f86130c0b1b52a34cdf965beb8ce71efcf0d303e609b20e3e1f609556,1789653600505,1789653601421,1789653619553,19048,777,185022,CONFIRMED,
1315,0x2546BcD3c84621e976D8185a91A922aE77ECEc30,2165,0x4160ffb68691fa66e843806dac31bfc6c69a1df0c3d95dc97f26c89b179f44d4,1789653600524,1789653601419,1789653619554,19030,777,185010,CONFIRMED,
1316,0xbDA5747bFD65F08deb54cb465eB87D40e51B197E,2165,0xb4d3d8991d73584ac888c6118526719dd2f186b898d155181e040cfabeb5d3d1,1789653600524,1789653601425,1789653619555,19031,777,185022,CONFIRMED,
1317,0xdD2FD4581271e230360230F9337D5c0430Bf44C0,2165,0x0e01f8f3c934e4f2818bb0a9cc80712d8f91b314371b8b3584dcde3649fad2f0,1789653600541,1789653601423,1789653619556,19015,777,185022,CONFIRMED,
1318,0x8626f6940E2eb28930eFb4CeF49B2d1F2C9C1199,2165,0x9e1516c0c8104e94f309fdf4a04a93af49f71426649be5d82045a808647d850b,1789653600541,1789653601424,1789653619558,19017,777,185022,CONFIRMED,
1319,0x09DB0a93B389bEF724429898f539AEB7ac2Dd55f,2165,0xc20865f6be6de100e742380d14b546853dd6ee74c00773a7317d63fb724da12a,1789653600564,1789653601427,1789653619560,18996,777,185022,CONFIRMED,
1320,0x70997970C51812dc3A010C7d01b50e0d17dc79C8,2166,0x245d1ae7b336e54538eda0113edc4f81a41b2a0b061338243df0bc14fb5dfeef,1789653600564,1789653601430,1789653619561,18997,777,185010,CONFIRMED,
1321,0x3C44CdDdB6a900fa2b585dd299e03d12FA4293BC,2166,0x4ea301cd8d0d7d696bcd8dc323b31da41702cd8ab01aa7b8e039fb723890daeb,1789653600572,1789653601431,1789653619562,18990,777,184998,CONFIRMED,
1322,0x90F79bf6EB2c4f870365E785982E1f101E93b906,2166,0x3d4c64e88b76f04b9bf04b8988d456453cc7cee8819c8814c2927b745ed7fa84,1789653600583,1789653601442,1789653619563,18980,777,185022,CONFIRMED,
1323,0x15d34AAf54267DB7D7c367839AAf71A00a2C6A65,2166,0x8dd799c69bcf7f84f506ddd5634faebdfa4033c97e380b9d81b060ddd3625610,1789653600597,1789653601444,1789653619564,18967,777,185022,CONFIRMED,
1324,0x9965507D1a55bcC2695C58ba16FB37d819B0A4dc,2166,0x5b42cdc93907dd1dd4e4cb2ac6ab2ddef41901a82f5c6272b333beaee873cd88,1789653600615,1789653601446,1789653619566,18951,777,185022,CONFIRMED,
1325,0x976EA74026E726554dB657fA54763abd0C3a0aa9,2166,0x69d9b0b1f1d99e1f89b06ae18683028da765e98595b4b7081b549782b3e31971,1789653600615,1789653601447,1789653619569,18954,777,185010,CONFIRMED,
1326,0x14dC79964da2C08b23698B3D3cc7Ca32193d9955,2166,0xdfb894ae5ef0a5519286d975efcfde50f52eebb2db283b8d3a1b640b9545efdc,1789653600620,1789653601448,1789653619572,18952,777,185010,CONFIRMED,
1327,0x23618e81E3f5cdF7f54C3d65f7FBc0aBf5B21E8f,2166,0x765a49bbd27c2a6c449529cefb87acb47823e944579f2f112d6a2aa2543ff15e,1789653600635,1789653601449,1789653619575,18940,777,184998,CONFIRMED,
1328,0xa0Ee7A142d267C1f36714E4a8F75612F20a79720,2166,0xaeb90ddcf92c2b3fb5a97f82594d3df8ccf7926692ebb0da04122ace3a3bb558,1789653600654,1789653601451,1789653619577,18923,777,185010,CONFIRMED,
1329,0xBcd4042DE499D14e55001CcbB24a551F3b954096,2166,0x90f9cc9aeffecd5190f388b25caea6b5d29fa4b57627e2564fa2d1eca704ac0d,1789653600654,1789653601464,1789653619578,18924,777,185010,CONFIRMED,
1330,0x71bE63f3384f5fb98995898A86B02Fb2426c5788,2166,0xb0ee64a9c03d621ea65bc3dd12a63dcfcc251d04c2a1c63e9f25ba7c45dbe559,1789653600663,1789653601452,1789653619579,18916,777,185022,CONFIRMED,
1331,0xFABB0ac9d68B0B445fB7357272Ff202C5651694a,2166,0xa13c2d9543706f200521f7668362dac9f870666711f073de8b008e4ce4789ed9,1789653600672,1789653601453,1789653619580,18908,777,185010,CONFIRMED,
1332,0x1CBd3b2770909D4e10f157cABC84C7264073C9Ec,2166,0xe8756e0b9964d41c2593954a3a3824d529ee5804558de2e954d12907f81770e5,1789653600682,1789653601459,1789653619581,18899,777,185022,CONFIRMED,
1333,0xdF3e18d64BC6A983f673Ab319CCaE4f1a57C7097,2166,0x8197bb107dc0d5e6561210f57d5ce308e178e213244692f8de3ddd922eaa86c2,1789653600690,1789653601455,1789653619582,18892,777,185022,CONFIRMED,
1334,0xcd3B766CCDd6AE721141F452C550Ca635964ce71,2166,0x09fc3d730508ded5ff2ea6b59bb4aa850b258ceba4aca3034456c451a8eb0d26,1789653600705,1789653601462,1789653619584,18879,777,185022,CONFIRMED,
1335,0x2546BcD3c84621e976D8185a91A922aE77ECEc30,2166,0xcd13d501bba0dcb83da272dcf36e6b14ec87e084f298c99102fc6a3342c9f617,1789653600709,1789653601457,1789653619585,18876,777,185010,CONFIRMED,
1336,0xbDA5747bFD65F08deb54cb465eB87D40e51B197E,2166,0x586bb9faec04d2bbbf6ad9287c18f0006e12bf9876c2a7960a4b704d0830069a,1789653600718,1789653601468,1789653619586,18868,777,185022,CONFIRMED,
1337,0xdD2FD4581271e230360230F9337D5c0430Bf44C0,2166,0xf39c21c7639171d42864c098a1605490fc1c836b969eb155e6cbe6663c999724,1789653600730,1789653601465,1789653619587,18857,777,185022,CONFIRMED,
1338,0x8626f6940E2eb28930eFb4CeF49B2d1F2C9C1199,2166,0xe15321b54cf2fdc85966fe8a0c484694e71bc81d0222b3e2a7cec8a4e38fc7a7,1789653600740,1789653601467,1789653619588,18848,777,185022,CONFIRMED,
1339,0x09DB0a93B389bEF724429898f539AEB7ac2Dd55f,2166,0x8fb9cb208e211e6f5a75baa6527511102f8f73832bb81c633bf3c681e230cc22,1789653600752,1789653601469,1789653619589,18837,777,185022,CONFIRMED,
1340,0x70997970C51812dc3A010C7d01b50e0d17dc79C8,2167,0x5543fe9e1b6500baa637a2f25de9a70960d40c12ffd251f0fc68e85f4e3037d2,1789653600759,1789653601471,1789653619590,18831,777,185010,CONFIRMED,
1341,0x3C44CdDdB6a900fa2b585dd299e03d12FA4293BC,2167,0x6ed1b09b1f20274a61ce1907288858a06a53e22cb3bb8a88dcdb0e4c679c1916,1789653600770,1789653601472,1789653619591,18821,777,185010,CONFIRMED,
1342,0x90F79bf6EB2c4f870365E785982E1f101E93b906,2167,0x9194825954d115bfaa72c7287971eaa8a3d2c62c30646d76f885e848f9d8114f,1789653600780,1789653601486,1789653619592,18812,777,185022,CONFIRMED,
1343,0x15d34AAf54267DB7D7c367839AAf71A00a2C6A65,2167,0xfbbe501d99fe799c238ed5fec92091eb0d031eec4c9cd2cec308ef9280f66bab,1789653600790,1789653601488,1789653619593,18803,777,185022,CONFIRMED,
1344,0x9965507D1a55bcC2695C58ba16FB37d819B0A4dc,2167,0x13aab73e42e33386d7ee67a3d62db613bce51ab60965c5c5ab8e56c41475125b,1789653600801,1789653601490,1789653619594,18793,777,185010,CONFIRMED,
1345,0x976EA74026E726554dB657fA54763abd0C3a0aa9,2167,0xbcbaffe5f2576a608409743a74cd49e2d525e80e52c37133c8bdd87898efba6f,1789653600819,1789653601491,1789653619595,18776,777,185022,CONFIRMED,
1346,0x14dC79964da2C08b23698B3D3cc7Ca32193d9955,2167,0xd22364f2436456c7d4022f93e2e0287ac53dd8f85a670659e8d08ff49b55410c,1789653600819,1789653601492,1789653619597,18778,777,185022,CONFIRMED,
1347,0x23618e81E3f5cdF7f54C3d65f7FBc0aBf5B21E8f,2167,0xedba861456d6032c49ebebbbdcd18e52abe5baad85a1c1d14f78091f5bb1800f,1789653600829,1789653601494,1789653619600,18771,777,185022,CONFIRMED,
1348,0xa0Ee7A142d267C1f36714E4a8F75612F20a79720,2167,0x69c710cfd43050b6b166cfe889ca8be86c78378e4c9f173df0e5c2c0fcfaa270,1789653600839,1789653601496,1789653619602,18763,777,185010,CONFIRMED,
1349,0xBcd4042DE499D14e55001CcbB24a551F3b954096,2167,0x8b968ffb8e472c3deb77ce7d921c83bbde1a38d4b1c71c793fa6bd62bc70db25,1789653600850,1789653601502,1789653619604,18754,777,185010,CONFIRMED,
1350,0x71bE63f3384f5fb98995898A86B02Fb2426c5788,2167,0xa3869b37b7e2f28066d3918f895273fb8c3835a0cf07cca0112cbcd6bdfbe7e8,1789653600870,1789653601497,1789653619606,18736,777,185022,CONFIRMED,
1351,0xFABB0ac9d68B0B445fB7357272Ff202C5651694a,2167,0x8fb28128ca516324463a0c04f76994858b7396212695e02bca39b1e17c7e2beb,1789653600870,1789653601498,1789653619608,18738,777,185022,CONFIRMED,
1352,0x1CBd3b2770909D4e10f157cABC84C7264073C9Ec,2167,0x7511c14feea35442d97cb5c8dd7793b8cd96ed0248b0be3287a4ddba79bb7211,1789653600880,1789653601500,1789653619610,18730,777,185022,CONFIRMED,
1353,0xdF3e18d64BC6A983f673Ab319CCaE4f1a57C7097,2167,0x90ad82a0ca757c3ee553885b8a96b42095f03fb0900238d61697a68f458d6b56,1789653600901,1789653601498,1789653619610,18709,777,185022,CONFIRMED,
1354,0xcd3B766CCDd6AE721141F452C550Ca635964ce71,2167,0x0dc205fe3be00e05921f273164f29e5f5a460943f03a4821ea02f8981d3b5671,1789653600901,1789653601501,1789653619611,18710,777,185022,CONFIRMED,
1355,0x2546BcD3c84621e976D8185a91A922aE77ECEc30,2167,0x4eee2480d65e82bd2ba77c73f094437347099e54034593fa8bbfc038e5cf2edf,1789653600912,1789653601499,1789653619612,18700,777,185022,CONFIRMED,
1356,0xbDA5747bFD65F08deb54cb465eB87D40e51B197E,2167,0x0a79e422592c345320b77aef7c60a4118328060d7d3c84d9738ac1a431e9abea,1789653600922,1789653601506,1789653619613,18691,777,185022,CONFIRMED,
1357,0xdD2FD4581271e230360230F9337D5c0430Bf44C0,2167,0xa84b6de9bbeacf9b3385286fa6e3f122e02dfa32037804bbb3158ea3b5638bad,1789653600932,1789653601503,1789653619614,18682,777,185010,CONFIRMED,
1358,0x8626f6940E2eb28930eFb4CeF49B2d1F2C9C1199,2167,0x1c3532417f705c88ba3b8b5d5ad810b07f4f0d2e30af446b83f98f91696b71b4,1789653600948,1789653601505,1789653619614,18666,777,185022,CONFIRMED,
1359,0x09DB0a93B389bEF724429898f539AEB7ac2Dd55f,2167,0x728d86518bc8a0ca36509e1f395b85ce42fcbed33df2742c49b661be89752418,1789653600950,1789653601507,1789653619615,18665,777,185010,CONFIRMED,
1360,0x70997970C51812dc3A010C7d01b50e0d17dc79C8,2168,0x31eb6941db52293b1a25b754224236cbeb5e7516e317cc22c5874c301ee1eb70,1789653600964,1789653601509,1789653619616,18652,777,185010,CONFIRMED,
1361,0x3C44CdDdB6a900fa2b585dd299e03d12FA4293BC,2168,0x84966484cc00943b332dbedac11c5c9d6d08c6902ccc3946ac72637df72cc988,1789653600981,1789653601511,1789653619617,18636,777,184986,CONFIRMED,
1362,0x90F79bf6EB2c4f870365E785982E1f101E93b906,2168,0x8ad25359115dc78c6562692ae32c3b533d328167ffc311ff3948da1de63a2b9e,1789653600981,1789653601523,1789653619617,18636,777,185022,CONFIRMED,
1363,0x15d34AAf54267DB7D7c367839AAf71A00a2C6A65,2168,0x05c261cc1570025734e70a7bf3cbec5df42c05940222f06dcbe31d2fb4dc01e2,1789653601011,1789653601524,1789653619618,18607,777,185022,CONFIRMED,
1364,0x9965507D1a55bcC2695C58ba16FB37d819B0A4dc,2168,0x8745b4bfab4184b6b43dc2ba50575e961b7a786b003df7cf1e005fe77b8b7bff,1789653601011,1789653601526,1789653619619,18608,777,185022,CONFIRMED,
1365,0x976EA74026E726554dB657fA54763abd0C3a0aa9,2168,0x1a6669e87f7f82e50ae67376c09d5b4cc7ee7f0fa4d5ebea9cf1c66702cdf3ce,1789653601011,1789653601528,1789653619620,18609,777,185022,CONFIRMED,
1366,0x14dC79964da2C08b23698B3D3cc7Ca32193d9955,2168,0x7b5037261b8394d4bd1bc463dc32d4856ee281b07cb098ca090052e129828b25,1789653601037,1789653601529,1789653619620,18583,777,185022,CONFIRMED,
1367,0x23618e81E3f5cdF7f54C3d65f7FBc0aBf5B21E8f,2168,0xc388abdfdabc57ac743979144f3b16e79cd0b0369bde62a9689fd6c6b9d68d3b,1789653601037,1789653601531,1789653619621,18584,777,185022,CONFIRMED,
1368,0xa0Ee7A142d267C1f36714E4a8F75612F20a79720,2168,0xf9d411c6b40528327bc1592083f243bab48829c82a2ee7a2ea1542702a031b9d,1789653601041,1789653601532,1789653619622,18581,777,185010,CONFIRMED,
1369,0xBcd4042DE499D14e55001CcbB24a551F3b954096,2168,0xdd580f9361b5e81925d9c0fc55bdfbd6867e54b5e17d17c72778b74b58979d71,1789653601049,1789653601539,1789653619623,18574,777,185010,CONFIRMED,
1370,0x71bE63f3384f5fb98995898A86B02Fb2426c5788,2168,0x848549c15ffc55a21695489654c799715563de2730e82182972acf151c677d84,1789653601061,1789653601533,1789653619624,18563,777,185010,CONFIRMED,
1371,0xFABB0ac9d68B0B445fB7357272Ff202C5651694a,2168,0x6d3abb7ac6f0e596d06351631cd7c2d825e8379e028c81c9a3b66380a3e4983d,1789653601069,1789653601534,1789653619625,18556,777,185022,CONFIRMED,
1372,0x1CBd3b2770909D4e10f157cABC84C7264073C9Ec,2168,0xded3b1bb02b2e3a107f74150736970e3322c2595e3a0f4b0c0c5d7e7efce2c46,1789653601089,1789653601537,1789653619626,18537,777,185022,CONFIRMED,
1373,0xdF3e18d64BC6A983f673Ab319CCaE4f1a57C7097,2168,0xf23cf636d0391f6b3a7fcdceeaa1539e1e0294d6b1cf8cf643b595f1e68a704b,1789653601089,1789653601535,1789653619627,18538,777,185022,CONFIRMED,
1374,0xcd3B766CCDd6AE721141F452C550Ca635964ce71,2168,0xece1324635f412e3cab985f7230490c73fc87b2cb8e38fbc50b3b33aa129e566,1789653601112,1789653601538,1789653619628,18516,777,185010,CONFIRMED,
1375,0x2546BcD3c84621e976D8185a91A922aE77ECEc30,2168,0xaa64d5203022d13567bdc220df3036d47d27f4007a163acc6f369282d438e257,1789653601112,1789653601536,1789653619629,18517,777,185022,CONFIRMED,
1376,0xbDA5747bFD65F08deb54cb465eB87D40e51B197E,2168,0xcda8a6a9da6931c10625f4a20f7797a0d213d6828918009da634769d934f02ca,1789653601144,1789653601542,1789653619630,18486,777,185010,CONFIRMED,
1377,0xdD2FD4581271e230360230F9337D5c0430Bf44C0,2168,0x046a2fc2e48b9e92fb0cd5c1b05e2a02f0cd4c2efcc6c4323427f7ca3ff2ee71,1789653601144,1789653601540,1789653619632,18488,777,185022,CONFIRMED,
1378,0x8626f6940E2eb28930eFb4CeF49B2d1F2C9C1199,2168,0x0e3267b57ed6a515b3d8d066c95d4b2eb85af728363cbd0a0cdbb94cf30cdefc,1789653601144,1789653601541,1789653619634,18490,777,185022,CONFIRMED,
1379,0x09DB0a93B389bEF724429898f539AEB7ac2Dd55f,2168,0xfd23662e52efe82456e49bf4543e89d6fff35fe2195537fb0d23d22cce7d3b3b,1789653601160,1789653601544,1789653619636,18476,777,185022,CONFIRMED,
1380,0x70997970C51812dc3A010C7d01b50e0d17dc79C8,2169,0x04a66ff7ce9c10fbfe1e0f088679b9a3c869cd2edbd2c3f2080064361b31a71b,1789653601160,1789653601547,1789653619637,18477,777,185010,CONFIRMED,
1381,0x3C44CdDdB6a900fa2b585dd299e03d12FA4293BC,2169,0xfe872e77cf183b20fa3884b70a17cad479a441ede5ace3e3734ab7a0e1c0c94e,1789653601198,1789653601548,1789653619639,18441,777,184998,CONFIRMED,
1382,0x90F79bf6EB2c4f870365E785982E1f101E93b906,2169,0x51164a5c6ab3fa2b97e749b56c06e2de5d5cd04fc698d83410ca88908d62da41,1789653601198,1789653601561,1789653619641,18443,777,185022,CONFIRMED,
1383,0x15d34AAf54267DB7D7c367839AAf71A00a2C6A65,2169,0x0b7b8515c5dbbeb4ea00327f7363011657fa2477c52dfb8a7e1833bd39a6dfa6,1789653601198,1789653601563,1789653619643,18445,777,185022,CONFIRMED,
1384,0x9965507D1a55bcC2695C58ba16FB37d819B0A4dc,2169,0x60a295114709f36a77041ee1c1868c65f7ccfda21225d7cca6a6d18c647959ef,1789653601223,1789653601565,1789653619644,18421,777,185022,CONFIRMED,
1385,0x976EA74026E726554dB657fA54763abd0C3a0aa9,2169,0xd72fb5d3d220dd49c543df4bb33056c31f5925a5a87f25c4c9e76e43800cbe5c,1789653601223,1789653601566,1789653619645,18422,777,185022,CONFIRMED,
1386,0x14dC79964da2C08b23698B3D3cc7Ca32193d9955,2169,0xafbcbf751f9627ec95e217b82b6e7f6e051a099097122fc89ee17090c7e54b9b,1789653601223,1789653601568,1789653619646,18423,777,185022,CONFIRMED,
1387,0x23618e81E3f5cdF7f54C3d65f7FBc0aBf5B21E8f,2169,0x2aac13284997cefc599aa740d81cc3fe8f28cdd41b61c5e57f33fad825a74c6f,1789653601233,1789653601569,1789653619647,18414,777,185022,CONFIRMED,
1388,0xa0Ee7A142d267C1f36714E4a8F75612F20a79720,2169,0x6a584e53e5f584c1eb20f6ba7cc2c98d4758be14e2b09345251eb26438252767,1789653601249,1789653601570,1789653619648,18399,777,185010,CONFIRMED,
1389,0xBcd4042DE499D14e55001CcbB24a551F3b954096,2169,0x1884f170b09c012840d3ba1da0496e14f2e1e123f4985af64e1975db399a3985,1789653601249,1789653601578,1789653619649,18400,777,185010,CONFIRMED,
1390,0x71bE63f3384f5fb98995898A86B02Fb2426c5788,2169,0xe09d4f00cabf120bce9a833313ab6c73b28bb5dc2ed4baddcfbb277820504331,1789653601274,1789653601571,1789653619649,18375,777,185022,CONFIRMED,
1391,0xFABB0ac9d68B0B445fB7357272Ff202C5651694a,2169,0x1993a8cedf9b0b1cc0a56a7dc6fc5e63d31f0ae33c3fc00181af249ddab739d9,1789653601274,1789653601572,1789653619650,18376,777,185022,CONFIRMED,
1392,0x1CBd3b2770909D4e10f157cABC84C7264073C9Ec,2169,0xc7a594f7ee9ed184f1705edf7b17bf61294d01eb45c1809dbd11ccf14f450635,1789653601291,1789653601575,1789653619651,18360,777,185022,CONFIRMED,
1393,0xdF3e18d64BC6A983f673Ab319CCaE4f1a57C7097,2169,0xce0fcf58b71df00cedac950d9dcaa2590786e070ab726b21c7bab7a895ecb29e,1789653601291,1789653601573,1789653619652,18361,777,185010,CONFIRMED,
1394,0xcd3B766CCDd6AE721141F452C550Ca635964ce71,2169,0x369dfe0c2ee24bc36379c61d3662bb08b5bbe86769f27020184e7d8b2a9dc262,1789653601315,1789653601576,1789653619653,18338,777,185022,CONFIRMED,
1395,0x2546BcD3c84621e976D8185a91A922aE77ECEc30,2169,0xa71a42938c84593aa3f2cc5fe174606e99507f9ddf0cbdd45b247ad2bc38508c,1789653601315,1789653601574,1789653619654,18339,777,185022,CONFIRMED,
1396,0xbDA5747bFD65F08deb54cb465eB87D40e51B197E,2169,0xfb24c0d306f25f56274fcd464f5297b0b5febcec7d70ee536bbf2d38c44c95af,1789653601331,1789653601583,1789653619655,18324,777,185022,CONFIRMED,
1397,0xdD2FD4581271e230360230F9337D5c0430Bf44C0,2169,0xf8cf2d4922d0d3c8ff0779150a7cf2551f9ad4437c563defb62e24e4775d0745,1789653601331,1789653601580,1789653619656,18325,777,185022,CONFIRMED,
1398,0x8626f6940E2eb28930eFb4CeF49B2d1F2C9C1199,2169,0x2da3b16f3e9bbc0d62afd2ff571afe8604f03aad4e0eb030d6221c3748a2e2b6,1789653601347,1789653601581,1789653619658,18311,777,185022,CONFIRMED,
1399,0x09DB0a93B389bEF724429898f539AEB7ac2Dd55f,2169,0x4c76e62be7eb38f79dcfda25a2e09ea4ac02948f956f22d80f6e35b43084abfb,1789653601349,1789653601584,1789653619659,18310,777,185022,CONFIRMED,
1400,0x70997970C51812dc3A010C7d01b50e0d17dc79C8,2170,0xecd7b2a3044edc2bfdf859fd9beb62cfc26872e90067781c49284527b37c478c,1789653601359,1789653601587,1789653619660,18301,777,185010,CONFIRMED,
1401,0x3C44CdDdB6a900fa2b585dd299e03d12FA4293BC,2170,0xa83ac35374d461f6d7a29156b94c5ef893dacacd630e66425e3d03977e9a3193,1789653601392,1789653601588,1789653619661,18269,777,185010,CONFIRMED,
1402,0x90F79bf6EB2c4f870365E785982E1f101E93b906,2170,0x1a76532c57c18a60cd58b0c3ae619bddc6ab04de4344c408a3275dbb3fc382f2,1789653601392,1789653601604,1789653619662,18270,777,185010,CONFIRMED,
1403,0x15d34AAf54267DB7D7c367839AAf71A00a2C6A65,2170,0x88fbb57079d2558496a16c05c5ce5a24e5012e053c3df0df91e69323b368694f,1789653601392,1789653601605,1789653619663,18271,777,185010,CONFIRMED,
1404,0x9965507D1a55bcC2695C58ba16FB37d819B0A4dc,2170,0xa059c104684bb0622061a3104e5c08318996320b1eb72013cad73ecf07814687,1789653601402,1789653601608,1789653619664,18262,777,185022,CONFIRMED,
1405,0x976EA74026E726554dB657fA54763abd0C3a0aa9,2170,0xdd2d9e58c74dd6de9a0bf9a487ceeef62b3922956aead4e4ee66fd22427c9329,1789653601415,1789653601609,1789653619665,18250,777,185022,CONFIRMED,
1406,0x14dC79964da2C08b23698B3D3cc7Ca32193d9955,2170,0x7ec615815ab63280d885e018a3772fc1f43b921b3e2073476915c5e214533f08,1789653601433,1789653601610,1789653619666,18233,777,185022,CONFIRMED,
1407,0x23618e81E3f5cdF7f54C3d65f7FBc0aBf5B21E8f,2170,0xbe77b4d0f3abf0aa960b4b8621daa7e20585c59be981b95016f2a177ad93329a,1789653601433,1789653601610,1789653619667,18234,777,185022,CONFIRMED,
1408,0xa0Ee7A142d267C1f36714E4a8F75612F20a79720,2170,0x1e598316c697c40f8d53b5d83908b186cf1830fa93464fb22877921f076d2bf6,1789653601441,1789653601610,1789653619668,18227,777,185010,CONFIRMED,
1409,0xBcd4042DE499D14e55001CcbB24a551F3b954096,2170,0x85dcf47518180672f054d79a187357c15ed541ced96c7749da6f535524d5261b,1789653601463,1789653601612,1789653619669,18206,777,185010,CONFIRMED,
1410,0x71bE63f3384f5fb98995898A86B02Fb2426c5788,2170,0x82608655f1c412ef64dc90f52f620956a4a1290163d86591f76c2f6bf605345d,1789653601463,1789653601611,1789653619670,18207,777,185010,CONFIRMED,
1411,0xFABB0ac9d68B0B445fB7357272Ff202C5651694a,2170,0x139edaa3414ab913c6843a7825b6b25cb53b171d54c154659ba7a4ab392c82a1,1789653601476,1789653601611,1789653619671,18195,777,185022,CONFIRMED,
1412,0x1CBd3b2770909D4e10f157cABC84C7264073C9Ec,2170,0x9459f401158ff9132c27c8c24137c0d0d264e47787da7c4c724c46d1fd3a763d,1789653601484,1789653601612,1789653619672,18188,777,185022,CONFIRMED,
1413,0xdF3e18d64BC6A983f673Ab319CCaE4f1a57C7097,2170,0x3aa6741d09ad4453290418a9d759433ab9a71b7d52fedd9d216c2c13c8a20281,1789653601489,1789653601611,1789653619674,18185,777,185010,CONFIRMED,
1414,0xcd3B766CCDd6AE721141F452C550Ca635964ce71,2170,0x879b47b8708f1dfbe6d956aa07836b45ea0c3fc8067850dd828e5a595d702902,1789653601508,1789653601612,1789653619675,18167,777,185010,CONFIRMED,
1415,0x2546BcD3c84621e976D8185a91A922aE77ECEc30,2170,0x1230717dae640c2b55e6dc9f6925664ba41969ffceafc8fe3fbd645de7166866,1789653601517,1789653601612,1789653619676,18159,777,185022,CONFIRMED,
1416,0xbDA5747bFD65F08deb54cb465eB87D40e51B197E,2170,0x1b454baa0aced3242bd94815a20d376feafc6cf6bc0a22502762336ded241e27,1789653601521,1789653601614,1789653619677,18156,777,185022,CONFIRMED,
1417,0xdD2FD4581271e230360230F9337D5c0430Bf44C0,2170,0x659c998333ab181716866a3920c71c9e30c00b040d7675cb71b13a8d1c24cea5,1789653601539,1789653601613,1789653619678,18139,777,185022,CONFIRMED,
1418,0x8626f6940E2eb28930eFb4CeF49B2d1F2C9C1199,2170,0xb118f07d7c1599e848162d3922bce265445c5111e2cfdb2f26b617e87c83900e,1789653601539,1789653601613,1789653619679,18140,777,185022,CONFIRMED,
1419,0x09DB0a93B389bEF724429898f539AEB7ac2Dd55f,2170,0x72424a4a8bf52bcd83e53a2e8a941393b18c1ef3553947d3aec63903632c66a8,1789653601552,1789653601614,1789653619681,18129,777,185022,CONFIRMED,
1420,0x70997970C51812dc3A010C7d01b50e0d17dc79C8,2171,0xce577b1f2822402e485700d8f2c962afffb8cedcc748bce8ed72b049851dfffa,1789653601560,1789653601614,1789653619682,18122,777,185010,CONFIRMED,
1421,0x3C44CdDdB6a900fa2b585dd299e03d12FA4293BC,2171,0x08f4c92d65da9c28a06dd14854a3f672c3f50a6d742d3985bc061c11f701efc9,1789653601575,1789653601615,1789653619684,18109,777,184998,CONFIRMED,
1422,0x90F79bf6EB2c4f870365E785982E1f101E93b906,2171,0x31a70ef780dc2a8467a83a7ffd52b0dadecbdfd63c0f2d62ff292143bb8b8dc8,1789653601592,1789653601617,1789653619686,18094,777,185010,CONFIRMED,
1423,0x15d34AAf54267DB7D7c367839AAf71A00a2C6A65,2171,0xae1c2d516c4a8c94f77229a53179bfc20b52e38a7983f261fe5c3ef55f49faa2,1789653601592,1789653601617,1789653619688,18096,777,185022,CONFIRMED,
1424,0x9965507D1a55bcC2695C58ba16FB37d819B0A4dc,2171,0x7e41913b79f6c99b1e78c6fbdc80e109a8fb3c034dcfbda81c5eef61554bbd4f,1789653601602,1789653601618,1789653619690,18088,777,185022,CONFIRMED,
1425,0x976EA74026E726554dB657fA54763abd0C3a0aa9,2171,0x0c93bdd096f88bb06d353167b5436a377e73f89c03d0953c656e95f5318fbcfb,1789653601612,1789653601618,1789653619692,18080,777,185022,CONFIRMED,
1426,0x14dC79964da2C08b23698B3D3cc7Ca32193d9955,2171,0xa54595467b8553eb8dbf74c76ef7437f18627b127fc2fa3bc7a5e79b3db820f5,1789653601625,1789653601632,1789653619694,18069,777,185022,CONFIRMED,
1427,0x23618e81E3f5cdF7f54C3d65f7FBc0aBf5B21E8f,2171,0x45b2e0194ebf6b9b55238604006e3526a4b780ef83421da055502ea7a902949e,1789653601629,1789653601634,1789653619695,18066,777,185022,CONFIRMED,
1428,0xa0Ee7A142d267C1f36714E4a8F75612F20a79720,2171,0xcc7f6f1625de9f947ff72fc4073128fcc31228d2e9ce91c61f6047ff3b666cad,1789653601650,1789653601654,1789653619696,18046,777,184986,CONFIRMED,
1429,0xBcd4042DE499D14e55001CcbB24a551F3b954096,2171,0x33f66a650820bf66c27e6ca66843265e9371b68ebf579bd780a63c31f66305d6,1789653601650,1789653601654,1789653619697,18047,777,185010,CONFIRMED,
1430,0x71bE63f3384f5fb98995898A86B02Fb2426c5788,2171,0x8a373fd4c82d9f011a52dd355e5e73e908ca7ebd945a9ef27953d0c6155af8b1,1789653601666,1789653601671,1789653619699,18033,777,185010,CONFIRMED,
1431,0xFABB0ac9d68B0B445fB7357272Ff202C5651694a,2171,0xfe6c8b6156ffa29f40dcaf42e29f2b9dcbbaca55e63ce92e7baf754af35090cf,1789653601669,1789653601674,1789653619700,18031,777,185010,CONFIRMED,
1432,0x1CBd3b2770909D4e10f157cABC84C7264073C9Ec,2171,0x645c000977ce7ea7d8fc88dec90fb246b6086b3d2eda18cffb5e2d8425086194,1789653601682,1789653601686,1789653619701,18019,777,185010,CONFIRMED,
1433,0xdF3e18d64BC6A983f673Ab319CCaE4f1a57C7097,2171,0xe2f7e9944ec4a0ea4aa5ce15089a7080ee9764cb820c9e09e28374fba37fcc7b,1789653601698,1789653601703,1789653619703,18005,777,185022,CONFIRMED,
1434,0xcd3B766CCDd6AE721141F452C550Ca635964ce71,2171,0x78475c99f96df479323793f9b532150fa8ed0ae9e5d2461b27b4b0a6f3b9720b,1789653601700,1789653601704,1789653619704,18004,777,185022,CONFIRMED,
1435,0x2546BcD3c84621e976D8185a91A922aE77ECEc30,2171,0x90bc17cafbf15903ce2e5e3e561ca5bff2cd88cae7602ba2d7417e6c0f9f703d,1789653601710,1789653601715,1789653619705,17995,777,185022,CONFIRMED,
1436,0xbDA5747bFD65F08deb54cb465eB87D40e51B197E,2171,0xc4a6f01d0b82813948e0f6bad072e63e740d3521081d2bd0b1bd6cc0a2f393bd,1789653601726,1789653601732,1789653619708,17982,777,185022,CONFIRMED,
1437,0xdD2FD4581271e230360230F9337D5c0430Bf44C0,2171,0xc82cc3f7a35b190711dfb0fb7d419ec3420c39fd5c98edbf783ada69152880dd,1789653601729,1789653601733,1789653619709,17980,777,185022,CONFIRMED,
1438,0x8626f6940E2eb28930eFb4CeF49B2d1F2C9C1199,2171,0xcc03b57764a58fffa42afa52eabd112407b81dffc37931200eda3c35b0a8b17b,1789653601741,1789653601747,1789653619711,17970,777,185022,CONFIRMED,
1439,0x09DB0a93B389bEF724429898f539AEB7ac2Dd55f,2171,0xc1f1de878d38d9d5b0abd140d674e7bd9dfd845036dcf49a7a92ff47149f383f,1789653601757,1789653601763,1789653619712,17955,777,185022,CONFIRMED,
1440,0x70997970C51812dc3A010C7d01b50e0d17dc79C8,2172,0x4d4575e3a07dbb1f70529d7c049f690c7b09450f833a01310d9d74347e20376f,1789653601759,1789653601765,1789653619713,17954,777,185010,CONFIRMED,
1441,0x3C44CdDdB6a900fa2b585dd299e03d12FA4293BC,2172,0xa32a1740e77e0f6de8437a536701205cfe76d0af6d0e3a7e141f3002a945e20d,1789653601773,1789653601778,1789653619714,17941,777,185010,CONFIRMED,
1442,0x90F79bf6EB2c4f870365E785982E1f101E93b906,2172,0x0fd13a0d4f5f1b33724162fc5be05a419c011f46bbab247ddbc03f2fd3415ae4,1789653601789,1789653601795,1789653619717,17928,777,185022,CONFIRMED,
1443,0x15d34AAf54267DB7D7c367839AAf71A00a2C6A65,2172,0x863c982601494c5c122eb96e145bd91c87abd8261fc675942a2986bb1b7d1480,1789653601789,1789653601796,1789653619718,17929,777,185010,CONFIRMED,
1444,0x9965507D1a55bcC2695C58ba16FB37d819B0A4dc,2172,0xfa9d4934ae6b4423e32b89bf5315d6fb15f033e963155d8616f692b1e1f4d148,1789653601801,1789653601806,1789653619721,17920,777,185010,CONFIRMED,
1445,0x976EA74026E726554dB657fA54763abd0C3a0aa9,2172,0x00124455ea664fe3da25ab1a7e8915638f91cd67b808a74f946d7e40d154b514,1789653601810,1789653601816,1789653619723,17913,777,185022,CONFIRMED,
1446,0x14dC79964da2C08b23698B3D3cc7Ca32193d9955,2172,0x7a4aee2a7d2bccd258e1ef17083fbd7859ca94b90e6b44f6633742c3ee227d14,1789653601826,1789653601833,1789653619725,17899,777,185022,CONFIRMED,
1447,0x23618e81E3f5cdF7f54C3d65f7FBc0aBf5B21E8f,2172,0x2154e8e3a8332bbea9110d6f3c9d2c8153e74cfde60440166abe9e4b92d6db95,1789653601829,1789653601833,1789653619727,17898,777,185022,CONFIRMED,
1448,0xa0Ee7A142d267C1f36714E4a8F75612F20a79720,2172,0x8cf26bfccb506690c81939f947e4efb68faf6d171199a4f3366bd2c14958b735,1789653601842,1789653601848,1789653619728,17886,777,185010,CONFIRMED,
1449,0xBcd4042DE499D14e55001CcbB24a551F3b954096,2172,0x419e0fd268e2ca9d24ef238ca1f149646f5e717fae0835edb0d1093a367843e7,1789653601857,1789653601864,1789653619729,17872,777,185010,CONFIRMED,
1450,0x71bE63f3384f5fb98995898A86B02Fb2426c5788,2172,0x9816889cee3bcc68e660013f7559eef308cfc98b6958f1e2c091fc1e7dfd7cc0,1789653601860,1789653601866,1789653619730,17870,777,185022,CONFIRMED,
1451,0xFABB0ac9d68B0B445fB7357272Ff202C5651694a,2172,0x603dbe9b4092874d2de5ca35afb5abcf32fdeeca3a6cd90f0483b13bbf571805,1789653601873,1789653601878,1789653619732,17859,777,185022,CONFIRMED,
1452,0x1CBd3b2770909D4e10f157cABC84C7264073C9Ec,2172,0x363ee77f8898228fc2bcbbf9a033381ad05ed99ce7df736ad37c6d07f1b764b1,1789653601878,1789653601884,1789653619733,17855,777,185010,CONFIRMED,
1453,0xdF3e18d64BC6A983f673Ab319CCaE4f1a57C7097,2172,0x04e4da312ef49f454e4412b19e7eb048442627fe1457cf79bdaee9eb66aad88b,1789653601904,1789653601909,1789653619734,17830,777,185022,CONFIRMED,
1454,0xcd3B766CCDd6AE721141F452C550Ca635964ce71,2172,0xcbf5fbb251b45ac31afa363b52938388c18f65162432e69a3b3fdad40a0691b1,1789653601904,1789653601910,1789653619734,17830,777,185022,CONFIRMED,
1455,0x2546BcD3c84621e976D8185a91A922aE77ECEc30,2172,0x0772b2def38641001f0ae83dfd13ad2755f762465793fcdea3ba4d2399715821,1789653601909,1789653601913,1789653619735,17826,777,185022,CONFIRMED,
1456,0xbDA5747bFD65F08deb54cb465eB87D40e51B197E,2172,0x63316f03b33a4494b6a37a440b01478233025f995ad67dd5155a3a24dc62a273,1789653601920,1789653601924,1789653619736,17816,777,185022,CONFIRMED,
1457,0xdD2FD4581271e230360230F9337D5c0430Bf44C0,2172,0x4aa16f9a5bb264428520ab24b7becf8d4699c546533ed26cde264aa950055c0f,1789653601936,1789653601941,1789653619737,17801,777,185022,CONFIRMED,
1458,0x8626f6940E2eb28930eFb4CeF49B2d1F2C9C1199,2172,0x1eef87b5a0e2c1ae9455937547f81cc3ce36e54a82ac175b999eb63e7dbfadc8,1789653601940,1789653601944,1789653619738,17798,777,185010,CONFIRMED,
1459,0x09DB0a93B389bEF724429898f539AEB7ac2Dd55f,2172,0x35c3876df0305b7fe0b1a314d0634294cf06d0a8e8b8d32c45c772175fefc7d7,1789653601952,1789653601955,1789653619740,17788,777,185022,CONFIRMED,
1460,0x70997970C51812dc3A010C7d01b50e0d17dc79C8,2173,0xe7d2801740be93c4951c78a14b2035a974e3ad1c6cbf700c6cdf82399dbb2add,1789653601967,1789653601975,1789653619742,17775,777,185010,CONFIRMED,
1461,0x3C44CdDdB6a900fa2b585dd299e03d12FA4293BC,2173,0x0c89467a7a83f75bc08233bc57fc1f1109b63b128fff94080d3ab8bde963dee4,1789653601969,1789653601976,1789653619744,17775,777,185010,CONFIRMED,
1462,0x90F79bf6EB2c4f870365E785982E1f101E93b906,2173,0x8dad4c7f3c0d6bdb3eff6695c21e870bbb2cea05dd2928e6f3f470c9f12f5b88,1789653601983,1789653601991,1789653619745,17762,777,185022,CONFIRMED,
1463,0x15d34AAf54267DB7D7c367839AAf71A00a2C6A65,2173,0x9a62b27b7112fab547e12b965a1ae6a43a1ac873c00da8ed82b0be2bf5748ca1,1789653601989,1789653601996,1789653619746,17757,777,185022,CONFIRMED,
1464,0x9965507D1a55bcC2695C58ba16FB37d819B0A4dc,2173,0xa5389c5f3e3a82e8cd8d874ef35d9a5f4e5c2c2439446c27a8854d4cff3c471e,1789653601999,1789653602006,1789653619747,17748,777,185022,CONFIRMED,
1465,0x976EA74026E726554dB657fA54763abd0C3a0aa9,2173,0x1f3002ab93923000dc36b3a31fe49298f8de9b800658a30a73318a1c4245a275,1789653602015,1789653602023,1789653619748,17733,777,185010,CONFIRMED,
1466,0x14dC79964da2C08b23698B3D3cc7Ca32193d9955,2173,0x6b1bae4e5fad8d84beb583398cbf8e1602c236bb35eba46f309f2ff97d1d2df6,1789653602019,1789653602026,1789653619748,17729,777,185022,CONFIRMED,
1467,0x23618e81E3f5cdF7f54C3d65f7FBc0aBf5B21E8f,2173,0x9643837ca1d0caed8c7609ba0d7361c67a7e89412011def33d40a44c5614647e,1789653602031,1789653602039,1789653619749,17718,777,185022,CONFIRMED,
1468,0xa0Ee7A142d267C1f36714E4a8F75612F20a79720,2173,0xe8813bdc47d1ae73ca1f02f727b3a16ec88385bcd5a366a53d2325f90b26f87b,1789653602039,1789653602046,1789653619750,17711,777,185010,CONFIRMED,
1469,0xBcd4042DE499D14e55001CcbB24a551F3b954096,2173,0x8fe97a683b5e9e8d42d469c2cfb28022fe7c972a92f7f806d8926ff55676e6a0,1789653602063,1789653602072,1789653619751,17688,777,184998,CONFIRMED,
1470,0x71bE63f3384f5fb98995898A86B02Fb2426c5788,2173,0x790d927fcd00e4084862218a99001aa42c60de45984d55d3edf10b8d4bd3d810,1789653602063,1789653602073,1789653619752,17689,777,185010,CONFIRMED,
1471,0xFABB0ac9d68B0B445fB7357272Ff202C5651694a,2173,0x95fc74610c422b01e23296ff7302fd799a5bd7e1db187ac9c9d17fdfc845a998,1789653602068,1789653602075,1789653619753,17685,777,185022,CONFIRMED,
1472,0x1CBd3b2770909D4e10f157cABC84C7264073C9Ec,2173,0x970b45005e0dfe42c3ef62215b707bb20b304907a24605b431c26a385a670dc6,1789653602095,1789653602106,1789653619754,17659,777,185022,CONFIRMED,
1473,0xdF3e18d64BC6A983f673Ab319CCaE4f1a57C7097,2173,0x8023568f6ec792866b49f0e24cfcafd2b9508dff2b2e6c109f113b43a09fdb54,1789653602095,1789653602106,1789653619755,17660,777,185022,CONFIRMED,
1474,0xcd3B766CCDd6AE721141F452C550Ca635964ce71,2173,0x594abd7676d3aaf2b6c587aee4ae29dc20f8375e2975b7fa59edbe86ca76ab85,1789653602099,1789653602107,1789653619758,17659,777,185022,CONFIRMED,
1475,0x2546BcD3c84621e976D8185a91A922aE77ECEc30,2173,0x6d1351522080fd0b35a686ad352d7483d0d9ac976c9b7ce7022bb2f85e49be8c,1789653602111,1789653602119,1789653619759,17648,777,185022,CONFIRMED,
1476,0xbDA5747bFD65F08deb54cb465eB87D40e51B197E,2173,0x744a5fe9075f7d421d1feda53f6dd0c288f3e2372390fd2f4d5eac2b60cc47ef,1789653602119,1789653602125,1789653619760,17641,777,185022,CONFIRMED,
1477,0xdD2FD4581271e230360230F9337D5c0430Bf44C0,2173,0xb92457e99d662566c662983988f529697759036f9662cb2460e99c9ce9359914,1789653602143,1789653602154,1789653619762,17619,777,185022,CONFIRMED,
1478,0x8626f6940E2eb28930eFb4CeF49B2d1F2C9C1199,2173,0xc2b2a890b5d3e660a1065d6641c39a755a8f84b4960c8cad3f96a1cbc8da8ae9,1789653602143,1789653602155,1789653619763,17620,777,185022,CONFIRMED,
1479,0x09DB0a93B389bEF724429898f539AEB7ac2Dd55f,2173,0x99079bbf513d2385edf4930c95adfb6326e3297f46f4e77c68ff4b793f398350,1789653602149,1789653602156,1789653619764,17615,777,185022,CONFIRMED,
1480,0x70997970C51812dc3A010C7d01b50e0d17dc79C8,2174,0x653fcb5712918aeaa014febbb87a8f44989d1c6906fcfd0b058f08f4af16e936,1789653602159,1789653602167,1789653619765,17606,777,184986,CONFIRMED,
1481,0x3C44CdDdB6a900fa2b585dd299e03d12FA4293BC,2174,0xe2983b8306953ab8e8b53a7ce4c0c9c4ba54f3d2674f6c450a6cf5e93391389e,1789653602183,1789653602193,1789653619766,17583,777,185010,CONFIRMED,
1482,0x90F79bf6EB2c4f870365E785982E1f101E93b906,2174,0x2266c847fbf079cc2c50d4426e74bfa1266f221b3a10a7bcf8576b57899c3f84,1789653602183,1789653602194,1789653619766,17583,777,185022,CONFIRMED,
1483,0x15d34AAf54267DB7D7c367839AAf71A00a2C6A65,2174,0xaef87a8150830a40bb5743eb0e689f2a7f5a72566f3f0045e6573c4155e2f21b,1789653602189,1789653602197,1789653619767,17578,777,185010,CONFIRMED,
1484,0x9965507D1a55bcC2695C58ba16FB37d819B0A4dc,2174,0xcc15e4408ab3a760dfe339a1a90ff19c826e0f7084728c4d145ee4cfc928a788,1789653602199,1789653602206,1789653619768,17569,777,185022,CONFIRMED,
1485,0x976EA74026E726554dB657fA54763abd0C3a0aa9,2174,0x6c0226ece5c6793197caa0bf0fdf5692852563925282e970404ae96bebb4ed92,1789653602215,1789653602223,1789653619769,17554,777,185022,CONFIRMED,
1486,0x14dC79964da2C08b23698B3D3cc7Ca32193d9955,2174,0x00e883670470d976f90ee46903781846ee4ab74d65e8a2413d684481ae032b9c,1789653602219,1789653602227,1789653619770,17551,777,185022,CONFIRMED,
1487,0x23618e81E3f5cdF7f54C3d65f7FBc0aBf5B21E8f,2174,0xba2a8ceb10da739d62d928c90964da231113535765ccad9a595b1d1d6b5fcf5a,1789653602231,1789653602237,1789653619771,17540,777,185010,CONFIRMED,
1488,0xa0Ee7A142d267C1f36714E4a8F75612F20a79720,2174,0x7e7ee80844c90e676b43bea5853780c5334f4599fbcaa3b8e11dc757e212641a,1789653602247,1789653602258,1789653619772,17525,777,185010,CONFIRMED,
1489,0xBcd4042DE499D14e55001CcbB24a551F3b954096,2174,0xecfe46ca0e45caba5bf3cfb17067ec5bfc0b82b330fceffd05dad25bb02e31b3,1789653602250,1789653602259,1789653619774,17524,777,185010,CONFIRMED,
1490,0x71bE63f3384f5fb98995898A86B02Fb2426c5788,2174,0xf87172d16f65d1fc4d1367d59b6edb5b4c343df0c88a618b0754e8a82aa01710,1789653602259,1789653602267,1789653619775,17516,777,185022,CONFIRMED,
1491,0xFABB0ac9d68B0B445fB7357272Ff202C5651694a,2174,0x3ff1344a3079c5c18cfbff9bf73b02cdc41f96d7e42e20a2d0f4b428622af284,1789653602271,1789653602274,1789653619776,17505,777,185022,CONFIRMED,
1492,0x1CBd3b2770909D4e10f157cABC84C7264073C9Ec,2174,0x2595eb9b527b2f38f410047a3b8770f8c22d85ef9882424cccb2205c96de898f,1789653602279,1789653602282,1789653619778,17499,777,185010,CONFIRMED,
1493,0xdF3e18d64BC6A983f673Ab319CCaE4f1a57C7097,2174,0xf4068c6ed8860ebbb78c7e3e9b25f72a27bf8d2b0e400259037e8601e7700093,1789653602295,1789653602299,1789653619778,17483,777,185022,CONFIRMED,
1494,0xcd3B766CCDd6AE721141F452C550Ca635964ce71,2174,0x6baa2ad769202974d599918f02284cde487f0955346d202f2b3367b4fb93be6c,1789653602298,1789653602302,1789653619779,17481,777,185022,CONFIRMED,
1495,0x2546BcD3c84621e976D8185a91A922aE77ECEc30,2174,0x2626ebd7dfb616315c495614e43e77bcd6f92f63bb0aedeeab25769e4d786510,1789653602311,1789653602318,1789653619781,17470,777,185022,CONFIRMED,
1496,0xbDA5747bFD65F08deb54cb465eB87D40e51B197E,2174,0xef823344644c7794739b144dfd73f5a2195f8781691867768cfac943910c9581,1789653602328,1789653602336,1789653619782,17454,777,184998,CONFIRMED,
1497,0xdD2FD4581271e230360230F9337D5c0430Bf44C0,2174,0x3e93ed0df4cca8e0b14f4b0653fcccd23a4f026d836acd160f9c3fd4d42d9c55,1789653602330,1789653602337,1789653619783,17453,777,185022,CONFIRMED,
1498,0x8626f6940E2eb28930eFb4CeF49B2d1F2C9C1199,2174,0xf4ea97870c3df956d411ab4ff9630feafbe16db99a41951d3f60d5bf8d3c1310,1789653602343,1789653602351,1789653619785,17442,777,185022,CONFIRMED,
1499,0x09DB0a93B389bEF724429898f539AEB7ac2Dd55f,2174,0x1de768b66eb971360affa8bcdcc33b59ad51b7743543efe330a15eeab1e28aaa,1789653602349,1789653602356,1789653619786,17437,777,185022,CONFIRMED,
1500,0x70997970C51812dc3A010C7d01b50e0d17dc79C8,2175,0x7320ed5920cb415e23af66b9842f8d8afa2041df6da525b8569f13e76b8d2b07,1789653602376,1789653602388,1789653619790,17414,777,185010,CONFIRMED,
1501,0x3C44CdDdB6a900fa2b585dd299e03d12FA4293BC,2175,0xa0bff29a49a92e138d4c1c7720ee802743aa40bd18ba16438d9dc6d8b22de97a,1789653602376,1789653602388,1789653619792,17416,777,185010,CONFIRMED,
1502,0x90F79bf6EB2c4f870365E785982E1f101E93b906,2175,0x4eedcbba45815abf5ef758587fbc664d91ce0d2b8841945b1d29925d400eeda8,1789653602380,1789653602389,1789653619794,17414,777,185022,CONFIRMED,
1503,0x15d34AAf54267DB7D7c367839AAf71A00a2C6A65,2175,0xab273fb8908dd8db0f2ffc4a5ea25a1a84dcae172c6f4c7df2c41935841908c7,1789653602392,1789653602400,1789653619795,17403,777,185022,CONFIRMED,
1504,0x9965507D1a55bcC2695C58ba16FB37d819B0A4dc,2175,0x8d87b73e9c5bece349a7274f0d1c98d43aaa585ed53e05e717b31a2ac92acb8a,1789653602400,1789653602413,1789653619796,17396,777,185022,CONFIRMED,
1505,0x976EA74026E726554dB657fA54763abd0C3a0aa9,2175,0x18a6f7a2ab298fddbe5bdce6b3d252c02845b352b2ecfe268beebc9af0eacaec,1789653602408,1789653602419,1789653619797,17389,777,185022,CONFIRMED,
1506,0x14dC79964da2C08b23698B3D3cc7Ca32193d9955,2175,0x9f3d957d4b31624890057b9030a6fa529dcdecdbb7dc2c415a61383ff1629b18,1789653602420,1789653602432,1789653619798,17378,777,185022,CONFIRMED,
1507,0x23618e81E3f5cdF7f54C3d65f7FBc0aBf5B21E8f,2175,0x6b75ec31c4d6931a434edb8155da07ae326255eb56362210ba651728d76e878a,1789653602429,1789653602454,1789653619799,17370,777,185022,CONFIRMED,
1508,0xa0Ee7A142d267C1f36714E4a8F75612F20a79720,2175,0x27187940fd6d1272d91a7956e3c4ee759e02f5be3f60c07a61bd656c8a07727a,1789653602441,1789653602458,1789653619801,17360,777,185010,CONFIRMED,
1509,0xBcd4042DE499D14e55001CcbB24a551F3b954096,2175,0xc2d508f7b3f8ad58169e9111f12fcf28252a56b53fec5f72e69865b45ef37406,1789653602448,1789653602459,1789653619804,17356,777,185010,CONFIRMED,
1510,0x71bE63f3384f5fb98995898A86B02Fb2426c5788,2175,0xd35d760ee602ff6a585e597a98d766b267d4fde5fe39d2d4cb945faaaa643ebb,1789653602460,1789653602468,1789653619807,17347,777,185010,CONFIRMED,
1511,0xFABB0ac9d68B0B445fB7357272Ff202C5651694a,2175,0x1466aa105ddd236a02c7e64ed0c3c839af7621e5e97bad029e51c08da2972c17,1789653602479,1789653602489,1789653619810,17331,777,185022,CONFIRMED,
1512,0x1CBd3b2770909D4e10f157cABC84C7264073C9Ec,2175,0xdd86fe949e8b1a77e77f35cfaadc9b2e03b2d7ff11672fc6670a847901bcb713,1789653602479,1789653602490,1789653619811,17332,777,185022,CONFIRMED,
1513,0xdF3e18d64BC6A983f673Ab319CCaE4f1a57C7097,2175,0xb7e630388c54d1926915e121987dc330375f62f68a770b4bf7cc21f26ab280b5,1789653602490,1789653602496,1789653619812,17322,777,185022,CONFIRMED,
1514,0xcd3B766CCDd6AE721141F452C550Ca635964ce71,2175,0x3ffbfa1a9e04142607f9f251ccd800e6a3d1021ebddabe2ebecb05152c58a5c3,1789653602512,1789653602519,1789653619813,17301,777,185022,CONFIRMED,
1515,0x2546BcD3c84621e976D8185a91A922aE77ECEc30,2175,0xba1ef44b3876676b270605a9d222b41fea628172ee8db6699a533241f7d06a87,1789653602512,1789653602520,1789653619814,17302,777,185022,CONFIRMED,
1516,0xbDA5747bFD65F08deb54cb465eB87D40e51B197E,2175,0x7a0a9364c93354de382efd644d86caaf705a0a34c9ec5bd99c366e47a10ef277,1789653602519,1789653602523,1789653619815,17296,777,185022,CONFIRMED,
1517,0xdD2FD4581271e230360230F9337D5c0430Bf44C0,2175,0x3033a546a15476809968cd5c3d4476ef1a4baad00459deb79d104abe159a6d85,1789653602543,1789653602549,1789653619816,17273,777,185022,CONFIRMED,
1518,0x8626f6940E2eb28930eFb4CeF49B2d1F2C9C1199,2175,0x09157fe0ecedd3aafc30278021d9b32b908129a89d4da125bde5aed89b74dc64,1789653602543,1789653602550,1789653619817,17274,777,185022,CONFIRMED,
1519,0x09DB0a93B389bEF724429898f539AEB7ac2Dd55f,2175,0x19e8d4a071d68bb2de626dee7debe70efb90a2c431c6b7a0371c6cec6d1c48e8,1789653602548,1789653602552,1789653619818,17270,777,185022,CONFIRMED,
1520,0x70997970C51812dc3A010C7d01b50e0d17dc79C8,2176,0x6b9b2e9857210a4b421c499b69b2397ea188075fd07560279856dbc206e18dbb,1789653602574,1789653602583,1789653619819,17245,777,185010,CONFIRMED,
1521,0x3C44CdDdB6a900fa2b585dd299e03d12FA4293BC,2176,0xf3e7575102588fc893885b21a4ac6906d9ba3958b2d734884137c566837c6053,1789653602575,1789653602584,1789653619820,17245,777,184998,CONFIRMED,
1522,0x90F79bf6EB2c4f870365E785982E1f101E93b906,2176,0x4f481aab8e05c0e18a3939864e5f04b17fcb2081d76f61cd83f86314537b4a75,1789653602580,1789653602585,1789653619821,17241,777,184998,CONFIRMED,
1523,0x15d34AAf54267DB7D7c367839AAf71A00a2C6A65,2176,0x07956316e30bf4838ce30fd31601c72c533771115b130aa24998e8661d3f6b04,1789653602598,1789653602601,1789653619822,17224,777,185010,CONFIRMED,
1524,0x9965507D1a55bcC2695C58ba16FB37d819B0A4dc,2176,0x6339eba3715627f9b6c9e4dae725c501abfb9ee653df08e9de07e4ddee0e018b,1789653602599,1789653602602,1789653619825,17226,777,185022,CONFIRMED,
1525,0x976EA74026E726554dB657fA54763abd0C3a0aa9,2176,0x042c129cabe7c67a4195f486e7f26383bf0b05e4dc8c9553a3879f1617d16c99,1789653602623,1789653602630,1789653619826,17203,777,185022,CONFIRMED,
1526,0x14dC79964da2C08b23698B3D3cc7Ca32193d9955,2176,0xe5349415b4dc506638ebbc7a830267eea9e65f7cf257fbab456201baa37b6141,1789653602623,1789653602630,1789653619827,17204,777,185022,CONFIRMED,
1527,0x23618e81E3f5cdF7f54C3d65f7FBc0aBf5B21E8f,2176,0xbc25e61ffe5f1cde5adfe14f7941b51bef855cfc268010953553fb37dc3b4e5b,1789653602629,1789653602632,1789653619828,17199,777,185010,CONFIRMED,
1528,0xa0Ee7A142d267C1f36714E4a8F75612F20a79720,2176,0xa2760d348d72b9c85a1f4e81a589fa2cc45fa5618fdb81ebbe2e3fab420cf9f3,1789653602654,1789653602658,1789653619830,17176,777,185010,CONFIRMED,
1529,0xBcd4042DE499D14e55001CcbB24a551F3b954096,2176,0x8924b996e6408b4a217b5db4e553b6d9be236ed18462caf3c00dd24491d2068f,1789653602654,1789653602658,1789653619834,17180,777,185010,CONFIRMED,
1530,0x71bE63f3384f5fb98995898A86B02Fb2426c5788,2176,0x1e59634a7c98950a4631eaaee7ac49f2f7a0a9f0cd951619c725bbb5a69ae4dc,1789653602662,1789653602666,1789653619836,17174,777,185022,CONFIRMED,
1531,0xFABB0ac9d68B0B445fB7357272Ff202C5651694a,2176,0xe45b331072c45640523d860cde32ece62f0f9deba39e584a8d6ead485eb8b12f,1789653602671,1789653602673,1789653619839,17168,777,185022,CONFIRMED,
1532,0x1CBd3b2770909D4e10f157cABC84C7264073C9Ec,2176,0x7ef348c3034d58e940219feb4a5b3aeb2e2ce62e538359ee90b602bb787f880a,1789653602679,1789653602682,1789653619841,17162,777,185022,CONFIRMED,
1533,0xdF3e18d64BC6A983f673Ab319CCaE4f1a57C7097,2176,0x7586b14449bc1dfcf17a451ab422eb61cccddba11500cd2a4f44963656034b3f,1789653602697,1789653602701,1789653619842,17145,777,185022,CONFIRMED,
1534,0xcd3B766CCDd6AE721141F452C550Ca635964ce71,2176,0x095efa83c2745a96d4ea2aa912049cc041b817716f667d9f6efa05fb0b0fbdb0,1789653602699,1789653602703,1789653619845,17146,777,185022,CONFIRMED,
1535,0x2546BcD3c84621e976D8185a91A922aE77ECEc30,2176,0xc2ac259c7da2a3466faffce7675db905e44b0a66624061ebc9b6fc0bad0b8ca6,1789653602710,1789653602718,1789653619846,17136,777,185022,CONFIRMED,
1536,0xbDA5747bFD65F08deb54cb465eB87D40e51B197E,2176,0x9b6382cc14fe41398be3cc64dab0f0985326abd42ceafeb97021a2d544679faf,1789653602725,1789653602732,1789653619848,17123,777,185022,CONFIRMED,
1537,0xdD2FD4581271e230360230F9337D5c0430Bf44C0,2176,0xeeb31619def71a1920d2461b9f4a34ba4f9d1f5e89961b89dd747b1e0d92dfff,1789653602730,1789653602734,1789653619850,17120,777,185022,CONFIRMED,
1538,0x8626f6940E2eb28930eFb4CeF49B2d1F2C9C1199,2176,0x915882e2440f43537c8d449a3b53a4569b239eba27ec1636841f2e9841722c20,1789653602741,1789653602746,1789653619854,17113,777,185022,CONFIRMED,
1539,0x09DB0a93B389bEF724429898f539AEB7ac2Dd55f,2176,0x0d06fd6fa50a7a7d8d30d6bdd02691df495fb2a226544c05af3339092b435fed,1789653602756,1789653602761,1789653619857,17101,777,185022,CONFIRMED,
1540,0x70997970C51812dc3A010C7d01b50e0d17dc79C8,2177,0xc95447e5e09a70cbce44ec1ec33d87b90033b6a6158a4fa2fb02d81217ff6cf9,1789653602759,1789653602765,1789653619860,17101,777,185010,CONFIRMED,
1541,0x3C44CdDdB6a900fa2b585dd299e03d12FA4293BC,2177,0x27b1f646da3f22f5efbf62e98eed2e3f97c27b39edf1bf2dbedaf902f76dfe3f,1789653602771,1789653602775,1789653619862,17091,777,185010,CONFIRMED,
1542,0x90F79bf6EB2c4f870365E785982E1f101E93b906,2177,0xef6175c6d042b402eaf3d94abd7c969215f0894c6053f26b414a5b8ee7d917be,1789653602787,1789653602790,1789653619863,17076,777,185022,CONFIRMED,
1543,0x15d34AAf54267DB7D7c367839AAf71A00a2C6A65,2177,0x191259e16bc27e6b4dcec5725b3fedaa3ec8942e905c63cd8a3c00522d9d7400,1789653602789,1789653602792,1789653619864,17075,777,185022,CONFIRMED,
1544,0x9965507D1a55bcC2695C58ba16FB37d819B0A4dc,2177,0x07ff152b4fbc9bdf8ce0df7cff5a706ded1b19a00772a922dbb340d8436ac9f5,1789653602803,1789653602806,1789653619865,17062,777,185022,CONFIRMED,
1545,0x976EA74026E726554dB657fA54763abd0C3a0aa9,2177,0xf76e947c79ae4e0380d345329efd12d02def80f1397641eb044f23333ba8ebf6,1789653602812,1789653602816,1789653619867,17055,777,185010,CONFIRMED,
1546,0x14dC79964da2C08b23698B3D3cc7Ca32193d9955,2177,0x70b65cbb9d18366b7e8f74f4dd9ce5b9801f3e34e861e76bc8d7ccb80c103490,1789653602828,1789653602833,1789653619868,17040,777,185022,CONFIRMED,
1547,0x23618e81E3f5cdF7f54C3d65f7FBc0aBf5B21E8f,2177,0xdb6f47345442c41ae5077c226c5ee4a35f5f6d609090f0ad384a96d8bbfcfa5f,1789653602829,1789653602833,1789653619869,17040,777,185022,CONFIRMED,
1548,0xa0Ee7A142d267C1f36714E4a8F75612F20a79720,2177,0x5c8ace2d8d56ab2568b0de92659fb1d2fe672befe7e2f777220bc0acfbe39005,1789653602844,1789653602846,1789653619870,17026,777,185010,CONFIRMED,
1549,0xBcd4042DE499D14e55001CcbB24a551F3b954096,2177,0x44ad0520f468e54559a7de1aeec53113165ab1469d1ab87db659d7cc971125eb,1789653602845,1789653602851,1789653619871,17026,777,185010,CONFIRMED,
1550,0x71bE63f3384f5fb98995898A86B02Fb2426c5788,2177,0x170661c6417aa5bbd70725a7d1132be497c942e26c9a58468220d165d7c72c1a,1789653602871,1789653602879,1789653619872,17001,777,185010,CONFIRMED,
1551,0xFABB0ac9d68B0B445fB7357272Ff202C5651694a,2177,0xcd44716b8927203888c96f6b91eccfe197881675187c448a9ff6ae89745041d5,1789653602871,1789653602880,1789653619874,17003,777,185010,CONFIRMED,
1552,0x1CBd3b2770909D4e10f157cABC84C7264073C9Ec,2177,0x21c553db2898453217bb745c5290ff08a1dd689f86e67b07e9ceb73921b93eee,1789653602879,1789653602884,1789653619875,16996,777,185022,CONFIRMED,
1553,0xdF3e18d64BC6A983f673Ab319CCaE4f1a57C7097,2177,0x1bc5e7835ba0bf3e1df47742f41afb915f5bebb9a098419ae3ecc50a9b028561,1789653602896,1789653602903,1789653619876,16980,777,185022,CONFIRMED,
1554,0xcd3B766CCDd6AE721141F452C550Ca635964ce71,2177,0x26aa0a8ec5e74592558644218ca5a77f224fc8164131751b78c7cae8b013f859,1789653602899,1789653602904,1789653619877,16978,777,185022,CONFIRMED,
1555,0x2546BcD3c84621e976D8185a91A922aE77ECEc30,2177,0x366d6b401d0e7c6a296299eaf211674354afe8e9c3935932b525cc5ce7f5598b,1789653602920,1789653602926,1789653619879,16959,777,185022,CONFIRMED,
1556,0xbDA5747bFD65F08deb54cb465eB87D40e51B197E,2177,0xc4d10fdfcabba1c076fc470c53dd66df390dacb5129d9f5a4d1e319bc665b559,1789653602920,1789653602927,1789653619881,16961,777,185022,CONFIRMED,
1557,0xdD2FD4581271e230360230F9337D5c0430Bf44C0,2177,0x3d65689aa8f0c6f9f54c23c9281bb3203057d4766f6c29f4e0cfa11997689cfb,1789653602944,1789653602947,1789653619883,16939,777,185010,CONFIRMED,
1558,0x8626f6940E2eb28930eFb4CeF49B2d1F2C9C1199,2177,0x49b23fdaedc990b68e68291dae7cee843ae0d29eeebc32f58921d1a124fc3e81,1789653602944,1789653602947,1789653619888,16944,777,185022,CONFIRMED,
1559,0x09DB0a93B389bEF724429898f539AEB7ac2Dd55f,2177,0x55d327fef2340b6f37c293a05b88945d4ae41c9aff0a74f6e1e3ff6ca5b1eec6,1789653602960,1789653602964,1789653619892,16932,777,185022,CONFIRMED,
1560,0x70997970C51812dc3A010C7d01b50e0d17dc79C8,2178,0xd2f558ec86bf79c0f72d07fb79ae3d539732de5df8cea33d6a5aaca00ef8c2b1,1789653602960,1789653602964,1789653619895,16935,777,185010,CONFIRMED,
1561,0x3C44CdDdB6a900fa2b585dd299e03d12FA4293BC,2178,0x64d6a36cf076f2d3921803e4bf5861b7b6a3b540feaff2f57796f2001ca82daa,1789653602976,1789653602982,1789653619897,16921,777,185010,CONFIRMED,
1562,0x90F79bf6EB2c4f870365E785982E1f101E93b906,2178,0x460e56a3448cde589e59349df4b926f3f19e7b1f1b86a108e41a634dc6875b45,1789653602979,1789653602985,1789653619898,16919,777,185022,CONFIRMED,
1563,0x15d34AAf54267DB7D7c367839AAf71A00a2C6A65,2178,0xd2a886981e977798759a7d1d9212399656bf8cfaf71c822487cf396ac765db46,1789653602991,1789653602999,1789653619900,16909,777,185022,CONFIRMED,
1564,0x9965507D1a55bcC2695C58ba16FB37d819B0A4dc,2178,0xf0666d00cab44484fc8cb107e4a58db3dbe45f2e0940d27a3914a0997e47bbc7,1789653603000,1789653603009,1789653619902,16902,777,185022,CONFIRMED,
1565,0x976EA74026E726554dB657fA54763abd0C3a0aa9,2178,0x4df8dd0c6196f960b23d37bb9b5ee0d2be442e6871be9f07c0f6a851858bfe12,1789653603009,1789653603017,1789653619903,16894,777,185010,CONFIRMED,
1566,0x14dC79964da2C08b23698B3D3cc7Ca32193d9955,2178,0x7ee3dac289a559543787fe3a8522cd5d2265223e2b48681805386ebc33a9012e,1789653603033,1789653603047,1789653619904,16871,777,185022,CONFIRMED,
1567,0x23618e81E3f5cdF7f54C3d65f7FBc0aBf5B21E8f,2178,0x555e1503ce55c5ed30b64a54f6336beb2dd08c103ee0dd2bc22a655c314c4706,1789653603033,1789653603052,1789653619906,16873,777,185022,CONFIRMED,
1568,0xa0Ee7A142d267C1f36714E4a8F75612F20a79720,2178,0x43d29f658b5f253bffba266b0264370ceb4b3248d04f5112e2929717c0793300,1789653603040,1789653603052,1789653619908,16868,777,185010,CONFIRMED,
1569,0xBcd4042DE499D14e55001CcbB24a551F3b954096,2178,0x3eac583af342a6710c5cf16b2889d43c01fda23e0a786a34055b0f8cc0696d1f,1789653603049,1789653603059,1789653619909,16860,777,185010,CONFIRMED,
1570,0x71bE63f3384f5fb98995898A86B02Fb2426c5788,2178,0xa13fd03ccda24c4c53edfb3e392f6bb27abe03e43b7e5f3dfcb64b497fb081dc,1789653603059,1789653603067,1789653619911,16852,777,185022,CONFIRMED,
1571,0xFABB0ac9d68B0B445fB7357272Ff202C5651694a,2178,0xf93719f7aa8a5f7c627cf5f752ff2d43df44ae0c36dced5532d8f9cffe22befa,1789653603081,1789653603092,1789653619912,16831,777,185022,CONFIRMED,
1572,0x1CBd3b2770909D4e10f157cABC84C7264073C9Ec,2178,0xe50c09d8980e77e59fdacd67c1734eced137be99eb7e36ee29454efa6b822b78,1789653603081,1789653603092,1789653619914,16833,777,185022,CONFIRMED,
1573,0xdF3e18d64BC6A983f673Ab319CCaE4f1a57C7097,2178,0x84edacf914db38b382fad59ac01f67297f593e964afce050cf72b8a359d72ece,1789653603089,1789653603097,1789653619916,16827,777,185010,CONFIRMED,
1574,0xcd3B766CCDd6AE721141F452C550Ca635964ce71,2178,0x743522708001677a92e3c668ab66712d41eecd01dbbb55135bb5f7f38b34ecac,1789653603112,1789653603124,1789653619919,16807,777,185010,CONFIRMED,
1575,0x2546BcD3c84621e976D8185a91A922aE77ECEc30,2178,0x4402690f4c53fa67dd2d751ace429a36c50561af8887094394195e4990569fca,1789653603112,1789653603125,1789653619921,16809,777,185022,CONFIRMED,
1576,0xbDA5747bFD65F08deb54cb465eB87D40e51B197E,2178,0xb9d4577c90ced388ca3f8d3348ae84777dd5d93e64d7014b686798b7a5b68a64,1789653603120,1789653603129,1789653619929,16809,777,185022,CONFIRMED,
1577,0xdD2FD4581271e230360230F9337D5c0430Bf44C0,2178,0x9be2c1319e9301da8363a24dd2689997799398f925b9ee1fd75225ee81486dfd,1789653603129,1789653603136,1789653619931,16802,777,185022,CONFIRMED,
1578,0x8626f6940E2eb28930eFb4CeF49B2d1F2C9C1199,2178,0x3e545c94ce3cc1e3d2e54d8e793fd20e8246983e95af9dbb67f9caa9be80a56a,1789653603144,1789653603152,1789653619932,16788,777,185022,CONFIRMED,
1579,0x09DB0a93B389bEF724429898f539AEB7ac2Dd55f,2178,0x87d6b2226ec4089ae1310839efedce105298d16d475f3b11197331f4d4fc51ba,1789653603150,1789653603159,1789653619933,16783,777,185022,CONFIRMED,
1580,0x70997970C51812dc3A010C7d01b50e0d17dc79C8,2179,0xfc601e43825daed09a763839bf165a1f34641eea607b774713f01e0739fffee2,1789653603159,1789653603168,1789653619935,16776,777,185010,CONFIRMED,
1581,0x3C44CdDdB6a900fa2b585dd299e03d12FA4293BC,2179,0xaa8eb2e0aae9390271c5d3130803372f673a2ba91eb0a2ab54757b8ea69af4bf,1789653603184,1789653603879,1789653619936,16752,778,184998,CONFIRMED,
1582,0x90F79bf6EB2c4f870365E785982E1f101E93b906,2179,0x40bcfbd4efd7d41edd0a1d879f82ca1e2c8123509981544c1dbbc8fdab1ce6a4,1789653603184,1789653603880,1789653619937,16753,778,184998,CONFIRMED,
1583,0x15d34AAf54267DB7D7c367839AAf71A00a2C6A65,2179,0x24c82eb46c130f5ffea21482a7af1c7ee5137f839100f69ee03285802159a357,1789653603200,1789653603881,1789653619939,16739,778,185022,CONFIRMED,
1584,0x9965507D1a55bcC2695C58ba16FB37d819B0A4dc,2179,0x1e0dcf86211fc25bdfbf5c5ae239780003934e8781351f79e2f3b88f80e09784,1789653603200,1789653603882,1789653619940,16740,778,185022,CONFIRMED,
1585,0x976EA74026E726554dB657fA54763abd0C3a0aa9,2179,0x0ab138204365a964cae35842151bd11247c262b225b7732ef88bad3ef8a4286d,1789653603216,1789653603883,1789653619942,16726,778,185022,CONFIRMED,
1586,0x14dC79964da2C08b23698B3D3cc7Ca32193d9955,2179,0xa90e7aa947be2c836a7ef4239a60a7fd82b21081c16e8190554db4a93de4ecbf,1789653603233,1789653603884,1789653619943,16710,778,185022,CONFIRMED,
1587,0x23618e81E3f5cdF7f54C3d65f7FBc0aBf5B21E8f,2179,0x84577c55dfd6a9f7bf649cfe9ffa05700ec73a0f29049e461165c73fc6707dd3,1789653603233,1789653603884,1789653619945,16712,778,185010,CONFIRMED,
1588,0xa0Ee7A142d267C1f36714E4a8F75612F20a79720,2179,0x86b40ae176871ba65b5609ede734ccbeb67c6cf7057c6c7873ef7ba6df4acd0b,1789653603241,1789653603885,1789653619946,16705,778,184998,CONFIRMED,
1589,0xBcd4042DE499D14e55001CcbB24a551F3b954096,2179,0xf30967f1a2295556e691ed03e45a54dbda07bca9a8956f87eade24ebccf43ea9,1789653603257,1789653603886,1789653619950,16693,778,185010,CONFIRMED,
1590,0x71bE63f3384f5fb98995898A86B02Fb2426c5788,2179,0xb6bacbf2ed4769fd4f38706a31548754e5011a9823b33c61da5667bbd84be448,1789653603260,1789653603887,1789653619956,16696,778,185022,CONFIRMED,
1591,0xFABB0ac9d68B0B445fB7357272Ff202C5651694a,2179,0xf9becc01a0a39f31e8dccfa6c7b6613d5bfc5d27f9b3b936fc016ab6e5c55df8,1789653603273,1789653603887,1789653619958,16685,778,185022,CONFIRMED,
1592,0x1CBd3b2770909D4e10f157cABC84C7264073C9Ec,2179,0x5ff3a430ba9bfa7916a3f55d2c6274b22891f5abf2c0303e815166e71a8178fc,1789653603289,1789653603889,1789653619960,16671,778,185010,CONFIRMED,
1593,0xdF3e18d64BC6A983f673Ab319CCaE4f1a57C7097,2179,0x8fd2f9347d4d5c0daa039ffeaf8c8f866465c671a06b5607e02b36c39ef8f8ea,1789653603289,1789653603890,1789653619961,16672,778,185022,CONFIRMED,
1594,0xcd3B766CCDd6AE721141F452C550Ca635964ce71,2179,0xcb11a33669db775ddafbdaad6339161d359e6bdb176cfcf5cc379ca458543d8d,1789653603305,1789653603891,1789653619962,16657,778,185022,CONFIRMED,
1595,0x2546BcD3c84621e976D8185a91A922aE77ECEc30,2179,0xba0693c1201a968a1f8feaece2ea02f8cc8e34240f793023e2a0f3c2c68f5a4f,1789653603321,1789653603892,1789653619964,16643,778,185022,CONFIRMED,
1596,0xbDA5747bFD65F08deb54cb465eB87D40e51B197E,2179,0xc9df350ee6f42bab5e99b586071e527b73e000cbae015d2c5076c06a87f0a9e5,1789653603321,1789653603893,1789653619965,16644,778,185022,CONFIRMED,
1597,0xdD2FD4581271e230360230F9337D5c0430Bf44C0,2179,0xc56a5824bf8fe5c364fcf06e052caffae86371858a02db5b24597272ef2825cb,1789653603336,1789653603892,1789653619966,16630,778,185022,CONFIRMED,
1598,0x8626f6940E2eb28930eFb4CeF49B2d1F2C9C1199,2179,0x3884fa70351305c4e02effc11ae773e107fb1dce541581c2cce22c531a701bf5,1789653603344,1789653603894,1789653619967,16623,778,185022,CONFIRMED,
1599,0x09DB0a93B389bEF724429898f539AEB7ac2Dd55f,2179,0x077cde642ca64579c56f092e2a0c74b70b0df485bbecfffa5046f0497d2da988,1789653603366,1789653603895,1789653619968,16602,778,185022,CONFIRMED,
1600,0x70997970C51812dc3A010C7d01b50e0d17dc79C8,2180,0xefcd2ce87254a11e850d379f31f46199425a4b32fbfd6cc79eaed01dc9867921,1789653603366,1789653603895,1789653619969,16603,778,185010,CONFIRMED,
1601,0x3C44CdDdB6a900fa2b585dd299e03d12FA4293BC,2180,0x13f39ad5a090455cc565aa921eaad2cebc77e2d7bf75c798f02c7496a02258cf,1789653603369,1789653603909,1789653619970,16601,778,185010,CONFIRMED,
1602,0x90F79bf6EB2c4f870365E785982E1f101E93b906,2180,0x42a3697522b5c9b3fa515f21d28bde6974ffb798853ce6e4e78db9aabf6439d7,1789653603383,1789653603910,1789653619971,16588,778,185022,CONFIRMED,
1603,0x15d34AAf54267DB7D7c367839AAf71A00a2C6A65,2180,0x788c0cc2f6d7611e952b72b6ca0ed36aa1e5b692f56204ed640fc9315a57c4c1,1789653603399,1789653603911,1789653619972,16573,778,185022,CONFIRMED,
1604,0x9965507D1a55bcC2695C58ba16FB37d819B0A4dc,2180,0xe3e735f5e6f409d06425e0d7a71d76581d163859cc6ebeb400a56191d2baa70e,1789653603399,1789653603913,1789653619974,16575,778,185022,CONFIRMED,
1605,0x976EA74026E726554dB657fA54763abd0C3a0aa9,2180,0x6b273c916039d26f9d542ce6d1bb78fc229883d9f5ba73ffefdb3198e1ce92f2,1789653603415,1789653603914,1789653619975,16560,778,185022,CONFIRMED,
1606,0x14dC79964da2C08b23698B3D3cc7Ca32193d9955,2180,0x353943f57d9b37f8562564125fb6c08fb3fce3c43203fa6b2bbb6f6c3a514dfc,1789653603430,1789653603915,1789653619976,16546,778,185022,CONFIRMED,
1607,0x23618e81E3f5cdF7f54C3d65f7FBc0aBf5B21E8f,2180,0xd2f7a2cac3fba1eb74203d2dfcbfa9470af879539bf411e68db7977efe92a731,1789653603430,1789653603916,1789653619977,16547,778,185022,CONFIRMED,
1608,0xa0Ee7A142d267C1f36714E4a8F75612F20a79720,2180,0x87ff5e157a0e70a3c1059ea4e9c7336578d9b36c8cfec4333aa06f70ea1599d5,1789653603447,1789653603917,1789653619979,16532,778,184998,CONFIRMED,
1609,0xBcd4042DE499D14e55001CcbB24a551F3b954096,2180,0xd85bc61fb840ca60c62d6e36f904d26c38cb595ec5fbee95f694c61de9ac929c,1789653603456,1789653603918,1789653619980,16524,778,185010,CONFIRMED,
1610,0x71bE63f3384f5fb98995898A86B02Fb2426c5788,2180,0xe12a92c93fd0ef6fc445d38b3fd26ed65b21570a71e19826a57d745eb88d752f,1789653603472,1789653603919,1789653619984,16512,778,185022,CONFIRMED,
1611,0xFABB0ac9d68B0B445fB7357272Ff202C5651694a,2180,0x7dc3d8ab7b139c1084be129aef24c650100ad71617887d6c58866f860fbc4c25,1789653603472,1789653603920,1789653619987,16515,778,185022,CONFIRMED,
1612,0x1CBd3b2770909D4e10f157cABC84C7264073C9Ec,2180,0x7868850f56938f9422d0f6a8b23a35439913436fb0031daa8fcdaafea717e39e,1789653603495,1789653603921,1789653619989,16494,778,185022,CONFIRMED,
1613,0xdF3e18d64BC6A983f673Ab319CCaE4f1a57C7097,2180,0x2e47e6116a0da7f778c6d5e82361319936dc47f4fee1029096dbd36552e03dec,1789653603495,1789653603922,1789653619991,16496,778,185022,CONFIRMED,
1614,0xcd3B766CCDd6AE721141F452C550Ca635964ce71,2180,0x2170ebb52ff8e945b9bb2f30028feb7b8a78c859f3fc48f87cd094510bf46ee3,1789653603511,1789653603923,1789653619992,16481,778,185010,CONFIRMED,
1615,0x2546BcD3c84621e976D8185a91A922aE77ECEc30,2180,0xa07c31d1702de8ee57d45d975e53fe0747b68390aa64817e733b13a7cf6ef6b4,1789653603511,1789653603924,1789653619994,16483,778,185022,CONFIRMED,
1616,0xbDA5747bFD65F08deb54cb465eB87D40e51B197E,2180,0xe69bc7279fbb1127426735193dceb0e5b3638b4661c3590983f1813bff28ee31,1789653603526,1789653603926,1789653619995,16469,778,185022,CONFIRMED,
1617,0xdD2FD4581271e230360230F9337D5c0430Bf44C0,2180,0xa7ba249d9b300074820ab23b8151f63ef18bbbfd089a270719a12104b0d43299,1789653603542,1789653603925,1789653619996,16454,778,185022,CONFIRMED,
1618,0x8626f6940E2eb28930eFb4CeF49B2d1F2C9C1199,2180,0x0c950577ccb7ded1fbe740bbc8c44bb42e15834de9a80e39ffaf51adccd872c4,1789653603542,1789653603927,1789653619997,16455,778,185022,CONFIRMED,
1619,0x09DB0a93B389bEF724429898f539AEB7ac2Dd55f,2180,0x0ebfa55a1fdf462863c1c59c7170f8bc18360c2e2a97cded87fab03a4744d4c5,1789653603551,1789653603928,1789653619999,16448,778,185022,CONFIRMED,
1620,0x70997970C51812dc3A010C7d01b50e0d17dc79C8,2181,0x1d8efaccf450f332ede8e6890f10b9dadc977a928d00a4e3b15ba826f6e6d09e,1789653603561,1789653603929,1789653620000,16439,778,185010,CONFIRMED,
1621,0x3C44CdDdB6a900fa2b585dd299e03d12FA4293BC,2181,0xa0efe581e659e923745a7057c3d8a37dc371ff81895cba0d38a54927349e3e9e,1789653603577,1789653603940,1789653620002,16425,778,185010,CONFIRMED,
1622,0x90F79bf6EB2c4f870365E785982E1f101E93b906,2181,0x3901533d913c1e4eb258c53ff0101e13c94b1cabd4aef59778621da7a417f040,1789653603582,1789653603941,1789653620003,16421,778,185022,CONFIRMED,
1623,0x15d34AAf54267DB7D7c367839AAf71A00a2C6A65,2181,0x138021545f87c029d80ec2478befd9a7a03bc35c1b6aa9fe1164c4e04c8959dd,1789653603598,1789653603942,1789653620004,16406,778,185010,CONFIRMED,
1624,0x9965507D1a55bcC2695C58ba16FB37d819B0A4dc,2181,0x8d2efb3d3380f12e7616202480ef6944bcff8639a5f79164405dcdc74c318f52,1789653603614,1789653603943,1789653620006,16392,778,185022,CONFIRMED,
1625,0x976EA74026E726554dB657fA54763abd0C3a0aa9,2181,0xe52df1225215eca13da8f23f173c586ece80c2d071d14fd0fdc9e900745e2c98,1789653603614,1789653603943,1789653620008,16394,778,185022,CONFIRMED,
1626,0x14dC79964da2C08b23698B3D3cc7Ca32193d9955,2181,0x1a9b363b09cb48c33043978fc0534c61db5cd3690eabad85adf42c7780ef4840,1789653603630,1789653603944,1789653620010,16380,778,185022,CONFIRMED,
1627,0x23618e81E3f5cdF7f54C3d65f7FBc0aBf5B21E8f,2181,0xbebe79075b6b0a3b63841ee9ec293fbc23bae759bd799c6e7bee6bfd80943af7,1789653603630,1789653603945,1789653620011,16381,778,185022,CONFIRMED,
1628,0xa0Ee7A142d267C1f36714E4a8F75612F20a79720,2181,0xa3e5407e14d58d24f47654452314efeb399e48aadc137ff04d0b898e49708124,1789653603646,1789653603946,1789653620013,16367,778,184998,CONFIRMED,
1629,0xBcd4042DE499D14e55001CcbB24a551F3b954096,2181,0x63f1878e97d1741fe372152babef413801f4b7192a0742ad1304d3a9a0ca21fe,1789653603655,1789653603947,1789653620015,16360,778,185010,CONFIRMED,
1630,0x71bE63f3384f5fb98995898A86B02Fb2426c5788,2181,0x728a19b90622204f2ba45de1aad0372eca62af80297b6e1982aabf3e7b3fdf07,1789653603671,1789653603948,1789653620016,16345,778,185022,CONFIRMED,
1631,0xFABB0ac9d68B0B445fB7357272Ff202C5651694a,2181,0x2884514c480124976a3aeee5401dcec5fe2e1b2daf585822b8f069a3360714aa,1789653603671,1789653603948,1789653620018,16347,778,185022,CONFIRMED,
1632,0x1CBd3b2770909D4e10f157cABC84C7264073C9Ec,2181,0xd5716e4a21084ef268eaedc505f6b4e810ba34ff49401e688fbee9b655b995a9,1789653603680,1789653603949,1789653620020,16340,778,185022,CONFIRMED,
1633,0xdF3e18d64BC6A983f673Ab319CCaE4f1a57C7097,2181,0x7a1d18b9301e37b12c5cd8591194f6a16ea3e6b1b8fae8bafafa5c1767437afc,1789653603689,1789653603950,1789653620025,16336,778,185022,CONFIRMED,
1634,0xcd3B766CCDd6AE721141F452C550Ca635964ce71,2181,0x1f1837fe76065905590d3151afea4b170d841705e749138d486d974d8b54ff9f,1789653603704,1789653603951,1789653620028,16324,778,185022,CONFIRMED,
1635,0x2546BcD3c84621e976D8185a91A922aE77ECEc30,2181,0xc4cd8781060136f88ac497c3a4ba61cbf8f672505f740155e975a21b73a580b6,1789653603720,1789653603952,1789653620030,16310,778,185022,CONFIRMED,
1636,0xbDA5747bFD65F08deb54cb465eB87D40e51B197E,2181,0xaa52a247e86cb1c3f0e7579572b299e62ca49d8c9b9ae65befe4e2e3ebd35b6b,1789653603720,1789653603953,1789653620032,16312,778,185010,CONFIRMED,
1637,0xdD2FD4581271e230360230F9337D5c0430Bf44C0,2181,0x6edc06319b32861f85cdd67aa3aad41a808081588f371f94a84c95e8a2089554,1789653603736,1789653603952,1789653620034,16298,778,185022,CONFIRMED,
1638,0x8626f6940E2eb28930eFb4CeF49B2d1F2C9C1199,2181,0x07f0793bae9d6153ec8ff662fce4c74abccc0e9b724e2eb99f5d4746dee431c1,1789653603752,1789653603954,1789653620035,16283,778,185010,CONFIRMED,
1639,0x09DB0a93B389bEF724429898f539AEB7ac2Dd55f,2181,0x937864a6d0da85686e599d1221546240f071cc16ee52811ecc7ba892305c4adb,1789653603752,1789653603956,1789653620036,16284,778,185010,CONFIRMED,
1640,0x70997970C51812dc3A010C7d01b50e0d17dc79C8,2182,0x7cfe6614ab54d344cfac09fd77794dcd6238586f8dbea8f9d309e131577594b9,1789653603760,1789653603957,1789653620038,16278,778,185010,CONFIRMED,
1641,0x3C44CdDdB6a900fa2b585dd299e03d12FA4293BC,2182,0x56bb3e62e0466e3649b7268f5ea9fab1e0430cacf8d54d1ee7af4dfd349d6a5a,1789653603772,1789653603967,1789653620039,16267,778,185010,CONFIRMED,
1642,0x90F79bf6EB2c4f870365E785982E1f101E93b906,2182,0x98c621dee536de3119d3c9e966d28e203e1228fa790b5467b03ad323307ac66a,1789653603788,1789653603967,1789653620041,16253,778,185022,CONFIRMED,
1643,0x15d34AAf54267DB7D7c367839AAf71A00a2C6A65,2182,0x1ca1f27b1dc614b485d3ebbdb49b83b2076a875ef6801fee305059e791a38f22,1789653603803,1789653603967,1789653620042,16239,778,185022,CONFIRMED,
1644,0x9965507D1a55bcC2695C58ba16FB37d819B0A4dc,2182,0xd7790bcbbb01351d436b456d037c6013e4dbe6431a593b6ed82291280b4221cf,1789653603803,1789653603967,1789653620043,16240,778,184998,CONFIRMED,
1645,0x976EA74026E726554dB657fA54763abd0C3a0aa9,2182,0xc78052d79aaa7c5e9d7d63a026315335d5b7f6379488ecffeca6e3ac381d0a2c,1789653603819,1789653603968,1789653620045,16226,778,185022,CONFIRMED,
1646,0x14dC79964da2C08b23698B3D3cc7Ca32193d9955,2182,0x4c6ec669eb6cb88735069888604b4516e9fa22d81631a3424c9a6ca107ec033b,1789653603819,1789653603968,1789653620046,16227,778,185022,CONFIRMED,
1647,0x23618e81E3f5cdF7f54C3d65f7FBc0aBf5B21E8f,2182,0x17ab4338671f3262ae763ddaa3324e7a95b14dea59d042384210cd8bbaecccfd,1789653603834,1789653603968,1789653620049,16215,778,185022,CONFIRMED,
1648,0xa0Ee7A142d267C1f36714E4a8F75612F20a79720,2182,0x59a40c4bd59c36d4b548402d4d6516321e4ecf6c5c9fdc7f54f05f98f6319a90,1789653603850,1789653603968,1789653620051,16201,778,185010,CONFIRMED,
1649,0xBcd4042DE499D14e55001CcbB24a551F3b954096,2182,0x586fec2b2948723165f50b737d8d57686874b70e9a40210ed0286707d965bc18,1789653603850,1789653603968,1789653620052,16202,778,185010,CONFIRMED,
1650,0x71bE63f3384f5fb98995898A86B02Fb2426c5788,2182,0x1f1f9615d2023f37a26d339bb9fc26260f9046a56fa4efbb0f30f02c31edb15b,1789653603864,1789653603968,1789653620054,16190,778,185010,CONFIRMED,
1651,0xFABB0ac9d68B0B445fB7357272Ff202C5651694a,2182,0x1e9a0f4ea6d2790b5184fe65bbc15c922c02c6530a3d7fec7126e41653cf9c31,1789653603869,1789653603968,1789653620056,16187,778,185010,CONFIRMED,
1652,0x1CBd3b2770909D4e10f157cABC84C7264073C9Ec,2182,0x2bdf5bd69c2006d9a04b268f9760e7e6c677e88610199fca9bd972b8914d6d4d,1789653603879,1789653603969,1789653620059,16180,778,185022,CONFIRMED,
1653,0xdF3e18d64BC6A983f673Ab319CCaE4f1a57C7097,2182,0xcd5fe151f061a2ff789e452fe6f97c4a391fd8c547fc63169f686b9d4525557c,1789653603892,1789653603969,1789653620060,16168,778,185010,CONFIRMED,
1654,0xcd3B766CCDd6AE721141F452C550Ca635964ce71,2182,0x8f39e43057f52981d17da8abd73e24800497740b03a23845939d902e43b3da6b,1789653603901,1789653603970,1789653620061,16160,778,185010,CONFIRMED,
1655,0x2546BcD3c84621e976D8185a91A922aE77ECEc30,2182,0x63812ec576c2a3ae704f06de840260aa5ba0b14141b9aed460a3256f50336381,1789653603915,1789653603970,1789653620063,16148,778,185022,CONFIRMED,
1656,0xbDA5747bFD65F08deb54cb465eB87D40e51B197E,2182,0xb2e0ca40e4aee16f1943dca5a8b1988423293ad6884b896ad77a2a713580ff00,1789653603930,1789653603970,1789653620064,16134,778,185022,CONFIRMED,
1657,0xdD2FD4581271e230360230F9337D5c0430Bf44C0,2182,0x48b3fec10d26c0722809965a7e240b82110446d12a7d518f2ec85e4d1e990443,1789653603930,1789653603970,1789653620065,16135,778,185010,CONFIRMED,
1658,0x8626f6940E2eb28930eFb4CeF49B2d1F2C9C1199,2182,0x3e25609d00f7a49af4397eace0c408141a0df0f870e6b3a71db5a459d42867d7,1789653603939,1789653603970,1789653620066,16127,778,185022,CONFIRMED,
1659,0x09DB0a93B389bEF724429898f539AEB7ac2Dd55f,2182,0x3c0a2339a0da01bb88c463372d5ea9179e48d3ae2894c1ac55c4567516cebd23,1789653603955,1789653603970,1789653620067,16112,778,185010,CONFIRMED,
1660,0x70997970C51812dc3A010C7d01b50e0d17dc79C8,2183,0xaf4dd20b9bf7865410b42e9d175ce757be4cfe7bbf5e0e35799b177c9cf50699,1789653603963,1789653603971,1789653620068,16105,778,185010,CONFIRMED,
1661,0x3C44CdDdB6a900fa2b585dd299e03d12FA4293BC,2183,0x341896090177499134a645d4a7e49c2276fa77ed0b029898b1638f1e28a32e4b,1789653603969,1789653603973,1789653620069,16100,778,184998,CONFIRMED,
1662,0x90F79bf6EB2c4f870365E785982E1f101E93b906,2183,0xc1b429c67f82cc18e323b1e3008f9af4ae7ef84ac89340497563978f5d17a3cf,1789653603986,1789653603992,1789653620070,16084,778,185022,CONFIRMED,
1663,0x15d34AAf54267DB7D7c367839AAf71A00a2C6A65,2183,0x21e3b7fb029dc67bfdef29bb2ff4a99ad1ce9ee9471ceeedc099d6ec0c6670c8,1789653603991,1789653603994,1789653620071,16080,778,185022,CONFIRMED,
1664,0x9965507D1a55bcC2695C58ba16FB37d819B0A4dc,2183,0x7060b22b81cf3c3686544bdedef082dcfbc6fcd888426b8a690c55b2116baf78,1789653604006,1789653604011,1789653620072,16066,778,185022,CONFIRMED,
1665,0x976EA74026E726554dB657fA54763abd0C3a0aa9,2183,0x4bed8a21305c8e50a28149efcab3b99e11a81a8da1ced212a925a011f8e01d8f,1789653604010,1789653604013,1789653620073,16063,778,185022,CONFIRMED,
1666,0x14dC79964da2C08b23698B3D3cc7Ca32193d9955,2183,0x0802449bf1b87df4c1905a37b3ad5a7c072201637b31c6980804b22563513a39,1789653604025,1789653604030,1789653620074,16049,778,185010,CONFIRMED,
1667,0x23618e81E3f5cdF7f54C3d65f7FBc0aBf5B21E8f,2183,0x4d7a9a5bf2f93244e01cf7a50e184e6b1c04e72e1e7c5718e8154664249719ab,1789653604029,1789653604033,1789653620075,16046,778,185022,CONFIRMED,
1668,0xa0Ee7A142d267C1f36714E4a8F75612F20a79720,2183,0xa8b7cb8e1f5b7b76a893e0439c106c45355ce57c7d21d41a544841be993bec7e,1789653604042,1789653604047,1789653620077,16035,778,185010,CONFIRMED,
1669,0xBcd4042DE499D14e55001CcbB24a551F3b954096,2183,0x4ea8384444248af8e34c55c63345977fabfe685f1949f9a3e24ca93dbc595bea,1789653604058,1789653604066,1789653620078,16020,778,185010,CONFIRMED,
1670,0x71bE63f3384f5fb98995898A86B02Fb2426c5788,2183,0x3db49e45417015caae80376bd8bf9020240811ddfddc34241140b830776a67ec,1789653604060,1789653604066,1789653620079,16019,778,185022,CONFIRMED,
1671,0xFABB0ac9d68B0B445fB7357272Ff202C5651694a,2183,0xaacb2a54754d7f21a0a634a6760fe18eadadec6428dbfe4728f0e8c5182a24c4,1789653604074,1789653604081,1789653620079,16005,778,185022,CONFIRMED,
1672,0x1CBd3b2770909D4e10f157cABC84C7264073C9Ec,2183,0xa00ede539aeda74ced92033bde950bf6f27c16cd0ff83d2b31a004bb8cc90ce6,1789653604079,1789653604086,1789653620080,16001,778,185022,CONFIRMED,
1673,0xdF3e18d64BC6A983f673Ab319CCaE4f1a57C7097,2183,0x72b0b39966fbfa193695d2e8798b8ddd8fc94fb7cdfd22b22d9a6aeef93bc050,1789653604097,1789653604104,1789653620081,15984,778,185022,CONFIRMED,
1674,0xcd3B766CCDd6AE721141F452C550Ca635964ce71,2183,0x8dfc15a8bf29c9f1b4e2b05d9e00906b35012c6599eda73e557e6d70ac5fcfdf,1789653604099,1789653604104,1789653620082,15983,778,185022,CONFIRMED,
1675,0x2546BcD3c84621e976D8185a91A922aE77ECEc30,2183,0x5914750bfd3159e5d5f90203138da06b4186c00909e35f5314ed89c783df0f10,1789653604114,1789653604121,1789653620083,15969,778,185022,CONFIRMED,
1676,0xbDA5747bFD65F08deb54cb465eB87D40e51B197E,2183,0x408247355e3275a75ce79fcdf208a3447e68b42616afb99a85b8a5adde7dc731,1789653604120,1789653604126,1789653620084,15964,778,185022,CONFIRMED,
1677,0xdD2FD4581271e230360230F9337D5c0430Bf44C0,2183,0x32fe44540eaf3ed0a8a72bb0f7aaa50790ceeabd8a5a4106adb41b94e9acf2a7,1789653604130,1789653604137,1789653620085,15955,778,185022,CONFIRMED,
1678,0x8626f6940E2eb28930eFb4CeF49B2d1F2C9C1199,2183,0x30c5dd5d470871b02fe4b130bc0b3cec27346e92086d8856d94af24b18819beb,1789653604146,1789653604153,1789653620086,15940,778,185022,CONFIRMED,
1679,0x09DB0a93B389bEF724429898f539AEB7ac2Dd55f,2183,0x387b0c0f7cd4374c2a9cc24773ca2ef3e6f4b7cdaf4378df69896305d1438bb8,1789653604150,1789653604157,1789653620087,15937,778,185010,CONFIRMED,
1680,0x70997970C51812dc3A010C7d01b50e0d17dc79C8,2184,0xa41eb9ad4fd8b8ac78280140baea3a4851b80efab7a5cdf0c78933871a8a9a90,1789653604162,1789653604171,1789653620088,15926,778,184986,CONFIRMED,
1681,0x3C44CdDdB6a900fa2b585dd299e03d12FA4293BC,2184,0xa88815dbb4911e1c5c9e7c569931cea5ba270eb6060dbb0ffc25db6406e2f7fc,1789653604171,1789653604179,1789653620091,15920,778,185010,CONFIRMED,
1682,0x90F79bf6EB2c4f870365E785982E1f101E93b906,2184,0x7fb0aa43ede8e940961f1aebe36fbf1121b42d5957c16b432c52570ffe3ae985,1789653604179,1789653604187,1789653620092,15913,778,185022,CONFIRMED,
1683,0x15d34AAf54267DB7D7c367839AAf71A00a2C6A65,2184,0x3744452b65454b9b8c5683b5b577818e2bbeb9c5e43d7c90898fb8568efec5e3,1789653604196,1789653604205,1789653620093,15897,778,185022,CONFIRMED,
1684,0x9965507D1a55bcC2695C58ba16FB37d819B0A4dc,2184,0x7b5bf8bc82ec79f787fb564a66831dea0dd522acf168971c43fa9c074fbcddbb,1789653604200,1789653604210,1789653620095,15895,778,185022,CONFIRMED,
1685,0x976EA74026E726554dB657fA54763abd0C3a0aa9,2184,0x98819fda6c0fed08c3029e50180b1b78ca1ee58009697108d7879c64ae31b42c,1789653604210,1789653604218,1789653620096,15886,778,185022,CONFIRMED,
1686,0x14dC79964da2C08b23698B3D3cc7Ca32193d9955,2184,0x5c3f00ac54ff18dd44c0a420fd09286c9ce4dd31c40321ccf4ba0cf5154da402,1789653604218,1789653604227,1789653620097,15879,778,185010,CONFIRMED,
1687,0x23618e81E3f5cdF7f54C3d65f7FBc0aBf5B21E8f,2184,0xc671aef9f7ff9f34182b9a68a46b10935bf2d97fd9cae6139e88349a019b457e,1789653604243,1789653604252,1789653620098,15855,778,185010,CONFIRMED,
1688,0xa0Ee7A142d267C1f36714E4a8F75612F20a79720,2184,0x568e314b09b28ebcb53506235d50c8e6b1e01229e6551f9d0bf20c7a40d32f47,1789653604243,1789653604254,1789653620099,15856,778,185010,CONFIRMED,
1689,0xBcd4042DE499D14e55001CcbB24a551F3b954096,2184,0x156ac0d450ba5e467c76125f4376259dc5725271c57fc370036ca81f9923b518,1789653604250,1789653604259,1789653620100,15850,778,185010,CONFIRMED,
1690,0x71bE63f3384f5fb98995898A86B02Fb2426c5788,2184,0x2392daf3457ffa80edc64ce0f490d162ec4c7256d9bdfb9bd21ec323fc36b40f,1789653604259,1789653604267,1789653620101,15842,778,185022,CONFIRMED,
1691,0xFABB0ac9d68B0B445fB7357272Ff202C5651694a,2184,0x4d9c7eddc651fa5ca84a4bf9a3603a658b35a949d98b9ec4be03530f14088a2b,1789653604275,1789653604284,1789653620102,15827,778,185010,CONFIRMED,
1692,0x1CBd3b2770909D4e10f157cABC84C7264073C9Ec,2184,0x4b2bfcac71af56de1ecb47fb86d828c5f428493ea9751f73747a173991f5b4b7,1789653604279,1789653604287,1789653620103,15824,778,185022,CONFIRMED,
1693,0xdF3e18d64BC6A983f673Ab319CCaE4f1a57C7097,2184,0x8fb474251c3e8c73938bbb01d032db8e48eea8f49d78fcbeac3ef5e2bc7a30a2,1789653604290,1789653604297,1789653620104,15814,778,185022,CONFIRMED,
1694,0xcd3B766CCDd6AE721141F452C550Ca635964ce71,2184,0x2e13b7c18652b5b425caf3aee640a2d75c0c6b05202057e470e2c950ec2bea74,1789653604299,1789653604308,1789653620105,15806,778,185010,CONFIRMED,
1695,0x2546BcD3c84621e976D8185a91A922aE77ECEc30,2184,0x2b51b8d7c502bf1791336f82249f48b412df76ee59b8535f403c1e10b6a0e9e3,1789653604318,1789653604336,1789653620106,15788,778,185010,CONFIRMED,
1696,0xbDA5747bFD65F08deb54cb465eB87D40e51B197E,2184,0x0d0173ccb5eb5e7368e5fc9355c453127e04d94a6312c212960722a087527eb7,1789653604320,1789653604338,1789653620108,15788,778,185022,CONFIRMED,
1697,0xdD2FD4581271e230360230F9337D5c0430Bf44C0,2184,0xde4fabdf0eeba46b91bd17d0f9796681efe45f95c7001e421166756b2d631f08,1789653604329,1789653604342,1789653620109,15780,778,185022,CONFIRMED,
1698,0x8626f6940E2eb28930eFb4CeF49B2d1F2C9C1199,2184,0x8868479440971c0ee061b51a34d0c3a96c70faa563e020703a9d9b1bc3232f8d,1789653604342,1789653604349,1789653620110,15768,778,185022,CONFIRMED,
1699,0x09DB0a93B389bEF724429898f539AEB7ac2Dd55f,2184,0xc4a0ea094ed05ba689cdaf569088823db4e0e33d7209806314a44a8bfbb415d4,1789653604349,1789653604358,1789653620111,15762,778,185022,CONFIRMED,
1700,0x70997970C51812dc3A010C7d01b50e0d17dc79C8,2185,0xc6ba010ab6397afa4016133cc9ee158641d00ad25bc53901302b500f5cd721b8,1789653604364,1789653604374,1789653620112,15748,778,185010,CONFIRMED,
1701,0x3C44CdDdB6a900fa2b585dd299e03d12FA4293BC,2185,0x060194acdeb11cd2be8688dbb54de7439cb262ffeb92ba5e6625c4659c88084d,1789653604370,1789653604379,1789653620113,15743,778,185010,CONFIRMED,
1702,0x90F79bf6EB2c4f870365E785982E1f101E93b906,2185,0xb71dcafefab11ed27029957867aceadb91b1b783ce478d8de1597fd21fea9ad2,1789653604379,1789653604387,1789653620115,15736,778,185022,CONFIRMED,
1703,0x15d34AAf54267DB7D7c367839AAf71A00a2C6A65,2185,0x405b79d59f75eca81657d44602be3baa9301d6b2fabe6f697b5d40cdad0eb614,1789653604396,1789653604404,1789653620117,15721,778,185022,CONFIRMED,
1704,0x9965507D1a55bcC2695C58ba16FB37d819B0A4dc,2185,0xbd7e4ecf73a7ede6da1767ffdaf4b9934efc8dfd05310ebc7bfd144130905dde,1789653604400,1789653604408,1789653620119,15719,778,185010,CONFIRMED,
1705,0x976EA74026E726554dB657fA54763abd0C3a0aa9,2185,0xace10a1621a40fbdb78e4d4f55baaf6bb243d35f5d7193daccb16908c0d9e5be,1789653604418,1789653604434,1789653620120,15702,778,185022,CONFIRMED,
1706,0x14dC79964da2C08b23698B3D3cc7Ca32193d9955,2185,0x31c8ab3d7315a0f3b8ac4c980d340291a7289418e78a89dbb44c758fa0377087,1789653604420,1789653604435,1789653620122,15702,778,185022,CONFIRMED,
1707,0x23618e81E3f5cdF7f54C3d65f7FBc0aBf5B21E8f,2185,0xbc311d83ec3d2cd58f926066e268e8f87db972a860c2b6076dd10e3295205b4f,1789653604429,1789653604445,1789653620123,15694,778,185022,CONFIRMED,
1708,0xa0Ee7A142d267C1f36714E4a8F75612F20a79720,2185,0x5cdab71b071d9c4cf2f0fed218e54137699a0b3175f2ea03579b317165131c6e,1789653604440,1789653604455,1789653620125,15685,778,184998,CONFIRMED,
1709,0xBcd4042DE499D14e55001CcbB24a551F3b954096,2185,0xfd78356f5229562b81df9914ad40d8b53130af40379ccedf286c2bb365d4e9cc,1789653604451,1789653604466,1789653620126,15675,778,185010,CONFIRMED,
1710,0x71bE63f3384f5fb98995898A86B02Fb2426c5788,2185,0x83e604969f5e8ce6fc23a33a000f16fde26e31b254d7f056736f6c3c2195307b,1789653604462,1789653604478,1789653620127,15665,778,185022,CONFIRMED,
1711,0xFABB0ac9d68B0B445fB7357272Ff202C5651694a,2185,0x00c2a2811a5a4df4ca52df0e9aa9b19ae70627b4b47f85c133b1cd816af6159f,1789653604472,1789653604487,1789653620128,15656,778,185022,CONFIRMED,
1712,0x1CBd3b2770909D4e10f157cABC84C7264073C9Ec,2185,0x9fe474b81d6669127476f72c9c726f24eb480ac9a6fe8ba137a977b0dec2c7be,1789653604480,1789653604493,1789653620129,15649,778,185022,CONFIRMED,
1713,0xdF3e18d64BC6A983f673Ab319CCaE4f1a57C7097,2185,0x4f8a01b8d6d1614b055dcb58291e8626bbd99a6e913e76fc0ff19fb7e4a11fbb,1789653604491,1789653604498,1789653620130,15639,778,185022,CONFIRMED,
1714,0xcd3B766CCDd6AE721141F452C550Ca635964ce71,2185,0xe60fd6e1b70544252f70aa925166ac819bfbd33f78633a970b6a1c4b67b3f355,1789653604505,1789653604515,1789653620131,15626,778,185022,CONFIRMED,
1715,0x2546BcD3c84621e976D8185a91A922aE77ECEc30,2185,0x5fb4537ddd040aff9987da53b019d8fd4f42e27cc249a79554526ae3ffa31d10,1789653604510,1789653604518,1789653620132,15622,778,185022,CONFIRMED,
1716,0xbDA5747bFD65F08deb54cb465eB87D40e51B197E,2185,0xa3e59cc08d1329ea925a775a7e5334d223ea2697840971650e98883f6a7f4fe5,1789653604521,1789653604529,1789653620133,15612,778,185010,CONFIRMED,
1717,0xdD2FD4581271e230360230F9337D5c0430Bf44C0,2185,0x4bc72bb73e6724156f22fdeaee8b545b715554ed0df60cc2428fc926ba13e512,1789653604529,1789653604534,1789653620133,15604,778,185022,CONFIRMED,
1718,0x8626f6940E2eb28930eFb4CeF49B2d1F2C9C1199,2185,0x82a20cb0c3db795f8b9be21988cacb885c7aab46ecb9a27f0c468edd7d97730f,1789653604553,1789653604559,1789653620134,15581,778,185022,CONFIRMED,
1719,0x09DB0a93B389bEF724429898f539AEB7ac2Dd55f,2185,0xad39f4911cd497cda8d3d513614364c48f69d9cc8928653fa2443a81c4509b0e,1789653604553,1789653604560,1789653620135,15582,778,185022,CONFIRMED,
1720,0x70997970C51812dc3A010C7d01b50e0d17dc79C8,2186,0xb4fb48658e74de188b79e3d2c3ba23f9eb1af5a42d49f102d79d5a1efe6fc2cd,1789653604559,1789653604562,1789653620136,15577,778,185010,CONFIRMED,
1721,0x3C44CdDdB6a900fa2b585dd299e03d12FA4293BC,2186,0x20aa28359c77289a0eb0178ec03f0948eca1b78cf6a82f7fa043adf8cf07f480,1789653604569,1789653604574,1789653620137,15568,778,185010,CONFIRMED,
1722,0x90F79bf6EB2c4f870365E785982E1f101E93b906,2186,0x2cf5e69a38fb8be1202a801778c9e3ee907cbcb8e524e14dff4e38edf9df61d0,1789653604585,1789653604589,1789653620138,15553,778,184998,CONFIRMED,
1723,0x15d34AAf54267DB7D7c367839AAf71A00a2C6A65,2186,0x546954817033494fc6e856a30ad44c6743da76dbec7d45a1fe3fb6cafc6bbc29,1789653604589,1789653604593,1789653620140,15551,778,185022,CONFIRMED,
1724,0x9965507D1a55bcC2695C58ba16FB37d819B0A4dc,2186,0xf763babff83fe626a9971f8fb32dec5f965c62f12dfb909d3462c44614298afb,1789653604601,1789653604605,1789653620141,15540,778,185022,CONFIRMED,
1725,0x976EA74026E726554dB657fA54763abd0C3a0aa9,2186,0x6d140f30e0b7893b6d73064ff0d3d3c9515245c2d715cb8fe209760007078b99,1789653604617,1789653604620,1789653620143,15526,778,185022,CONFIRMED,
1726,0x14dC79964da2C08b23698B3D3cc7Ca32193d9955,2186,0xc4148827d4f24d1a8f5c5671b077c0a0a1449a1567b3eabf19868d3b20a61589,1789653604618,1789653604622,1789653620144,15526,778,185022,CONFIRMED,
1727,0x23618e81E3f5cdF7f54C3d65f7FBc0aBf5B21E8f,2186,0x0ecc18495ff4c6b9bff05c5e1a64906f98b6f767eec0066d055cbc813a24df19,1789653604632,1789653604636,1789653620145,15513,778,185022,CONFIRMED,
1728,0xa0Ee7A142d267C1f36714E4a8F75612F20a79720,2186,0x2f23fced311710e328c4c071927b2e39c8f4cc262f0cfc93f3bbcac2a398389c,1789653604649,1789653604654,1789653620147,15498,778,185010,CONFIRMED,
1729,0xBcd4042DE499D14e55001CcbB24a551F3b954096,2186,0x4bc176d67c0a7b4bbeb47acfb2c1c469353eb3bd240a09c957d0e2dacf42b977,1789653604649,1789653604654,1789653620148,15499,778,185010,CONFIRMED,
1730,0x71bE63f3384f5fb98995898A86B02Fb2426c5788,2186,0xee1d883aaf38a02cf70b9bde8bfddaa241f1acd37c820f5c47675bef93f1be94,1789653604673,1789653604685,1789653620149,15476,778,185022,CONFIRMED,
1731,0xFABB0ac9d68B0B445fB7357272Ff202C5651694a,2186,0x1a51a49430c2cfef9681c8f95bb49fc8e8cf5d997c11880a4882be793d148594,1789653604673,1789653604686,1789653620150,15477,778,185022,CONFIRMED,
1732,0x1CBd3b2770909D4e10f157cABC84C7264073C9Ec,2186,0x80b6d90d5a205fb3bcfd6c46455ad4be9e6b302621facdd332205fc65b257ce3,1789653604680,1789653604686,1789653620150,15470,778,185010,CONFIRMED,
1733,0xdF3e18d64BC6A983f673Ab319CCaE4f1a57C7097,2186,0xda068cda75566e0db687fd5c8ffa688a8704fbf147dfda372b9d59fee36195e7,1789653604698,1789653604706,1789653620151,15453,778,185010,CONFIRMED,
1734,0xcd3B766CCDd6AE721141F452C550Ca635964ce71,2186,0x53f29c24704dacef64938b4b80abd6f64a4dee60a32a1dbbd5ed85217dc03b66,1789653604700,1789653604708,1789653620153,15453,778,185010,CONFIRMED,
1735,0x2546BcD3c84621e976D8185a91A922aE77ECEc30,2186,0xf0fd574431dfb9be9dd8e6caa9a3766913d5d3e4d2ec6b7a2e39f04f35c2d064,1789653604723,1789653604729,1789653620154,15431,778,185022,CONFIRMED,
1736,0xbDA5747bFD65F08deb54cb465eB87D40e51B197E,2186,0xda53374169198a8de85b2fb258e9009d83b123c754d4c44e1fb20623d4b9e42d,1789653604723,1789653604729,1789653620155,15432,778,184998,CONFIRMED,
1737,0xdD2FD4581271e230360230F9337D5c0430Bf44C0,2186,0x5c95f25ee79cfc1a7ad6eb705a2bd64b83ca658e710d3f597e1e7fe4f52f14d6,1789653604740,1789653604751,1789653620157,15417,778,185022,CONFIRMED,
1738,0x8626f6940E2eb28930eFb4CeF49B2d1F2C9C1199,2186,0x71face2995a8a52ca32ef1a85949be09ae7ae79a34ddd22ed6e2fa5b43e0339c,1789653604740,1789653604751,1789653620158,15418,778,185010,CONFIRMED,
1739,0x09DB0a93B389bEF724429898f539AEB7ac2Dd55f,2186,0xdd2a44fdeab8b6801951229f1a063275f261bb1bccfe2c69c0f014af3a93a159,1789653604749,1789653604756,1789653620160,15411,778,185022,CONFIRMED,
1740,0x70997970C51812dc3A010C7d01b50e0d17dc79C8,2187,0xf3eeda7c3e3d8785a6d60bcd94c752732f826e12b74fae816d10e1dc70b702ee,1789653604770,1789653604780,1789653620161,15391,778,185010,CONFIRMED,
1741,0x3C44CdDdB6a900fa2b585dd299e03d12FA4293BC,2187,0x948bacc67c7840ab3e668a56965d6d339142037a2cc69f2028227705b6f7b5ba,1789653604770,1789653604781,1789653620162,15392,778,185010,CONFIRMED,
1742,0x90F79bf6EB2c4f870365E785982E1f101E93b906,2187,0x76d35d92a509dcce97123a74f058854c68b0a5c813e2fe2a2f7da33d6cbc20d8,1789653604780,1789653604786,1789653620163,15383,778,185022,CONFIRMED,
1743,0x15d34AAf54267DB7D7c367839AAf71A00a2C6A65,2187,0x7ef0b9977fd71e4b2e31658b6c813adce5b95fa248881320f9e6d4b41cacff05,1789653604802,1789653604813,1789653620165,15363,778,185022,CONFIRMED,
1744,0x9965507D1a55bcC2695C58ba16FB37d819B0A4dc,2187,0xca1f0c498ea70208a9d32b786d896fabc918fc35d83479d1fa2ce3de35dc2399,1789653604802,1789653604814,1789653620166,15364,778,185022,CONFIRMED,
1745,0x976EA74026E726554dB657fA54763abd0C3a0aa9,2187,0xdbff32a3214e6a65bfbfca1844e01aa78db08e87b9ad13460bed2c991d0901ca,1789653604810,1789653604817,1789653620167,15357,778,185022,CONFIRMED,
1746,0x14dC79964da2C08b23698B3D3cc7Ca32193d9955,2187,0x15081058cbd703dbe03ba166c116d4f815a60358d726994be9e9bfdccacebef1,1789653604834,1789653604840,1789653620168,15334,778,185022,CONFIRMED,
1747,0x23618e81E3f5cdF7f54C3d65f7FBc0aBf5B21E8f,2187,0xba1925af7858fd978c441fde482a26c2a77c188c125f6ede2bc1f889c2ca411c,1789653604834,1789653604841,1789653620169,15335,778,185022,CONFIRMED,
1748,0xa0Ee7A142d267C1f36714E4a8F75612F20a79720,2187,0x72b284b232cd0f6ca13526df1697c113a7ce42af551f791e550595011d281531,1789653604839,1789653604843,1789653620170,15331,778,185010,CONFIRMED,
1749,0xBcd4042DE499D14e55001CcbB24a551F3b954096,2187,0xe99f58f328b2e50f2088a020830d6a6c14dac30f8ee4758245d1faecd2e63822,1789653604850,1789653604854,1789653620171,15321,778,185010,CONFIRMED,
1750,0x71bE63f3384f5fb98995898A86B02Fb2426c5788,2187,0xe01266f25f8ec84807c964eba850d27a5515e168988f0ec3471bc8e1273fc0b6,1789653604866,1789653604870,1789653620172,15306,778,185022,CONFIRMED,
1751,0xFABB0ac9d68B0B445fB7357272Ff202C5651694a,2187,0x40df81280b5b18f1e37f324a36c811a39d69ecca442320d22294037d12c4ab6a,1789653604869,1789653604872,1789653620174,15305,778,185022,CONFIRMED,
1752,0x1CBd3b2770909D4e10f157cABC84C7264073C9Ec,2187,0x72e3e947966144db2353d650ee50950ae9b3e83b7ed4fe13100f56b7b37409e7,1789653604881,1789653604889,1789653620175,15294,778,185022,CONFIRMED,
1753,0xdF3e18d64BC6A983f673Ab319CCaE4f1a57C7097,2187,0x89e353c2371cfd2600884d4650d8455e3371ce45cd4894b2843f42924b0c6dab,1789653604893,1789653604899,1789653620176,15283,778,185010,CONFIRMED,
1754,0xcd3B766CCDd6AE721141F452C550Ca635964ce71,2187,0xa26847e1e737d628ab508d61f2c0615d8af9179e93d9fb804acb1c547d4a348d,1789653604899,1789653604907,1789653620177,15278,778,185022,CONFIRMED,
1755,0x2546BcD3c84621e976D8185a91A922aE77ECEc30,2187,0x96bad6c78d459a86caa621d0881292c2c7db4c3bd844b806d24878cf6347728c,1789653604914,1789653604921,1789653620178,15264,778,185022,CONFIRMED,
1756,0xbDA5747bFD65F08deb54cb465eB87D40e51B197E,2187,0x6e78dda66d265ccfdec1f052451f6aadc0c0fb928e3d12da67264474a95e11f3,1789653604919,1789653604927,1789653620179,15260,778,185022,CONFIRMED,
1757,0xdD2FD4581271e230360230F9337D5c0430Bf44C0,2187,0x5b4d9846facac5c873fd14a5457ed1b79ee4938c81125988e10472aaee7a2a1d,1789653604930,1789653604937,1789653620180,15250,778,185022,CONFIRMED,
1758,0x8626f6940E2eb28930eFb4CeF49B2d1F2C9C1199,2187,0x2c679372d5c8b9bb561c68da8dcaeb6ff9cbe859e5f7b79a8e0431770869124f,1789653604946,1789653604953,1789653620181,15235,778,185022,CONFIRMED,
1759,0x09DB0a93B389bEF724429898f539AEB7ac2Dd55f,2187,0x32ad99014425b7b6fc475115fc42ea014431592db63bbc2ca8608b68e0a84623,1789653604950,1789653604956,1789653620182,15232,778,185010,CONFIRMED,
1760,0x70997970C51812dc3A010C7d01b50e0d17dc79C8,2188,0x8cd771ea9d79a3eababb682df4f6704e70a7ca1c2215c6bd33163f69225be807,1789653604962,1789653604969,1789653620183,15221,778,185010,CONFIRMED,
1761,0x3C44CdDdB6a900fa2b585dd299e03d12FA4293BC,2188,0x55c14facf70b98fa992616f2b2a51b3d8dcd85ccffa68ec4d7c81f108e3ede83,1789653604969,1789653604977,1789653620183,15214,778,185010,CONFIRMED,
1762,0x90F79bf6EB2c4f870365E785982E1f101E93b906,2188,0x4c140349b53bea29fa56f6551c431a48f7611a153f44f7a3b282ab1c5cbb2ee2,1789653604979,1789653604985,1789653620184,15205,778,185022,CONFIRMED,
1763,0x15d34AAf54267DB7D7c367839AAf71A00a2C6A65,2188,0xace9d102d9934a5ee678cea771df1105f6cee241f895bccd6fffe81c276b3a89,1789653604994,1789653605001,1789653620185,15191,778,185010,CONFIRMED,
1764,0x9965507D1a55bcC2695C58ba16FB37d819B0A4dc,2188,0xaa855b3ade181cb4b23b47e234a8895bd795e96a9ddb96af605bc0b676ffeeb1,1789653605000,1789653605008,1789653620186,15186,778,185022,CONFIRMED,
1765,0x976EA74026E726554dB657fA54763abd0C3a0aa9,2188,0xb2a3d4376012448485933bd6269d14371ff8a2fe4af39dcc531e4fb5ee2beb06,1789653605019,1789653605028,1789653620187,15168,778,185010,CONFIRMED,
1766,0x14dC79964da2C08b23698B3D3cc7Ca32193d9955,2188,0x3ed6c4621b2a66cae2bf54614bb46133548bc653bd49e763e81e9b91500d8ea8,1789653605019,1789653605029,1789653620189,15170,778,185022,CONFIRMED,
1767,0x23618e81E3f5cdF7f54C3d65f7FBc0aBf5B21E8f,2188,0x1007aa8a245a2a49b76430770aeadebba96716ef8413f6600bd2a83f20357063,1789653605029,1789653605035,1789653620191,15162,778,185022,CONFIRMED,
1768,0xa0Ee7A142d267C1f36714E4a8F75612F20a79720,2188,0xb5bee143bab9ae03dfc6f8e09bcbd6f5b9e7ce50ce82e6d81a6c93497db55f86,1789653605051,1789653605061,1789653620192,15141,778,185010,CONFIRMED,
1769,0xBcd4042DE499D14e55001CcbB24a551F3b954096,2188,0x796c5fec263a39c1549d8686b70d35695587ab4aee24bbd40056c10a054d043b,1789653605051,1789653605061,1789653620193,15142,778,185010,CONFIRMED,
1770,0x71bE63f3384f5fb98995898A86B02Fb2426c5788,2188,0x514f9a41b9b198ad72a878f3cf66744b6a76d8afc4891ffebda08221a5cbf030,1789653605059,1789653605067,1789653620194,15135,778,184998,CONFIRMED,
1771,0xFABB0ac9d68B0B445fB7357272Ff202C5651694a,2188,0x80d2df1d6871f7bc32d3c4c777962e0018567ea6a7605daee55987dbf9a53a73,1789653605082,1789653605093,1789653620195,15113,778,185022,CONFIRMED,
1772,0x1CBd3b2770909D4e10f157cABC84C7264073C9Ec,2188,0x335d5f89659d0b81612803f2a8c561cafa19461f072b52dc69db3764b2bad6ae,1789653605082,1789653605094,1789653620196,15114,778,185022,CONFIRMED,
1773,0xdF3e18d64BC6A983f673Ab319CCaE4f1a57C7097,2188,0xc3503be47e66b5438a77f8ac63ba727a0f553de027e108ced38ad37abe5e07d1,1789653605090,1789653605097,1789653620197,15107,778,185022,CONFIRMED,
1774,0xcd3B766CCDd6AE721141F452C550Ca635964ce71,2188,0x374425bf73457616ea3445309affd9b2de9f858e25611555309624df83ab89f0,1789653605099,1789653605106,1789653620198,15099,778,185022,CONFIRMED,
1775,0x2546BcD3c84621e976D8185a91A922aE77ECEc30,2188,0x1992c1754d800df3ab529f1e1ceb1d7cf3d2fd5df96ee1d349a16835b2f1c3a9,1789653605115,1789653605122,1789653620199,15084,778,185022,CONFIRMED,
1776,0xbDA5747bFD65F08deb54cb465eB87D40e51B197E,2188,0xea8c26d704b58dd2356868023d1114fe8b2205ae5a50dc040a24e6ee9709fa34,1789653605118,1789653605126,1789653620200,15082,778,185022,CONFIRMED,
1777,0xdD2FD4581271e230360230F9337D5c0430Bf44C0,2188,0xff4a83416bc34f7eeb424d69c1f0fd8d5f48da36710afe2a606300f074c5c82a,1789653605131,1789653605138,1789653620200,15069,778,185022,CONFIRMED,
1778,0x8626f6940E2eb28930eFb4CeF49B2d1F2C9C1199,2188,0x7ecd46569d91da6fe3402f544f5c6b55bc48e23970ad9ec5d1f39bb31ac55219,1789653605147,1789653605154,1789653620201,15054,778,185022,CONFIRMED,
1779,0x09DB0a93B389bEF724429898f539AEB7ac2Dd55f,2188,0x13eadb6b5534add20382a758ed7a22c9549af9b66ed28ea497c9ba1eed47055f,1789653605151,1789653605158,1789653620202,15051,778,185022,CONFIRMED,
1780,0x70997970C51812dc3A010C7d01b50e0d17dc79C8,2189,0xb5bff36f0b5d9b14869a791f1e4a6188b4e876579a769f18c053e497b38c02fe,1789653605163,1789653605171,1789653620203,15040,778,185010,CONFIRMED,
1781,0x3C44CdDdB6a900fa2b585dd299e03d12FA4293BC,2189,0x685211ec0dbd4441e1a05319004e91c88690ba7d334ed55d9b36e5b14f28a675,1789653605169,1789653605176,1789653620204,15035,778,185010,CONFIRMED,
1782,0x90F79bf6EB2c4f870365E785982E1f101E93b906,2189,0x40936b3fd6ea61edfd5e0238e52a9cbae5bb132c84e1482fcd3106d6d71ebb64,1789653605179,1789653605182,1789653620205,15026,778,185022,CONFIRMED,
1783,0x15d34AAf54267DB7D7c367839AAf71A00a2C6A65,2189,0x1ca9758e08ac3d18c29b19b7493f571b214b8f120d319b1be419ad26c47e9513,1789653605195,1789653605869,1789653620207,15012,779,185010,CONFIRMED,
1784,0x9965507D1a55bcC2695C58ba16FB37d819B0A4dc,2189,0x03b3e90cf82ca82ea1b028406a672357a1edbcc04d5d629f2375ed1943a28337,1789653605211,1789653605872,1789653620208,14997,779,185010,CONFIRMED,
1785,0x976EA74026E726554dB657fA54763abd0C3a0aa9,2189,0x8a2bfd43526852df45f65965dd14093b8394d6ba6313dc58f5b825211818f78d,1789653605211,1789653605875,1789653620209,14998,779,185022,CONFIRMED,
1786,0x14dC79964da2C08b23698B3D3cc7Ca32193d9955,2189,0xd446c4e18aacf125f51eaf8a288cdcf3aef6c0cb6b4ffe18ef4f6cd0fa30f0c0,1789653605223,1789653605878,1789653620210,14987,779,185010,CONFIRMED,
1787,0x23618e81E3f5cdF7f54C3d65f7FBc0aBf5B21E8f,2189,0xbc4232dd55236bab20ec8e985d8e2698b412a2829863ea221a39b5fc8689f879,1789653605242,1789653605882,1789653620211,14969,779,185022,CONFIRMED,
1788,0xa0Ee7A142d267C1f36714E4a8F75612F20a79720,2189,0x99619487f861e03b3e4c10322576eb0128a27f60cb4faaa8975afa7bbb6f182f,1789653605242,1789653605886,1789653620212,14970,779,185010,CONFIRMED,
1789,0xBcd4042DE499D14e55001CcbB24a551F3b954096,2189,0xfa076b020b034696c9e4900f7ffd1dd21adf5bdc0fe02c49a115bc134a37ec11,1789653605258,1789653605889,1789653620213,14955,779,185010,CONFIRMED,
1790,0x71bE63f3384f5fb98995898A86B02Fb2426c5788,2189,0xb2c5586c1827a903794656f97ff853cab5c22a5fd09af614dcc9e13ad91946b8,1789653605260,1789653605892,1789653620214,14954,779,185022,CONFIRMED,
1791,0xFABB0ac9d68B0B445fB7357272Ff202C5651694a,2189,0xa7091cfc22c5e18e196300d56ebbba6e7ffeffeb3db7e96271251892e1a734e8,1789653605274,1789653605896,1789653620215,14941,779,185022,CONFIRMED,
1792,0x1CBd3b2770909D4e10f157cABC84C7264073C9Ec,2189,0xad30965af7b461976e784b2c7537a7d25288477ed2b4e6b7e1349a70bc8e5d94,1789653605290,1789653605898,1789653620216,14926,779,185022,CONFIRMED,
1793,0xdF3e18d64BC6A983f673Ab319CCaE4f1a57C7097,2189,0x23f02ea0791ecbb63dac261db90e0cb68230d0a5619c0f17a2267d032c1e8790,1789653605290,1789653605901,1789653620217,14927,779,185022,CONFIRMED,
1794,0xcd3B766CCDd6AE721141F452C550Ca635964ce71,2189,0xc46774a7053d1dc8147f30bd1f729edb282a78d68612369f51fbbf9ce075f3b8,1789653605307,1789653605903,1789653620218,14911,779,185022,CONFIRMED,
1795,0x2546BcD3c84621e976D8185a91A922aE77ECEc30,2189,0xe9af77fdb6e8c6524204fe64dd0cca8d90df6114e16a0a4920d8a43fcffb7c82,1789653605309,1789653605906,1789653620220,14911,779,185022,CONFIRMED,
1796,0xbDA5747bFD65F08deb54cb465eB87D40e51B197E,2189,0x3d7396371e06f4d89d80553fb889e88e4e5969c8dffb3f9b8cedeaa3a39a4df9,1789653605323,1789653605908,1789653620221,14898,779,185010,CONFIRMED,
1797,0xdD2FD4581271e230360230F9337D5c0430Bf44C0,2189,0x0b8048c6b3c218a201b8cd33c6e0e9853738e106021fd9eb47f9c7e2660a84b8,1789653605332,1789653605911,1789653620225,14893,779,185010,CONFIRMED,
1798,0x8626f6940E2eb28930eFb4CeF49B2d1F2C9C1199,2189,0x0193ad477344a841a25dc69bf2fa2e9f02c133f0fafcd015593f13b26e79e2a5,1789653605347,1789653605913,1789653620227,14880,779,185022,CONFIRMED,
1799,0x09DB0a93B389bEF724429898f539AEB7ac2Dd55f,2189,0x39c6d9131db9a21dbe13070a88ae017248b3618765dbbf6477e126a8b230fc56,1789653605363,1789653605915,1789653620230,14867,779,185022,CONFIRMED,
1800,0x70997970C51812dc3A010C7d01b50e0d17dc79C8,2190,0x7f2f23b4f005d7ca46a647d30abbacdae8c164950a4d596a7e356cae49f74573,1789653605363,1789653605917,1789653620231,14868,779,185010,CONFIRMED,
1801,0x3C44CdDdB6a900fa2b585dd299e03d12FA4293BC,2190,0xd40ff3cd579967b5d91fbce33b8e349592f6732a5e47cdedc9bbe3bf98f1bd88,1789653605378,1789653605920,1789653620233,14855,779,185010,CONFIRMED,
1802,0x90F79bf6EB2c4f870365E785982E1f101E93b906,2190,0xea84261da5ad581ec8beaec08b1fb1fe6784d5c0f73ed12d46f491607174719d,1789653605381,1789653605924,1789653620234,14853,779,185022,CONFIRMED,
1803,0x15d34AAf54267DB7D7c367839AAf71A00a2C6A65,2190,0x6826b3327c54f5279d6e47c33371b0a0dce51a7a3c4feb0ce41ca96fb6590ae1,1789653605394,1789653605950,1789653620235,14841,779,185022,CONFIRMED,
1804,0x9965507D1a55bcC2695C58ba16FB37d819B0A4dc,2190,0xdc633f778bb53fc5ea8c6f33cc09c3e77251bceea95d5577cc4520d702adca64,1789653605410,1789653605952,1789653620236,14826,779,185022,CONFIRMED,
1805,0x976EA74026E726554dB657fA54763abd0C3a0aa9,2190,0x3e8af0e78e0792696919e70f7c1715d45a01aba6a263c246f581dce144d0ac01,1789653605410,1789653605954,1789653620237,14827,779,185022,CONFIRMED,
1806,0x14dC79964da2C08b23698B3D3cc7Ca32193d9955,2190,0x033ffe874a90e5d2ede6f19d26270a60a2c4281c90fb425c5b59c7e4d99d1296,1789653605426,1789653605957,1789653620238,14812,779,185022,CONFIRMED,
1807,0x23618e81E3f5cdF7f54C3d65f7FBc0aBf5B21E8f,2190,0xe2dc1e6b74e7391f7bca508acdb38865a58eb6467ef4d9f92c09c7195bfe4e6e,1789653605442,1789653605960,1789653620240,14798,779,185010,CONFIRMED,
1808,0xa0Ee7A142d267C1f36714E4a8F75612F20a79720,2190,0xb2b606397a211ac3e6bf32867f42aae9b1d8280df2314937e3b16d76bc1c64b5,1789653605442,1789653605962,1789653620241,14799,779,185010,CONFIRMED,
1809,0xBcd4042DE499D14e55001CcbB24a551F3b954096,2190,0xbe728f2fb6177919becca9f6c2a3616f2ad2d88ef09e5a07efc8f308f71596b9,1789653605458,1789653605964,1789653620242,14784,779,184998,CONFIRMED,
1810,0x71bE63f3384f5fb98995898A86B02Fb2426c5788,2190,0xa70ca73a20b8e21224c1ce9b575f2ceedcce74afab3a47335fd8b47b5cc6a005,1789653605474,1789653605967,1789653620243,14769,779,185010,CONFIRMED,
1811,0xFABB0ac9d68B0B445fB7357272Ff202C5651694a,2190,0xae6afcaa291ddeadcce7f03bb9d8138e3d28a8188ed7bf3a0082cc51851548aa,1789653605474,1789653605969,1789653620244,14770,779,184998,CONFIRMED,
1812,0x1CBd3b2770909D4e10f157cABC84C7264073C9Ec,2190,0xea8c15b6066c339d632b97f03313312f5127a7fb6e0602056fd59fbdb9ab3b8e,1789653605489,1789653605971,1789653620245,14756,779,185022,CONFIRMED,
1813,0xdF3e18d64BC6A983f673Ab319CCaE4f1a57C7097,2190,0x503727a6396f40b3ae9bc10963c50cff6048e3dde13916f95ae1b221ad9ebcf6,1789653605489,1789653605975,1789653620246,14757,779,185022,CONFIRMED,
1814,0xcd3B766CCDd6AE721141F452C550Ca635964ce71,2190,0x9c98e897ff356298534b3a5700e23c39440a9603a0592b7f181e7959284aea19,1789653605505,1789653605977,1789653620247,14742,779,185022,CONFIRMED,
1815,0x2546BcD3c84621e976D8185a91A922aE77ECEc30,2190,0xee156938963eb2b4321799b35b8a87ba5ac3c48f934590201430e7f6f72d564b,1789653605521,1789653605979,1789653620248,14727,779,185022,CONFIRMED,
1816,0xbDA5747bFD65F08deb54cb465eB87D40e51B197E,2190,0xc33bf55eed62f8572046d96a4ccf00d14e1a99d4b8dd42872d2c0e70374e9fec,1789653605521,1789653605981,1789653620249,14728,779,185022,CONFIRMED,
1817,0xdD2FD4581271e230360230F9337D5c0430Bf44C0,2190,0x54e7c43cd57ed8b5877d3d9b48689e00bb484b5abe81606ace647441dae5a983,1789653605536,1789653605983,1789653620250,14714,779,185022,CONFIRMED,
1818,0x8626f6940E2eb28930eFb4CeF49B2d1F2C9C1199,2190,0x3d0bbe49eea7987e88673f71b34c65349d38a817960b169f9339e79318d8d822,1789653605552,1789653605985,1789653620251,14699,779,185022,CONFIRMED,
1819,0x09DB0a93B389bEF724429898f539AEB7ac2Dd55f,2190,0x2e6653b0f889aa339a95ade1c4add2e89e21e81f46670ed3d1b20b2a5e4c0a75,1789653605552,1789653605987,1789653620252,14700,779,185022,CONFIRMED,
1820,0x70997970C51812dc3A010C7d01b50e0d17dc79C8,2191,0xdf4a792a4e3336ce3365135b57abf141939b53986edd85bea4cec1092036ae42,1789653605568,1789653605991,1789653620253,14685,779,185010,CONFIRMED,
1821,0x3C44CdDdB6a900fa2b585dd299e03d12FA4293BC,2191,0x7a02a76233a70d824d07ad95a75e08c5967d76e36300c743a9a51d9e6d42127b,1789653605583,1789653605993,1789653620254,14671,779,185010,CONFIRMED,
1822,0x90F79bf6EB2c4f870365E785982E1f101E93b906,2191,0x705ee56f655eb77c26d46304251fe09b156dbf820701cf50f5b18d4b34aec713,1789653605583,1789653605995,1789653620254,14671,779,185022,CONFIRMED,
1823,0x15d34AAf54267DB7D7c367839AAf71A00a2C6A65,2191,0x6a338d86c170502212fc73acb18d9307b77786c5ac1bb96f3cc49dea605eb07c,1789653605599,1789653606023,1789653620257,14658,779,185022,CONFIRMED,
1824,0x9965507D1a55bcC2695C58ba16FB37d819B0A4dc,2191,0xdb62801a713a984cb66f62f5d48bd2e09bc17f7175bd58934710b8c3363ca23c,1789653605599,1789653606026,1789653620259,14660,779,185022,CONFIRMED,
1825,0x976EA74026E726554dB657fA54763abd0C3a0aa9,2191,0xddcc749ded24ef5773cde4b3f531db85e5c7df15e004cdf1794ff6e5078bff59,1789653605610,1789653606028,1789653620260,14650,779,185022,CONFIRMED,
1826,0x14dC79964da2C08b23698B3D3cc7Ca32193d9955,2191,0x1d7a880cd471da0a62788f0fccd0a33f24add02836f7f127dda276b9643d4fd9,1789653605624,1789653606030,1789653620261,14637,779,185022,CONFIRMED,
1827,0x23618e81E3f5cdF7f54C3d65f7FBc0aBf5B21E8f,2191,0x87a50ab8c60a02cae520400c7a18865990d05ec1d4c79d2cf42a8c1c0675fbec,1789653605635,1789653606032,1789653620262,14627,779,185022,CONFIRMED,
1828,0xa0Ee7A142d267C1f36714E4a8F75612F20a79720,2191,0x82f09d2e739deac5fc6b4ff483c14eeb161779106dc054684501c580b82584c0,1789653605651,1789653606034,1789653620263,14612,779,184998,CONFIRMED,
1829,0xBcd4042DE499D14e55001CcbB24a551F3b954096,2191,0x4b186175f4f48e516a08e6a27570d3b8a8c230cb5510f662dbe527c1bcc82605,1789653605651,1789653606036,1789653620265,14614,779,185010,CONFIRMED,
1830,0x71bE63f3384f5fb98995898A86B02Fb2426c5788,2191,0x56a6d342576fa5907504aa3738d84966d895ca91388dc96eb4e8f6207eabcc11,1789653605667,1789653606039,1789653620266,14599,779,185022,CONFIRMED,
1831,0xFABB0ac9d68B0B445fB7357272Ff202C5651694a,2191,0xbd955a68440245e466d3cf0c6c36f08e69ba7136c6e2d651621cab4f05f6b104,1789653605683,1789653606042,1789653620267,14584,779,185022,CONFIRMED,
1832,0x1CBd3b2770909D4e10f157cABC84C7264073C9Ec,2191,0x9f4d987a6899722be64d36547abf281db760ad8a1e9af9834d01a85ff3ea778a,1789653605683,1789653606044,1789653620268,14585,779,185022,CONFIRMED,
1833,0xdF3e18d64BC6A983f673Ab319CCaE4f1a57C7097,2191,0x44d6cc66c6becc69bb0da837df3924c9934e37c6d827dde5099566fd2ae79e79,1789653605699,1789653606047,1789653620269,14570,779,185022,CONFIRMED,
1834,0xcd3B766CCDd6AE721141F452C550Ca635964ce71,2191,0xb80fbadbfd68ec10d5068a548ac21d759057016c0068b73e2cb6ca4a917cbdbf,1789653605699,1789653606049,1789653620270,14571,779,185022,CONFIRMED,
1835,0x2546BcD3c84621e976D8185a91A922aE77ECEc30,2191,0x97b4fadfb9f25eb82796bf2decbca8570e57b1b2236fb1b0509e74eb887d3b92,1789653605716,1789653606051,1789653620270,14554,779,185022,CONFIRMED,
1836,0xbDA5747bFD65F08deb54cb465eB87D40e51B197E,2191,0x6922947905ced8901552c77540e8db8979ca757e400c985861f67c5cf8d65e99,1789653605724,1789653606053,1789653620271,14547,779,185022,CONFIRMED,
1837,0xdD2FD4581271e230360230F9337D5c0430Bf44C0,2191,0xe1538f3969fa25d0f73494234bb566887ffa304e6df88732f5c4ab69ef18cdb4,1789653605741,1789653606055,1789653620273,14532,779,185010,CONFIRMED,
1838,0x8626f6940E2eb28930eFb4CeF49B2d1F2C9C1199,2191,0xd8edce0748cc8e0c3a29a0fe8935dcd4c8ad88ce7d4c32855dcdfdd062ceefb1,1789653605741,1789653606058,1789653620274,14533,779,185022,CONFIRMED,
1839,0x09DB0a93B389bEF724429898f539AEB7ac2Dd55f,2191,0x7055be82d27d5d64fe59f41d61e68f20296756147c3670162cc08ff8989567ea,1789653605757,1789653606060,1789653620276,14519,779,185022,CONFIRMED,
1840,0x70997970C51812dc3A010C7d01b50e0d17dc79C8,2192,0x55af9afc3a235f2e9fb41cd26911ce7f81c96d483ece5caadb5d34114e7646b0,1789653605772,1789653606062,1789653620277,14505,779,184998,CONFIRMED,
1841,0x3C44CdDdB6a900fa2b585dd299e03d12FA4293BC,2192,0x2a4ce9bc5d6cf4e68607e39bfc91f11ec62df422cce593b54571c0e1fdfa4197,1789653605772,1789653606064,1789653620278,14506,779,185010,CONFIRMED,
1842,0x90F79bf6EB2c4f870365E785982E1f101E93b906,2192,0x5c26c070e80026ad45ac830908ea2c7d8cafbfc072d7d5288003ac4d246b532f,1789653605787,1789653606066,1789653620279,14492,779,185022,CONFIRMED,
1843,0x15d34AAf54267DB7D7c367839AAf71A00a2C6A65,2192,0x22b36d6ca8353b687c8fc8d31f7970b895861955cf3f12830d16be0f1ce96d9f,1789653605795,1789653606095,1789653620280,14485,779,185022,CONFIRMED,
1844,0x9965507D1a55bcC2695C58ba16FB37d819B0A4dc,2192,0x437045ee41bac3351c3ed0acf5f421d54593dd26c3d9b96fcf20e52d09a87142,1789653605810,1789653606097,1789653620281,14471,779,185022,CONFIRMED,
1845,0x976EA74026E726554dB657fA54763abd0C3a0aa9,2192,0x2d0942139ce5f16cc16922b3a271c1e267548e170de927765ae02ff6aceab708,1789653605810,1789653606100,1789653620282,14472,779,185022,CONFIRMED,
1846,0x14dC79964da2C08b23698B3D3cc7Ca32193d9955,2192,0x9a14a5129968ea8b2bf874aa08cd22a339dbcfb6c0211eb42cc0b329e5e83da0,1789653605819,1789653606102,1789653620283,14464,779,185022,CONFIRMED,
1847,0x23618e81E3f5cdF7f54C3d65f7FBc0aBf5B21E8f,2192,0x72a64f5136865367005e69c916c357f7edf0c254c4132409c672d282e2d67dae,1789653605830,1789653606106,1789653620284,14454,779,185022,CONFIRMED,
1848,0xa0Ee7A142d267C1f36714E4a8F75612F20a79720,2192,0xc3652732132bb3045397caae3b9f20303db7a8aca3183bd786e704ea28ae3ee4,1789653605841,1789653606109,1789653620284,14443,779,185010,CONFIRMED,
1849,0xBcd4042DE499D14e55001CcbB24a551F3b954096,2192,0x9aa11e7e865f7918c21f22bdb145a2bc6bfa391222208aed65ce5fa10d40984e,1789653605851,1789653606111,1789653620285,14434,779,185010,CONFIRMED,
1850,0x71bE63f3384f5fb98995898A86B02Fb2426c5788,2192,0x8fe2be073da70a5fd3d4153f2e19c010a1b2fa404d935e0d17fa78caf9bdf92b,1789653605859,1789653606113,1789653620286,14427,779,185010,CONFIRMED,
1851,0xFABB0ac9d68B0B445fB7357272Ff202C5651694a,2192,0xdc37d1a115d1fca68811b124bafedca239534f22e998777e9bacb643b2aea7fb,1789653605871,1789653606116,1789653620287,14416,779,185022,CONFIRMED,
1852,0x1CBd3b2770909D4e10f157cABC84C7264073C9Ec,2192,0xe27dd4e49ee071f4604b1207bc5f20b850baa09e6bd3940dd60e86fae1cebbeb,1789653605881,1789653606119,1789653620288,14407,779,185022,CONFIRMED,
1853,0xdF3e18d64BC6A983f673Ab319CCaE4f1a57C7097,2192,0xd9bcfe99d1295f47a6e0517fb29bbebe1a1eaf5e8510c80d3e8cc230e3d836a9,1789653605923,1789653606122,1789653620291,14368,779,185022,CONFIRMED,
1854,0xcd3B766CCDd6AE721141F452C550Ca635964ce71,2192,0xe761c2c5720c5b3a3ab9dc39ba3f55b2fbb92548801bf9415f9b3c7daf36aa53,1789653605923,1789653606127,1789653620292,14369,779,185022,CONFIRMED,
1855,0x2546BcD3c84621e976D8185a91A922aE77ECEc30,2192,0x82a7b1631baacb4e26707b02da3014253dfb04f26bdf440a85aa01e77dedc273,1789653605923,1789653606130,1789653620293,14370,779,185022,CONFIRMED,
1856,0xbDA5747bFD65F08deb54cb465eB87D40e51B197E,2192,0x04b2b65ade3c9a24f33f7460c34b61d46b60dd9462eca3420eedd9152c00e75b,1789653605923,1789653606133,1789653620294,14371,779,185022,CONFIRMED,
1857,0xdD2FD4581271e230360230F9337D5c0430Bf44C0,2192,0x8f616b8449260d380d6369b2018ab35bbf4ce215cc5a165f2be5bfdd9e52535d,1789653605938,1789653606136,1789653620295,14357,779,185022,CONFIRMED,
1858,0x8626f6940E2eb28930eFb4CeF49B2d1F2C9C1199,2192,0x2687f7c14fb91794e83b20f919ac6e53eadb9c269f5065c0f50606e3ba4f4b7c,1789653605945,1789653606136,1789653620296,14351,779,185022,CONFIRMED,
1859,0x09DB0a93B389bEF724429898f539AEB7ac2Dd55f,2192,0x98b7db5629333bd5cb4056883af2e097a3ddd94e0bb26b76566124d9c6add0e5,1789653605954,1789653606137,1789653620297,14343,779,185010,CONFIRMED,
1860,0x70997970C51812dc3A010C7d01b50e0d17dc79C8,2193,0xe16f35b1693a1f9ce6090f487f90dba2d686c910cc2fdc08e487d1af852188a3,1789653605970,1789653606137,1789653620298,14328,779,185010,CONFIRMED,
1861,0x3C44CdDdB6a900fa2b585dd299e03d12FA4293BC,2193,0xa4d314adf0ffabf59bc571779c7255da51b0a975d94bd5e322695b78811bacc6,1789653605970,1789653606138,1789653620299,14329,779,185010,CONFIRMED,
1862,0x90F79bf6EB2c4f870365E785982E1f101E93b906,2193,0x27801580b352a4d39d30779dfac6a4a3571356ade4062a38dc8ed019ae325cce,1789653606001,1789653606139,1789653620300,14299,779,185010,CONFIRMED,
1863,0x15d34AAf54267DB7D7c367839AAf71A00a2C6A65,2193,0x719e2421a13cfde39522d665115694729de1f1cbef124ab2f7d6a391f087578c,1789653606001,1789653606167,1789653620301,14300,779,185022,CONFIRMED,
1864,0x9965507D1a55bcC2695C58ba16FB37d819B0A4dc,2193,0x0945ac93163b20cd7a82ce6706c254cf17da6eadcdd42b79bc4aa7a78a1b2784,1789653606001,1789653606167,1789653620301,14300,779,185010,CONFIRMED,
1865,0x976EA74026E726554dB657fA54763abd0C3a0aa9,2193,0x63f39096a06280826231508284ad233fc22254e729360133567774def254c8ce,1789653606013,1789653606168,1789653620302,14289,779,185022,CONFIRMED,
1866,0x14dC79964da2C08b23698B3D3cc7Ca32193d9955,2193,0x76f64af8a47d3d35eb6e7e44065ce0c9902a79b42c3244ccf180f115490089fa,1789653606025,1789653606168,1789653620303,14278,779,185022,CONFIRMED,
1867,0x23618e81E3f5cdF7f54C3d65f7FBc0aBf5B21E8f,2193,0x0c4c907ded5e34fe2ea7ee05401dd6eb2fcc42edfd0096c1abe8a47749bc9ece,1789653606046,1789653606168,1789653620304,14258,779,185022,CONFIRMED,
1868,0xa0Ee7A142d267C1f36714E4a8F75612F20a79720,2193,0xa2a7ec20185d94aab5c6968639ca7ed6e0d03e3781c0053c5089425c92084bf9,1789653606046,1789653606169,1789653620305,14259,779,185010,CONFIRMED,
1869,0xBcd4042DE499D14e55001CcbB24a551F3b954096,2193,0xf761ca2f55fdb4e2c8e5c999461797224d45f351a7018350a8fd577f852fa9ff,1789653606077,1789653606169,1789653620308,14231,779,184998,CONFIRMED,
1870,0x71bE63f3384f5fb98995898A86B02Fb2426c5788,2193,0xe43065100104294e65b3a00cebcbd66dd8bd10fe2469314155e180330a6868db,1789653606077,1789653606170,1789653620309,14232,779,185022,CONFIRMED,
1871,0xFABB0ac9d68B0B445fB7357272Ff202C5651694a,2193,0x711dbbf18c23630fd731a2d13fd5bfcb1f6f2651d5cd0eb4a5f9858c77cafa8a,1789653606077,1789653606170,1789653620310,14233,779,185022,CONFIRMED,
1872,0x1CBd3b2770909D4e10f157cABC84C7264073C9Ec,2193,0x459d2b262c6ed2f1e1f80109be1ff7133d98bb4e89d37fd2a5f12589e1520e9a,1789653606086,1789653606170,1789653620311,14225,779,185022,CONFIRMED,
1873,0xdF3e18d64BC6A983f673Ab319CCaE4f1a57C7097,2193,0x2046d7f8a4a73a1202bac844ee01a5d08c49540c705b7ec9eec6c6bd575be82f,1789653606093,1789653606176,1789653620312,14219,779,185022,CONFIRMED,
1874,0xcd3B766CCDd6AE721141F452C550Ca635964ce71,2193,0x92bb93370af299b3362551606d35c4674a0a836432f72f6886f97401b25a4a29,1789653606099,1789653606176,1789653620313,14214,779,185022,CONFIRMED,
1875,0x2546BcD3c84621e976D8185a91A922aE77ECEc30,2193,0x36760777ffe90b0f666d2b8329b0d619a71e5f6838cafed31c8d0bd8945b4797,1789653606126,1789653606177,1789653620314,14188,779,185022,CONFIRMED,
1876,0xbDA5747bFD65F08deb54cb465eB87D40e51B197E,2193,0x38b83b1cdd3f4809097e3de9d93e420dda6f44bc92c37135bf49e4258002b087,1789653606126,1789653606177,1789653620315,14189,779,185022,CONFIRMED,
1877,0xdD2FD4581271e230360230F9337D5c0430Bf44C0,2193,0x505a2347c4872b2b63f2b27e16c323bd8ccbf9be2171f643e654dddc17fb02e1,1789653606148,1789653606179,1789653620316,14168,779,185022,CONFIRMED,
1878,0x8626f6940E2eb28930eFb4CeF49B2d1F2C9C1199,2193,0x390219432b0381a496b086dcc5d910bf1ec2508f4f52d2d7b3a00cee56d0854f,1789653606148,1789653606181,1789653620317,14169,779,185022,CONFIRMED,
1879,0x09DB0a93B389bEF724429898f539AEB7ac2Dd55f,2193,0xff3398a901ed2e7083be5b9b41d8bc8924badbadd7c1648174ea24a734b8de4f,1789653606160,1789653606182,1789653620318,14158,779,185010,CONFIRMED,
1880,0x70997970C51812dc3A010C7d01b50e0d17dc79C8,2194,0xb2459b93323331730ee9a6c1979ee1a2bd16b8e5b6720a3828f916c6ae682901,1789653606160,1789653606182,1789653620319,14159,779,185010,CONFIRMED,
1881,0x3C44CdDdB6a900fa2b585dd299e03d12FA4293BC,2194,0x33105997cfe91b51e461876e40fece1517d51848ce975230ff057094978ce2db,1789653606170,1789653606183,1789653620320,14150,779,185010,CONFIRMED,
1882,0x90F79bf6EB2c4f870365E785982E1f101E93b906,2194,0xa4bf3c30471a3598c42de2c13b1d315440d331e0f94075c680ee4dd636d4ca68,1789653606179,1789653606186,1789653620320,14141,779,185022,CONFIRMED,
1883,0x15d34AAf54267DB7D7c367839AAf71A00a2C6A65,2194,0x35fa59e9f19e94430b286c6590b7ef4db1df5052bf18f9d83816d3d18a4ad8b3,1789653606192,1789653606195,1789653620321,14129,779,185022,CONFIRMED,
1884,0x9965507D1a55bcC2695C58ba16FB37d819B0A4dc,2194,0x7bef71c8495b0977ef63df60a3caa06270488842ef04ca543afc034063fb336f,1789653606200,1789653606205,1789653620323,14123,779,185010,CONFIRMED,
1885,0x976EA74026E726554dB657fA54763abd0C3a0aa9,2194,0x122a4eb17c98ed1f03faddb3d492ef751ef1a39e7a70fe53fab5363c23b83bba,1789653606212,1789653606219,1789653620324,14112,779,185022,CONFIRMED,
1886,0x14dC79964da2C08b23698B3D3cc7Ca32193d9955,2194,0x42a2eadaeb90f1e7739b3f24d18efe6d1b0eeaceaefd52bb2dbde0485fa4640c,1789653606219,1789653606228,1789653620325,14106,779,185022,CONFIRMED,
1887,0x23618e81E3f5cdF7f54C3d65f7FBc0aBf5B21E8f,2194,0x9f42e687871e4f417381c7e50b32a3b62d3d61c38884d9b5ac4d59a3e372df44,1789653606245,1789653606264,1789653620326,14081,779,185022,CONFIRMED,
1888,0xa0Ee7A142d267C1f36714E4a8F75612F20a79720,2194,0xe57504c39aa451a3df2988291144e96d0bdf3ad3995bb5f14535eff4bf979290,1789653606245,1789653606265,1789653620328,14083,779,184998,CONFIRMED,
1889,0xBcd4042DE499D14e55001CcbB24a551F3b954096,2194,0x294c4e25a5c11057de2ae000a10c79ba635ba2ef7a0dc539a0848f026de9a05a,1789653606249,1789653606265,1789653620329,14080,779,185010,CONFIRMED,
1890,0x71bE63f3384f5fb98995898A86B02Fb2426c5788,2194,0xf147f02d32f55e7d51a96a18a60f8332b928026054721603b4211db88f9da3d6,1789653606260,1789653606280,1789653620331,14071,779,185010,CONFIRMED,
1891,0xFABB0ac9d68B0B445fB7357272Ff202C5651694a,2194,0x52b2a4f574fd88ef3c64ebf2d46d02a770be05535431f0aac748ede83749eeac,1789653606269,1789653606288,1789653620333,14064,779,185022,CONFIRMED,
1892,0x1CBd3b2770909D4e10f157cABC84C7264073C9Ec,2194,0xb4ae8c3b0bc25b642b2ab5bc301f55e1c4ae036a100639a4146bf0e039d4fb7e,1789653606280,1789653606293,1789653620335,14055,779,185010,CONFIRMED,
1893,0xdF3e18d64BC6A983f673Ab319CCaE4f1a57C7097,2194,0xf47827907893baaacc8cb249dde83cddbffd4a44505a9d0f999057de19b9c49d,1789653606290,1789653606299,1789653620336,14046,779,185022,CONFIRMED,
1894,0xcd3B766CCDd6AE721141F452C550Ca635964ce71,2194,0x955dd510bc9db6afd341a6a645a93c38a1bc84376dc207dcc46e9ed24753dd81,1789653606299,1789653606309,1789653620338,14039,779,185010,CONFIRMED,
1895,0x2546BcD3c84621e976D8185a91A922aE77ECEc30,2194,0x5a8758b1ed9d5115bad674407cd7b45c19310528be230e537b2d23ddff2067d1,1789653606320,1789653606332,1789653620340,14020,779,185022,CONFIRMED,
1896,0xbDA5747bFD65F08deb54cb465eB87D40e51B197E,2194,0x64b01e0b889a67b9536d7ecb2f4ba3a969e0da30efa7b3a73d87f66c98c215ba,1789653606320,1789653606333,1789653620341,14021,779,185022,CONFIRMED,
1897,0xdD2FD4581271e230360230F9337D5c0430Bf44C0,2194,0x1109b3d738de783270400177baf7fa3382dbf44abc83f0e04c01aba9096b3c6f,1789653606329,1789653606336,1789653620343,14014,779,185022,CONFIRMED,
1898,0x8626f6940E2eb28930eFb4CeF49B2d1F2C9C1199,2194,0x3a6573243ec8a55acd2a9a319c7b1a929fc2901a5e5641596cbe3202e00efcf1,1789653606349,1789653606361,1789653620346,13997,779,185022,CONFIRMED,
1899,0x09DB0a93B389bEF724429898f539AEB7ac2Dd55f,2194,0x915030213fd9c77408f11784c1b584ea6860ef07aa60225eb8355d329fbf9823,1789653606349,1789653606362,1789653620348,13999,779,184998,CONFIRMED,
1900,0x70997970C51812dc3A010C7d01b50e0d17dc79C8,2195,0x58bf619e4ab891214264e64904ed6d06ab93113c1696f7b57a30ce9ed5a1fc12,1789653606359,1789653606366,1789653620352,13993,779,185010,CONFIRMED,
1901,0x3C44CdDdB6a900fa2b585dd299e03d12FA4293BC,2195,0xd28561ab20c93a517a7c2624f195a0f885e89e5a3ff1276e956bafb188b581d2,1789653606375,1789653606385,1789653620355,13980,779,185010,CONFIRMED,
1902,0x90F79bf6EB2c4f870365E785982E1f101E93b906,2195,0xe3eaabd3c9864cc5578473f93d0b80e7a3d23742d9acac35535ae590a8817b90,1789653606379,1789653606388,1789653620358,13979,779,185022,CONFIRMED,
1903,0x15d34AAf54267DB7D7c367839AAf71A00a2C6A65,2195,0xf3ce0bb2d7589a0ef6ccbb721da3dfd1bf50ed6d2e292dd7a6795e3323e335a7,1789653606389,1789653606397,1789653620360,13971,779,185022,CONFIRMED,
1904,0x9965507D1a55bcC2695C58ba16FB37d819B0A4dc,2195,0x373aa044520b68f7c7a1d160c0073be2ef13216aae482d48a0d2d0f2be4c19c4,1789653606401,1789653606409,1789653620362,13961,779,185022,CONFIRMED,
1905,0x976EA74026E726554dB657fA54763abd0C3a0aa9,2195,0x5a521a62fd08276e5cb0b4ef37848906ce8ff91c8449b367f5fd67060de20e25,1789653606409,1789653606416,1789653620364,13955,779,185022,CONFIRMED,
1906,0x14dC79964da2C08b23698B3D3cc7Ca32193d9955,2195,0xee26c14cb26f0c876e7bc274d3c2421eeb93562a9f9ce0bbdd78387c2558920c,1789653606421,1789653606430,1789653620367,13946,779,185022,CONFIRMED,
1907,0x23618e81E3f5cdF7f54C3d65f7FBc0aBf5B21E8f,2195,0xa2ba6dba29d266558855e52d9f7e4351bd547157177e865012baea67d0f184b3,1789653606430,1789653606436,1789653620369,13939,779,185022,CONFIRMED,
1908,0xa0Ee7A142d267C1f36714E4a8F75612F20a79720,2195,0x7a8ed6f1f2ad219ebb6e57dcb3c69088e601dc43cfd7b7dcf39d6764bcbfb39c,1789653606444,1789653606451,1789653620371,13927,779,185010,CONFIRMED,
1909,0xBcd4042DE499D14e55001CcbB24a551F3b954096,2195,0x0173713ea55180df75dfe4a5130f57d566afb7dec7b1f9a09e365cb79108a5d5,1789653606449,1789653606454,1789653620374,13925,779,184998,CONFIRMED,
1910,0x71bE63f3384f5fb98995898A86B02Fb2426c5788,2195,0x2f7287948153b59556167cbfef2208343fa28cea17da0f68d2d558372018c567,1789653606459,1789653606465,1789653620376,13917,779,185022,CONFIRMED,
1911,0xFABB0ac9d68B0B445fB7357272Ff202C5651694a,2195,0x45d66be3e54689e6f4dcbcde99d0c8770217157bcac0762326fe735005731c9d,1789653606475,1789653606481,1789653620378,13903,779,185010,CONFIRMED,
1912,0x1CBd3b2770909D4e10f157cABC84C7264073C9Ec,2195,0xf86e306ecec3d736eb3018a5b03466215b12f86a9be42de4cb14123f8c060638,1789653606479,1789653606487,1789653620381,13902,779,185022,CONFIRMED,
1913,0xdF3e18d64BC6A983f673Ab319CCaE4f1a57C7097,2195,0xbfce6e46d51376c748037cc09bebfb8892d438f52d1cf7fba21213a553058bec,1789653606490,1789653606496,1789653620384,13894,779,185022,CONFIRMED,
1914,0xcd3B766CCDd6AE721141F452C550Ca635964ce71,2195,0xf4aba902a5728e4938f5a5d5af18fc493ebee888e5da60278f418fbd97e7d4a4,1789653606506,1789653606514,1789653620387,13881,779,185022,CONFIRMED,
1915,0x2546BcD3c84621e976D8185a91A922aE77ECEc30,2195,0x745fb47df34efe20844c5314144146c0aa6224698c88a21be30c0ab4de381a21,1789653606510,1789653606516,1789653620391,13881,779,185022,CONFIRMED,
1916,0xbDA5747bFD65F08deb54cb465eB87D40e51B197E,2195,0xedb130dfcb635f58576f1a097e9a2111b4cb3d52f39b8970a8f9cb5be9b08f88,1789653606522,1789653606532,1789653620394,13872,779,185010,CONFIRMED,
1917,0xdD2FD4581271e230360230F9337D5c0430Bf44C0,2195,0xdd552f9fd277b2f686462d91a4ff08ddfcc183d1b5c03fa1cc7c708f37db344a,1789653606529,1789653606537,1789653620397,13868,779,185022,CONFIRMED,
1918,0x8626f6940E2eb28930eFb4CeF49B2d1F2C9C1199,2195,0xdff71a30d3defc18aca7c264e6f95772cc586212020c3e2a7db44579fd75af11,1789653606554,1789653606577,1789653620398,13844,779,184998,CONFIRMED,
1919,0x09DB0a93B389bEF724429898f539AEB7ac2Dd55f,2195,0xdc5e7d9b07fb7cc44c1631dde2d0e9dd8ff15699dd4cbbe736732e850a4ddf9c,1789653606554,1789653606577,1789653620400,13846,779,185010,CONFIRMED,
1920,0x70997970C51812dc3A010C7d01b50e0d17dc79C8,2196,0x7c9cf2d91af7ff1eccac9e9b72fc8d66dd1cf1191f23accefc225b346e8eecc6,1789653606560,1789653606582,1789653620402,13842,779,185010,CONFIRMED,
1921,0x3C44CdDdB6a900fa2b585dd299e03d12FA4293BC,2196,0xdf439467d1046702c7d749c09c0ebba6d8001e35a6c040d28ba10b50b7315f1a,1789653606569,1789653606582,1789653620404,13835,779,184986,CONFIRMED,
1922,0x90F79bf6EB2c4f870365E785982E1f101E93b906,2196,0xfe4918fd953b1472e3e87354ed708ff8486c6ed5d693d5fdea1f99d82d2f6b22,1789653606579,1789653606586,1789653620411,13832,779,185022,CONFIRMED,
1923,0x15d34AAf54267DB7D7c367839AAf71A00a2C6A65,2196,0x3a3ba496f5dec6a854f33f4a9fdcd94a68b59146d888cc872c8271bc518ebed0,1789653606601,1789653606609,1789653620416,13815,779,185022,CONFIRMED,
1924,0x9965507D1a55bcC2695C58ba16FB37d819B0A4dc,2196,0xa921a365b8c4839c9ac929cf42bbfe68bd2dd55367c5bb5edaf570d30327fae3,1789653606601,1789653606609,1789653620419,13818,779,185010,CONFIRMED,
1925,0x976EA74026E726554dB657fA54763abd0C3a0aa9,2196,0xe34ab39a6f7a32a9e602550e68e5ed4d9676d4956db5c8cb1368bdedf7a4ea8f,1789653606610,1789653606616,1789653620420,13810,779,185022,CONFIRMED,
1926,0x14dC79964da2C08b23698B3D3cc7Ca32193d9955,2196,0xc54b994a63a80566bd3ed91ccab32c5173988b8958c2a2d5c99089f0f055220a,1789653606626,1789653606631,1789653620425,13799,779,185022,CONFIRMED,
1927,0x23618e81E3f5cdF7f54C3d65f7FBc0aBf5B21E8f,2196,0x7557d3848e681aad122bb19b24a57c6fe2d3973ea29757b10487f8923309cecd,1789653606629,1789653606633,1789653620427,13798,779,185010,CONFIRMED,
1928,0xa0Ee7A142d267C1f36714E4a8F75612F20a79720,2196,0x29f3ff9ee65338acc775c7f210654c7a73e7488afc59159ff2b7ddcfe8917333,1789653606642,1789653606646,1789653620429,13787,779,184998,CONFIRMED,
1929,0xBcd4042DE499D14e55001CcbB24a551F3b954096,2196,0xd23a7a4d8daa9e8c58e44123dcd88a64e5a075b485cf3fc327b4e7744bc53455,1789653606658,1789653606664,1789653620431,13773,779,185010,CONFIRMED,
1930,0x71bE63f3384f5fb98995898A86B02Fb2426c5788,2196,0xa25042920f634f40135ef4d8bd92d41929fc7f76854f0f2c8242945adf42e31f,1789653606659,1789653606665,1789653620433,13774,779,185022,CONFIRMED,
1931,0xFABB0ac9d68B0B445fB7357272Ff202C5651694a,2196,0x656e0770c6da635a97c0c57d771e1ac89f0f106dee1a5bc2d80218a36c26d8f3,1789653606675,1789653606680,1789653620435,13760,779,185022,CONFIRMED,
1932,0x1CBd3b2770909D4e10f157cABC84C7264073C9Ec,2196,0x7dd598d4af9011f678321f56416a3ade9f0617d4a8c333e457d9c53ac1e90ae1,1789653606679,1789653606683,1789653620437,13758,779,185022,CONFIRMED,
1933,0xdF3e18d64BC6A983f673Ab319CCaE4f1a57C7097,2196,0x50658263a20fba192f65f8027fa983de0d79e25b767e831f0e21bea21bcb1876,1789653606691,1789653606698,1789653620439,13748,779,185022,CONFIRMED,
1934,0xcd3B766CCDd6AE721141F452C550Ca635964ce71,2196,0x47091174272397e67853cf28966498aa324138114c65311de712ca237146d826,1789653606699,1789653606705,1789653620441,13742,779,185022,CONFIRMED,
1935,0x2546BcD3c84621e976D8185a91A922aE77ECEc30,2196,0x3f3945fc5b9c9c11b2ebe3310af79c719de84922210a37f7c2b8103b5fa51109,1789653606716,1789653606720,1789653620443,13727,779,185022,CONFIRMED,
1936,0xbDA5747bFD65F08deb54cb465eB87D40e51B197E,2196,0x5b36e82bcaeb88f43d474ced3f766bb0a8bbbffe96b2269f048b17986e10b50a,1789653606719,1789653606723,1789653620448,13729,779,185022,CONFIRMED,
1937,0xdD2FD4581271e230360230F9337D5c0430Bf44C0,2196,0x1895f156649f5be65d8785408b881411e05412645595f607a4a397bdc43fa323,1789653606740,1789653606746,1789653620465,13725,779,185010,CONFIRMED,
1938,0x8626f6940E2eb28930eFb4CeF49B2d1F2C9C1199,2196,0x22af452e30030fda4e14893a56f05ac3d70e50347b9aaf5f92af1b002cf11ed5,1789653606740,1789653606747,1789653620474,13734,779,185022,CONFIRMED,
1939,0x09DB0a93B389bEF724429898f539AEB7ac2Dd55f,2196,0x318dc133fca49decde09134609b31cc66fe7a409ffbea4cb7496c95a141a62d6,1789653606755,1789653606761,1789653620480,13725,779,185022,CONFIRMED,
1940,0x70997970C51812dc3A010C7d01b50e0d17dc79C8,2197,0x180239ea6063c3ee876018ff466714a2645e9940a1a31ba8c9e9153352f2800a,1789653606758,1789653606763,1789653620549,13791,779,185010,CONFIRMED,
1941,0x3C44CdDdB6a900fa2b585dd299e03d12FA4293BC,2197,0x3669c994cb617b86ad7dc8db313f1e45afac62814c086d8cf526e50a2721ed4c,1789653606771,1789653606778,1789653620704,13933,779,184998,CONFIRMED,
1942,0x90F79bf6EB2c4f870365E785982E1f101E93b906,2197,0xf68995b0650b4a9640cbf9b55a2da7a425ea6f1768b98945e8b23690113661e9,1789653606787,1789653606798,1789653620729,13942,779,185022,CONFIRMED,
1943,0x15d34AAf54267DB7D7c367839AAf71A00a2C6A65,2197,0x6d0ac9471b8306952200fec12bd797a4f20e52468994e158ddf5dcd8524fe3b1,1789653606790,1789653606798,1789653620741,13951,779,185022,CONFIRMED,
1944,0x9965507D1a55bcC2695C58ba16FB37d819B0A4dc,2197,0x767b6d73712404d5e655e3151dca7e677a0ab96056b5b1be17cdf85b3beb8941,1789653606818,1789653606833,1789653620765,13947,779,185022,CONFIRMED,
1945,0x976EA74026E726554dB657fA54763abd0C3a0aa9,2197,0xe9e6700558f77f5ccea17e9534667e6209706fb46581bc7a0b7b5ffe468bb83f,1789653606818,1789653606834,1789653620773,13955,779,185022,CONFIRMED,
1946,0x14dC79964da2C08b23698B3D3cc7Ca32193d9955,2197,0x59b9b1d596e57dda6a3a6e244669bc1f6b9e6f6865b6d0e28c7b66f870253a89,1789653606821,1789653606834,1789653620796,13975,779,185010,CONFIRMED,
1947,0x23618e81E3f5cdF7f54C3d65f7FBc0aBf5B21E8f,2197,0x321a4e47e9dc0a203c0f8c9c3588ef6b85575791ce0c83c984294148b65126da,1789653606829,1789653606836,1789653620823,13994,779,185022,CONFIRMED,
1948,0xa0Ee7A142d267C1f36714E4a8F75612F20a79720,2197,0x5bcb53f313352a3d18ab163874b38c495e0072cde12736e0d80ad39bad478483,1789653606850,1789653606862,1789653620836,13986,779,185010,CONFIRMED,
1949,0xBcd4042DE499D14e55001CcbB24a551F3b954096,2197,0x49317817fc7b4e5a7a33fe0626c46ee720986332707ef89ffcd3dc6b2d0650ed,1789653606851,1789653606863,1789653620866,14015,779,185010,CONFIRMED,
1950,0x71bE63f3384f5fb98995898A86B02Fb2426c5788,2197,0x7db6cb61c984bcdc1abb853145281685ca04dcf9a31de19b09a423695f82ce2f,1789653606860,1789653606865,1789653620872,14012,779,185010,CONFIRMED,
1951,0xFABB0ac9d68B0B445fB7357272Ff202C5651694a,2197,0x12d3ef4e5a57d08114b562f5b35061727579d0f5b0f61e66fbea5a212a91add3,1789653606883,1789653606887,1789653620886,14003,779,185022,CONFIRMED,
1952,0x1CBd3b2770909D4e10f157cABC84C7264073C9Ec,2197,0xf414164f1abd2071845f5e17e37104c65a9d248bf06011f1ce01936ae6f2bc97,1789653606883,1789653606887,1789653620909,14026,779,185022,CONFIRMED,
1953,0xdF3e18d64BC6A983f673Ab319CCaE4f1a57C7097,2197,0x4d9af072d2c0b4027a5e9708419f8daa70c9f4c10c4162d88a5acaceb5ead81e,1789653606899,1789653606907,1789653620915,14016,779,185022,CONFIRMED,
1954,0xcd3B766CCDd6AE721141F452C550Ca635964ce71,2197,0x959df7b1f77b9009d74b61c0fb62d61a9e3492b359aa2f78e7cf28346f1cf995,1789653606899,1789653606908,1789653620922,14023,779,185022,CONFIRMED,
1955,0x2546BcD3c84621e976D8185a91A922aE77ECEc30,2197,0xc4eb46d2feffea53040aa92080ec57f2a023b56d63c27dcf3fef7ca3a98afe00,1789653606915,1789653606924,1789653620929,14014,779,185022,CONFIRMED,
1956,0xbDA5747bFD65F08deb54cb465eB87D40e51B197E,2197,0x50095220b18e1b1fb62e6617e80d2628fa7a6956db17125363ebc8d1b987d146,1789653606921,1789653606929,1789653620933,14012,779,185022,CONFIRMED,
1957,0xdD2FD4581271e230360230F9337D5c0430Bf44C0,2197,0xc75aa224b7c987253abddf986179d0e8f61df1c136243e3a4ee12bbef3d63cbd,1789653606929,1789653606936,1789653620935,14006,779,185022,CONFIRMED,
1958,0x8626f6940E2eb28930eFb4CeF49B2d1F2C9C1199,2197,0xac29d8fbaed3b22604fa53ab62aabe6b63b7832eff5b178c21de13650cfe45af,1789653606939,1789653606947,1789653620937,13998,779,185010,CONFIRMED,
1959,0x09DB0a93B389bEF724429898f539AEB7ac2Dd55f,2197,0xa0d0e377b6725b2e0b42fc9f229a3cbd5b2379f7aa3b6176819deaeaef3507ae,1789653606963,1789653606973,1789653620940,13977,779,185022,CONFIRMED,
1960,0x70997970C51812dc3A010C7d01b50e0d17dc79C8,2198,0x7cbee6470a887aceb73e9da3199fbaaeeb4cf8ef5df61ed9efa2106917ca7362,1789653606963,1789653606974,1789653620942,13979,779,184998,CONFIRMED,
1961,0x3C44CdDdB6a900fa2b585dd299e03d12FA4293BC,2198,0x50225153ccd6a473e71f0e32ef19adb84692a9dbb710142ae4693d9a4b86d934,1789653606970,1789653606977,1789653620945,13975,779,184998,CONFIRMED,
1962,0x90F79bf6EB2c4f870365E785982E1f101E93b906,2198,0x02a984734b2091dfee0afa19f54be907b7d30053b2c5f2d050fe83b096d912bf,1789653606979,1789653606986,1789653620949,13970,779,185022,CONFIRMED,
1963,0x15d34AAf54267DB7D7c367839AAf71A00a2C6A65,2198,0x549c9a767d770e619455de12987d2559ebaffa415bc4932524eb597434e74b55,1789653606995,1789653607002,1789653620956,13961,779,185022,CONFIRMED,
1964,0x9965507D1a55bcC2695C58ba16FB37d819B0A4dc,2198,0xb0226124b5054d40309d8a663fa2c01469465572526f0fae08288c17a56df669,1789653606999,1789653607005,1789653620961,13962,779,185022,CONFIRMED,
1965,0x976EA74026E726554dB657fA54763abd0C3a0aa9,2198,0x71a62832c1e7c573559be224966d21a9bea1ed1ff8890bc31b6bfe3204ab0c82,1789653607011,1789653607018,1789653620964,13953,779,185022,CONFIRMED,
1966,0x14dC79964da2C08b23698B3D3cc7Ca32193d9955,2198,0x5594e856e8c91c2670b8521a4310ec3515ad8c01cd1aceec49ca540ef90502c1,1789653607027,1789653607035,1789653620967,13940,779,185022,CONFIRMED,
1967,0x23618e81E3f5cdF7f54C3d65f7FBc0aBf5B21E8f,2198,0x46cb536ff13dec58fa20be73b43b77c02b0b562b9dae73e3171e446c9c6389f0,1789653607029,1789653607036,1789653620969,13940,779,185022,CONFIRMED,
1968,0xa0Ee7A142d267C1f36714E4a8F75612F20a79720,2198,0x2c358cfd556ee77cf50f2c60d566f38b08c9350c65816b476bf645077ed351c5,1789653607043,1789653607050,1789653620972,13929,779,184986,CONFIRMED,
1969,0xBcd4042DE499D14e55001CcbB24a551F3b954096,2198,0xffefb5809e2bf5720868e62ecd6e23c45bdf3c2d9b6781f9cd4a34aa08f300cf,1789653607049,1789653607056,1789653620975,13926,779,185010,CONFIRMED,
1970,0x71bE63f3384f5fb98995898A86B02Fb2426c5788,2198,0xfdf671460d8d301ddfbb26452ccc388f8ffc3080f8f4bb7bc74ce55d6c7eb1b5,1789653607059,1789653607066,1789653620977,13918,779,185022,CONFIRMED,
1971,0xFABB0ac9d68B0B445fB7357272Ff202C5651694a,2198,0x3624dfbe8dfff094e419ea3a9807567c6b865448b3041ba05ebf1c2efa5c7a0d,1789653607075,1789653607082,1789653620980,13905,779,185010,CONFIRMED,
1972,0x1CBd3b2770909D4e10f157cABC84C7264073C9Ec,2198,0x47aac208c94de17100517b3de1b5910b801257086fb82ea9148353e15a0dd43d,1789653607080,1789653607087,1789653620983,13903,779,185010,CONFIRMED,
1973,0xdF3e18d64BC6A983f673Ab319CCaE4f1a57C7097,2198,0xd8568ec343fd815fb9ad7c8843f2a42ecb9039cd84ef840be996361914646e9e,1789653607091,1789653607098,1789653620991,13900,779,185022,CONFIRMED,
1974,0xcd3B766CCDd6AE721141F452C550Ca635964ce71,2198,0x83d1f5faf753e636d2f9920a9504a56d9aa3aa43115a42d7866d3debebabfeb3,1789653607099,1789653607107,1789653620995,13896,779,185022,CONFIRMED,
1975,0x2546BcD3c84621e976D8185a91A922aE77ECEc30,2198,0xc89249b5f627bdb1aaf9daa3b721ee79f44b11e916bee1b889559c9ab66bcdd8,1789653607121,1789653607133,1789653620998,13877,779,185022,CONFIRMED,
1976,0xbDA5747bFD65F08deb54cb465eB87D40e51B197E,2198,0xef3f0df82bd6c9ddcad87175db2ea63fc31e46c65aa936fb68df37ebe9df01c1,1789653607121,1789653607134,1789653621000,13879,779,185010,CONFIRMED,
1977,0xdD2FD4581271e230360230F9337D5c0430Bf44C0,2198,0x445fb24b8d2a37f5bcdf04775f7c7a08b333147fdf8d238cf4d37517f55073dd,1789653607129,1789653607136,1789653621002,13873,779,185022,CONFIRMED,
1978,0x8626f6940E2eb28930eFb4CeF49B2d1F2C9C1199,2198,0x7681da1c5a810c8fffe4ffa00926aed508d55d09c9b16e7a707b3f5008bdb2f6,1789653607152,1789653607164,1789653621004,13852,779,185022,CONFIRMED,
1979,0x09DB0a93B389bEF724429898f539AEB7ac2Dd55f,2198,0x4ae3fa2aa325c7556ee44cc9f31065934d16d72238a3e5a2d68a452791a52871,1789653607152,1789653607166,1789653621007,13855,779,185022,CONFIRMED,
1980,0x70997970C51812dc3A010C7d01b50e0d17dc79C8,2199,0xa72fb1a6a0bf418117e3a1422e24d83f078053f8801769e785fe05ef190239ef,1789653607159,1789653607166,1789653621010,13851,779,184998,CONFIRMED,
1981,0x3C44CdDdB6a900fa2b585dd299e03d12FA4293BC,2199,0xb4d7f22ddf323acaf026cdd2da965a8e10e885cc9aa94d5293c9df53373bca63,1789653607184,1789653607193,1789653621013,13829,779,185010,CONFIRMED,
1982,0x90F79bf6EB2c4f870365E785982E1f101E93b906,2199,0xe8ae7fb5b8ebb2265a6e72bf9086e0459470966c5b231eb206e728dedc6b7b8f,1789653607185,1789653607194,1789653621015,13830,779,185010,CONFIRMED,
1983,0x15d34AAf54267DB7D7c367839AAf71A00a2C6A65,2199,0xc207795680209421a5aa690ee0f4328e64a3f3a4f8030a50653b4796b567f8e8,1789653607190,1789653607194,1789653621020,13830,779,185022,CONFIRMED,
1984,0x9965507D1a55bcC2695C58ba16FB37d819B0A4dc,2199,0x403d21875c9ca5c596d271fa28a4da488f8c81ed1889c99a56f3d7a6807a5c22,1789653607201,1789653607646,1789653621026,13825,780,185022,CONFIRMED,
1985,0x976EA74026E726554dB657fA54763abd0C3a0aa9,2199,0x5b4fcfbb7445742026ceefa1806e90370ff955a0c447fd48e1bf0af6a78d66ce,1789653607216,1789653607647,1789653621029,13813,780,185022,CONFIRMED,
1986,0x14dC79964da2C08b23698B3D3cc7Ca32193d9955,2199,0x6145cdc86070ff837480b7069bf28f56ba190663dcd10fcb168227cf55a94664,1789653607225,1789653607648,1789653621031,13806,780,185022,CONFIRMED,
1987,0x23618e81E3f5cdF7f54C3d65f7FBc0aBf5B21E8f,2199,0x2b5ff1b59e0aca50713d24a6b502c469a26f6415ac1aa7b18d73f1d24681b701,1789653607235,1789653607649,1789653621033,13798,780,185022,CONFIRMED,
1988,0xa0Ee7A142d267C1f36714E4a8F75612F20a79720,2199,0xa6e05f10320a097ebe06990272685b92fc7c8a229e958d24a3ab1de82c4213fa,1789653607249,1789653607650,1789653621035,13786,780,185010,CONFIRMED,
1989,0xBcd4042DE499D14e55001CcbB24a551F3b954096,2199,0xea14f488e058810d56ef7c2277818356866d7b446ae7b55ce38e24953e230c9a,1789653607249,1789653607651,1789653621038,13789,780,185010,CONFIRMED,
1990,0x71bE63f3384f5fb98995898A86B02Fb2426c5788,2199,0x421689ccb13f9c2b589efc52e4935e9df5f4a8a028800893b76bfefc6bb2a28e,1789653607273,1789653607652,1789653621040,13767,780,185022,CONFIRMED,
1991,0xFABB0ac9d68B0B445fB7357272Ff202C5651694a,2199,0x03f265e3f4f20737221c8915551f5095e543a7168ab1d3cb76ea7941589e0db5,1789653607273,1789653607653,1789653621043,13770,780,185010,CONFIRMED,
1992,0x1CBd3b2770909D4e10f157cABC84C7264073C9Ec,2199,0xbdf07cd8a3bb5885f634fa0c605309bf3c396437d5b5d8f19c9db59a3a1da2d0,1789653607289,1789653607654,1789653621045,13756,780,185010,CONFIRMED,
1993,0xdF3e18d64BC6A983f673Ab319CCaE4f1a57C7097,2199,0x1cef3973b98b8979618faf5b2b4a573058e67cacb7b32d4a070ce02e28706e4f,1789653607289,1789653607656,1789653621047,13758,780,184998,CONFIRMED,
1994,0xcd3B766CCDd6AE721141F452C550Ca635964ce71,2199,0x50ecd44365f8bb1d631332c8bb5a7289e08e87ce4104e75b61601e23a7e46533,1789653607305,1789653607658,1789653621051,13746,780,185022,CONFIRMED,
1995,0x2546BcD3c84621e976D8185a91A922aE77ECEc30,2199,0x8988eba9501475690872e291ad7b054a6819f8b525151c6e67898fc7864bbca2,1789653607321,1789653607660,1789653621059,13738,780,185010,CONFIRMED,
1996,0xbDA5747bFD65F08deb54cb465eB87D40e51B197E,2199,0xac643fe2d46307c7041dfd8dc4b0dccffd9547dfedb243924cd48e2e26d19199,1789653607321,1789653607661,1789653621062,13741,780,185022,CONFIRMED,
1997,0xdD2FD4581271e230360230F9337D5c0430Bf44C0,2199,0x979e210725157169fbc6889cbc761aca3c0bb22a54fa869a04ab569f47759186,1789653607336,1789653607662,1789653621064,13728,780,185010,CONFIRMED,
1998,0x8626f6940E2eb28930eFb4CeF49B2d1F2C9C1199,2199,0x3ce7db8a17435edc9cd9cafab417652e0033d24bb82f34a0144193cf29c864ea,1789653607352,1789653607664,1789653621066,13714,780,185010,CONFIRMED,
1999,0x09DB0a93B389bEF724429898f539AEB7ac2Dd55f,2199,0x932c5dcad6d2a0f3396fd2f6287d841c44789705e4bd734dca8e0fc38cea6e2a,1789653607352,1789653607665,1789653621068,13716,780,185022,CONFIRMED,
2000,0x70997970C51812dc3A010C7d01b50e0d17dc79C8,2200,0x9c6dcadba5321ec6309d17e040e1b9df1bcd3569a9cb2fc66789748d07f89e7f,1789653607360,1789653607667,1789653621071,13711,780,185010,CONFIRMED,
2001,0x3C44CdDdB6a900fa2b585dd299e03d12FA4293BC,2200,0x8c535622afeca5a84d336b0e63ad7c12fe5b901c0d3bbd6fc4457f7c2df9be8f,1789653607384,1789653607669,1789653621074,13690,780,185010,CONFIRMED,
2002,0x90F79bf6EB2c4f870365E785982E1f101E93b906,2200,0xd90b1481dd6a554fbbfc1221d8fe6b3a59c25ead6182802094b0af9096342c97,1789653607384,1789653607670,1789653621077,13693,780,185010,CONFIRMED,
2003,0x15d34AAf54267DB7D7c367839AAf71A00a2C6A65,2200,0xa8e00f7aeab56a4b836e6776c802473f477c48699c4ac25b8645bcc9b89a5935,1789653607400,1789653607671,1789653621079,13679,780,185022,CONFIRMED,
2004,0x9965507D1a55bcC2695C58ba16FB37d819B0A4dc,2200,0x147c0f80f1b400f17cf26dc39b43bef2c1450feea5233f7b101fe79dc4cb6ceb,1789653607400,1789653607685,1789653621082,13682,780,185022,CONFIRMED,
2005,0x976EA74026E726554dB657fA54763abd0C3a0aa9,2200,0x495d67cf48273f27ff1e43b2fccde08e742065d2005cfe81116767ebbebd1b75,1789653607416,1789653607688,1789653621088,13672,780,185022,CONFIRMED,
2006,0x14dC79964da2C08b23698B3D3cc7Ca32193d9955,2200,0x4ed1fbb11227470073192bee9bf3f3f34363dc329bff8dfe673086e4b7dfb5d2,1789653607431,1789653607691,1789653621092,13661,780,185022,CONFIRMED,
2007,0x23618e81E3f5cdF7f54C3d65f7FBc0aBf5B21E8f,2200,0xf91d0d8ed62f3fff82a19720051d431067008ae69b65e0d4059a3a84846b3f8d,1789653607431,1789653607692,1789653621094,13663,780,185022,CONFIRMED,
2008,0xa0Ee7A142d267C1f36714E4a8F75612F20a79720,2200,0x14ae305fd70fa991e4acfb451eecbb8c561d1d85e5ae4b07a341ed0b00c6cda3,1789653607447,1789653607696,1789653621096,13649,780,185010,CONFIRMED,
2009,0xBcd4042DE499D14e55001CcbB24a551F3b954096,2200,0x83eb13c8798268caa52ac76fca055abd32b0ff5cfe59303bb91b13dbcf79afce,1789653607463,1789653607698,1789653621098,13635,780,185010,CONFIRMED,
2010,0x71bE63f3384f5fb98995898A86B02Fb2426c5788,2200,0xc1acdca43317287e6606dea37fdb6ea55e62e0f458331a3e2d27cd3f6f1032a2,1789653607463,1789653607700,1789653621099,13636,780,185022,CONFIRMED,
2011,0xFABB0ac9d68B0B445fB7357272Ff202C5651694a,2200,0xce13ce2873abd40272a58fb8b86c38aa662e01833920fb922e05ca05e6a0b275,1789653607472,1789653607701,1789653621101,13629,780,185022,CONFIRMED,
2012,0x1CBd3b2770909D4e10f157cABC84C7264073C9Ec,2200,0xb0ce393a78218897818d8739251a75948fcab83ffe3931a374be60fb9a6ae736,1789653607480,1789653607702,1789653621103,13623,780,185022,CONFIRMED,
2013,0xdF3e18d64BC6A983f673Ab319CCaE4f1a57C7097,2200,0x613268de994f9746ab9a2af15d35db9c8751ba1a97dbb90035e7e56f6bb5f5e8,1789653607495,1789653607703,1789653621104,13609,780,185022,CONFIRMED,
2014,0xcd3B766CCDd6AE721141F452C550Ca635964ce71,2200,0xa82daa44a09bccda1615090a84cc98664d58f4caf1f4e58066cff6b4f6a171ce,1789653607512,1789653607705,1789653621107,13595,780,185022,CONFIRMED,
2015,0x2546BcD3c84621e976D8185a91A922aE77ECEc30,2200,0x96918adff02abb8f76531ff32c26b764f916b36cd48a942db530df54c91c2509,1789653607512,1789653607706,1789653621109,13597,780,185022,CONFIRMED,
2016,0xbDA5747bFD65F08deb54cb465eB87D40e51B197E,2200,0x8ad6d77b7f3df6df237f52f1eb1e4c3c098e31de82b87f4723819231c925e6cc,1789653607527,1789653607706,1789653621111,13584,780,185022,CONFIRMED,
2017,0xdD2FD4581271e230360230F9337D5c0430Bf44C0,2200,0x820c69b098ce6016dc8ec4127fc7f0d8e260ff0377adbdf580261a656b2aa426,1789653607544,1789653607706,1789653621113,13569,780,185022,CONFIRMED,
2018,0x8626f6940E2eb28930eFb4CeF49B2d1F2C9C1199,2200,0xde7f720fce19444eb7a15094358eaf498bac15831c82f729dcd49095cd3ee979,1789653607544,1789653607707,1789653621116,13572,780,185022,CONFIRMED,
2019,0x09DB0a93B389bEF724429898f539AEB7ac2Dd55f,2200,0x49d236c41b1e1ad5b623c7573853e94c29cf67158e63f073965ffc6de45b3d58,1789653607555,1789653607707,1789653621121,13566,780,185022,CONFIRMED,
2020,0x70997970C51812dc3A010C7d01b50e0d17dc79C8,2201,0x9a69e54f389689446122adb29860a041e3904d2402ee9fe344e16b7eedd60359,1789653607571,1789653607708,1789653621126,13555,780,184998,CONFIRMED,
2021,0x3C44CdDdB6a900fa2b585dd299e03d12FA4293BC,2201,0xce21d21598d2968ec313a262f3e17d5e13abd3bdb6f1b0eb3994495bf6b4b5bc,1789653607571,1789653607709,1789653621128,13557,780,185010,CONFIRMED,
2022,0x90F79bf6EB2c4f870365E785982E1f101E93b906,2201,0x6f4c03d8284b684f672aee25bf10186edb5a5915c3b096a66dd13c691361d850,1789653607587,1789653607709,1789653621130,13543,780,185022,CONFIRMED,
2023,0x15d34AAf54267DB7D7c367839AAf71A00a2C6A65,2201,0x16ba825d4904c3d4e20c2d5bf9f1706b1ffc3474c9f8b4135c4444df1e2e8471,1789653607603,1789653607709,1789653621131,13528,780,185022,CONFIRMED,
2024,0x9965507D1a55bcC2695C58ba16FB37d819B0A4dc,2201,0x49c26d771d23a02a99e47337f944b7749d8a3593a92cae3adba8f1449759f255,1789653607603,1789653607716,1789653621133,13530,780,185022,CONFIRMED,
2025,0x976EA74026E726554dB657fA54763abd0C3a0aa9,2201,0x5001598731dd891db855b7b50949807cb0d79c5d6d5ff9ecab498f691d8358d7,1789653607619,1789653607716,1789653621135,13516,780,185022,CONFIRMED,
2026,0x14dC79964da2C08b23698B3D3cc7Ca32193d9955,2201,0x157fd10f8fd6cb53c91e7ece9a36c73c2201767883089c23ce2c69df9dabd647,1789653607619,1789653607716,1789653621136,13517,780,185022,CONFIRMED,
2027,0x23618e81E3f5cdF7f54C3d65f7FBc0aBf5B21E8f,2201,0x46216cf09832ebe18981e2bf2389bde45355cb30a1645ba2388f01554a453b1d,1789653607630,1789653607717,1789653621138,13508,780,185022,CONFIRMED,
2028,0xa0Ee7A142d267C1f36714E4a8F75612F20a79720,2201,0x9c17c49073b79ae1243548ef3885ec9a7e2993859078cb8ce45d1cf861bfc129,1789653607639,1789653607717,1789653621140,13501,780,185010,CONFIRMED,
2029,0xBcd4042DE499D14e55001CcbB24a551F3b954096,2201,0x2a117e06cb04e8eceadcc6e677cf68cfbf1b6faaef0ccab3afa59e5128e384ad,1789653607650,1789653607717,1789653621142,13492,780,184998,CONFIRMED,
2030,0x71bE63f3384f5fb98995898A86B02Fb2426c5788,2201,0x899ac5e0f57a88de9ea88111fb8639e9b582206ef5fb53cf66fdd5f824788ebd,1789653607675,1789653607717,1789653621143,13468,780,184998,CONFIRMED,
2031,0xFABB0ac9d68B0B445fB7357272Ff202C5651694a,2201,0x7bc73c27afe7dfd3e2d8f227ff95ba03f8088c6b3adb420bd17a5aefc66d2f4c,1789653607675,1789653607718,1789653621145,13470,780,185022,CONFIRMED,
2032,0x1CBd3b2770909D4e10f157cABC84C7264073C9Ec,2201,0xe42fd20906dd2da1f7c4edb6efd0ddacb1abcabeda1ad82e3ee85661db60cb28,1789653607682,1789653607718,1789653621149,13467,780,185022,CONFIRMED,
2033,0xdF3e18d64BC6A983f673Ab319CCaE4f1a57C7097,2201,0x998465d675ba2c03e812dfe8e9865fad96bc11c28c34cbd738bf6d621a449c46,1789653607690,1789653607718,1789653621153,13463,780,185022,CONFIRMED,
2034,0xcd3B766CCDd6AE721141F452C550Ca635964ce71,2201,0xfc1a3caf6a828af0b5c36ca7c2771de922cc6e8fdb9230a27267c9be58aa0f70,1789653607707,1789653607720,1789653621156,13449,780,185022,CONFIRMED,
2035,0x2546BcD3c84621e976D8185a91A922aE77ECEc30,2201,0xd44c6c9d4e344bd224ff07bc6d8499c54ff76edc10fbf250d7dcc45e9c48710d,1789653607713,1789653607720,1789653621158,13445,780,185022,CONFIRMED,
2036,0xbDA5747bFD65F08deb54cb465eB87D40e51B197E,2201,0xb3d4a695e27c1b696675ec1f6171794e43628b07ac99c163e5354fd42a2dcbfb,1789653607719,1789653607723,1789653621160,13441,780,185022,CONFIRMED,
2037,0xdD2FD4581271e230360230F9337D5c0430Bf44C0,2201,0x4744a0bdf2fa399de85424d1f98a52eadfe3b3f8e3a7283c7b1933749044b6e2,1789653607729,1789653607733,1789653621161,13432,780,185022,CONFIRMED,
2038,0x8626f6940E2eb28930eFb4CeF49B2d1F2C9C1199,2201,0x2e9ca680102975b4aa85caab0c7d9c928e8bd97aa88e12d049d650e985a96ebb,1789653607744,1789653607753,1789653621163,13419,780,185022,CONFIRMED,
2039,0x09DB0a93B389bEF724429898f539AEB7ac2Dd55f,2201,0x59756fd7ce18adddc5772e5ec15216091c4fdd1d8fa45afbfbd92c484384cce2,1789653607752,1789653607757,1789653621165,13413,780,185022,CONFIRMED,
2040,0x70997970C51812dc3A010C7d01b50e0d17dc79C8,2202,0xfc9fea5ac7074a0a67adf93b1f4dee26b93de26092558004d375a6d88641c395,1789653607760,1789653607766,1789653621170,13410,780,185010,CONFIRMED,
2041,0x3C44CdDdB6a900fa2b585dd299e03d12FA4293BC,2202,0x9252a5b4a7b6d7d677f9810834e404e39fcf76d83b82581a0b45ecbeff8bd595,1789653607776,1789653607782,1789653621175,13399,780,185010,CONFIRMED,
2042,0x90F79bf6EB2c4f870365E785982E1f101E93b906,2202,0x5f3d82f01fad872caa58e7a30bc26f2aea0f5687ee34d7f6c700ae7ca31b3db4,1789653607779,1789653607785,1789653621177,13398,780,185022,CONFIRMED,
2043,0x15d34AAf54267DB7D7c367839AAf71A00a2C6A65,2202,0x578cc89b70f910d342636b07e07f42af13086de5b0fa748cbed090075ef39c12,1789653607792,1789653607797,1789653621179,13387,780,185022,CONFIRMED,
2044,0x9965507D1a55bcC2695C58ba16FB37d819B0A4dc,2202,0x71912df5c9d18ffce8b99c57b9cfdec6caa9e1f4c498743d157778e4b71bba92,1789653607808,1789653607866,1789653621181,13373,780,185022,CONFIRMED,
2045,0x976EA74026E726554dB657fA54763abd0C3a0aa9,2202,0x4f09bd33604ff14cc364a416e801fd5f7c5a68ec96da7868622c10ed6d7aa325,1789653607809,1789653607868,1789653621183,13374,780,185022,CONFIRMED,
2046,0x14dC79964da2C08b23698B3D3cc7Ca32193d9955,2202,0x64795a8c41b4e09c36e6f01ddbe2f7ac75ae835196d04764a6a9742983ed732a,1789653607823,1789653607871,1789653621184,13361,780,185022,CONFIRMED,
2047,0x23618e81E3f5cdF7f54C3d65f7FBc0aBf5B21E8f,2202,0xe7577ee4f05e7c6a5cb39c2b70d00a0806058130cd48c24a6aae6f80fe952f31,1789653607839,1789653607872,1789653621186,13347,780,185022,CONFIRMED,
2048,0xa0Ee7A142d267C1f36714E4a8F75612F20a79720,2202,0x184ba3983426f18ffe608325b8eb27689eb571f8d5a93648514764e5fdd37591,1789653607839,1789653607872,1789653621188,13349,780,185010,CONFIRMED,
2049,0xBcd4042DE499D14e55001CcbB24a551F3b954096,2202,0x8b61b6ff1510d0c766568c83abeaf651c73ebe4b4cc65e2d7e800898e6ce4987,1789653607855,1789653607873,1789653621190,13335,780,185010,CONFIRMED,
2050,0x71bE63f3384f5fb98995898A86B02Fb2426c5788,2202,0xf9eb32097b58294dd0e47ccad55a36b3a55d70313c12b5fd222f7e5b4c0c39bb,1789653607859,1789653607875,1789653621191,13332,780,185022,CONFIRMED,
2051,0xFABB0ac9d68B0B445fB7357272Ff202C5651694a,2202,0x16152657668d16293f945319378c71029aecc7c7b6a4aa2048732666a3643d8c,1789653607869,1789653607881,1789653621193,13324,780,185022,CONFIRMED,
2052,0x1CBd3b2770909D4e10f157cABC84C7264073C9Ec,2202,0x6829ac2701904872d52ce0c86f1d46e77ba96bfef8cc67ad98ffb0e096748adb,1789653607880,1789653607886,1789653621197,13317,780,185022,CONFIRMED,
2053,0xdF3e18d64BC6A983f673Ab319CCaE4f1a57C7097,2202,0x60107a9ea874c76b62ec9a5d105346621875afc3ec467d822717d16ffbb554f7,1789653607902,1789653607911,1789653621203,13301,780,185022,CONFIRMED,
2054,0xcd3B766CCDd6AE721141F452C550Ca635964ce71,2202,0x8c970fd50b3e5ac5bca8f7e8fc07b08f6d8b8fb63f4c3c3a2fe79f954f8e0a4e,1789653607902,1789653607911,1789653621211,13309,780,185022,CONFIRMED,
2055,0x2546BcD3c84621e976D8185a91A922aE77ECEc30,2202,0x6d6517953c027b7a0c1b8eef0515dcbe8224407f34acefc68e8a4d97a3426bbc,1789653607909,1789653607913,1789653621213,13304,780,185022,CONFIRMED,
2056,0xbDA5747bFD65F08deb54cb465eB87D40e51B197E,2202,0x12d6d30f6060e710e59ed54e82714ea736d2f1944757be5e7c20e4146ca88d8d,1789653607934,1789653607942,1789653621216,13282,780,185022,CONFIRMED,
2057,0xdD2FD4581271e230360230F9337D5c0430Bf44C0,2202,0x147a5c8ab3f6314bff76ea657a22a4f9a561639aabc7c224b8eafbb16fd88f6a,1789653607934,1789653607942,1789653621218,13284,780,185022,CONFIRMED,
2058,0x8626f6940E2eb28930eFb4CeF49B2d1F2C9C1199,2202,0x3189f83ea2cb92715f3bf42d0b8e127f4af41404b666b359bcd0c5e2b5271ad4,1789653607939,1789653607945,1789653621220,13281,780,185010,CONFIRMED,
2059,0x09DB0a93B389bEF724429898f539AEB7ac2Dd55f,2202,0x2a7cd7ca887fe761912c75d17f02e464c3ccc1d22431b5fab0f912529828ed4c,1789653607950,1789653607955,1789653621225,13275,780,185022,CONFIRMED,
2060,0x70997970C51812dc3A010C7d01b50e0d17dc79C8,2203,0x0c4a0c41ff63865bdb25984b1448b1b685c1e8c6bfe5bc0ef6334dd47a175110,1789653607966,1789653607970,1789653621228,13262,780,185010,CONFIRMED,
2061,0x3C44CdDdB6a900fa2b585dd299e03d12FA4293BC,2203,0xc49767238c55dec991b7c87b690d799a00ee85561838c2c7d0443cd61f165612,1789653607969,1789653607974,1789653621231,13262,780,185010,CONFIRMED,
2062,0x90F79bf6EB2c4f870365E785982E1f101E93b906,2203,0x7b6b4b9e22318339249c022384e013762a2823844eed17d72b68639b9dc8124a,1789653607982,1789653607989,1789653621235,13253,780,185022,CONFIRMED,
2063,0x15d34AAf54267DB7D7c367839AAf71A00a2C6A65,2203,0x591235f36495f30d043ca00558056a8aede7fdfd6f05552cb5518f5f2ad483f3,1789653607989,1789653607996,1789653621242,13253,780,185022,CONFIRMED,
2064,0x9965507D1a55bcC2695C58ba16FB37d819B0A4dc,2203,0xc09dbf818b78cdb5bbe9a94e6e8c7deb034f21108b8c14913b2aae448366a26a,1789653608002,1789653608009,1789653621248,13246,780,185010,CONFIRMED,
2065,0x976EA74026E726554dB657fA54763abd0C3a0aa9,2203,0x8b5afb5d4456813d38fb056b35b93ad798e3d8b4de6d5799d219464b0dbd51ab,1789653608009,1789653608015,1789653621250,13241,780,184998,CONFIRMED,
2066,0x14dC79964da2C08b23698B3D3cc7Ca32193d9955,2203,0x4e428c878621addca6f1ce733af93fb79509479c545db43b9c980fe25b6fa15d,1789653608030,1789653608036,1789653621253,13223,780,185022,CONFIRMED,
2067,0x23618e81E3f5cdF7f54C3d65f7FBc0aBf5B21E8f,2203,0x95b6579f4c8f30285b0c04b1aac11fb8d16f4e1b1d00e35256159b92e054095b,1789653608030,1789653608037,1789653621255,13225,780,185022,CONFIRMED,
2068,0xa0Ee7A142d267C1f36714E4a8F75612F20a79720,2203,0x66bc81f6f5d802095be1f60523c4bc2d1bd3df5820bde206ae8cb20142ac2541,1789653608045,1789653608050,1789653621258,13213,780,185010,CONFIRMED,
2069,0xBcd4042DE499D14e55001CcbB24a551F3b954096,2203,0xc46ada7d60541016d07c1170be8cea5859ebcd64af7934538152b549af47a6f3,1789653608049,1789653608054,1789653621261,13212,780,185010,CONFIRMED,
2070,0x71bE63f3384f5fb98995898A86B02Fb2426c5788,2203,0xdcd82a3549d0ba3e3ff0cf3fdc7ff60aa5a333fcdfcbbaff74f4e670c20718c8,1789653608061,1789653608066,1789653621263,13202,780,185022,CONFIRMED,
2071,0xFABB0ac9d68B0B445fB7357272Ff202C5651694a,2203,0xf2c97e8c711222241ebd414eb1781c532f2edcf10aff2fef6e72d63fce2aab08,1789653608077,1789653608083,1789653621266,13189,780,185022,CONFIRMED,
2072,0x1CBd3b2770909D4e10f157cABC84C7264073C9Ec,2203,0x149ff9e14eac41e0d8219ba69bf6b2984d971a5b065e191917a95b5fbc246211,1789653608079,1789653608085,1789653621273,13194,780,185022,CONFIRMED,
2073,0xdF3e18d64BC6A983f673Ab319CCaE4f1a57C7097,2203,0xe7d33e15af6860ab28ded3f8560736876dc709f95afd4707a5d3c837abbeeb0b,1789653608096,1789653608103,1789653621278,13182,780,185022,CONFIRMED,
2074,0xcd3B766CCDd6AE721141F452C550Ca635964ce71,2203,0xa65c4e56f5a3f81b091528cf9cbd79749bc4cf74689a475285db9336aae8def5,1789653608100,1789653608113,1789653621281,13181,780,185022,CONFIRMED,
2075,0x2546BcD3c84621e976D8185a91A922aE77ECEc30,2203,0x4fe7d7824be263824dccbd7cd243b091c7b975f5bfc9e587a231b8cf4398cae6,1789653608113,1789653608124,1789653621283,13170,780,185022,CONFIRMED,
2076,0xbDA5747bFD65F08deb54cb465eB87D40e51B197E,2203,0x4c463d4292bcc0839d4964faee51be7f7473d426595a5b080a19ea3c3d0aac87,1789653608120,1789653608130,1789653621285,13165,780,185022,CONFIRMED,
2077,0xdD2FD4581271e230360230F9337D5c0430Bf44C0,2203,0x9d3777ddc05cbd8d9f92c290bad9f2972382460985c13f2a273908376aa01e07,1789653608130,1789653608135,1789653621287,13157,780,185022,CONFIRMED,
2078,0x8626f6940E2eb28930eFb4CeF49B2d1F2C9C1199,2203,0x3a9f8ddab253f0114381842d13c5dd0f3edec0dd52d8f01cc3eac9eadf91056d,1789653608145,1789653608150,1789653621290,13145,780,185022,CONFIRMED,
2079,0x09DB0a93B389bEF724429898f539AEB7ac2Dd55f,2203,0xd07c29b519f4ca64576adb682e0a5b9f79e466d610ec56cda31336d8e645a1eb,1789653608150,1789653608154,1789653621294,13144,780,185022,CONFIRMED,
2080,0x70997970C51812dc3A010C7d01b50e0d17dc79C8,2204,0x62e926a590c9b38bdbf18ae1d973fbef2dcd234a8ab8293d78eae1f68ff4410d,1789653608161,1789653608168,1789653621296,13135,780,185010,CONFIRMED,
2081,0x3C44CdDdB6a900fa2b585dd299e03d12FA4293BC,2204,0x7f503092a2c36f4b34e4aa1caf1934f26b29ccb5a1e0bc3aad458ed0af06722b,1789653608178,1789653608185,1789653621299,13121,780,185010,CONFIRMED,
2082,0x90F79bf6EB2c4f870365E785982E1f101E93b906,2204,0x529cd38d3192853b3b8d83eb36dfd017ae9b5a546455f5b28b47775bf0675418,1789653608179,1789653608186,1789653621302,13123,780,185010,CONFIRMED,
2083,0x15d34AAf54267DB7D7c367839AAf71A00a2C6A65,2204,0x120d6a58eaa352c616dcee99e245b756f00c44b956336f00e02dd74c3f104b31,1789653608193,1789653608201,1789653621310,13117,780,185022,CONFIRMED,
2084,0x9965507D1a55bcC2695C58ba16FB37d819B0A4dc,2204,0xcc761dfda7cbdf0279ad390983ad788c8ccc96b2adf1507426c799a5c16ed5d0,1789653608199,1789653608207,1789653621316,13117,780,185010,CONFIRMED,
2085,0x976EA74026E726554dB657fA54763abd0C3a0aa9,2204,0x283273f8252464b29364aad215f0e5d63ca4b30d95c8c184c7616cf05687bdb5,1789653608209,1789653608216,1789653621319,13110,780,185022,CONFIRMED,
2086,0x14dC79964da2C08b23698B3D3cc7Ca32193d9955,2204,0x61fde0135285c32d71208b57ccb94c5a9c19b28adf2fe662e06e71a36b012e33,1789653608224,1789653608232,1789653621322,13098,780,185022,CONFIRMED,
2087,0x23618e81E3f5cdF7f54C3d65f7FBc0aBf5B21E8f,2204,0xe1c73ff3ee1e47c5011c74df50128017d3b7fde36a008f73349c33f971319752,1789653608230,1789653608237,1789653621325,13095,780,185010,CONFIRMED,
2088,0xa0Ee7A142d267C1f36714E4a8F75612F20a79720,2204,0x90c4862831ca5f51c9b621fa0386821c959ae3d5c15e8df76c56fbdaf984e2c8,1789653608240,1789653608248,1789653621328,13088,780,185010,CONFIRMED,
2089,0xBcd4042DE499D14e55001CcbB24a551F3b954096,2204,0x820f3dd2a1625779633805cfadcc9dc5ba3b3a916265bf70904f3ffa7fcf03b1,1789653608256,1789653608265,1789653621331,13075,780,184998,CONFIRMED,
2090,0x71bE63f3384f5fb98995898A86B02Fb2426c5788,2204,0xbb255236c126df2d5d9070b6a37e8aa6fa2c8b7b60895ba447dfb2f8460266d8,1789653608259,1789653608266,1789653621335,13076,780,185022,CONFIRMED,
2091,0xFABB0ac9d68B0B445fB7357272Ff202C5651694a,2204,0xf5aebee16d00075aaedb57b92f553beebd2d3614c29ee03a99ef46f0aef28db4,1789653608271,1789653608279,1789653621344,13073,780,185022,CONFIRMED,
2092,0x1CBd3b2770909D4e10f157cABC84C7264073C9Ec,2204,0x247726571b7099b1e6af51ee32756b6ace953e34fe90c08cef6d6d990e6f4090,1789653608279,1789653608286,1789653621348,13069,780,185022,CONFIRMED,
2093,0xdF3e18d64BC6A983f673Ab319CCaE4f1a57C7097,2204,0x8a41b5b179e12730e96e58c4fee9e9f00449cd9a9494003e34e91527cdb39a0f,1789653608303,1789653608318,1789653621350,13047,780,185022,CONFIRMED,
2094,0xcd3B766CCDd6AE721141F452C550Ca635964ce71,2204,0xe7d0fff4aa31e00793647d748fb6325c106f7ae3b2a382aa8e7e9369ba20d793,1789653608303,1789653608319,1789653621352,13049,780,185022,CONFIRMED,
2095,0x2546BcD3c84621e976D8185a91A922aE77ECEc30,2204,0x6b9bf5ed2ff9c676ee5939349157c4daff6075cf19da24841d08f426c9b932c9,1789653608309,1789653608321,1789653621354,13045,780,185022,CONFIRMED,
2096,0xbDA5747bFD65F08deb54cb465eB87D40e51B197E,2204,0x31d4c233e12a248ef91a208d1084a6333ad017e45e2a8b44c32886d8bb5bdac4,1789653608319,1789653608328,1789653621356,13037,780,184998,CONFIRMED,
2097,0xdD2FD4581271e230360230F9337D5c0430Bf44C0,2204,0x97765b6b3d938c41baf018e687f321525f5d9e03b033e20471c7586d023cd0c9,1789653608335,1789653608344,1789653621358,13023,780,185022,CONFIRMED,
2098,0x8626f6940E2eb28930eFb4CeF49B2d1F2C9C1199,2204,0xea4b814301d5a28c017503782f7eddec2d8f25652926dc02ba326568de88f1fd,1789653608340,1789653608347,1789653621362,13022,780,185022,CONFIRMED,
2099,0x09DB0a93B389bEF724429898f539AEB7ac2Dd55f,2204,0xa5b3d7ca3fcf6e3fc0144263bdd0bcfcf50343992e1dea061ffc788afc3a2a84,1789653608351,1789653608361,1789653621368,13017,780,185022,CONFIRMED,
2100,0x70997970C51812dc3A010C7d01b50e0d17dc79C8,2205,0x2a3ef022749064fc3be7a1cf667d82d5f2959ebc5cd66d78616f50a25b34b28a,1789653608359,1789653608367,1789653621371,13012,780,185010,CONFIRMED,
2101,0x3C44CdDdB6a900fa2b585dd299e03d12FA4293BC,2205,0x092d5a63962644ce6cb18fdde88829d6a6e87d949c0d77e6f4bcdc585c873fa9,1789653608382,1789653608393,1789653621374,12992,780,184998,CONFIRMED,
2102,0x90F79bf6EB2c4f870365E785982E1f101E93b906,2205,0x53470fad64e8a50f54cc007896da9dfe5158b26cca9020449e51462b53f877e7,1789653608382,1789653608395,1789653621379,12997,780,185022,CONFIRMED,
2103,0x15d34AAf54267DB7D7c367839AAf71A00a2C6A65,2205,0x2d39bf68e4de6f0b99b19c9fa7619b337c6df9e7e8d979cee8a7f63fe86d47a7,1789653608390,1789653608398,1789653621385,12995,780,185022,CONFIRMED,
2104,0x9965507D1a55bcC2695C58ba16FB37d819B0A4dc,2205,0x675c4c8bd63a9168641a95f271c750b72defa68bfbdb0ed33c40c70332694f8d,1789653608413,1789653608424,1789653621388,12975,780,185010,CONFIRMED,
2105,0x976EA74026E726554dB657fA54763abd0C3a0aa9,2205,0x4d4a896e4ec5a91102f5e6e139946b93ed40fc8bb6114dbd2622f61245643f1f,1789653608413,1789653608426,1789653621390,12977,780,185010,CONFIRMED,
2106,0x14dC79964da2C08b23698B3D3cc7Ca32193d9955,2205,0xd7665c7c67e17d950451abfe2f4153b6dab0a2bd2ccc3c8305dba5b811396d2d,1789653608420,1789653608429,1789653621392,12972,780,185022,CONFIRMED,
2107,0x23618e81E3f5cdF7f54C3d65f7FBc0aBf5B21E8f,2205,0xa9e614f6f44aad83e652dc01b5c6744cfbbd7c232297c0317760e3ba2d86f859,1789653608429,1789653608438,1789653621396,12967,780,185022,CONFIRMED,
2108,0xa0Ee7A142d267C1f36714E4a8F75612F20a79720,2205,0xfa3dfcc037975ebd2631819dc0be07d1e60d16de299797c5ae89f0458b62dadb,1789653608446,1789653608453,1789653621404,12958,780,185010,CONFIRMED,
2109,0xBcd4042DE499D14e55001CcbB24a551F3b954096,2205,0xb67d034c91e0379ed687b009d5bc778ad836f461ba97a17256347ef828f83b4d,1789653608449,1789653608457,1789653621407,12958,780,185010,CONFIRMED,
2110,0x71bE63f3384f5fb98995898A86B02Fb2426c5788,2205,0xc5d5889efc988e0c9e43ef6ef96c6087096896b3b7ed3a47c614e88e746f8940,1789653608472,1789653608483,1789653621409,12937,780,185010,CONFIRMED,
2111,0xFABB0ac9d68B0B445fB7357272Ff202C5651694a,2205,0x24b7a17c7a4fe7b20bcedc3f348b0eef6ee2890be063b246fd7fa1bf5b96742e,1789653608472,1789653608484,1789653621415,12943,780,185022,CONFIRMED,
2112,0x1CBd3b2770909D4e10f157cABC84C7264073C9Ec,2205,0x2f3800bff6eba4bf919d8a8f454440f7aec8d132ae0c784be325b921b9cf1b37,1789653608478,1789653608485,1789653621423,12945,780,185022,CONFIRMED,
2113,0xdF3e18d64BC6A983f673Ab319CCaE4f1a57C7097,2205,0xc71381913934a850895d7fc3a5b65818ca6c8bfdc7011728635f68af53fb4e88,1789653608503,1789653608513,1789653621425,12922,780,185022,CONFIRMED,
2114,0xcd3B766CCDd6AE721141F452C550Ca635964ce71,2205,0x3faaf4d379111041590ab9a9c430e07c4ca229da075dccde5d338835042280f4,1789653608503,1789653608513,1789653621428,12925,780,185022,CONFIRMED,
2115,0x2546BcD3c84621e976D8185a91A922aE77ECEc30,2205,0xbb0aad471a56d1f616ad28167c5234795adfde70f9c0f568cd05e3b4f5fb38f7,1789653608509,1789653608516,1789653621432,12923,780,185022,CONFIRMED,
2116,0xbDA5747bFD65F08deb54cb465eB87D40e51B197E,2205,0xc2e84683d6c78471d0ea4ccea6281e440b0ccbba8715712c2d594c262fdda435,1789653608519,1789653608526,1789653621437,12918,780,185022,CONFIRMED,
2117,0xdD2FD4581271e230360230F9337D5c0430Bf44C0,2205,0xe2ebde2517939529251ad89abed399c1c64b34346b3f244b8d5a36d85ce2fd84,1789653608535,1789653608539,1789653621441,12906,780,185022,CONFIRMED,
2118,0x8626f6940E2eb28930eFb4CeF49B2d1F2C9C1199,2205,0x7c0936fd7d85fffbfcde52fbda40c6f34c77307c2f188d6eee21be4b7c375061,1789653608539,1789653608543,1789653621442,12903,780,185010,CONFIRMED,
2119,0x09DB0a93B389bEF724429898f539AEB7ac2Dd55f,2205,0xd932ce888cba1216153216f3cfe62819ec6d993c6ccf6dfafca7fc57b4a97cfc,1789653608551,1789653608555,1789653621444,12893,780,185022,CONFIRMED,
2120,0x70997970C51812dc3A010C7d01b50e0d17dc79C8,2206,0x62c8584c338510a6e7bf0bed3c93507b371059041225a751bbc3eb9445443099,1789653608567,1789653608572,1789653621446,12879,780,185010,CONFIRMED,
2121,0x3C44CdDdB6a900fa2b585dd299e03d12FA4293BC,2206,0x371452b2fe476c0c2a5fa22cded8f0faf4ab964f63bc2002f1239c4c46a4f359,1789653608569,1789653608575,1789653621449,12880,780,185010,CONFIRMED,
2122,0x90F79bf6EB2c4f870365E785982E1f101E93b906,2206,0x738d99c801c06e7888f78a4176c3fdbcb73e98cdcedfb7ad8ef08a86e7067524,1789653608583,1789653608586,1789653621450,12867,780,185022,CONFIRMED,
2123,0x15d34AAf54267DB7D7c367839AAf71A00a2C6A65,2206,0x82f1e6664ba0a5d736d6f91a746c4bee4d63742898fcdb98b2e7530a5d08c105,1789653608599,1789653608603,1789653621452,12853,780,185022,CONFIRMED,
2124,0x9965507D1a55bcC2695C58ba16FB37d819B0A4dc,2206,0x1c673bfb238719d9d47f586137f03e9bfbafe9e07a6c0ab794bda571784cac31,1789653608599,1789653608603,1789653621453,12854,780,185010,CONFIRMED,
2125,0x976EA74026E726554dB657fA54763abd0C3a0aa9,2206,0xe351e8b42ff0b9b172d4317bba945048e66737c6d92cb4e19c5b6792c85e499c,1789653608615,1789653608620,1789653621455,12840,780,185022,CONFIRMED,
2126,0x14dC79964da2C08b23698B3D3cc7Ca32193d9955,2206,0x94c182bdca3d59b292ce8e36fe0526ded4be94e5ad0d6dae12cff5f9bf0f3e78,1789653608619,1789653608626,1789653621457,12838,780,185022,CONFIRMED,
2127,0x23618e81E3f5cdF7f54C3d65f7FBc0aBf5B21E8f,2206,0x30af51b7d7def0ad99c3f47a15f105bd599b81e13f94caad988ef231c0fd2b54,1789653608631,1789653608635,1789653621459,12828,780,185022,CONFIRMED,
2128,0xa0Ee7A142d267C1f36714E4a8F75612F20a79720,2206,0x16e0a026fc51c65935047ebeaf1b9d60f7319c98370e29c90a5bfde4e0505465,1789653608646,1789653608651,1789653621461,12815,780,185010,CONFIRMED,
2129,0xBcd4042DE499D14e55001CcbB24a551F3b954096,2206,0x20e069ae022efebeb72f4d5bae66b8b808c995c5ca80c4324b7c472b0dcff9f4,1789653608649,1789653608653,1789653621463,12814,780,185010,CONFIRMED,
2130,0x71bE63f3384f5fb98995898A86B02Fb2426c5788,2206,0x8f8c132142bc4822cade453f7307975e12ed8eabc5b02494a0d008609500855c,1789653608662,1789653608667,1789653621464,12802,780,185022,CONFIRMED,
2131,0xFABB0ac9d68B0B445fB7357272Ff202C5651694a,2206,0x0ccbcbf10c7fabb8ea2cffc02b742edb0d84fce11b83d25ecd86d2aa42d643d6,1789653608678,1789653608702,1789653621466,12788,780,185022,CONFIRMED,
2132,0x1CBd3b2770909D4e10f157cABC84C7264073C9Ec,2206,0xa7677a7af0c8d1b0fe0862e352fb0da9d29c066f73f1cb3bb7f04e02dea7dfc6,1789653608679,1789653608703,1789653621468,12789,780,185010,CONFIRMED,
2133,0xdF3e18d64BC6A983f673Ab319CCaE4f1a57C7097,2206,0x375d1d093a67441a793b31fe9a228ba9e121fda55b4bd9594eb10adf0be61770,1789653608689,1789653608711,1789653621469,12780,780,185022,CONFIRMED,
2134,0xcd3B766CCDd6AE721141F452C550Ca635964ce71,2206,0xf9dcfba21eee46cba7fbc8213ccef77dd20c186f40a4aa6b1a9f62770c531797,1789653608700,1789653608713,1789653621471,12771,780,185010,CONFIRMED,
2135,0x2546BcD3c84621e976D8185a91A922aE77ECEc30,2206,0x7145f65d05ba672491a750f38e8320b22a1a85ae2b3f409bf887b309dcd45f7d,1789653608709,1789653608715,1789653621473,12764,780,185010,CONFIRMED,
2136,0xbDA5747bFD65F08deb54cb465eB87D40e51B197E,2206,0xf811c774fa69806318fc726643b464d62800855f96cdcc795ccba0ad0feaae8b,1789653608725,1789653608730,1789653621475,12750,780,185022,CONFIRMED,
2137,0xdD2FD4581271e230360230F9337D5c0430Bf44C0,2206,0xa2b4da5ecd7de98a8b5d09750c2c2cd4376f33962686143400fccc86d5a21821,1789653608729,1789653608733,1789653621477,12748,780,185022,CONFIRMED,
2138,0x8626f6940E2eb28930eFb4CeF49B2d1F2C9C1199,2206,0xb106dfc8967280beeca66d2bfe8f7145f638bacc3d87e009e69255c518b77ac5,1789653608741,1789653608746,1789653621479,12738,780,185022,CONFIRMED,
2139,0x09DB0a93B389bEF724429898f539AEB7ac2Dd55f,2206,0xebc2749c8e01b4e9cf9137c2beda3c87d6b99c78139e90d2a36b85bbcd43ed9f,1789653608757,1789653608762,1789653621481,12724,780,185022,CONFIRMED,
2140,0x70997970C51812dc3A010C7d01b50e0d17dc79C8,2207,0xc1ad15739cd9f809e5204951d4eb12078055cb04c0ca472735faf0adb0ba13d2,1789653608760,1789653608764,1789653621483,12723,780,185010,CONFIRMED,
2141,0x3C44CdDdB6a900fa2b585dd299e03d12FA4293BC,2207,0x7261c4b68743d52a7252ee603266134008bdb30e20e9ab250a0bfd91a4e7e8d6,1789653608774,1789653608781,1789653621485,12711,780,185010,CONFIRMED,
2142,0x90F79bf6EB2c4f870365E785982E1f101E93b906,2207,0xff8ecb9ab74410205d0bf0ae827294f410076979e3fecd210ec3a6992ab3a418,1789653608779,1789653608785,1789653621487,12708,780,185010,CONFIRMED,
2143,0x15d34AAf54267DB7D7c367839AAf71A00a2C6A65,2207,0x8ae9667c73e9d05da3cf90563bab97c677900f8984222f1f71da52284425b230,1789653608805,1789653608813,1789653621490,12685,780,185022,CONFIRMED,
2144,0x9965507D1a55bcC2695C58ba16FB37d819B0A4dc,2207,0x3af1e7234c68cdc8cbbf9d516e51a59f9841ba9050c7937c4b718f1e77810c5b,1789653608805,1789653608814,1789653621494,12689,780,185022,CONFIRMED,
2145,0x976EA74026E726554dB657fA54763abd0C3a0aa9,2207,0x6d2efd7e5e2de7f75527f26fbb910f47ca3f9f9e25e5d7f3696838ec21ceba7c,1789653608810,1789653608815,1789653621498,12688,780,185022,CONFIRMED,
2146,0x14dC79964da2C08b23698B3D3cc7Ca32193d9955,2207,0x28fb8ef98adc32243b160e5760505d0868e6b21e5d25a0440f428e5dc7834498,1789653608821,1789653608828,1789653621504,12683,780,185022,CONFIRMED,
2147,0x23618e81E3f5cdF7f54C3d65f7FBc0aBf5B21E8f,2207,0xd90dff50942fc99927cb8943dd6d6cd1b16810b4e837233b0eb5465ccdce4d19,1789653608837,1789653608845,1789653621508,12671,780,185022,CONFIRMED,
2148,0xa0Ee7A142d267C1f36714E4a8F75612F20a79720,2207,0x8a2964b7f6261a7aed91dc70c5ac74772d0bb42b5806dd5977d75b4468ba9969,1789653608841,1789653608848,1789653621510,12669,780,185010,CONFIRMED,
2149,0xBcd4042DE499D14e55001CcbB24a551F3b954096,2207,0xddd64a2b093a0a323160bdc2fa2a69eba95a47262c40f1075f4efe2a7e1df61c,1789653608852,1789653608864,1789653621512,12660,780,185010,CONFIRMED,
2150,0x71bE63f3384f5fb98995898A86B02Fb2426c5788,2207,0x02e19b055112b4f83429f403fd825f48045f1c06d36c9fa801addd122bb114f5,1789653608860,1789653608869,1789653621517,12657,780,185022,CONFIRMED,
2151,0xFABB0ac9d68B0B445fB7357272Ff202C5651694a,2207,0x6b70ddccc00d293a53f56472f8c5e374fd6e29801256bcdaaf25199eaaa59ef5,1789653608869,1789653608877,1789653621520,12651,780,185010,CONFIRMED,
2152,0x1CBd3b2770909D4e10f157cABC84C7264073C9Ec,2207,0xbf63608fcb8e6180e0f45d596b2a3c51a2db4996127720ffade40e15b3601b49,1789653608884,1789653608892,1789653621524,12640,780,185022,CONFIRMED,
2153,0xdF3e18d64BC6A983f673Ab319CCaE4f1a57C7097,2207,0xaab65db7c380b99722d0f6f7aa90881a890ef649ef8b71efc111392f4f0529de,1789653608889,1789653608899,1789653621527,12638,780,185022,CONFIRMED,
2154,0xcd3B766CCDd6AE721141F452C550Ca635964ce71,2207,0x29ef00e92fff7333c2852778b3ba64077781563c81ec0998a37a39921c727cff,1789653608899,1789653608907,1789653621528,12629,780,185022,CONFIRMED,
2155,0x2546BcD3c84621e976D8185a91A922aE77ECEc30,2207,0xcc55f77b1215d7e6f08229ed2398edd456958fbe96bb25b924064c3749e9194a,1789653608915,1789653608924,1789653621530,12615,780,185022,CONFIRMED,
2156,0xbDA5747bFD65F08deb54cb465eB87D40e51B197E,2207,0xdf85324c9e86257c8d17795b46ae84d0d484bfb4b974cb5193c5a6045ef17c2b,1789653608920,1789653608932,1789653621531,12611,780,185022,CONFIRMED,
2157,0xdD2FD4581271e230360230F9337D5c0430Bf44C0,2207,0xac5a8a4ebb451de5e79d1f345a0a4ce8716c4e88c4f825e93d5173d67e239a3b,1789653608930,1789653608937,1789653621533,12603,780,185010,CONFIRMED,
2158,0x8626f6940E2eb28930eFb4CeF49B2d1F2C9C1199,2207,0xd530ae99b629ca37c5362fff2543cd084e5eddfff40fbdd00c9b5b45d3a24ee9,1789653608947,1789653608953,1789653621534,12587,780,185022,CONFIRMED,
2159,0x09DB0a93B389bEF724429898f539AEB7ac2Dd55f,2207,0xe40fdc31e91f4995add31fe8af88be0bdbcdc5727f9d4432c3f928cf38e249ed,1789653608949,1789653608955,1789653621536,12587,780,185022,CONFIRMED,
2160,0x70997970C51812dc3A010C7d01b50e0d17dc79C8,2208,0x748425da0da8c4478ac267fb6bf529affcfa2e062f711df1116159e12f3b4359,1789653608963,1789653608969,1789653621537,12574,780,185010,CONFIRMED,
2161,0x3C44CdDdB6a900fa2b585dd299e03d12FA4293BC,2208,0xeca4301a960ff7f6bd67d074aa730af1c4fbabae5c240eec23e33dea07d47d56,1789653608969,1789653608977,1789653621538,12569,780,185010,CONFIRMED,
2162,0x90F79bf6EB2c4f870365E785982E1f101E93b906,2208,0x73fdacc7651b43ae9d730389fc77d1f742c8e42f686fac0ddb7974f45619c13c,1789653608994,1789653609002,1789653621541,12547,780,185022,CONFIRMED,
2163,0x15d34AAf54267DB7D7c367839AAf71A00a2C6A65,2208,0xf7aa7d5967b121b4066266b90326cf6c992d13fc6ffdefd3acbfab045f3d7f73,1789653608994,1789653609003,1789653621543,12549,780,185022,CONFIRMED,
2164,0x9965507D1a55bcC2695C58ba16FB37d819B0A4dc,2208,0xe4fc874dcc11bf28a4f1631dc95678ab70e439b12fc92d14467c3bb77435302c,1789653609000,1789653609007,1789653621545,12545,780,185010,CONFIRMED,
2165,0x976EA74026E726554dB657fA54763abd0C3a0aa9,2208,0xd0bbd7d04d5ad70ee0ee36233812858b52d6fb823737b48c3443e47683c6a1f6,1789653609010,1789653609015,1789653621547,12537,780,185022,CONFIRMED,
2166,0x14dC79964da2C08b23698B3D3cc7Ca32193d9955,2208,0xff1d856f82efcb7327313129e1da8415cc06df97aef1a456424c608993fa35af,1789653609026,1789653609031,1789653621549,12523,780,185010,CONFIRMED,
2167,0x23618e81E3f5cdF7f54C3d65f7FBc0aBf5B21E8f,2208,0x5725f61f2089c6cf26e122739f144d0c4c84d62fbbb5d2e12c7caee8eeae88aa,1789653609029,1789653609034,1789653621551,12522,780,185022,CONFIRMED,
2168,0xa0Ee7A142d267C1f36714E4a8F75612F20a79720,2208,0xae30310ea7660d53c76da2ced4f95ffc368ad6a12a18256cdbc494090fcefe64,1789653609042,1789653609046,1789653621553,12511,780,185010,CONFIRMED,
2169,0xBcd4042DE499D14e55001CcbB24a551F3b954096,2208,0xb6995880dee6abff5ac3674347f70c34b0d191deed36427c796784e28c801701,1789653609058,1789653609064,1789653621555,12497,780,185010,CONFIRMED,
2170,0x71bE63f3384f5fb98995898A86B02Fb2426c5788,2208,0xcd2b9046c31d24cdf34e4b072ea9ca4ce36e8b06f38533f0db0dbf13928fa1e6,1789653609059,1789653609064,1789653621557,12498,780,185022,CONFIRMED,
2171,0xFABB0ac9d68B0B445fB7357272Ff202C5651694a,2208,0xa11ea047e5c4500802fb3991ad1fe8b003ce96e6f3a11097383114ab11e5ba66,1789653609074,1789653609085,1789653621559,12485,780,185022,CONFIRMED,
2172,0x1CBd3b2770909D4e10f157cABC84C7264073C9Ec,2208,0x9f757a7481cc7ca9203fb10fd1458d59d5267f6d9e8fc53b376833fb51616ac4,1789653609081,1789653609087,1789653621563,12482,780,185022,CONFIRMED,
2173,0xdF3e18d64BC6A983f673Ab319CCaE4f1a57C7097,2208,0x92331855628c73a657b44c5780f723a9c7eab81f9bf61bb801b93cc214ceca97,1789653609089,1789653609095,1789653621567,12478,780,185010,CONFIRMED,
2174,0xcd3B766CCDd6AE721141F452C550Ca635964ce71,2208,0x00dd9a144c2f008ec6ea10cfc5f34fed0ddf15ca780881b1bad3b43eac9b2632,1789653609105,1789653609116,1789653621573,12468,780,185022,CONFIRMED,
2175,0x2546BcD3c84621e976D8185a91A922aE77ECEc30,2208,0x3340635e57726abaf345dcec79147fcd3712b01ca5a5098a4ad4b71834f20c4f,1789653609111,1789653609121,1789653621575,12464,780,185010,CONFIRMED,
2176,0xbDA5747bFD65F08deb54cb465eB87D40e51B197E,2208,0xfe9ae5da81d73c327b2e3a01e76701c4743d4d471630077c08258a9cfbbcfb59,1789653609121,1789653609143,1789653621577,12456,780,185010,CONFIRMED,
2177,0xdD2FD4581271e230360230F9337D5c0430Bf44C0,2208,0x2f0868d5665d0e24aa0594d146679ccde70476c79fb33677b2812a0ecf511dfa,1789653609132,1789653609149,1789653621580,12448,780,185022,CONFIRMED,
2178,0x8626f6940E2eb28930eFb4CeF49B2d1F2C9C1199,2208,0xc04b28f27771bcd8a8bf18dc531112f2033a2e60c4980197c150a4f74970d434,1789653609139,1789653609153,1789653621582,12443,780,185022,CONFIRMED,
2179,0x09DB0a93B389bEF724429898f539AEB7ac2Dd55f,2208,0xc2653be40cc5ecc54e835bce83f9994a01971e8b760e1e71048a1a4a9e666ac1,1789653609150,1789653609165,1789653621584,12434,780,184998,CONFIRMED,
2180,0x70997970C51812dc3A010C7d01b50e0d17dc79C8,2209,0x7454131c47112b448569a01ec51439ed91cd1b0cbd4dac67e9e9e7e6d4fc9202,1789653609161,1789653609189,1789653621586,12425,780,184986,CONFIRMED,
2181,0x3C44CdDdB6a900fa2b585dd299e03d12FA4293BC,2209,0xaf01edc882b49abbc2fd425d8a5d66ec96f556e311573c7ab583d2e95d4a61f1,1789653609169,1789653609891,1789653621587,12418,780,184998,CONFIRMED,
2182,0x90F79bf6EB2c4f870365E785982E1f101E93b906,2209,0x71a42e66b28278386fb0e88ef74bc7aed8b312367a27d9d169d8bfb8e77f7247,1789653609180,1789653609904,1789653621589,12409,780,185022,CONFIRMED,
2183,0x15d34AAf54267DB7D7c367839AAf71A00a2C6A65,2209,0x158f29dca79dda20d4c5a942603ae22e73b3312591afd9258000c1bf2fe6712f,1789653609189,1789653609960,1789653621591,12402,781,185010,CONFIRMED,
2184,0x9965507D1a55bcC2695C58ba16FB37d819B0A4dc,2209,0x87645f02a9c2fae0c6ca45d8999698d39d2c449e57be389a5c93c1a74f0a4bf0,1789653609199,1789653609963,1789653621593,12394,781,185022,CONFIRMED,
2185,0x976EA74026E726554dB657fA54763abd0C3a0aa9,2209,0x72fb5613bf281c4bdc55b5908731d051874bc84aa4a961945bfe8b0cead55438,1789653609211,1789653610106,1789653621595,12384,781,185010,CONFIRMED,
2186,0x14dC79964da2C08b23698B3D3cc7Ca32193d9955,2209,0x88c1be2911416dfa04c1d551fde5a03292f50d5876dc0666445428302304d6d3,1789653609231,1789653609981,1789653621597,12366,781,185022,CONFIRMED,
2187,0x23618e81E3f5cdF7f54C3d65f7FBc0aBf5B21E8f,2209,0x47e87b6f12fb9b0bf8daca2c554e5e90053c175d1dd6aaa8983fdf6fb4720e8e,1789653609231,1789653610009,1789653621600,12369,781,185022,CONFIRMED,
2188,0xa0Ee7A142d267C1f36714E4a8F75612F20a79720,2209,0xb3afc88db6ac447c150866c201bd77186c495114f4d13abb32dc577e280f76f0,1789653609246,1789653609977,1789653621602,12356,781,184998,CONFIRMED,
2189,0xBcd4042DE499D14e55001CcbB24a551F3b954096,2209,0x38b3e56204f05df2977a6bb0087bd36105a194d5ac2f742d4b52af82569a83e9,1789653609249,1789653609966,1789653621604,12355,781,185010,CONFIRMED,
2190,0x71bE63f3384f5fb98995898A86B02Fb2426c5788,2209,0xae40df982b8cb8a00d8840b00470f84e3516c555ec5161ace044d463e45c2b9a,1789653609262,1789653609987,1789653621610,12348,781,185010,CONFIRMED,
2191,0xFABB0ac9d68B0B445fB7357272Ff202C5651694a,2209,0x7fc83bfb96ee7bcd33572069c7d89bfb725373dbef9af5dfb80084a2d29dce6d,1789653609278,1789653610003,1789653621614,12336,781,185022,CONFIRMED,
2192,0x1CBd3b2770909D4e10f157cABC84C7264073C9Ec,2209,0xb0040fd96941a09d3d75cf4366e1bc449f5baf726148887f98eeb1012a8fc747,1789653609280,1789653610046,1789653621617,12337,781,185010,CONFIRMED,
2193,0xdF3e18d64BC6A983f673Ab319CCaE4f1a57C7097,2209,0x49c72407b78846477c9a4a4e1546b74b4de76c601a462661c94979ef388ff4af,1789653609295,1789653609992,1789653621619,12324,781,184998,CONFIRMED,
2194,0xcd3B766CCDd6AE721141F452C550Ca635964ce71,2209,0xd75d18fa1e79723063d0292265c626af3922b780f8139664a8d5f03301b6bf77,1789653609310,1789653610025,1789653621624,12314,781,185022,CONFIRMED,
2195,0x2546BcD3c84621e976D8185a91A922aE77ECEc30,2209,0xa3deca0a95d97aabc4eb68ebeec2287da666a9855fc134a0ea680cedd1970422,1789653609310,1789653609998,1789653621626,12316,781,185022,CONFIRMED,
2196,0xbDA5747bFD65F08deb54cb465eB87D40e51B197E,2209,0x9f450670e986250bf1f930209127bb350d7bccd00b81f7b73fd1acc630b103f7,1789653609326,1789653610070,1789653621630,12304,781,185022,CONFIRMED,
2197,0xdD2FD4581271e230360230F9337D5c0430Bf44C0,2209,0x61df9dff796f9076e80fd030beecd71f4e785b57ea4b46c1308ca50224fc562c,1789653609343,1789653610097,1789653621632,12289,781,185022,CONFIRMED,
2198,0x8626f6940E2eb28930eFb4CeF49B2d1F2C9C1199,2209,0x4873411221bd60fc8000d7e2f34907df1fe8e09aab88c67178d0d0eb1a4dcdb4,1789653609343,1789653610076,1789653621635,12292,781,185022,CONFIRMED,
2199,0x09DB0a93B389bEF724429898f539AEB7ac2Dd55f,2209,0x0278d6ed1eae263a9ab5dbf202ff4463d1d8cf55686159701515a2443749ee41,1789653609357,1789653610103,1789653621637,12280,781,185022,CONFIRMED,
2200,0x70997970C51812dc3A010C7d01b50e0d17dc79C8,2210,0x8e670261bdd81223d91ef7cde8e06a3b7335e9f05ca081763b57e5ac81aba876,1789653609360,1789653610100,1789653621639,12279,781,185010,CONFIRMED,
2201,0x3C44CdDdB6a900fa2b585dd299e03d12FA4293BC,2210,0x9662d899b66c5a1af451e8ac13dc124e9c7df842f07b8d982badfff721519518,1789653609374,1789653610115,1789653621641,12267,781,185010,CONFIRMED,
2202,0x90F79bf6EB2c4f870365E785982E1f101E93b906,2210,0x7c8e72765af0489b1109f8d4287875c0ed31886cae4b857b30afdf41878f2e4b,1789653609390,1789653610120,1789653621643,12253,781,185022,CONFIRMED,
2203,0x15d34AAf54267DB7D7c367839AAf71A00a2C6A65,2210,0xd36411141ebce312ef7ce05b9dab66af5f5c104ed727826da30bac47093ba101,1789653609390,1789653610187,1789653621644,12254,781,185010,CONFIRMED,
2204,0x9965507D1a55bcC2695C58ba16FB37d819B0A4dc,2210,0x6543ad1377fe65b5862a107177107d928a57cbbbf98b559dfdf23436d6ea334d,1789653609405,1789653610191,1789653621648,12243,781,185022,CONFIRMED,
2205,0x976EA74026E726554dB657fA54763abd0C3a0aa9,2210,0xb7b3ce139eb359228eb78b0aecddea1a76f8c380cd0f12594c7dfbe478dfdf4c,1789653609421,1789653610243,1789653621653,12232,781,185010,CONFIRMED,
2206,0x14dC79964da2C08b23698B3D3cc7Ca32193d9955,2210,0x1d69f86ea17b85258fecab386d5ae6ac65d07b6c45413cd213fc97e99a001539,1789653609421,1789653610201,1789653621659,12238,781,185022,CONFIRMED,
2207,0x23618e81E3f5cdF7f54C3d65f7FBc0aBf5B21E8f,2210,0xe6e9cc525861f847ea6e9a8f9cb7c9d8c8868c87771fde0b9ef0e757a23fbcb5,1789653609437,1789653610217,1789653621662,12225,781,185022,CONFIRMED,
2208,0xa0Ee7A142d267C1f36714E4a8F75612F20a79720,2210,0x41f7ec5744a28d032ad608b8023ae2b4d9e26f2c4717c1bd02c132659df1cfa2,1789653609453,1789653610196,1789653621665,12212,781,185010,CONFIRMED,
2209,0xBcd4042DE499D14e55001CcbB24a551F3b954096,2210,0xd13e199b3cf1794a1b231db50133e10937655b72f763920185831fa2986fdb95,1789653609453,1789653610193,1789653621668,12215,781,185010,CONFIRMED,
2210,0x71bE63f3384f5fb98995898A86B02Fb2426c5788,2210,0xace1f94b1547a1df7b09e7ac16aa6e6f2d05037c52bae7c8366882dc394b2d76,1789653609461,1789653610198,1789653621671,12210,781,185010,CONFIRMED,
2211,0xFABB0ac9d68B0B445fB7357272Ff202C5651694a,2210,0x353020a9bc1da40e9fec2d1ff0cfb8700e419d8c2000d4e2e13896b24479940a,1789653609478,1789653610214,1789653621673,12195,781,185022,CONFIRMED,
2212,0x1CBd3b2770909D4e10f157cABC84C7264073C9Ec,2210,0x06de51d7c20f9db2f322a00710fcdc704e64db3de6fd18e2e930254be374ff6e,1789653609492,1789653610223,1789653621675,12183,781,185010,CONFIRMED,
2213,0xdF3e18d64BC6A983f673Ab319CCaE4f1a57C7097,2210,0xa86e834b84370872ca64e9e3aff021ff7c9ee8279cd32a14dd6fcf784029fa34,1789653609492,1789653610203,1789653621677,12185,781,185022,CONFIRMED,
2214,0xcd3B766CCDd6AE721141F452C550Ca635964ce71,2210,0x8950576fe380c38118e3ccefd014c88e763400323dd6408b65989de91fec364b,1789653609508,1789653610220,1789653621678,12170,781,185022,CONFIRMED,
2215,0x2546BcD3c84621e976D8185a91A922aE77ECEc30,2210,0x52e249fa006c0d75e07c363b24b4b6a958a3b62412aab9776c59239850dee852,1789653609524,1789653610208,1789653621680,12156,781,185022,CONFIRMED,
2216,0xbDA5747bFD65F08deb54cb465eB87D40e51B197E,2210,0x3b1a58b071a772bed7b959565b8cbc8b454278efdc42022644f76cd807664fdc,1789653609524,1789653610226,1789653621681,12157,781,185022,CONFIRMED,
2217,0xdD2FD4581271e230360230F9337D5c0430Bf44C0,2210,0x297d6d43b60ca3156db933438ba18defffbb3f4b7617a3fa46a2bdd5c64e5ab4,1789653609540,1789653610231,1789653621683,12143,781,185022,CONFIRMED,
2218,0x8626f6940E2eb28930eFb4CeF49B2d1F2C9C1199,2210,0x80fe76b40046a9e9e5b12fa12924c2371043444db5b2d91870b1879a66d79806,1789653609540,1789653610228,1789653621685,12145,781,185022,CONFIRMED,
2219,0x09DB0a93B389bEF724429898f539AEB7ac2Dd55f,2210,0xecfae9d42ca15f359031eb45683de82257ff10714f7b2168cbee63bdad60a1cd,1789653609556,1789653610235,1789653621687,12131,781,185010,CONFIRMED,
2220,0x70997970C51812dc3A010C7d01b50e0d17dc79C8,2211,0xaa98e6c1d35520bb540dcb7efbc2654f35da9b2b7490b4bbcb38216fff701e4f,1789653609572,1789653610233,1789653621692,12120,781,185010,CONFIRMED,
2221,0x3C44CdDdB6a900fa2b585dd299e03d12FA4293BC,2211,0x69286cdf4165e9b984a82e7241204751bc53b642f9e611de0de356896a4abd3c,1789653609572,1789653610249,1789653621698,12126,781,184986,CONFIRMED,
2222,0x90F79bf6EB2c4f870365E785982E1f101E93b906,2211,0x705ef7f013c9c0425f7c2d4e3d2ec7a98ca6c4064579f29e5b94b94455639a5f,1789653609587,1789653610253,1789653621704,12117,781,185022,CONFIRMED,
2223,0x15d34AAf54267DB7D7c367839AAf71A00a2C6A65,2211,0xfe7e00a2f93a876b2a8c8ffda6a720f298ddbd2ceebf471f85b203786c86edc4,1789653609603,1789653610317,1789653621707,12104,781,185022,CONFIRMED,
2224,0x9965507D1a55bcC2695C58ba16FB37d819B0A4dc,2211,0xf5741859cdfc81657a793c1c81ee30d65a3028893d188c38182dfa4317bbb559,1789653609603,1789653610321,1789653621708,12105,781,185022,CONFIRMED,
2225,0x976EA74026E726554dB657fA54763abd0C3a0aa9,2211,0x50faaa4ba1e9b5d2b20fa803739aa539ab7dc55aa907073fc903f06c1619b449,1789653609619,1789653610407,1789653621711,12092,781,185022,CONFIRMED,
2226,0x14dC79964da2C08b23698B3D3cc7Ca32193d9955,2211,0xb21980926f4df502d3b96ea37e5d3cc1bfa61c33a930d2e30ff83bff2840a405,1789653609619,1789653610349,1789653621713,12094,781,185022,CONFIRMED,
2227,0x23618e81E3f5cdF7f54C3d65f7FBc0aBf5B21E8f,2211,0x2956050ce245de1861d0ec8233bb914e3daefaae8314e384ab4a97958ec8da55,1789653609635,1789653610362,1789653621714,12079,781,185022,CONFIRMED,
2228,0xa0Ee7A142d267C1f36714E4a8F75612F20a79720,2211,0x4761829241fccec9be916e424285fe0b9fb6e5b79b506a4b402440a8ca6fe9f5,1789653609651,1789653610330,1789653621717,12066,781,185010,CONFIRMED,
2229,0xBcd4042DE499D14e55001CcbB24a551F3b954096,2211,0x4f79d462b215cd8a167c1ff6d5a65f83b20210c53bd8644b9faf0b18942139fd,1789653609651,1789653610324,1789653621723,12072,781,185010,CONFIRMED,
2230,0x71bE63f3384f5fb98995898A86B02Fb2426c5788,2211,0xa1f75c4e1fb60ee6d736fce356782ad52088f94cf18f7043d1e082d527363898,1789653609697,1789653610336,1789653621730,12033,781,185022,CONFIRMED,
2231,0xFABB0ac9d68B0B445fB7357272Ff202C5651694a,2211,0x5099b8b90ea34fb6959316564c5ca977673c98f5b79d7618a9940d178364d32a,1789653609697,1789653610356,1789653621732,12035,781,185010,CONFIRMED,
2232,0x1CBd3b2770909D4e10f157cABC84C7264073C9Ec,2211,0x275e1e1aa3a08946a0e69a68887efe6ca329164b28ca83c1ff2b67ee3ca1b5e3,1789653609697,1789653610384,1789653621734,12037,781,185022,CONFIRMED,
2233,0xdF3e18d64BC6A983f673Ab319CCaE4f1a57C7097,2211,0x97cce3b09c3369037f41ee5f934603f54b84090c86841815fd4b316d962be608,1789653609697,1789653610342,1789653621738,12041,781,185010,CONFIRMED,
2234,0xcd3B766CCDd6AE721141F452C550Ca635964ce71,2211,0x5c9778432c23b43b7e3db63d01ca2c802d790c8a8d1c3d6da7a5b9abdd923d5c,1789653609709,1789653610365,1789653621741,12032,781,185022,CONFIRMED,
2235,0x2546BcD3c84621e976D8185a91A922aE77ECEc30,2211,0xe1111ab14ac9a0891b48d9f8315095076c4771cd62db66e93f6f2a51c785a1ed,1789653609709,1789653610352,1789653621743,12034,781,185010,CONFIRMED,
2236,0xbDA5747bFD65F08deb54cb465eB87D40e51B197E,2211,0x5bef634e1829d25cea436fe06d63a1eba7cd9adf3da3d0d3b2d8ad2344bd8ca3,1789653609874,1789653610388,1789653621748,11874,781,185022,CONFIRMED,
2237,0xdD2FD4581271e230360230F9337D5c0430Bf44C0,2211,0x22395d0a1c1dbc7eba8fa8567bf91200100d5d7d466359b1de74dbe01bd9a4fc,1789653609874,1789653610397,1789653621753,11879,781,185022,CONFIRMED,
2238,0x8626f6940E2eb28930eFb4CeF49B2d1F2C9C1199,2211,0x4937050e0a2e97686b0202bb2016aeebc79c904050216167866ee6bee520b272,1789653609874,1789653610392,1789653621755,11881,781,185022,CONFIRMED,
2239,0x09DB0a93B389bEF724429898f539AEB7ac2Dd55f,2211,0x25700b80152f629159e29741ccd975cbfa758f34dcef7a4ae7267775a0fabf45,1789653609874,1789653610404,1789653621759,11885,781,185022,CONFIRMED,
2240,0x70997970C51812dc3A010C7d01b50e0d17dc79C8,2212,0x06541126bbaca5f2065dc6a055b9b40ccf38207ea6c3baa7712920d1e9709c43,1789653609874,1789653610401,1789653621762,11888,781,185010,CONFIRMED,
2241,0x3C44CdDdB6a900fa2b585dd299e03d12FA4293BC,2212,0x2400fe238b7bd1949ce220267cc4e72f31e70aa94d32b93b9340eaeac8ee0c14,1789653609874,1789653610412,1789653621764,11890,781,185010,CONFIRMED,
2242,0x90F79bf6EB2c4f870365E785982E1f101E93b906,2212,0x6fbf20cf34441cda8feef560fbf580d8caef68a0351ab61767284106e7c463ea,1789653609874,1789653610418,1789653621765,11891,781,185010,CONFIRMED,
2243,0x15d34AAf54267DB7D7c367839AAf71A00a2C6A65,2212,0x2bcb64a0ce6acae8bf3034423b90cd5f91c309e86436e9cb471d430313097c2f,1789653609874,1789653610462,1789653621767,11893,781,185022,CONFIRMED,
2244,0x9965507D1a55bcC2695C58ba16FB37d819B0A4dc,2212,0x01960d3dcc47e5ded1e56cc9c462f4980cc6bbe5755caba60063c104fc274878,1789653609874,1789653610469,1789653621769,11895,781,185022,CONFIRMED,
2245,0x976EA74026E726554dB657fA54763abd0C3a0aa9,2212,0x898da38d285c095b531fa906c2192d8d39a942fbb8fc525a702ef5bbf6d7c80b,1789653609874,1789653610530,1789653621770,11896,781,185010,CONFIRMED,
2246,0x14dC79964da2C08b23698B3D3cc7Ca32193d9955,2212,0x4fdb281752e4b2ba9adceb14fa8dd167ac9399d057502349295786d98a7899b3,1789653609874,1789653610488,1789653621774,11900,781,185010,CONFIRMED,
2247,0x23618e81E3f5cdF7f54C3d65f7FBc0aBf5B21E8f,2212,0x120e13b7611783beeb93943dfb7534e0faae444f74f47672da10402d7fd88f64,1789653609874,1789653610501,1789653621780,11906,781,185022,CONFIRMED,
2248,0xa0Ee7A142d267C1f36714E4a8F75612F20a79720,2212,0x145cc043dd759e4f260d07a89672371823cc2f7d3918c4ca6316c6cfe501500d,1789653609874,1789653610479,1789653621785,11911,781,184998,CONFIRMED,
2249,0xBcd4042DE499D14e55001CcbB24a551F3b954096,2212,0xcd3f9e2563bd1379d675081ec892e88dde6b9aede9dee4357c418fdd507a7507,1789653609874,1789653610474,1789653621788,11914,781,185010,CONFIRMED,
2250,0x71bE63f3384f5fb98995898A86B02Fb2426c5788,2212,0xb684398f3bc379b613aa3e608a1919defa02e416a0d913204b992d9ebe101dd6,1789653609874,1789653610482,1789653621792,11918,781,185022,CONFIRMED,
2251,0xFABB0ac9d68B0B445fB7357272Ff202C5651694a,2212,0x31242816f4d47a259676d6ea6e6478b870ffa770331f02da92148e852e2973ce,1789653609874,1789653610498,1789653621796,11922,781,185022,CONFIRMED,
2252,0x1CBd3b2770909D4e10f157cABC84C7264073C9Ec,2212,0xf3a0bce5b77188afea2ed12f9291682261cc67a33cb2a999d41079693d50a526,1789653609888,1789653610513,1789653621798,11910,781,185022,CONFIRMED,
2253,0xdF3e18d64BC6A983f673Ab319CCaE4f1a57C7097,2212,0x520b365ca6af883ee3e64060095baa2ddf3231b403376c5726c175c89e31da13,1789653609891,1789653610485,1789653621799,11908,781,185022,CONFIRMED,
2254,0xcd3B766CCDd6AE721141F452C550Ca635964ce71,2212,0x229137765488abf766a4cba5cc52dd28eaa493d4ab0202ee9165c246b6677892,1789653609902,1789653610504,1789653621801,11899,781,185022,CONFIRMED,
2255,0x2546BcD3c84621e976D8185a91A922aE77ECEc30,2212,0x6f16d3d9e302da9d7f9601894361cf06b2c773fb44c2aaf1eabe1c1d91bd9e83,1789653609909,1789653610494,1789653621802,11893,781,184998,CONFIRMED,
2256,0xbDA5747bFD65F08deb54cb465eB87D40e51B197E,2212,0x1573c934ac8883b9a1ed0cd0e41065ac93e9c82a8e561ac7af79d6be3d7619ee,1789653609919,1789653610515,1789653621804,11885,781,185022,CONFIRMED,
2257,0xdD2FD4581271e230360230F9337D5c0430Bf44C0,2212,0xc6a2f512e43469754ed56ebb4cc6f97b019d190c8fd243636dd87ab3e90317bc,1789653609936,1789653610521,1789653621806,11870,781,185022,CONFIRMED,
2258,0x8626f6940E2eb28930eFb4CeF49B2d1F2C9C1199,2212,0x08a4ab349d0f37a87395b1461b4e81e16e9fc98ffb2330d9e5943722114c7210,1789653609940,1789653610518,1789653621808,11868,781,185010,CONFIRMED,
2259,0x09DB0a93B389bEF724429898f539AEB7ac2Dd55f,2212,0x7ec020ee93ff057a6301a5269e9d6f546e4c7ad02e8bb3eb480c49b541681333,1789653609950,1789653610528,1789653621812,11862,781,185022,CONFIRMED,
2260,0x70997970C51812dc3A010C7d01b50e0d17dc79C8,2213,0x7e8b5cb56ba68b6e034c61d1d52372321a50b8e243ad50774979bedae253d216,1789653609960,1789653610526,1789653621818,11858,781,185010,CONFIRMED,
2261,0x3C44CdDdB6a900fa2b585dd299e03d12FA4293BC,2213,0x2350fb10cec3e5be252dae88e98393cd0f093f0547f8b0ef7191f52661e97f14,1789653609973,1789653610536,1789653621823,11850,781,185010,CONFIRMED,
2262,0x90F79bf6EB2c4f870365E785982E1f101E93b906,2213,0x7feada087a19f80ca92d38d4f42effdf5ead2ba20e07510f63e5ac5a0b1aee80,1789653609979,1789653610541,1789653621825,11846,781,185022,CONFIRMED,
2263,0x15d34AAf54267DB7D7c367839AAf71A00a2C6A65,2213,0x37875cd876f74f3b4a72f0d79dfa8411f28a743a016288d02572b061002ffcbf,1789653609989,1789653610601,1789653621829,11840,781,185022,CONFIRMED,
2264,0x9965507D1a55bcC2695C58ba16FB37d819B0A4dc,2213,0xc9cabb6e54f8d2cf6a2a9042ed638b10de4c06a99386504de9867e6ab8cde40c,1789653610001,1789653610606,1789653621831,11830,781,185022,CONFIRMED,
2265,0x976EA74026E726554dB657fA54763abd0C3a0aa9,2213,0x9e5a56aed3232c5eabb5486c605a9fbd90aa66ecf9243cc4f71d8c87715f82a9,1789653610011,1789653610655,1789653621833,11822,781,185022,CONFIRMED,
2266,0x14dC79964da2C08b23698B3D3cc7Ca32193d9955,2213,0x9fe72edb1af70c4aebe093cdb7a8225dbbb2c73b4a717ea60e8adf432a8d12a5,1789653610024,1789653610615,1789653621835,11811,781,185022,CONFIRMED,
2267,0x23618e81E3f5cdF7f54C3d65f7FBc0aBf5B21E8f,2213,0xd1df52878a8cb0b55c6442deb9588dd680e7fab08ba3ad900916c4d4051e93ca,1789653610029,1789653610625,1789653621836,11807,781,185022,CONFIRMED,
2268,0xa0Ee7A142d267C1f36714E4a8F75612F20a79720,2213,0xa12dc5fcb4631a88db7487e310e8447c4c0201840aa2a9559dec91b8ecda28d1,1789653610048,1789653610609,1789653621839,11791,781,185010,CONFIRMED,
2269,0xBcd4042DE499D14e55001CcbB24a551F3b954096,2213,0xb7808749a49f3415644a125c07b0a26f3a4786ca04dc2512487c97d479488f3c,1789653610062,1789653610604,1789653621842,11780,781,184998,CONFIRMED,
2270,0x71bE63f3384f5fb98995898A86B02Fb2426c5788,2213,0x72c962dc1c6fc4e9931d13f37c717eb7e414ad8745b6eea81e359dcb9efb13f9,1789653610062,1789653610611,1789653621844,11782,781,185022,CONFIRMED,
2271,0xFABB0ac9d68B0B445fB7357272Ff202C5651694a,2213,0xada42f4c40c5307b1eab118cb088e29297059a012e901fd7845d510d6130c36d,1789653610072,1789653610622,1789653621846,11774,781,185022,CONFIRMED,
2272,0x1CBd3b2770909D4e10f157cABC84C7264073C9Ec,2213,0x78dbf2f92e091f7077d6600cbbf7af771b94921a46091567bdc20888a0050067,1789653610081,1789653610630,1789653621849,11768,781,185022,CONFIRMED,
2273,0xdF3e18d64BC6A983f673Ab319CCaE4f1a57C7097,2213,0xf663d3a5f4fe0b95edf254675e2edf870b141fb5c2c4600f4c5860d14529918e,1789653610089,1789653610613,1789653621856,11767,781,185022,CONFIRMED,
2274,0xcd3B766CCDd6AE721141F452C550Ca635964ce71,2213,0x6d2ef2d63742ae2eb7100e69a516903d645f3483bf0d9d4d846a7e47b9ff2afa,1789653610109,1789653610627,1789653621862,11753,781,185022,CONFIRMED,
2275,0x2546BcD3c84621e976D8185a91A922aE77ECEc30,2213,0xa30c00f9bed5d09db04074998cbc716730ebc1b108217637e8c7ca3eee0321b5,1789653610109,1789653610619,1789653621865,11756,781,185010,CONFIRMED,
2276,0xbDA5747bFD65F08deb54cb465eB87D40e51B197E,2213,0x4c5e2a400ff5d3010d0ba22685b6ea064957a81aa3dfced5c8ba56acd78fb80b,1789653610121,1789653610635,1789653621868,11747,781,185022,CONFIRMED,
2277,0xdD2FD4581271e230360230F9337D5c0430Bf44C0,2213,0xb796f1ffbc7368ea7311054baf8e70911d332b8ff8f2f739dddab27926909444,1789653610131,1789653610642,1789653621871,11740,781,185022,CONFIRMED,
2278,0x8626f6940E2eb28930eFb4CeF49B2d1F2C9C1199,2213,0x7d6f05b4e4c8c03b3974307db5269fbbdaa03a0ad632dac86faaa319036c7c90,1789653610139,1789653610639,1789653621874,11735,781,185022,CONFIRMED,
2279,0x09DB0a93B389bEF724429898f539AEB7ac2Dd55f,2213,0x8d142e24c09e8731c3818827a9752f71d7dac66ce43f8e16b76d2f0f7b516dfb,1789653610152,1789653610647,1789653621876,11724,781,185022,CONFIRMED,
2280,0x70997970C51812dc3A010C7d01b50e0d17dc79C8,2214,0x03c3c0fce24f157738dc70728e0a1cb139b2d2f690728e6600dc70b2d926eaee,1789653610160,1789653610644,1789653621879,11719,781,185010,CONFIRMED,
2281,0x3C44CdDdB6a900fa2b585dd299e03d12FA4293BC,2214,0xb8cb3e7bf0d4a9e0a842e8152c24aa4762126addd9850d908c4e720ab4b524b2,1789653610169,1789653610662,1789653621881,11712,781,185010,CONFIRMED,
2282,0x90F79bf6EB2c4f870365E785982E1f101E93b906,2214,0xde5993d13a694b5d1965afc96ac7316e233d4b5283460579d33cb125bdbaa614,1789653610179,1789653610667,1789653621884,11705,781,185022,CONFIRMED,
2283,0x15d34AAf54267DB7D7c367839AAf71A00a2C6A65,2214,0xf796d4d69e1780cc09509ac7489056d669639c5382f5c0d325e70627fd85fdf7,1789653610189,1789653610725,1789653621887,11698,781,185022,CONFIRMED,
2284,0x9965507D1a55bcC2695C58ba16FB37d819B0A4dc,2214,0xd15704adb079219f7855d79e3a871d14a4540d4c0245330cdc1079d5adb98654,1789653610212,1789653610732,1789653621889,11677,781,185022,CONFIRMED,
2285,0x976EA74026E726554dB657fA54763abd0C3a0aa9,2214,0x66a4b5fce4f89359168f4b47169c6eb3b03d1edcbb59b7e644aef721f0578633,1789653610212,1789653610766,1789653621892,11680,781,185022,CONFIRMED,
2286,0x14dC79964da2C08b23698B3D3cc7Ca32193d9955,2214,0x74af6a4a2bbd2a0a60d1291ca90115c007b0462de01acbe9e360f15c267bf8ff,1789653610262,1789653610741,1789653621895,11633,781,185022,CONFIRMED,
2287,0x23618e81E3f5cdF7f54C3d65f7FBc0aBf5B21E8f,2214,0x9b9a40afd7b57cc7167943836b0fb0a88be974102e209a93af47dd471f7e18a1,1789653610262,1789653610747,1789653621901,11639,781,185022,CONFIRMED,
2288,0xa0Ee7A142d267C1f36714E4a8F75612F20a79720,2214,0xf8b2474d2c5ddadbfc042c6c14a393c8ad66d728850b7ee69e1ffe92ca70c5c4,1789653610262,1789653610734,1789653621908,11646,781,185010,CONFIRMED,
2289,0xBcd4042DE499D14e55001CcbB24a551F3b954096,2214,0x01a1f4d21e847a1d91657b706e5a3b78ad21234a921bc55ba7a1019dee7949a7,1789653610262,1789653610729,1789653621910,11648,781,185010,CONFIRMED,
2290,0x71bE63f3384f5fb98995898A86B02Fb2426c5788,2214,0x88574565a1dd3d6d1bb3f1f90b9da54d512edb9cd63a20fea7cc6cfa505b1b24,1789653610262,1789653610736,1789653621913,11651,781,185022,CONFIRMED,
2291,0xFABB0ac9d68B0B445fB7357272Ff202C5651694a,2214,0xd9c6dc50e3f21e0065812d1825b5cd69a79b953aadf798919c6baefdee382ed5,1789653610294,1789653610745,1789653621916,11622,781,185022,CONFIRMED,
2292,0x1CBd3b2770909D4e10f157cABC84C7264073C9Ec,2214,0x4993635821c0d94a41c342325fc4450ee8dcdc83fce55f6b42eba1567e21cd00,1789653610294,1789653610751,1789653621918,11624,781,185022,CONFIRMED,
2293,0xdF3e18d64BC6A983f673Ab319CCaE4f1a57C7097,2214,0x9c7968ade75d5105964dc660f5899c2bcd93eb6d52f9934bc35e8e4ff4dbde8f,1789653610294,1789653610737,1789653621920,11626,781,185010,CONFIRMED,
2294,0xcd3B766CCDd6AE721141F452C550Ca635964ce71,2214,0xcae4f36b9d8c670b48bd403fb4c25774ff2797fd9a2663b77d6d3d9e336eeeda,1789653610316,1789653610750,1789653621923,11607,781,185022,CONFIRMED,
2295,0x2546BcD3c84621e976D8185a91A922aE77ECEc30,2214,0xd98b565d3420c92fe089f7b2bf72c70d4c67384939eb18dedbc026f5e19d3f5a,1789653610316,1789653610743,1789653621925,11609,781,185022,CONFIRMED,
2296,0xbDA5747bFD65F08deb54cb465eB87D40e51B197E,2214,0xe70c7cdc46961595e3e5755cced3eb17c86c1a786fae3ac1e9e1af2925447a5b,1789653610326,1789653610753,1789653621927,11601,781,184998,CONFIRMED,
2297,0xdD2FD4581271e230360230F9337D5c0430Bf44C0,2214,0x9cbd9a92baf57384be07a7711be69e3bef62c8c9f733e5bba24f27ac3d9ade5c,1789653610359,1789653610759,1789653621929,11570,781,185022,CONFIRMED,
2298,0x8626f6940E2eb28930eFb4CeF49B2d1F2C9C1199,2214,0x3c4ea863a972ca852ba3e85a84485d94deb5a9f96eca22f44a20bcd8cb8bb203,1789653610359,1789653610754,1789653621931,11572,781,185022,CONFIRMED,
2299,0x09DB0a93B389bEF724429898f539AEB7ac2Dd55f,2214,0xc5814bac5b89ea2acda9d91b380ecfb4050ce3f9999cc2614257409f30a913cc,1789653610359,1789653610764,1789653621937,11578,781,185022,CONFIRMED,
2300,0x70997970C51812dc3A010C7d01b50e0d17dc79C8,2215,0x7db75d7fe9c00435704073195455a734aebbbe725a25f70ac392336b748a200c,1789653610360,1789653610761,1789653621940,11580,781,185010,CONFIRMED,
2301,0x3C44CdDdB6a900fa2b585dd299e03d12FA4293BC,2215,0x5a2ce9d2200261fc8ed92a05e95bf673a8e83ee5c8080250dde1bb5487f3fe4c,1789653610432,1789653610768,1789653621943,11511,781,185010,CONFIRMED,
2302,0x90F79bf6EB2c4f870365E785982E1f101E93b906,2215,0x287e78125e3d2bdd7bdf5b8fdad29329374c4c89113e111a48547a39790c4e90,1789653610432,1789653610769,1789653621946,11514,781,185022,CONFIRMED,
2303,0x15d34AAf54267DB7D7c367839AAf71A00a2C6A65,2215,0xccf9a2330f69ec0b576f254faf9d33f2c92d8f7b959df5452ef8a98e5cf4b394,1789653610432,1789653610832,1789653621951,11519,781,185022,CONFIRMED,
2304,0x9965507D1a55bcC2695C58ba16FB37d819B0A4dc,2215,0xc1953ad28f9e754279d9a051f0c73c1e38f6dbaa9eb8cb599ce6c6003b8a5bad,1789653610432,1789653610841,1789653621957,11525,781,185022,CONFIRMED,
2305,0x976EA74026E726554dB657fA54763abd0C3a0aa9,2215,0xbe27e60605f8849f9b4df56cb41ef95c26d0bd3ce65a466eb9bf1ef142f551ea,1789653610432,1789653610901,1789653621960,11528,781,185010,CONFIRMED,
2306,0x14dC79964da2C08b23698B3D3cc7Ca32193d9955,2215,0x1af818ccc2d6806099138dd57fd44dd3b5ecd1b7604196e71b831af3c872f8a8,1789653610432,1789653610854,1789653621962,11530,781,185022,CONFIRMED,
2307,0x23618e81E3f5cdF7f54C3d65f7FBc0aBf5B21E8f,2215,0x83c3c93fc9f978226189d3a1501341998a9c9c487013c33e0587b6d023d3b66a,1789653610432,1789653610862,1789653621965,11533,781,185010,CONFIRMED,
2308,0xa0Ee7A142d267C1f36714E4a8F75612F20a79720,2215,0x76659182d3c3a304d8acd10f0c3c261a95ed7884f7c765b91a70a8ccebd511ff,1789653610446,1789653610844,1789653621968,11522,781,185010,CONFIRMED,
2309,0xBcd4042DE499D14e55001CcbB24a551F3b954096,2215,0x6bb9f2e0507208bf4cd63819162735d482a111366c16e323feb952cdc8605c68,1789653610468,1789653610837,1789653621970,11502,781,185010,CONFIRMED,
2310,0x71bE63f3384f5fb98995898A86B02Fb2426c5788,2215,0xd6f6a6d269e8fd58b382760f3b2ac2940f43712298ae3e113ee268efbfc4e21c,1789653610468,1789653610847,1789653621972,11504,781,185022,CONFIRMED,
2311,0xFABB0ac9d68B0B445fB7357272Ff202C5651694a,2215,0x2dc973b7687e6e3b8b18fd3cef1891816821bf17f40bfddcc26f50b2c7c5dd96,1789653610520,1789653610859,1789653621974,11454,781,185022,CONFIRMED,
2312,0x1CBd3b2770909D4e10f157cABC84C7264073C9Ec,2215,0x009f05bf4d37b54384199285886ddf7039e0a462c11f439647c9753fe3612d6a,1789653610520,1789653610874,1789653621976,11456,781,185022,CONFIRMED,
2313,0xdF3e18d64BC6A983f673Ab319CCaE4f1a57C7097,2215,0xa7d225fb1b05ef7af48964cde3fe2b83f275b743e818290ee69f8abde397dbf2,1789653610520,1789653610852,1789653621977,11457,781,185022,CONFIRMED,
2314,0xcd3B766CCDd6AE721141F452C550Ca635964ce71,2215,0xd46074a334832a88140d068d28d3e159ac02bf52519a01e4d94ebfe50f736ac0,1789653610520,1789653610870,1789653621979,11459,781,185022,CONFIRMED,
2315,0x2546BcD3c84621e976D8185a91A922aE77ECEc30,2215,0x82768ac7844e31fb9f8f30a39ddeeb730386dffea5ee88e13b664b755e466b76,1789653610520,1789653610867,1789653621981,11461,781,185022,CONFIRMED,
2316,0xbDA5747bFD65F08deb54cb465eB87D40e51B197E,2215,0xafd40c446b02fe7121fdf126d8e5a99d521b640f3f2ada04919cf786215650b2,1789653610520,1789653610877,1789653621987,11467,781,185022,CONFIRMED,
2317,0xdD2FD4581271e230360230F9337D5c0430Bf44C0,2215,0x8b06cdff12b063eb75ebad4406275f94242be99b9b3ae9ded4f1f4361a95359a,1789653610548,1789653610882,1789653621990,11442,781,185022,CONFIRMED,
2318,0x8626f6940E2eb28930eFb4CeF49B2d1F2C9C1199,2215,0xaa96ce46b99c9b9f6b7a18a900c6c21e3647e865caf5d3ee41685b1f75e4fb18,1789653610548,1789653610879,1789653621993,11445,781,185022,CONFIRMED,
2319,0x09DB0a93B389bEF724429898f539AEB7ac2Dd55f,2215,0x7111caec7c75569ed52c732fcd1e7422d58112df4760f28d0ef3d326e1041569,1789653610567,1789653610898,1789653621996,11429,781,185022,CONFIRMED,
2320,0x70997970C51812dc3A010C7d01b50e0d17dc79C8,2216,0xc73fa7088c3ddedcdce9ecf4335690f8c94fb02b9a11933fc7c4b23d65dc0d16,1789653610567,1789653610894,1789653621998,11431,781,185010,CONFIRMED,
2321,0x3C44CdDdB6a900fa2b585dd299e03d12FA4293BC,2216,0x2187b7f40ec40aa9f142eaa15cc08d1247941a715db7ba54cbd8b7be7a36f8fb,1789653610569,1789653610906,1789653622000,11431,781,184998,CONFIRMED,
2322,0x90F79bf6EB2c4f870365E785982E1f101E93b906,2216,0x88b8639d90682673a0e6b091ab50024ef8b1ca5532a5195803f1e23993b929a3,1789653610580,1789653610908,1789653622001,11421,781,185022,CONFIRMED,
2323,0x15d34AAf54267DB7D7c367839AAf71A00a2C6A65,2216,0x4c97222da7d27e6922684cc6bf86d4b65a78fdc915517af8e594f8dd179d78ac,1789653610590,1789653610944,1789653622006,11416,781,185022,CONFIRMED,
2324,0x9965507D1a55bcC2695C58ba16FB37d819B0A4dc,2216,0x53832ec78beef95823533d2389f6a52bf76535ea7c946849a1f59bef716e4c8c,1789653610599,1789653610961,1789653622010,11411,781,185022,CONFIRMED,
2325,0x976EA74026E726554dB657fA54763abd0C3a0aa9,2216,0x1751e4ee016ea19a82aa0bf9524f699ad21b403d20271e5f07c8e2390f9b9ba9,1789653610608,1789653611008,1789653622012,11404,781,185010,CONFIRMED,
2326,0x14dC79964da2C08b23698B3D3cc7Ca32193d9955,2216,0x10d4b48d31ed063c2fd3579802e2ca67a2cd2afcdeea5283448b0190e0b35488,1789653610637,1789653610978,1789653622015,11378,781,185010,CONFIRMED,
2327,0x23618e81E3f5cdF7f54C3d65f7FBc0aBf5B21E8f,2216,0x11f75a63bb260df92bc04cad062ebe28b7292af13be643727a4835de3b6e710d,1789653610637,1789653610984,1789653622018,11381,781,185022,CONFIRMED,
2328,0xa0Ee7A142d267C1f36714E4a8F75612F20a79720,2216,0x097ee3f6fa062f29017fc7c047fb182cd9117673978bf1b065b118ac8e0cfca1,1789653610693,1789653610966,1789653622022,11329,781,185010,CONFIRMED,
2329,0xBcd4042DE499D14e55001CcbB24a551F3b954096,2216,0x6477910bc0c856a9e573f3dfacb63140025f23dd01c65c62e77d4da3268ea717,1789653610693,1789653610952,1789653622024,11331,781,185010,CONFIRMED,
2330,0x71bE63f3384f5fb98995898A86B02Fb2426c5788,2216,0xacd6e41f3a7dc941c5ef6e4a641daec1978eda32be6843cf113942af88e24db9,1789653610693,1789653610969,1789653622027,11334,781,185022,CONFIRMED,
2331,0xFABB0ac9d68B0B445fB7357272Ff202C5651694a,2216,0x7fd698c7cbc4dc140a8db9d88afd1ae2f89d0ee15ae97909352bbd6665cec857,1789653610693,1789653610980,1789653622029,11336,781,185022,CONFIRMED,
2332,0x1CBd3b2770909D4e10f157cABC84C7264073C9Ec,2216,0x69150f0de00486164f9652ef735c0f8fc11eb9ee2e38faa80c971a7519564598,1789653610693,1789653610993,1789653622031,11338,781,185022,CONFIRMED,
2333,0xdF3e18d64BC6A983f673Ab319CCaE4f1a57C7097,2216,0x29f02363142726469ad152c53de3d9e7cf21ae54b421e4701857d848b30113df,1789653610693,1789653610974,1789653622032,11339,781,185010,CONFIRMED,
2334,0xcd3B766CCDd6AE721141F452C550Ca635964ce71,2216,0x5c355da3e307f6547d5a79fac7569c14fbbf8f5b2999014bb94f02faa6e937f8,1789653610713,1789653610990,1789653622034,11321,781,185022,CONFIRMED,
2335,0x2546BcD3c84621e976D8185a91A922aE77ECEc30,2216,0x69372d216ad84a7ad33b321be1034fcd07a1c24f69b229a4a93bde1a3d22685d,1789653610713,1789653610987,1789653622036,11323,781,185022,CONFIRMED,
2336,0xbDA5747bFD65F08deb54cb465eB87D40e51B197E,2216,0xd08b6a52464bf76c575e6859bff2589f61bcb2bdb72ded1088176abde7cf213b,1789653610735,1789653610996,1789653622037,11302,781,185022,CONFIRMED,
2337,0xdD2FD4581271e230360230F9337D5c0430Bf44C0,2216,0x15f7f1e77cf8cc936ce89e90d316d3d2889784a004914751c98257f7e14257ad,1789653610735,1789653611001,1789653622040,11305,781,185022,CONFIRMED,
2338,0x8626f6940E2eb28930eFb4CeF49B2d1F2C9C1199,2216,0xa62ef0a8b3edae0e79ac8be90d19e6ee9222c6519e60d02644347ad6715f6fb5,1789653610772,1789653610998,1789653622043,11271,781,185022,CONFIRMED,
2339,0x09DB0a93B389bEF724429898f539AEB7ac2Dd55f,2216,0x86dd3ea3578e213aba8fb0438d0eb6727947016989e93b91a58a79503f84838a,1789653610772,1789653611005,1789653622048,11276,781,185022,CONFIRMED,
2340,0x70997970C51812dc3A010C7d01b50e0d17dc79C8,2217,0x66e9c2d74b2b895742620cb055505f01976c4ce977bc059c797b89deb50a6cf2,1789653610772,1789653611003,1789653622053,11281,781,185010,CONFIRMED,
2341,0x3C44CdDdB6a900fa2b585dd299e03d12FA4293BC,2217,0xaca5802f2ec535a41a2f73dac6247e13443296554ab54127f50879ed49187048,1789653610772,1789653611012,1789653622055,11283,781,185010,CONFIRMED,
2342,0x90F79bf6EB2c4f870365E785982E1f101E93b906,2217,0x085323a74e405849f51419c3dcac76225948770c4a986f3332596f0b0b588679,1789653610799,1789653611014,1789653622058,11259,781,185022,CONFIRMED,
2343,0x15d34AAf54267DB7D7c367839AAf71A00a2C6A65,2217,0x7614cbee63ecedda4dcd9c1b8dda285bf2a6270c94a69452c18a6097a3038a78,1789653610799,1789653611045,1789653622061,11262,781,185022,CONFIRMED,
2344,0x9965507D1a55bcC2695C58ba16FB37d819B0A4dc,2217,0xca5951fca85a4e8854d1ada5d27fc5a56e3a317d5b063dfd12d198095cc29140,1789653610799,1789653611057,1789653622064,11265,781,185010,CONFIRMED,
2345,0x976EA74026E726554dB657fA54763abd0C3a0aa9,2217,0x8349921fdc029a8e75fe39fe226472190491702c19cae436b723719abc50892b,1789653610836,1789653611084,1789653622066,11230,781,185022,CONFIRMED,
2346,0x14dC79964da2C08b23698B3D3cc7Ca32193d9955,2217,0xb7de193be26b36a8584675045c2e141c8c4b082265120a91e2f864b13845f033,1789653610836,1789653611069,1789653622068,11232,781,184998,CONFIRMED,
2347,0x23618e81E3f5cdF7f54C3d65f7FBc0aBf5B21E8f,2217,0x0e5d6eaffda68179aa4505906528f16c1a09f558a468f71a180b1b9d6a0adcc6,1789653610836,1789653611075,1789653622070,11234,781,185022,CONFIRMED,
2348,0xa0Ee7A142d267C1f36714E4a8F75612F20a79720,2217,0x18bdc688f905ab28eaf5a6e11cf818bfb21a973387b090b5022a50976372cebb,1789653610903,1789653611061,1789653622073,11170,781,185010,CONFIRMED,
2349,0xBcd4042DE499D14e55001CcbB24a551F3b954096,2217,0x7e0d4946ed35ced214d19adf96dce3065d1de2971c62d8b0b5df27562689e9eb,1789653610903,1789653611051,1789653622075,11172,781,185010,CONFIRMED,
2350,0x71bE63f3384f5fb98995898A86B02Fb2426c5788,2217,0x8203e44b1df262c9b77cb8ab2b4e6ba8be122acfced999b53339ea5eb2b2988d,1789653610903,1789653611068,1789653622077,11174,781,185022,CONFIRMED,
2351,0xFABB0ac9d68B0B445fB7357272Ff202C5651694a,2217,0x01c42f48c88fdacea143833b12b7b6e61e36b82499ffdf7db6fe39b9c7b6795d,1789653610903,1789653611073,1789653622078,11175,781,185010,CONFIRMED,
2352,0x1CBd3b2770909D4e10f157cABC84C7264073C9Ec,2217,0x4e43c8394267e4b9f184062627bb59359878fda8834ca580ffd8988d64ade60b,1789653610903,1789653611082,1789653622080,11177,781,185022,CONFIRMED,
2353,0xdF3e18d64BC6A983f673Ab319CCaE4f1a57C7097,2217,0x62301294c6674b1fc848a2121bcaf7fb3cb12c925d6e802ea41d10ca487a5f90,1789653610903,1789653611069,1789653622081,11178,781,185022,CONFIRMED,
2354,0xcd3B766CCDd6AE721141F452C550Ca635964ce71,2217,0x42a2fd044311bf0d9cb78f163b6e16ef75e27e9b7c781286b9a1b49f8af5596b,1789653610903,1789653611080,1789653622087,11184,781,185010,CONFIRMED,
2355,0x2546BcD3c84621e976D8185a91A922aE77ECEc30,2217,0x51c39b65bd7954aff717aba1eec431dfe66b65a7e709ac84e61c0d4f186fb97f,1789653610928,1789653611081,1789653622089,11161,781,185022,CONFIRMED,
2356,0xbDA5747bFD65F08deb54cb465eB87D40e51B197E,2217,0x6c4ab81f0c880e1c8f8476eda967c2be73063dc1d581cced61e77ccc382644ed,1789653610928,1789653611082,1789653622091,11163,781,185010,CONFIRMED,
2357,0xdD2FD4581271e230360230F9337D5c0430Bf44C0,2217,0xf0e50b6d467440c1804f30e62d5e43a6db3468a78691099ebbc43304b1a6f43b,1789653610941,1789653611083,1789653622094,11153,781,185010,CONFIRMED,
2358,0x8626f6940E2eb28930eFb4CeF49B2d1F2C9C1199,2217,0x530c9359f04180b6cc9dda0b42a31960de57b93e891a6fb2ab3a860a629737ff,1789653610941,1789653611083,1789653622096,11155,781,185022,CONFIRMED,
2359,0x09DB0a93B389bEF724429898f539AEB7ac2Dd55f,2217,0xc55ef975b4499ebd8e1e301f1cb58e79343feb9e0e592d82ed2bbf6a090de986,1789653610971,1789653611083,1789653622099,11128,781,185010,CONFIRMED,
2360,0x70997970C51812dc3A010C7d01b50e0d17dc79C8,2218,0x5347e2ce8a0107861df2582a06c9bc26b30908565205b7ea7dbb8c3e80ead383,1789653610971,1789653611084,1789653622101,11130,781,184998,CONFIRMED,
2361,0x3C44CdDdB6a900fa2b585dd299e03d12FA4293BC,2218,0x858c0266c75ebd1c640da9d0671ae663045b02470d7719a25a436250c1635a35,1789653610971,1789653611086,1789653622103,11132,781,185010,CONFIRMED,
2362,0x90F79bf6EB2c4f870365E785982E1f101E93b906,2218,0x9846ec7d0776a9051b009d44e40f555394e8ac98fcecfd6edce343d315415cfd,1789653611017,1789653611089,1789653622105,11088,781,185022,CONFIRMED,
2363,0x15d34AAf54267DB7D7c367839AAf71A00a2C6A65,2218,0xf3662c15374a970c4893d47a99b9e36c62aa684e8860b7e25582dedbd881b271,1789653611017,1789653611099,1789653622107,11090,781,185022,CONFIRMED,
2364,0x9965507D1a55bcC2695C58ba16FB37d819B0A4dc,2218,0x4db2495f64b9eb359f0eb31ce3d73322865aad5d1d77269a4134876ac3382da7,1789653611017,1789653611100,1789653622109,11092,781,185022,CONFIRMED,
2365,0x976EA74026E726554dB657fA54763abd0C3a0aa9,2218,0xd01ee369de50791ebc40e7a53f93fa30925cc65f06956eb90cbb3d9d1bad4b21,1789653611017,1789653611104,1789653622111,11094,781,185010,CONFIRMED,
2366,0x14dC79964da2C08b23698B3D3cc7Ca32193d9955,2218,0x028883015ec0d6c47a68746a4147c2cdb3550b2c44b1cd4812cac9476ac3005a,1789653611039,1789653611101,1789653622112,11073,781,185022,CONFIRMED,
2367,0x23618e81E3f5cdF7f54C3d65f7FBc0aBf5B21E8f,2218,0x7b1ebb7b0de7acc2cb80a81388bc1646988ac98123ff2ffde83df14e35e1e558,1789653611039,1789653611102,1789653622115,11076,781,185022,CONFIRMED,
2368,0xa0Ee7A142d267C1f36714E4a8F75612F20a79720,2218,0xd8b6fd13ead3af4b32e127f1b91e3ac800d1a7b161efd259cfa8af13a7a29693,1789653611039,1789653611100,1789653622119,11080,781,185010,CONFIRMED,
2369,0xBcd4042DE499D14e55001CcbB24a551F3b954096,2218,0x32f032b3b2e9f2dc3735203a7da67e5911a73eebcb4242d8d78ee1375c2b1064,1789653611049,1789653611099,1789653622121,11072,781,184986,CONFIRMED,
2370,0x71bE63f3384f5fb98995898A86B02Fb2426c5788,2218,0xe5ce8adf42408771f4623971142e16a03348dfd4b27a003b428d122af72237f7,1789653611076,1789653611103,1789653622123,11047,781,185022,CONFIRMED,
2371,0xFABB0ac9d68B0B445fB7357272Ff202C5651694a,2218,0x69d525a3d8fed028c51212072375377a2c674c85899b9430e753dcd18ac98092,1789653611076,1789653611103,1789653622126,11050,781,185022,CONFIRMED,
2372,0x1CBd3b2770909D4e10f157cABC84C7264073C9Ec,2218,0xb580f1f0726882fdf24f6e6f6b5bf51072cde854933109138b8a6a995b58b72a,1789653611090,1789653611105,1789653622128,11038,781,185022,CONFIRMED,
2373,0xdF3e18d64BC6A983f673Ab319CCaE4f1a57C7097,2218,0x1ed8070b6192001b1238b54420b084e3e38f422da0edca484dec9e4a16b7b17e,1789653611090,1789653611106,1789653622129,11039,781,185010,CONFIRMED,
2374,0xcd3B766CCDd6AE721141F452C550Ca635964ce71,2218,0x677f05020e4f82991aa79a13f2eeea0bd0c7ef65122fe1df46dd1b056ba581cd,1789653611100,1789653611108,1789653622130,11030,781,185022,CONFIRMED,
2375,0x2546BcD3c84621e976D8185a91A922aE77ECEc30,2218,0x92775c37a748ee1d86fbbe3be5866fad23cd1d0f949c0b5eea0f59fb134cbfdc,1789653611119,1789653611129,1789653622131,11012,781,185022,CONFIRMED,
2376,0xbDA5747bFD65F08deb54cb465eB87D40e51B197E,2218,0xfc339c5b8ce6e7573e32c3a53e15267ae72532168b329382ab02d49fb626d015,1789653611119,1789653611130,1789653622133,11014,781,184998,CONFIRMED,
2377,0xdD2FD4581271e230360230F9337D5c0430Bf44C0,2218,0x03c6802e510fe4c5d34e39777aaf08bef4cb3eb0be234bd8e465e975b222f90c,1789653611129,1789653611134,1789653622134,11005,781,185010,CONFIRMED,
2378,0x8626f6940E2eb28930eFb4CeF49B2d1F2C9C1199,2218,0xe23ff9c833d0c222dd6e80927d23f89cb9d1043a032ecab52a749d1d1bbcfdb3,1789653611151,1789653611159,1789653622136,10985,781,185010,CONFIRMED,
2379,0x09DB0a93B389bEF724429898f539AEB7ac2Dd55f,2218,0xb4dba3c79edf73124691b9852a39fd6f968ba19294f7c2431fb89c4917aa3a77,1789653611151,1789653611161,1789653622137,10986,781,185022,CONFIRMED,
2380,0x70997970C51812dc3A010C7d01b50e0d17dc79C8,2219,0xc241c3a0e85e44bcb6fcc63afd679e0b2d9d14772c5e21bf540eefc71cf4102a,1789653611159,1789653611167,1789653622138,10979,781,184986,CONFIRMED,
2381,0x3C44CdDdB6a900fa2b585dd299e03d12FA4293BC,2219,0x6d018320d7999234e4c1f9b91ff2d5c02ea6187f6d245b2199107d9c1f961d83,1789653611182,1789653611198,1789653622139,10957,781,185010,CONFIRMED,
2382,0x90F79bf6EB2c4f870365E785982E1f101E93b906,2219,0x37415fd5d6c41d63b476e72afaf98840c879719d54dd3db1dbede2a103baff0f,1789653611182,1789653611200,1789653622141,10959,781,185022,CONFIRMED,
2383,0x15d34AAf54267DB7D7c367839AAf71A00a2C6A65,2219,0xab69fdc73898f0acd24288f1298c12d2ccd3ac0d7e4fe899048af7f19f235727,1789653611191,1789653611212,1789653622143,10952,781,185010,CONFIRMED,
2384,0x9965507D1a55bcC2695C58ba16FB37d819B0A4dc,2219,0x5bf7ae61dc935f5e9c0e20d9d2a2a4294063047d80d07ffa6c64f23c13a797bf,1789653611200,1789653611215,1789653622146,10946,781,185022,CONFIRMED,
2385,0x976EA74026E726554dB657fA54763abd0C3a0aa9,2219,0xd04f804a19a3872b7b2f3d89ec5efab682f74c166ed814869fbf48a622cf5a03,1789653611209,1789653611227,1789653622148,10939,781,185022,CONFIRMED,
2386,0x14dC79964da2C08b23698B3D3cc7Ca32193d9955,2219,0xf267f468b80ed1170df2a7ccb3f0769a0ca820aa7b46cd845aa5bed86d5e3975,1789653611220,1789653611698,1789653622150,10930,782,185022,CONFIRMED,
2387,0x23618e81E3f5cdF7f54C3d65f7FBc0aBf5B21E8f,2219,0x73c69475fc8d3c0331b7846dfdc6a7d015e405b1f7a1e6ec56c31e2474d8bcbd,1789653611240,1789653611699,1789653622152,10912,782,185010,CONFIRMED,
2388,0xa0Ee7A142d267C1f36714E4a8F75612F20a79720,2219,0x4d7d49c47db5e646e8c31aef83a5e05a1f0444eeb2971c1e8257d1ad171ca564,1789653611240,1789653611700,1789653622154,10914,782,185010,CONFIRMED,
2389,0xBcd4042DE499D14e55001CcbB24a551F3b954096,2219,0x69c151483cdef07601c927814ed17bc9865bce92501dd4369cae3679f4f4e7e4,1789653611256,1789653611702,1789653622157,10901,782,185010,CONFIRMED,
2390,0x71bE63f3384f5fb98995898A86B02Fb2426c5788,2219,0x8bbfd385b5da4d08cbd551085ca89ea5233a1ddaeca2188dab06b74d3fe9547c,1789653611259,1789653611703,1789653622159,10900,782,185022,CONFIRMED,
2391,0xFABB0ac9d68B0B445fB7357272Ff202C5651694a,2219,0x1f53b8f90b690b08f8dcecc81b93ca428ba7b6c5760b87162347a7f7e9e33bfc,1789653611272,1789653611706,1789653622161,10889,782,185022,CONFIRMED,
2392,0x1CBd3b2770909D4e10f157cABC84C7264073C9Ec,2219,0x39e01f3dfcaae57a72c4861dc3b2bd17eda125a510c5c12a6166092540ef50af,1789653611287,1789653611708,1789653622162,10875,782,185022,CONFIRMED,
2393,0xdF3e18d64BC6A983f673Ab319CCaE4f1a57C7097,2219,0xfec032232ee99a2f2cf0e25cbd0b302a766e91f83323cffd48437035f9350a90,1789653611289,1789653611710,1789653622164,10875,782,185010,CONFIRMED,
2394,0xcd3B766CCDd6AE721141F452C550Ca635964ce71,2219,0x3781f93b30c48eb7d2110ed24417bcca6939d453678215be7a06b7f51a5c0758,1789653611303,1789653611711,1789653622166,10863,782,185022,CONFIRMED,
2395,0x2546BcD3c84621e976D8185a91A922aE77ECEc30,2219,0x932a0ac9da1e308572877db04fbb3bdf71634a1d0df59f148e6db00b762e96f9,1789653611319,1789653611712,1789653622168,10849,782,185010,CONFIRMED,
2396,0xbDA5747bFD65F08deb54cb465eB87D40e51B197E,2219,0x66214f591a0a529941a1a7c8fec6597933d0b3db26accf8d27d3dd4d752d53a4,1789653611319,1789653611714,1789653622174,10855,782,185022,CONFIRMED,
2397,0xdD2FD4581271e230360230F9337D5c0430Bf44C0,2219,0xf9c82e5671de234783a02d71d17f6c3577cecf6cbc98c66d808bc1fb3c0247a7,1789653611336,1789653611715,1789653622176,10840,782,185022,CONFIRMED,
2398,0x8626f6940E2eb28930eFb4CeF49B2d1F2C9C1199,2219,0x78f9507137c18cc93a83f78a45b5cc7a32f5e41df05dd52b41c50974bac9b695,1789653611342,1789653611717,1789653622180,10838,782,185010,CONFIRMED,
2399,0x09DB0a93B389bEF724429898f539AEB7ac2Dd55f,2219,0xd87f1e976625b3fd351f5a46fe71a4a8c7e9bf32edb2e030aca247b1bbff99c9,1789653611353,1789653611718,1789653622181,10828,782,185022,CONFIRMED,
2400,0x70997970C51812dc3A010C7d01b50e0d17dc79C8,2220,0x494f3a84817f3c8db46e238abace7fa8fcf2ed73bcd855ee96b0f5f50a02f246,1789653611369,1789653611719,1789653622183,10814,782,184998,CONFIRMED,
2401,0x3C44CdDdB6a900fa2b585dd299e03d12FA4293BC,2220,0xfb5a8159a1edfd3c2dcf423aeedfa53837ae129d509853522c18a991b21750a3,1789653611369,1789653611721,1789653622184,10815,782,185010,CONFIRMED,
2402,0x90F79bf6EB2c4f870365E785982E1f101E93b906,2220,0x6349c423b32c44efddd4de5aa8b562aff43c9117d8b8e455f4098e8abef097fc,1789653611385,1789653611723,1789653622186,10801,782,185022,CONFIRMED,
2403,0x15d34AAf54267DB7D7c367839AAf71A00a2C6A65,2220,0xdf346dee59433f1368035c6acf46eaa0550e16237ea941af22c3e7cbc7e82b7b,1789653611400,1789653611725,1789653622188,10788,782,185022,CONFIRMED,
2404,0x9965507D1a55bcC2695C58ba16FB37d819B0A4dc,2220,0x9a40c443266f2451a5bafee92f952cf3b0a32ce174a02ec639531121c7fadab9,1789653611400,1789653611727,1789653622189,10789,782,185022,CONFIRMED,
2405,0x976EA74026E726554dB657fA54763abd0C3a0aa9,2220,0xc2bf2d9a6cf2a7f49a7823b57eb256347c9dbdd28bba4579b5ea7faa4a3b256d,1789653611416,1789653611728,1789653622191,10775,782,185010,CONFIRMED,
2406,0x14dC79964da2C08b23698B3D3cc7Ca32193d9955,2220,0x707f51c8ac92925c92f3cd2c2db4138e3390d580adca4e7ec8e7d47109d2bffe,1789653611421,1789653611744,1789653622193,10772,782,185022,CONFIRMED,
2407,0x23618e81E3f5cdF7f54C3d65f7FBc0aBf5B21E8f,2220,0x1bd75baf7eb60384f1888572639bc53f30ce07fe7d918680696bdf34fbc31fb3,1789653611432,1789653611746,1789653622195,10763,782,185022,CONFIRMED,
2408,0xa0Ee7A142d267C1f36714E4a8F75612F20a79720,2220,0x180dca2319eb965794c553186274e2119c6cbe95a0fddcedd84c1ccdaebc06f0,1789653611447,1789653611747,1789653622196,10749,782,184986,CONFIRMED,
2409,0xBcd4042DE499D14e55001CcbB24a551F3b954096,2220,0x983e09c199ab518538951fcf1286e31d5b8d46d31a8d7730f4b121afd5ea4f4b,1789653611463,1789653611749,1789653622200,10737,782,185010,CONFIRMED,
2410,0x71bE63f3384f5fb98995898A86B02Fb2426c5788,2220,0x581f4676d6e7baab8c4839ef8fe27881bc2ae98b5bec751f34d4009000a26056,1789653611463,1789653611751,1789653622203,10740,782,185022,CONFIRMED,
2411,0xFABB0ac9d68B0B445fB7357272Ff202C5651694a,2220,0xcf58dcf1f1c7a3931053cb94fa43c3513abab887248a2b2a733e287390996bd4,1789653611478,1789653611752,1789653622206,10728,782,185010,CONFIRMED,
2412,0x1CBd3b2770909D4e10f157cABC84C7264073C9Ec,2220,0x850750e79b16748208de5177567be2243cc3f6ccf19fa3bca3c04a3a7167e015,1789653611492,1789653611753,1789653622208,10716,782,185022,CONFIRMED,
2413,0xdF3e18d64BC6A983f673Ab319CCaE4f1a57C7097,2220,0x62a9e90a0f6d467ecc67b4dbe28ead83bd585d6f19dc3f4335c357cf0b758c0c,1789653611492,1789653611755,1789653622210,10718,782,185022,CONFIRMED,
2414,0xcd3B766CCDd6AE721141F452C550Ca635964ce71,2220,0xb0b814a8fa0b49f604156f97253011ea76f2b0e9305fd45ba261cb192c31c6d8,1789653611500,1789653611757,1789653622212,10712,782,185022,CONFIRMED,
2415,0x2546BcD3c84621e976D8185a91A922aE77ECEc30,2220,0xb3aa48ed5effda920ecfd03b0344a6a2523cb61f4077deb539b0a4a07a1a8dfa,1789653611516,1789653611759,1789653622213,10697,782,185010,CONFIRMED,
2416,0xbDA5747bFD65F08deb54cb465eB87D40e51B197E,2220,0x4985c6f9d19504f0b62619af943ef70d71e70f56e22261259f9c5f4273a86889,1789653611532,1789653611761,1789653622217,10685,782,185022,CONFIRMED,
2417,0xdD2FD4581271e230360230F9337D5c0430Bf44C0,2220,0x382cbee82e03aef911c3d263a8edb8c8824b6cddeb956d7614ce148d18412040,1789653611532,1789653611762,1789653622220,10688,782,185022,CONFIRMED,
2418,0x8626f6940E2eb28930eFb4CeF49B2d1F2C9C1199,2220,0x22af22aec7a7a2be15505913ff1eaed1243ca5ce6ee8df1723002b7a90087d49,1789653611547,1789653611763,1789653622222,10675,782,185010,CONFIRMED,
2419,0x09DB0a93B389bEF724429898f539AEB7ac2Dd55f,2220,0x3ca2d457e13b894ea2bd8cfd92350407b7a662e67307963e1d30aa9761504d0e,1789653611563,1789653611765,1789653622225,10662,782,184998,CONFIRMED,
2420,0x70997970C51812dc3A010C7d01b50e0d17dc79C8,2221,0xb482b3f16b467f7e61e0941a36d2c83682f1d43147fbe3be6e1e90ac27370e5c,1789653611563,1789653611766,1789653622227,10664,782,184998,CONFIRMED,
2421,0x3C44CdDdB6a900fa2b585dd299e03d12FA4293BC,2221,0x8d12ad593f756e65305db785b3cd90a19172ce42c8a515ff6d7f1983fb53d593,1789653611579,1789653611767,1789653622229,10650,782,185010,CONFIRMED,
2422,0x90F79bf6EB2c4f870365E785982E1f101E93b906,2221,0x1918c240d432262acff88b47194b598e85571d45d9342dcdd177a6e74bf2ba66,1789653611579,1789653611768,1789653622233,10654,782,185022,CONFIRMED,
2423,0x15d34AAf54267DB7D7c367839AAf71A00a2C6A65,2221,0xcbe49dca2b28b6bf30804f23048e59c4456ff484dbef1f14da9ee7b49d6b0ba5,1789653611595,1789653611768,1789653622234,10639,782,185022,CONFIRMED,
2424,0x9965507D1a55bcC2695C58ba16FB37d819B0A4dc,2221,0x9f689b53c26a39d03a9b1808cad4dcb98a856d922bc39c2a9a03e11cf8720332,1789653611611,1789653611768,1789653622236,10625,782,185022,CONFIRMED,
2425,0x976EA74026E726554dB657fA54763abd0C3a0aa9,2221,0xd7e4bd6e046ef5c83135a4b2d92985b4e8cd382898f2b07e5458c5bf15e15d85,1789653611611,1789653611769,1789653622238,10627,782,185022,CONFIRMED,
2426,0x14dC79964da2C08b23698B3D3cc7Ca32193d9955,2221,0xc2df3524c0cf1a4bf4ee0b7a9effc878a6278ab45557a583bda5a1803a34d1b4,1789653611627,1789653611786,1789653622240,10613,782,185022,CONFIRMED,
2427,0x23618e81E3f5cdF7f54C3d65f7FBc0aBf5B21E8f,2221,0xcfc52c314d413334754bb7f4c445f5a175f2a2f152b12bad5cddd93ef3d26719,1789653611634,1789653611786,1789653622242,10608,782,185022,CONFIRMED,
2428,0xa0Ee7A142d267C1f36714E4a8F75612F20a79720,2221,0x96d3f513282d9fab799fcb31a85134abb7134f76ae9ba4113e943cb41be29ca1,1789653611643,1789653611786,1789653622243,10600,782,185010,CONFIRMED,
2429,0xBcd4042DE499D14e55001CcbB24a551F3b954096,2221,0x3a292b051f776560d77ffb04e700c147a2a77275fcaf84ebad5b9d57d2ff407f,1789653611652,1789653611787,1789653622245,10593,782,185010,CONFIRMED,
2430,0x71bE63f3384f5fb98995898A86B02Fb2426c5788,2221,0x2e1742e76bd0dc360c1696c9bd6e40fa804db8560562869ffddcc3342672f082,1789653611667,1789653611787,1789653622246,10579,782,185022,CONFIRMED,
2431,0xFABB0ac9d68B0B445fB7357272Ff202C5651694a,2221,0x2754cca1becfebdf1cf65e5ded2e8ead03526c26df66abeba8c08807074bbfec,1789653611678,1789653611787,1789653622249,10571,782,185022,CONFIRMED,
2432,0x1CBd3b2770909D4e10f157cABC84C7264073C9Ec,2221,0xc2a6b6147b60e924f94446df99d298496f8ced09eb494910d8ac346e3f7cdbc4,1789653611679,1789653611788,1789653622253,10574,782,185022,CONFIRMED,
2433,0xdF3e18d64BC6A983f673Ab319CCaE4f1a57C7097,2221,0xd39c4b357ee1a686a094a9e6be2900b720dd8d4b69f4fe8cbb1cde55620fcecc,1789653611689,1789653611788,1789653622254,10565,782,185022,CONFIRMED,
2434,0xcd3B766CCDd6AE721141F452C550Ca635964ce71,2221,0x0deb433602faca65e4dca08e53f69025286a4021043007bba05487459b438d34,1789653611699,1789653611789,1789653622257,10558,782,184998,CONFIRMED,
2435,0x2546BcD3c84621e976D8185a91A922aE77ECEc30,2221,0x5e0eed4ccaa4528d5e11c56f2edf2570ced2108b4beb1aa839c90aa4cd02797a,1789653611729,1789653611790,1789653622259,10530,782,185022,CONFIRMED,
2436,0xbDA5747bFD65F08deb54cb465eB87D40e51B197E,2221,0xeccb48fdf3c6d236d68ab75aeeeabb839f0807cbdc05afbe8e147c21ab2b3922,1789653611729,1789653611790,1789653622261,10532,782,185022,CONFIRMED,
2437,0xdD2FD4581271e230360230F9337D5c0430Bf44C0,2221,0x2a4da8502e19cc7a9f427e34f13da6e76a843533b93a92d7c71b934bd59de2c1,1789653611729,1789653611792,1789653622264,10535,782,185022,CONFIRMED,
2438,0x8626f6940E2eb28930eFb4CeF49B2d1F2C9C1199,2221,0x9239b82e73a90fa44d8eb61948c70da242031440bf92bc1402ff5f00357dab30,1789653611742,1789653611793,1789653622266,10524,782,185022,CONFIRMED,
2439,0x09DB0a93B389bEF724429898f539AEB7ac2Dd55f,2221,0xcd3be2bb1bdb095758cad6470de4811abe2967b83225176f64bd501832ec9a91,1789653611750,1789653611793,1789653622268,10518,782,184998,CONFIRMED,
2440,0x70997970C51812dc3A010C7d01b50e0d17dc79C8,2222,0xb74e835f1bd80b605caff0e6a37a43409bd61e5c5089310b29e616d4f0c52f5c,1789653611767,1789653611794,1789653622269,10502,782,184998,CONFIRMED,
2441,0x3C44CdDdB6a900fa2b585dd299e03d12FA4293BC,2222,0xee946efca3a04ed42696e82b01358512a3f5b7ae217ab7fa956679a1aca5a118,1789653611779,1789653611795,1789653622270,10491,782,185010,CONFIRMED,
2442,0x90F79bf6EB2c4f870365E785982E1f101E93b906,2222,0x1bb4013bef8579b90aae93d3b515995e18664ac4e0664a8fe44a9403baf1f18f,1789653611779,1789653611795,1789653622272,10493,782,185022,CONFIRMED,
2443,0x15d34AAf54267DB7D7c367839AAf71A00a2C6A65,2222,0xfbbf97757537694e06da5108b7d4c211c72d229acb22dc226a11349ff0f38faf,1789653611791,1789653611797,1789653622274,10483,782,185022,CONFIRMED,
2444,0x9965507D1a55bcC2695C58ba16FB37d819B0A4dc,2222,0x12ba75e26b0cffb3a882435bfbd1aa4db53e0489a041078903bfa15f049511a2,1789653611810,1789653611816,1789653622275,10465,782,185022,CONFIRMED,
2445,0x976EA74026E726554dB657fA54763abd0C3a0aa9,2222,0x05c45565c18edad1b72852c479e5fc91b79a77b75ae3706f02ea22d96754ea55,1789653611810,1789653611816,1789653622277,10467,782,185022,CONFIRMED,
2446,0x14dC79964da2C08b23698B3D3cc7Ca32193d9955,2222,0x4bb2d4e8e1344fbcbf23a54f8b03f36760cd9fb714306179bef114ab79f0734f,1789653611826,1789653611832,1789653622278,10452,782,185010,CONFIRMED,
2447,0x23618e81E3f5cdF7f54C3d65f7FBc0aBf5B21E8f,2222,0x131e7f40fe8e89cb398532ade779e14a0c7797fc22d6fe42eb232572cbee1094,1789653611829,1789653611834,1789653622280,10451,782,185022,CONFIRMED,
2448,0xa0Ee7A142d267C1f36714E4a8F75612F20a79720,2222,0x1b3758e0c15cef815061b31a812e45b1e8e241a1b0ddd464e109dcd763d73738,1789653611842,1789653611847,1789653622283,10441,782,185010,CONFIRMED,
2449,0xBcd4042DE499D14e55001CcbB24a551F3b954096,2222,0x70caa1c1a8c33d93fdd79a9aa656c1f0873e40fdcd582eb4a3455027ace3ced1,1789653611858,1789653611867,1789653622285,10427,782,185010,CONFIRMED,
2450,0x71bE63f3384f5fb98995898A86B02Fb2426c5788,2222,0x06ec123f440ca0f917c188f0c579f519397c180014983b561c4e132e134232e9,1789653611859,1789653611868,1789653622287,10428,782,185010,CONFIRMED,
2451,0xFABB0ac9d68B0B445fB7357272Ff202C5651694a,2222,0xeaefb4edf836767086d57f99ed47404a8a06fe72813ac900e63ebc90e9d95b73,1789653611873,1789653611879,1789653622288,10415,782,185010,CONFIRMED,
2452,0x1CBd3b2770909D4e10f157cABC84C7264073C9Ec,2222,0x53b4906dcaed33e7fd77118e3699039fd748c0cc78cb92c1f3bad19dc823d73e,1789653611879,1789653611884,1789653622292,10413,782,185022,CONFIRMED,
2453,0xdF3e18d64BC6A983f673Ab319CCaE4f1a57C7097,2222,0xe82d973fb8da30a3d21555f0aab390313b541b820f82d7c8cfd20201328453d9,1789653611889,1789653611895,1789653622293,10404,782,185010,CONFIRMED,
2454,0xcd3B766CCDd6AE721141F452C550Ca635964ce71,2222,0xeecf0095277211ff080b914b4d4e5a6c672807b702b33b03dbf4627d79c07c68,1789653611905,1789653611912,1789653622294,10389,782,185022,CONFIRMED,
2455,0x2546BcD3c84621e976D8185a91A922aE77ECEc30,2222,0xbace246df057c8382207e3f60f551df8b811c207e7ecddb157b131595b112b41,1789653611909,1789653611916,1789653622296,10387,782,185022,CONFIRMED,
2456,0xbDA5747bFD65F08deb54cb465eB87D40e51B197E,2222,0xba54585490db684fefd13fdd71554fb7e5cdf78617b12fb15d6bf73cbd4de203,1789653611921,1789653611928,1789653622297,10376,782,185010,CONFIRMED,
2457,0xdD2FD4581271e230360230F9337D5c0430Bf44C0,2222,0xe0a4e67cc7f7f811e6386b70fe2f757855a403dff1e8f02d1ffa6a87b0a1b0bc,1789653611933,1789653611942,1789653622298,10365,782,185022,CONFIRMED,
2458,0x8626f6940E2eb28930eFb4CeF49B2d1F2C9C1199,2222,0xbfa3066f725fc4f8cf05effe23c1be2109137646f4b2364e6c7e8db1595bb08d,1789653611939,1789653611946,1789653622299,10360,782,185010,CONFIRMED,
2459,0x09DB0a93B389bEF724429898f539AEB7ac2Dd55f,2222,0x02b81b19bca8d189ccd84d657f04d3e2e6b54feccc9c80616d9682ad4889fc83,1789653611952,1789653611962,1789653622300,10348,782,185010,CONFIRMED,
2460,0x70997970C51812dc3A010C7d01b50e0d17dc79C8,2223,0x613f52eafd1b2afccbdde2039679d9a3afec7bdcb92480d5c85d844d3790b8d2,1789653611959,1789653611966,1789653622302,10343,782,184986,CONFIRMED,
2461,0x3C44CdDdB6a900fa2b585dd299e03d12FA4293BC,2223,0xccbf52d35a317f59fed357ba1bf937adc616cc1b61251434bf1bb1efd0ed65ae,1789653611977,1789653611983,1789653622303,10326,782,185010,CONFIRMED,
2462,0x90F79bf6EB2c4f870365E785982E1f101E93b906,2223,0x1eed199e91056b11b1788e3fa301d398645e3bccd81d8b9f39737a8b1221cd03,1789653611979,1789653611984,1789653622304,10325,782,185022,CONFIRMED,
2463,0x15d34AAf54267DB7D7c367839AAf71A00a2C6A65,2223,0xc8fe6ba8bcd536e917372ef94d9d08af9dbcf2616d47c50fca9627ed518a21f4,1789653611999,1789653612006,1789653622305,10306,782,185022,CONFIRMED,
2464,0x9965507D1a55bcC2695C58ba16FB37d819B0A4dc,2223,0x5ece24ce0407fcdc07308a718fdad39041af2f967c1ef09acd28964bb8e2babf,1789653611999,1789653612007,1789653622307,10308,782,185022,CONFIRMED,
2465,0x976EA74026E726554dB657fA54763abd0C3a0aa9,2223,0x214f672cd3034d3d94e928e8a074579d7cde798f794dad5c5106e9c6b6658e86,1789653612015,1789653612020,1789653622310,10295,782,185022,CONFIRMED,
2466,0x14dC79964da2C08b23698B3D3cc7Ca32193d9955,2223,0x06018305143f583725e3bc9f5066acd7920d6dd6f0b647ad6f28a8182da916d8,1789653612019,1789653612025,1789653622313,10294,782,185022,CONFIRMED,
2467,0x23618e81E3f5cdF7f54C3d65f7FBc0aBf5B21E8f,2223,0xc040957b3877f5739eb19c4dcf20270d90f4e88dd2895972768658915e89fcd8,1789653612031,1789653612035,1789653622315,10284,782,185022,CONFIRMED,
2468,0xa0Ee7A142d267C1f36714E4a8F75612F20a79720,2223,0x9d93e3b7710567c2aed765dea168e2a8cf59b9283eceaf086c8875ffce5d1308,1789653612042,1789653612048,1789653622317,10275,782,185010,CONFIRMED,
2469,0xBcd4042DE499D14e55001CcbB24a551F3b954096,2223,0xf90002ec1b011a32c5eabf9dd75f3e7521665a78aa7f1a264de9cabaacf5bea8,1789653612058,1789653612063,1789653622319,10261,782,185010,CONFIRMED,
2470,0x71bE63f3384f5fb98995898A86B02Fb2426c5788,2223,0xd1dcefd53f42abf03ef36a7ebe731367245a6ece709da912d8b1935d84d8f9e2,1789653612059,1789653612063,1789653622320,10261,782,185022,CONFIRMED,
2471,0xFABB0ac9d68B0B445fB7357272Ff202C5651694a,2223,0xa700fb6ed6f39483d1db7d6c08c9d51e355a313a881ae8794e6e66f2848f2f24,1789653612083,1789653612089,1789653622322,10239,782,185022,CONFIRMED,
2472,0x1CBd3b2770909D4e10f157cABC84C7264073C9Ec,2223,0x481b79272f3fb9ca57919811223ee5c1f623c47c7e438ff6214d6b35a5d371ac,1789653612083,1789653612091,1789653622324,10241,782,185010,CONFIRMED,
2473,0xdF3e18d64BC6A983f673Ab319CCaE4f1a57C7097,2223,0xcccd36dc27cac78e99ec9444ca609aa9a566bad45027be6770d9fcd14dfbe0dc,1789653612090,1789653612093,1789653622325,10235,782,185010,CONFIRMED,
2474,0xcd3B766CCDd6AE721141F452C550Ca635964ce71,2223,0x20ecf5c5adc98470d65c4fbef21944d71533430122988a4b78dcffaf0cc165e5,1789653612099,1789653612103,1789653622327,10228,782,185022,CONFIRMED,
2475,0x2546BcD3c84621e976D8185a91A922aE77ECEc30,2223,0x1a4c4352497ebbf03e4cf3267baa64d93aadf0c7eeef780bc6909e03099f5f8c,1789653612115,1789653612118,1789653622328,10213,782,185022,CONFIRMED,
2476,0xbDA5747bFD65F08deb54cb465eB87D40e51B197E,2223,0xc815d7dee70f43fb866dedf5b88acedf13acfbc032c0845d08dde55d056383fd,1789653612131,1789653612135,1789653622331,10200,782,185022,CONFIRMED,
2477,0xdD2FD4581271e230360230F9337D5c0430Bf44C0,2223,0x6ca81f7e9e35f2614f69ca035233147ac258b563ee37b07c2966a316aec0d1bc,1789653612131,1789653612135,1789653622335,10204,782,185022,CONFIRMED,
2478,0x8626f6940E2eb28930eFb4CeF49B2d1F2C9C1199,2223,0xe06ded38d2da481cfd49b08110c3e278dbc7db6f55a450c028afad520b510b20,1789653612147,1789653612151,1789653622337,10190,782,185022,CONFIRMED,
2479,0x09DB0a93B389bEF724429898f539AEB7ac2Dd55f,2223,0x2dd4f0cf8d35c9ead8084acf62df4287cbb76cb650daa5506aea869d0786a193,1789653612149,1789653612153,1789653622339,10190,782,185022,CONFIRMED,
2480,0x70997970C51812dc3A010C7d01b50e0d17dc79C8,2224,0x359da14bc96e5609de975b2f7f1366d7d4e102cb52cdb07da15b5531c4e4783c,1789653612163,1789653612167,1789653622342,10179,782,184998,CONFIRMED,
2481,0x3C44CdDdB6a900fa2b585dd299e03d12FA4293BC,2224,0x955bb9744ce2a02c520803e02fec48359c7d930fa5b03b1f6349215dd4ffd2b2,1789653612179,1789653612185,1789653622344,10165,782,185010,CONFIRMED,
2482,0x90F79bf6EB2c4f870365E785982E1f101E93b906,2224,0xf73143115ced0d85e7088d04f759bc3ce2aee7308ff664c698bce5a6644ce76d,1789653612179,1789653612185,1789653622346,10167,782,185022,CONFIRMED,
2483,0x15d34AAf54267DB7D7c367839AAf71A00a2C6A65,2224,0x5b8ef08ca7a5791e6796e606ba27d7252573e9996ef3aa617a834409cbaa1872,1789653612194,1789653612198,1789653622347,10153,782,185022,CONFIRMED,
2484,0x9965507D1a55bcC2695C58ba16FB37d819B0A4dc,2224,0xbbd916b20d1c72a86ba82905218393694cfbe58f53267eb592d8d49dc6b7a5ad,1789653612210,1789653612215,1789653622350,10140,782,185022,CONFIRMED,
2485,0x976EA74026E726554dB657fA54763abd0C3a0aa9,2224,0x5f81b08786a33b30564b04ca10105165681435e03fe73d34adf060993baa747b,1789653612210,1789653612215,1789653622355,10145,782,185010,CONFIRMED,
2486,0x14dC79964da2C08b23698B3D3cc7Ca32193d9955,2224,0x6c26ff11e337d833dc6b0e168e9fb2f5048f538902d5d56f0677d0cc85a17ab1,1789653612226,1789653612231,1789653622358,10132,782,185022,CONFIRMED,
2487,0x23618e81E3f5cdF7f54C3d65f7FBc0aBf5B21E8f,2224,0x5dc1e6d3bf3a3a876228603041f774ddf1386af3465935b9c36d1c6944c2250e,1789653612229,1789653612232,1789653622361,10132,782,185022,CONFIRMED,
2488,0xa0Ee7A142d267C1f36714E4a8F75612F20a79720,2224,0xbe4b0524b61aa59fbc204160a46774a6963dabb447058674ea123bcd83820528,1789653612243,1789653612247,1789653622364,10121,782,185010,CONFIRMED,
2489,0xBcd4042DE499D14e55001CcbB24a551F3b954096,2224,0xdb85d3f5e63111ef852d2446d8ab46a59a1cfe53f9856584c799b80a11991076,1789653612259,1789653612263,1789653622365,10106,782,185010,CONFIRMED,
2490,0x71bE63f3384f5fb98995898A86B02Fb2426c5788,2224,0xb5e4866e1c27888a76699428c28dc5be2537f62469dc8feb5aed3149d53bd8e8,1789653612259,1789653612263,1789653622367,10108,782,184998,CONFIRMED,
2491,0xFABB0ac9d68B0B445fB7357272Ff202C5651694a,2224,0xe7cb19d2ac036f0597f93b95d5c0778ea4283e4ac86162943a08d7af9eee3d90,1789653612274,1789653612278,1789653622369,10095,782,185010,CONFIRMED,
2492,0x1CBd3b2770909D4e10f157cABC84C7264073C9Ec,2224,0x987cc4af99928a81476d8fe31879ed9663e296ab0a2481b800bd65cd16df0a5b,1789653612290,1789653612296,1789653622371,10081,782,185022,CONFIRMED,
2493,0xdF3e18d64BC6A983f673Ab319CCaE4f1a57C7097,2224,0xc6eb4eea13084257051d2c7260e499ce28a65b93de879f3abfe9947f101cacda,1789653612290,1789653612297,1789653622372,10082,782,185022,CONFIRMED,
2494,0xcd3B766CCDd6AE721141F452C550Ca635964ce71,2224,0x307446d65b9736073a8df98df1c6e2b93339ed8db5cd3aa100ee19801b8955fa,1789653612307,1789653612310,1789653622374,10067,782,185022,CONFIRMED,
2495,0x2546BcD3c84621e976D8185a91A922aE77ECEc30,2224,0x9653bfdfdb53bebb43369e71c5ee26f1f0d125080af2b9de768f269f05e08643,1789653612309,1789653612312,1789653622375,10066,782,185022,CONFIRMED,
2496,0xbDA5747bFD65F08deb54cb465eB87D40e51B197E,2224,0xf8716c486f51ce5df2d889eab1cd4997d3f926772430453a90c6a479d8a2b4a1,1789653612322,1789653612329,1789653622380,10058,782,185022,CONFIRMED,
2497,0xdD2FD4581271e230360230F9337D5c0430Bf44C0,2224,0xceb77c1807bf9f056356af6edd3d5e84fdf37828a94c11cff178f54566e78cdb,1789653612338,1789653612344,1789653622382,10044,782,185022,CONFIRMED,
2498,0x8626f6940E2eb28930eFb4CeF49B2d1F2C9C1199,2224,0xe31d6079dd452d4803cc8b485eade9c22b96097d74898d530dc413a2dd99bc72,1789653612340,1789653612344,1789653622383,10043,782,185010,CONFIRMED,
2499,0x09DB0a93B389bEF724429898f539AEB7ac2Dd55f,2224,0x8329ecd62a30e347c1efc3dab1ad6fa949ca19e916586fd5a503b53e47698868,1789653612354,1789653612360,1789653622385,10031,782,185010,CONFIRMED,
2500,0x70997970C51812dc3A010C7d01b50e0d17dc79C8,2225,0x27908a65eacefdf4f8643d1b39a34234c688a00cab7fdded31c8ba811458ff7c,1789653612359,1789653612363,1789653622387,10028,782,184998,CONFIRMED,
2501,0x3C44CdDdB6a900fa2b585dd299e03d12FA4293BC,2225,0xe3569ec946fefa87cac84bbca78c1848f0eb6170c3e8ae6470e2ad9621974d4e,1789653612370,1789653612376,1789653622389,10019,782,185010,CONFIRMED,
2502,0x90F79bf6EB2c4f870365E785982E1f101E93b906,2225,0x02e4fd29575c407aff1e3234af59d9f9041a23a3e751dd04e01c4f80a230a42a,1789653612386,1789653612392,1789653622390,10004,782,185022,CONFIRMED,
2503,0x15d34AAf54267DB7D7c367839AAf71A00a2C6A65,2225,0x3f68db3c7ddccee89ff463965c6f094d68cea225c435cb46a7b47cfef54f28ae,1789653612389,1789653612394,1789653622392,10003,782,185022,CONFIRMED,
2504,0x9965507D1a55bcC2695C58ba16FB37d819B0A4dc,2225,0xd5c7770776975079a41694523d896aab6e60847c35ee176f3aaf13e5fa6eeef6,1789653612402,1789653612408,1789653622393,9991,782,185010,CONFIRMED,
2505,0x976EA74026E726554dB657fA54763abd0C3a0aa9,2225,0x0eb7ec634ff68190128114aa8f638a4444539489863b4285738d6e84addf2203,1789653612418,1789653612424,1789653622394,9976,782,185010,CONFIRMED,
2506,0x14dC79964da2C08b23698B3D3cc7Ca32193d9955,2225,0x351b69d69181c18eaf73fb92da27ba9d4140aa71915db4901b3cc3ec47396313,1789653612419,1789653612424,1789653622396,9977,782,185022,CONFIRMED,
2507,0x23618e81E3f5cdF7f54C3d65f7FBc0aBf5B21E8f,2225,0xc8e161e45fef3d4b4d49f228ed236c8897ab0bce285b17b0094e3b262c7729aa,1789653612434,1789653612438,1789653622399,9965,782,185022,CONFIRMED,
2508,0xa0Ee7A142d267C1f36714E4a8F75612F20a79720,2225,0x86bfd10df2171c983c0f35a5416ba055e54494e05044e2da2787e9aeb8210e19,1789653612438,1789653612444,1789653622402,9964,782,185010,CONFIRMED,
2509,0xBcd4042DE499D14e55001CcbB24a551F3b954096,2225,0x9978db848144a332556b1cb9e5f631ab2800fdcb6963cb4b98e25eda6c214433,1789653612465,1789653612472,1789653622403,9938,782,185010,CONFIRMED,
2510,0x71bE63f3384f5fb98995898A86B02Fb2426c5788,2225,0x244f3f5c2bdf6adcf49318e0b9a3bc4367c0757d0d8512f3452c78d662fa0d63,1789653612465,1789653612472,1789653622405,9940,782,185022,CONFIRMED,
2511,0xFABB0ac9d68B0B445fB7357272Ff202C5651694a,2225,0xa12344e49eabf3fff2bb271a5cff72ff06052fa0224bd405c3a2028971708488,1789653612469,1789653612475,1789653622407,9938,782,185022,CONFIRMED,
2512,0x1CBd3b2770909D4e10f157cABC84C7264073C9Ec,2225,0xbbdeef5b8081f2cd93275c01587ae52b1a4731c86ace53fd881778a64999137d,1789653612481,1789653612486,1789653622409,9928,782,185022,CONFIRMED,
2513,0xdF3e18d64BC6A983f673Ab319CCaE4f1a57C7097,2225,0x22c541995bec3e734636347c7a35347cbf805f14982e48d442c7eba69e4695db,1789653612499,1789653612505,1789653622410,9911,782,185022,CONFIRMED,
2514,0xcd3B766CCDd6AE721141F452C550Ca635964ce71,2225,0x94ad3d88e916737e279cc71a8f087343498920999fb8eab198e0c48f537b98e5,1789653612499,1789653612506,1789653622411,9912,782,185022,CONFIRMED,
2515,0x2546BcD3c84621e976D8185a91A922aE77ECEc30,2225,0xf7784254d4a7720204ba3e765a063a9d231a73b0e9b0d11b26b351c282166745,1789653612520,1789653612526,1789653622412,9892,782,185010,CONFIRMED,
2516,0xbDA5747bFD65F08deb54cb465eB87D40e51B197E,2225,0xe34eb8c65d49165c936f5c98eae53a13a239029624b71972d710111a466d0a20,1789653612520,1789653612527,1789653622414,9894,782,185022,CONFIRMED,
2517,0xdD2FD4581271e230360230F9337D5c0430Bf44C0,2225,0x8d44c05081dd75823029a118e3d9fa39347ac49df66dbd949a96fc044393c646,1789653612536,1789653612541,1789653622415,9879,782,185022,CONFIRMED,
2518,0x8626f6940E2eb28930eFb4CeF49B2d1F2C9C1199,2225,0x07fa1ab54e174de4421395d5f05a0a5bf80d1fbec31ea7978f63a5005b3b20c8,1789653612540,1789653612544,1789653622416,9876,782,185022,CONFIRMED,
2519,0x09DB0a93B389bEF724429898f539AEB7ac2Dd55f,2225,0x43b75a1c97935d28c171e137438762cea56230700ac88f158286fe79421fe0ef,1789653612552,1789653612556,1789653622417,9865,782,185022,CONFIRMED,
2520,0x70997970C51812dc3A010C7d01b50e0d17dc79C8,2226,0x690c31a2784dc768c313137ad5aa127a24afd86788ba6c954c98deee49f65dfe,1789653612568,1789653612575,1789653622418,9850,782,185010,CONFIRMED,
2521,0x3C44CdDdB6a900fa2b585dd299e03d12FA4293BC,2226,0xccd468c245b8c3984dcaecfa94ba70a83dc1036dd8fe149d2caa805ecaacf5ed,1789653612569,1789653612576,1789653622420,9851,782,184986,CONFIRMED,
2522,0x90F79bf6EB2c4f870365E785982E1f101E93b906,2226,0xd8be0427150c2e8d12c81e270474e1ef3b6fcad47e976c0b831852c7aa3ae60f,1789653612584,1789653612588,1789653622421,9837,782,185010,CONFIRMED,
2523,0x15d34AAf54267DB7D7c367839AAf71A00a2C6A65,2226,0x50e0a88f291bdcea590299191da4ba2236af24ea77f145647032465bcf0d889c,1789653612600,1789653612611,1789653622423,9823,782,185022,CONFIRMED,
2524,0x9965507D1a55bcC2695C58ba16FB37d819B0A4dc,2226,0x99de28cb878eb6fb8d645bf5fccf2da4716332aef12abda822c5149997157d29,1789653612600,1789653612611,1789653622425,9825,782,185022,CONFIRMED,
2525,0x976EA74026E726554dB657fA54763abd0C3a0aa9,2226,0x5d74c27b1a7ad4aa6e9b871f86fd7380061ef236add755229e20bacd8284604a,1789653612609,1789653612616,1789653622426,9817,782,185022,CONFIRMED,
2526,0x14dC79964da2C08b23698B3D3cc7Ca32193d9955,2226,0x459c4870552878d89ee47d4d10ede527ab53fc95d77bc7272fb8e1afdd1b7c40,1789653612624,1789653612631,1789653622428,9804,782,185022,CONFIRMED,
2527,0x23618e81E3f5cdF7f54C3d65f7FBc0aBf5B21E8f,2226,0x3464f9f5f5a626da2d7463acf1c5154d69c08052b4679faa07c02161104acdf6,1789653612629,1789653612634,1789653622430,9801,782,184998,CONFIRMED,
2528,0xa0Ee7A142d267C1f36714E4a8F75612F20a79720,2226,0x5768b0ef1f0bb10c9e69f72a93ee52282769352c1a9f0441467647fe72c53d93,1789653612640,1789653612644,1789653622433,9793,782,185010,CONFIRMED,
2529,0xBcd4042DE499D14e55001CcbB24a551F3b954096,2226,0xa9099c163c86c33dbbe258429813c068f0cde2945f6f330b9fac040c3e34491c,1789653612655,1789653612662,1789653622434,9779,782,185010,CONFIRMED,
2530,0x71bE63f3384f5fb98995898A86B02Fb2426c5788,2226,0xb3c58ea0c39effebc81c40e5a4ec9a5d2d1c414613cde77a9dcebe741695728f,1789653612661,1789653612667,1789653622436,9775,782,185022,CONFIRMED,
2531,0xFABB0ac9d68B0B445fB7357272Ff202C5651694a,2226,0xb60ef068d7da20e3f001386d48f9b5c9ac874ff1af781453e375c32f0bdaf441,1789653612671,1789653612678,1789653622438,9767,782,185022,CONFIRMED,
2532,0x1CBd3b2770909D4e10f157cABC84C7264073C9Ec,2226,0x3dae659753d79351315a24c028f2a66da23edb28b8dc8ddb8998230d9e586c55,1789653612686,1789653612693,1789653622440,9754,782,185022,CONFIRMED,
2533,0xdF3e18d64BC6A983f673Ab319CCaE4f1a57C7097,2226,0x4f9ce05dae38929de860b58dc65d4c867bc752f41b95a4a777cb207ee24406df,1789653612689,1789653612695,1789653622441,9752,782,185022,CONFIRMED,
2534,0xcd3B766CCDd6AE721141F452C550Ca635964ce71,2226,0x7b13a51eef6cc8cb537c7b0cac77094c16dfe9a1d6eb7bacc521cfd93ecbae1e,1789653612701,1789653612708,1789653622443,9742,782,185022,CONFIRMED,
2535,0x2546BcD3c84621e976D8185a91A922aE77ECEc30,2226,0xe9cadb3ea0297d132583c5519fc9e7e90744d1793d85aef695fb93babc4d1dfd,1789653612717,1789653612724,1789653622444,9727,782,185022,CONFIRMED,
2536,0xbDA5747bFD65F08deb54cb465eB87D40e51B197E,2226,0x041cf4e60e1d10a99950306f1ff8cdaeee22f2a5fd1321642ef45ea7f4b57668,1789653612720,1789653612727,1789653622445,9725,782,185022,CONFIRMED,
2537,0xdD2FD4581271e230360230F9337D5c0430Bf44C0,2226,0xeaf3e31ed283c121eaf076162d3789aa242ede8b44a1021bb790c49cc35f39a5,1789653612733,1789653612739,1789653622446,9713,782,185010,CONFIRMED,
2538,0x8626f6940E2eb28930eFb4CeF49B2d1F2C9C1199,2226,0x8cbac8c8cef8052a28bd337a5fbc5dce51236971fe416022daf9310091c5042e,1789653612739,1789653612745,1789653622447,9708,782,185022,CONFIRMED,
2539,0x09DB0a93B389bEF724429898f539AEB7ac2Dd55f,2226,0x0beb1fa7a342782480d50b79f6e5b76564c19d939041fb7e08ecc0fc41974255,1789653612749,1789653612754,1789653622448,9699,782,185022,CONFIRMED,
2540,0x70997970C51812dc3A010C7d01b50e0d17dc79C8,2227,0xcca7a74c7a84c51e47d62d8a3136483884fcfc38f8564859b5d371d1ad9b5545,1789653612765,1789653612771,1789653622450,9685,782,185010,CONFIRMED,
2541,0x3C44CdDdB6a900fa2b585dd299e03d12FA4293BC,2227,0xced58ecf32601366fe46141d8a1e9f2427d376bdbaa71b5295d9f8a8ae19c109,1789653612769,1789653612778,1789653622451,9682,782,185010,CONFIRMED,
2542,0x90F79bf6EB2c4f870365E785982E1f101E93b906,2227,0x7605301b042d3bc1ad54911a2c3cd68fcd488dd78f167e7bc19d7502118a84ca,1789653612781,1789653612785,1789653622452,9671,782,185022,CONFIRMED,
2543,0x15d34AAf54267DB7D7c367839AAf71A00a2C6A65,2227,0x53333cf753bc5d4086d5d9a9cf007cf0110930ca96cee0362a76cbf96fdd3b73,1789653612796,1789653612801,1789653622453,9657,782,185022,CONFIRMED,
2544,0x9965507D1a55bcC2695C58ba16FB37d819B0A4dc,2227,0x59014c401fb2ea8991031e5ecb76f8f3da6d2dab7c9ef5181bd94bbb9d043399,1789653612800,1789653612804,1789653622454,9654,782,185022,CONFIRMED,
2545,0x976EA74026E726554dB657fA54763abd0C3a0aa9,2227,0x5eb21a75e6ae92850c4a09abb1ecf7df8021ac55ff5401dda991cc184fc971fa,1789653612812,1789653612818,1789653622455,9643,782,185022,CONFIRMED,
2546,0x14dC79964da2C08b23698B3D3cc7Ca32193d9955,2227,0x03eb6398ff49d0011cb2b698a3a2de043f56e5fe389acf1beafa9bbf8d9503c0,1789653612828,1789653612833,1789653622457,9629,782,185010,CONFIRMED,
2547,0x23618e81E3f5cdF7f54C3d65f7FBc0aBf5B21E8f,2227,0x9dcc108bafc0277290a9ab214f14ee291fdc2c6f31489af34360f8610f5aad3b,1789653612829,1789653612833,1789653622458,9629,782,185010,CONFIRMED,
2548,0xa0Ee7A142d267C1f36714E4a8F75612F20a79720,2227,0x2e65bd416c4cf8743f949796952eabd50d056fab632f26fd1770ac97b3d3ab46,1789653612844,1789653612848,1789653622459,9615,782,185010,CONFIRMED,
2549,0xBcd4042DE499D14e55001CcbB24a551F3b954096,2227,0xedd0d7118b6007680697434d0251cd33e05d42845b6b20dddea7e23118410353,1789653612859,1789653612866,1789653622461,9602,782,185010,CONFIRMED,
2550,0x71bE63f3384f5fb98995898A86B02Fb2426c5788,2227,0x7bbba169789018e721d7c2a3ebfffe162f6a8a895de791c55d1d63a9b3ce0ced,1789653612859,1789653612866,1789653622463,9604,782,185022,CONFIRMED,
2551,0xFABB0ac9d68B0B445fB7357272Ff202C5651694a,2227,0x495f9b0b87dc3ff8b73ab056b3369f060cd78fc5c54a137eb8aacb8f251ca462,1789653612875,1789653612883,1789653622466,9591,782,185022,CONFIRMED,
2552,0x1CBd3b2770909D4e10f157cABC84C7264073C9Ec,2227,0x29a70a0807a20735049f4c71e023f151dec76a57210f06c00871dfa9fc2feb96,1789653612878,1789653612886,1789653622468,9590,782,185022,CONFIRMED,
2553,0xdF3e18d64BC6A983f673Ab319CCaE4f1a57C7097,2227,0xc2f899fe4c4101fbaaacdebc345e66bdea027c62687ae13efc5a215d83437272,1789653612891,1789653612896,1789653622469,9578,782,185010,CONFIRMED,
2554,0xcd3B766CCDd6AE721141F452C550Ca635964ce71,2227,0xeda0e57542064c46f5a1fc37ff608aa3b54452daa379b256d3045d6278dd7c78,1789653612907,1789653612916,1789653622470,9563,782,185010,CONFIRMED,
2555,0x2546BcD3c84621e976D8185a91A922aE77ECEc30,2227,0x7c43e6445eb6b7746f08b592ec5163ba035036053a9c069f7ba51ff2497aaad1,1789653612912,1789653612918,1789653622472,9560,782,185022,CONFIRMED,
2556,0xbDA5747bFD65F08deb54cb465eB87D40e51B197E,2227,0x4d32459f541449fee6e18439a138d28d6422a62c7be309531e4499516f9c4589,1789653612923,1789653612930,1789653622474,9551,782,185022,CONFIRMED,
2557,0xdD2FD4581271e230360230F9337D5c0430Bf44C0,2227,0xfe28c0274688a30fc8599b8a8699e16f9bb78f14e7c3d0d97da2a1f1016f3d02,1789653612929,1789653612933,1789653622475,9546,782,185022,CONFIRMED,
2558,0x8626f6940E2eb28930eFb4CeF49B2d1F2C9C1199,2227,0x5b41e2a58b88d177de9c4d01b58bf31f8d8b90823cef8714301f46c8b70c138a,1789653612939,1789653612948,1789653622477,9538,782,185022,CONFIRMED,
2559,0x09DB0a93B389bEF724429898f539AEB7ac2Dd55f,2227,0xf315911a4d205f208927a13e4567749ff4f86dee34f4e0de984909258b19f1d4,1789653612954,1789653612961,1789653622478,9524,782,185022,CONFIRMED,
2560,0x70997970C51812dc3A010C7d01b50e0d17dc79C8,2228,0xc6f736e03bc0f5044293cc0f1a522d5bc7d69172f922485b8a4e870b31889a78,1789653612960,1789653612965,1789653622479,9519,782,185010,CONFIRMED,
2561,0x3C44CdDdB6a900fa2b585dd299e03d12FA4293BC,2228,0x336fc79e2441e31b1d437dcb366e76ee9067e98112a87ac430c973a60cf9b441,1789653612970,1789653612979,1789653622480,9510,782,185010,CONFIRMED,
2562,0x90F79bf6EB2c4f870365E785982E1f101E93b906,2228,0x6ef7c50b5e7300628f69dc204c068fe0eb6fdda368489a53327e1c6e564c0d5b,1789653612979,1789653612983,1789653622482,9503,782,185010,CONFIRMED,
2563,0x15d34AAf54267DB7D7c367839AAf71A00a2C6A65,2228,0x939f77872a6c5e2ac86f336a0a9974d87c8827f64d1e0267f14844b5de54c2e2,1789653613001,1789653613008,1789653622483,9482,782,185010,CONFIRMED,
2564,0x9965507D1a55bcC2695C58ba16FB37d819B0A4dc,2228,0x4e9f8c5277e43674c6bed0a8a0fd6886bf73e10ff2fef0bf8b673d7e55a9bacf,1789653613001,1789653613009,1789653622484,9483,782,185022,CONFIRMED,
2565,0x976EA74026E726554dB657fA54763abd0C3a0aa9,2228,0x496aab7595574b33eb95900c4649befd2825ab52900dd20c58837c5422e7594e,1789653613017,1789653613021,1789653622486,9469,782,185022,CONFIRMED,
2566,0x14dC79964da2C08b23698B3D3cc7Ca32193d9955,2228,0x3ad3724a05e28833e48c71f231ba295b4b8304d9a1878a0839827f0a183b46fc,1789653613019,1789653613025,1789653622487,9468,782,185022,CONFIRMED,
2567,0x23618e81E3f5cdF7f54C3d65f7FBc0aBf5B21E8f,2228,0xfdcc60e0e91d2b84cb4dc7b205aa600636a551ad907d51294a6382e8f4252f29,1789653613033,1789653613037,1789653622488,9455,782,185022,CONFIRMED,
2568,0xa0Ee7A142d267C1f36714E4a8F75612F20a79720,2228,0x768c51ab6433a1cf1c255641b7003e5f457966ee583e4fa95fc8f1caca9c6927,1789653613048,1789653613052,1789653622489,9441,782,185010,CONFIRMED,
2569,0xBcd4042DE499D14e55001CcbB24a551F3b954096,2228,0x5881728ac3a0fe3b596262290dd715bfe948049d3dbfbcd8aeb02cdeb258fb23,1789653613049,1789653613052,1789653622491,9442,782,184998,CONFIRMED,
2570,0x71bE63f3384f5fb98995898A86B02Fb2426c5788,2228,0xc1dc86bd1618886a7b19b88b687daaaae973c3b34b416272138292b7071d2fea,1789653613064,1789653613068,1789653622493,9429,782,185010,CONFIRMED,
2571,0xFABB0ac9d68B0B445fB7357272Ff202C5651694a,2228,0xfd1d614092d76e28b2c365c0176c23bc5edb99f1254da4e20d2c7994a65c4852,1789653613080,1789653613085,1789653622494,9414,782,185010,CONFIRMED,
2572,0x1CBd3b2770909D4e10f157cABC84C7264073C9Ec,2228,0x1ceff76cfb8435cdd23fe14a5b89970f82db1eae705c36bb450dc0f2f25f4994,1789653613080,1789653613086,1789653622496,9416,782,185022,CONFIRMED,
2573,0xdF3e18d64BC6A983f673Ab319CCaE4f1a57C7097,2228,0xd2017ff574e7ccc86d42a33d373fcb597cb048cf89eed063dcc3f2fd9d9a4c97,1789653613096,1789653613101,1789653622499,9403,782,184998,CONFIRMED,
2574,0xcd3B766CCDd6AE721141F452C550Ca635964ce71,2228,0xf34467ba2bc046403f95a6405ca9e57284ce54c1d247abdc4517811d0eed8f3d,1789653613099,1789653613102,1789653622501,9402,782,185010,CONFIRMED,
2575,0x2546BcD3c84621e976D8185a91A922aE77ECEc30,2228,0x5e4d65fd79adc4eab9c41b785dacb12a337e999f3614994ae1d4eb1cd23d84f8,1789653613111,1789653613114,1789653622503,9392,782,185022,CONFIRMED,
2576,0xbDA5747bFD65F08deb54cb465eB87D40e51B197E,2228,0x2228c8782f4b0b318958752cf00ac7449e208af2ddf085c1a0f239780e903bd5,1789653613127,1789653613131,1789653622504,9377,782,185010,CONFIRMED,
2577,0xdD2FD4581271e230360230F9337D5c0430Bf44C0,2228,0x9d584bf5a50c046ebff39b794763254fa23cb243bcd22225c8f9f778dbd5a022,1789653613129,1789653613132,1789653622506,9377,782,185022,CONFIRMED,
2578,0x8626f6940E2eb28930eFb4CeF49B2d1F2C9C1199,2228,0x47189f5f1696c8dd8ac98f4f95b34a9505f366198fdfb52b96e9aff43fbd19d4,1789653613142,1789653613146,1789653622508,9366,782,185022,CONFIRMED,
2579,0x09DB0a93B389bEF724429898f539AEB7ac2Dd55f,2228,0x970815be30f7d5af3180cf374ba4684d7c88fe5c61d29b03012490f4bfffef88,1789653613158,1789653613161,1789653622509,9351,782,185022,CONFIRMED,
2580,0x70997970C51812dc3A010C7d01b50e0d17dc79C8,2229,0xdcf7c046ab966ea453309bbda335aebd35fc34e27e840c1c0fb25c719e6aa31d,1789653613159,1789653613162,1789653622511,9352,782,185010,CONFIRMED,
2581,0x3C44CdDdB6a900fa2b585dd299e03d12FA4293BC,2229,0x835a8e9bc80ca26245ab13329f4c16cd099b31e0cc092912fb112e3c987de4f7,1789653613174,1789653613181,1789653622512,9338,782,185010,CONFIRMED,
2582,0x90F79bf6EB2c4f870365E785982E1f101E93b906,2229,0xfc611841d17a4c7972aad927656dd3b87c78c92cbf373e736e2e1312e4d9a1b2,1789653613179,1789653613187,1789653622513,9334,782,185022,CONFIRMED,
2583,0x15d34AAf54267DB7D7c367839AAf71A00a2C6A65,2229,0x69c58c003043f5067f32e01706ccded6a1117bcf2259148813ff63ef7f431849,1789653613190,1789653613197,1789653622514,9324,782,185022,CONFIRMED,
2584,0x9965507D1a55bcC2695C58ba16FB37d819B0A4dc,2229,0x530fdde8f94451a36888d3b9c019878310828d315626d7da3b73db0507d9bac2,1789653613206,1789653613213,1789653622515,9309,782,185010,CONFIRMED,
2585,0x976EA74026E726554dB657fA54763abd0C3a0aa9,2229,0x4ebfab69525ea862275701fa38dd2928cb443a6bcc59a9786eabf742b6c93f1e,1789653613209,1789653613215,1789653622517,9308,782,185022,CONFIRMED,
2586,0x14dC79964da2C08b23698B3D3cc7Ca32193d9955,2229,0xd8a65ecf0fe1e45950e4fe2b7efbd8fd81aed31fbf1a823ff809d0e89b2dd6c4,1789653613221,1789653613226,1789653622518,9297,782,185022,CONFIRMED,
2587,0x23618e81E3f5cdF7f54C3d65f7FBc0aBf5B21E8f,2229,0xe4c9b769dd2e717a44e9b7f2905ad40327af437604493a5716ff9decd817b142,1789653613238,1789653613744,1789653622518,9280,783,185022,CONFIRMED,
2588,0xa0Ee7A142d267C1f36714E4a8F75612F20a79720,2229,0x0b6228e1e89114081a6dfd7505eb38806ea3c48dce5c92672f5fa6f1de2c1e91,1789653613239,1789653613745,1789653622520,9281,783,185010,CONFIRMED,
2589,0xBcd4042DE499D14e55001CcbB24a551F3b954096,2229,0x38f54dbf3841fd8489ebf150ee4de1dfd0413e6d309431b5c9ebe5b65fbebe26,1789653613253,1789653613746,1789653622521,9268,783,185010,CONFIRMED,
2590,0x71bE63f3384f5fb98995898A86B02Fb2426c5788,2229,0xc8670b70126e56cc719392ab9641b78c1d779c9c84b90bc13823142058bd5ab0,1789653613268,1789653613747,1789653622522,9254,783,185022,CONFIRMED,
2591,0xFABB0ac9d68B0B445fB7357272Ff202C5651694a,2229,0xfd7ab112155efccd5d2e523c52901b4e634edac37161814eea9a66c7ff7b0413,1789653613269,1789653613747,1789653622524,9255,783,185022,CONFIRMED,
2592,0x1CBd3b2770909D4e10f157cABC84C7264073C9Ec,2229,0x4dc0fd9b1745f1d0ce19e2a251732a03daf833896ff273f1e3e67d206443dc35,1789653613284,1789653613748,1789653622525,9241,783,185010,CONFIRMED,
2593,0xdF3e18d64BC6A983f673Ab319CCaE4f1a57C7097,2229,0xa2494762903894b25157b83da6acb10ed78d86b1ceecdb2e3dc48d066fb15ace,1789653613300,1789653613749,1789653622527,9227,783,185022,CONFIRMED,
2594,0xcd3B766CCDd6AE721141F452C550Ca635964ce71,2229,0xe4d720f5240225992c1b1aae81303d665b59383cf5bcfc944e1370e9a61c8125,1789653613300,1789653613750,1789653622528,9228,783,185022,CONFIRMED,
2595,0x2546BcD3c84621e976D8185a91A922aE77ECEc30,2229,0xaca850384306a75dbd8303bd4cb63ecde0bfdfa2ac9df4a6bd44c6a4e07d6493,1789653613316,1789653613751,1789653622531,9215,783,185022,CONFIRMED,
2596,0xbDA5747bFD65F08deb54cb465eB87D40e51B197E,2229,0x5757e200f16f6169aed51bf92efab6447df4b47823898e65e6d1c7a79dc4d8d7,1789653613332,1789653613751,1789653622534,9202,783,185022,CONFIRMED,
2597,0xdD2FD4581271e230360230F9337D5c0430Bf44C0,2229,0xdd7bb5fb7775cfeb80b63204bcb6bc3000f0bc5550d6520104beafc6996e873c,1789653613332,1789653613752,1789653622536,9204,783,185022,CONFIRMED,
2598,0x8626f6940E2eb28930eFb4CeF49B2d1F2C9C1199,2229,0x974e6a67fcbaf7e9d2c5c7c51cb12f442349607bfb523a9f13e1dcce46b1d861,1789653613348,1789653613753,1789653622538,9190,783,185022,CONFIRMED,
2599,0x09DB0a93B389bEF724429898f539AEB7ac2Dd55f,2229,0x237e8ee4da910db67b3b97a8c859a2a3327862259756f55ca07976e425a5ff46,1789653613350,1789653613754,1789653622541,9191,783,185010,CONFIRMED,
2600,0x70997970C51812dc3A010C7d01b50e0d17dc79C8,2230,0x9bcdc2a05ff11dcfb2c5c36b96a337a317e45dcb9d3179d03c39f5d601f1ba54,1789653613364,1789653613755,1789653622543,9179,783,185010,CONFIRMED,
2601,0x3C44CdDdB6a900fa2b585dd299e03d12FA4293BC,2230,0xcb4c41082295fb68b08160cf2e3b29be9777bc25e5c5fbbddab6d6979eeadebc,1789653613379,1789653613757,1789653622544,9165,783,185010,CONFIRMED,
2602,0x90F79bf6EB2c4f870365E785982E1f101E93b906,2230,0x62d315658bbcc85769643ebd5f789785591468f1ca82adaef10b8de29e5a2b5a,1789653613380,1789653613758,1789653622546,9166,783,185022,CONFIRMED,
2603,0x15d34AAf54267DB7D7c367839AAf71A00a2C6A65,2230,0x7986ed71f1fa9e49bbcc15ae5acbeb1f2e7095443b2494350243d0addca444d2,1789653613395,1789653613759,1789653622547,9152,783,185010,CONFIRMED,
2604,0x9965507D1a55bcC2695C58ba16FB37d819B0A4dc,2230,0x264a2c0c6f7edb91769ce4a9ff6cd47d504f5a7a931481dbaa4dc1e8bcc09857,1789653613411,1789653613760,1789653622550,9139,783,185022,CONFIRMED,
2605,0x976EA74026E726554dB657fA54763abd0C3a0aa9,2230,0x61904ae8cb960dbb39db2d1d76b353db9cad297f1137b6f9976714dd24b33e31,1789653613411,1789653613761,1789653622552,9141,783,185022,CONFIRMED,
2606,0x14dC79964da2C08b23698B3D3cc7Ca32193d9955,2230,0x2f46b40b4a3db5b749da81f166614a2836237709cf4964502f3838b1b6a76cc1,1789653613427,1789653613761,1789653622554,9127,783,185010,CONFIRMED,
2607,0x23618e81E3f5cdF7f54C3d65f7FBc0aBf5B21E8f,2230,0x95aca3d89b6a20eb66b24b4b99bc3a9390d97a3a81fd285f40914febabcdab06,1789653613429,1789653613776,1789653622555,9126,783,185010,CONFIRMED,
2608,0xa0Ee7A142d267C1f36714E4a8F75612F20a79720,2230,0x02350d8a6b8252a6b0d73590576183bc1c410b3cf172bb31cc9defed8ededf92,1789653613443,1789653613778,1789653622557,9114,783,185010,CONFIRMED,
2609,0xBcd4042DE499D14e55001CcbB24a551F3b954096,2230,0xac649ab99b9da7af459baf5b65f034038c92d254180e3f0d5855aa94feed7749,1789653613459,1789653613780,1789653622559,9100,783,185010,CONFIRMED,
2610,0x71bE63f3384f5fb98995898A86B02Fb2426c5788,2230,0xab7d09e61c4925da5e9857d6ba20c5ae5e9c365abdf1fa112002512215948ae1,1789653613459,1789653613782,1789653622561,9102,783,185022,CONFIRMED,
2611,0xFABB0ac9d68B0B445fB7357272Ff202C5651694a,2230,0xeb269787f58ff5e52529ad6673407e606b29c7b1273cd7bbc694c972a7a6ad8d,1789653613475,1789653613783,1789653622562,9087,783,185010,CONFIRMED,
2612,0x1CBd3b2770909D4e10f157cABC84C7264073C9Ec,2230,0xe1c55ad186c15f4233e27c809bd46af1522cfc0fcb01a7c50bfc0147f9fa93f7,1789653613489,1789653613784,1789653622565,9076,783,185022,CONFIRMED,
2613,0xdF3e18d64BC6A983f673Ab319CCaE4f1a57C7097,2230,0x1789605a6e9c48ec90df8b769fded3b9bca32a78507dc92b933b821bebcc0038,1789653613489,1789653613785,1789653622567,9078,783,185022,CONFIRMED,
2614,0xcd3B766CCDd6AE721141F452C550Ca635964ce71,2230,0x74b5e20e18003d13d9bce3ef21c71780f93d902cf4b6bf773a87c212e2b62d1b,1789653613500,1789653613786,1789653622568,9068,783,185010,CONFIRMED,
2615,0x2546BcD3c84621e976D8185a91A922aE77ECEc30,2230,0xdde4365af6f55ba0b2467b762bfbef29f6e0aea23b93bae04615b6e0dcc36faf,1789653613514,1789653613787,1789653622569,9055,783,185022,CONFIRMED,
2616,0xbDA5747bFD65F08deb54cb465eB87D40e51B197E,2230,0x09965dd6edc58efb7fd23627ed6788d1c5851de693278aaabbe577899523eded,1789653613530,1789653613788,1789653622570,9040,783,185022,CONFIRMED,
2617,0xdD2FD4581271e230360230F9337D5c0430Bf44C0,2230,0x4de2560f732b58ac2467470d6452931b8bc770213d0c2f00562beed408440b12,1789653613530,1789653613790,1789653622571,9041,783,185010,CONFIRMED,
2618,0x8626f6940E2eb28930eFb4CeF49B2d1F2C9C1199,2230,0xf918e69e8b1692ac39650515003f71840e50544d293e3d790aafc498dfb6fcbd,1789653613545,1789653613792,1789653622573,9028,783,185010,CONFIRMED,
2619,0x09DB0a93B389bEF724429898f539AEB7ac2Dd55f,2230,0x2388f4278b5c18eef1f6c369ae7e1708cd0f7344377aca3b09776c15213afb85,1789653613561,1789653613793,1789653622575,9014,783,185010,CONFIRMED,
2620,0x70997970C51812dc3A010C7d01b50e0d17dc79C8,2231,0xe63f42850be17b524ee58a89e18496871cb3f3eeca4693b179b701e533e6524c,1789653613561,1789653613793,1789653622576,9015,783,185010,CONFIRMED,
2621,0x3C44CdDdB6a900fa2b585dd299e03d12FA4293BC,2231,0x766846c5477aec5ec13f9e563b102c57018373d5a092a4d085a8cf8f52364ce1,1789653613577,1789653613794,1789653622577,9000,783,185010,CONFIRMED,
2622,0x90F79bf6EB2c4f870365E785982E1f101E93b906,2231,0x113e8b2e6b897656e74ca58dacc5d2df1f4ad6ea29d14150a95d7f10cf3cad68,1789653613593,1789653613795,1789653622578,8985,783,185022,CONFIRMED,
2623,0x15d34AAf54267DB7D7c367839AAf71A00a2C6A65,2231,0xfaf91cd4c99c4da1e2595d68d45105cd3969f213e661f68ddb6846687b446d84,1789653613593,1789653613796,1789653622580,8987,783,185022,CONFIRMED,
2624,0x9965507D1a55bcC2695C58ba16FB37d819B0A4dc,2231,0x4f3b759cb067fba1ee119ff98136aa878edc833286435869093cfb83fec93f60,1789653613609,1789653613796,1789653622584,8975,783,185010,CONFIRMED,
2625,0x976EA74026E726554dB657fA54763abd0C3a0aa9,2231,0x9a77c681b52b6b12cb14151933d1294563e316728b2a687707a3516366a6c5e0,1789653613609,1789653613796,1789653622585,8976,783,185010,CONFIRMED,
2626,0x14dC79964da2C08b23698B3D3cc7Ca32193d9955,2231,0x7f586309ef8a8ea66db31c237374e7edca27c39107c7a57c604b79904db7e0c3,1789653613625,1789653613797,1789653622587,8962,783,185010,CONFIRMED,
2627,0x23618e81E3f5cdF7f54C3d65f7FBc0aBf5B21E8f,2231,0xdd9c5b465bad3395d2fd91c8e2a89d7363177d384f8f8d68dc24edbbb2a219c2,1789653613641,1789653613805,1789653622589,8948,783,185010,CONFIRMED,
2628,0xa0Ee7A142d267C1f36714E4a8F75612F20a79720,2231,0xc535197c5e8eea9f1468a4151dee07f23173715b26591ea00d159e1dc7babd43,1789653613641,1789653613806,1789653622591,8950,783,185010,CONFIRMED,
2629,0xBcd4042DE499D14e55001CcbB24a551F3b954096,2231,0xd5244eaa7422c233e27659b797a799551dfc3da56681e708cb782760dfdabc9d,1789653613657,1789653613806,1789653622593,8936,783,185010,CONFIRMED,
2630,0x71bE63f3384f5fb98995898A86B02Fb2426c5788,2231,0xca7231edaafcb8133092b3b76e81cda9f10f83723bc22d5833231f20fccad5ce,1789653613673,1789653613806,1789653622594,8921,783,185010,CONFIRMED,
2631,0xFABB0ac9d68B0B445fB7357272Ff202C5651694a,2231,0xaf4d4ad3a28e29ff9528294f45bf9268aaf487955078c46b27dbdf9fb169ff26,1789653613673,1789653613807,1789653622595,8922,783,185022,CONFIRMED,
2632,0x1CBd3b2770909D4e10f157cABC84C7264073C9Ec,2231,0x75a15ba1f587dee5a7303c6c24ae176116aab20ef3abaa440b75cb1b34a43182,1789653613688,1789653613808,1789653622596,8908,783,185022,CONFIRMED,
2633,0xdF3e18d64BC6A983f673Ab319CCaE4f1a57C7097,2231,0xf54c1e497eeecbd69ae37c5f496ed643c0e11e4483d4bf3428c0416e16d09a39,1789653613689,1789653613808,1789653622598,8909,783,185022,CONFIRMED,
2634,0xcd3B766CCDd6AE721141F452C550Ca635964ce71,2231,0x74109482dded644277d81456f81bf5bf2680b0703fc1c7bd142317e02fed828d,1789653613704,1789653613809,1789653622599,8895,783,185022,CONFIRMED,
2635,0x2546BcD3c84621e976D8185a91A922aE77ECEc30,2231,0x21e60b947b7c3db693fa4ba9a5fe62d791dfdf477316ecfb0681b95373c9ac89,1789653613720,1789653613810,1789653622600,8880,783,185022,CONFIRMED,
2636,0xbDA5747bFD65F08deb54cb465eB87D40e51B197E,2231,0x5e2d237c23cc00f9d1787187a2bb87487cafdb8b69e2b3aa38db56d3a228c5b9,1789653613720,1789653613810,1789653622601,8881,783,185022,CONFIRMED,
2637,0xdD2FD4581271e230360230F9337D5c0430Bf44C0,2231,0x516d2d9ff28421979faae3fdd928ef23263282aba5f8cf2ce9f91ae224d5e520,1789653613731,1789653613810,1789653622603,8872,783,185010,CONFIRMED,
2638,0x8626f6940E2eb28930eFb4CeF49B2d1F2C9C1199,2231,0x903eab2c43af733bf72a00babe3ff73403a7ba4594404447f6b3e358560f904a,1789653613739,1789653613810,1789653622604,8865,783,185022,CONFIRMED,
2639,0x09DB0a93B389bEF724429898f539AEB7ac2Dd55f,2231,0xad025e89900f7b43954b720b35cb4cc44966ee01771cb6fb1dd7634eb966474d,1789653613755,1789653613810,1789653622605,8850,783,185022,CONFIRMED,
2640,0x70997970C51812dc3A010C7d01b50e0d17dc79C8,2232,0x6ff6ced82dc101121076f73ba7ee2dfd361199167ebcdff046f915e57a2e8b12,1789653613764,1789653613810,1789653622607,8843,783,185010,CONFIRMED,
2641,0x3C44CdDdB6a900fa2b585dd299e03d12FA4293BC,2232,0x40618c5d979a3c6bd1f402f1443a32b9a25de0d2020e4060f2170f0c0d0ea856,1789653613770,1789653613811,1789653622609,8839,783,185010,CONFIRMED,
2642,0x90F79bf6EB2c4f870365E785982E1f101E93b906,2232,0x6bca963bf4ac6cdf05425cbf66784e4db44578953bef52ec6064d6a4eceff39e,1789653613787,1789653613811,1789653622611,8824,783,185022,CONFIRMED,
2643,0x15d34AAf54267DB7D7c367839AAf71A00a2C6A65,2232,0xdb572ed6e7c73a12cccb6e8a69063afcfd98ced7785d6ce6c5c27ffdec5f9d0f,1789653613798,1789653613811,1789653622613,8815,783,185022,CONFIRMED,
2644,0x9965507D1a55bcC2695C58ba16FB37d819B0A4dc,2232,0x7b4420aa1a314f4764a4b086e03c46887a232d3505b2bf8feea5349d8930c435,1789653613802,1789653613812,1789653622615,8813,783,185022,CONFIRMED,
2645,0x976EA74026E726554dB657fA54763abd0C3a0aa9,2232,0x1b8141dee8b961b9671c84e3ae85ded072bb4eeb42b75e30d4ba726e66f89069,1789653613809,1789653613813,1789653622616,8807,783,185010,CONFIRMED,
2646,0x14dC79964da2C08b23698B3D3cc7Ca32193d9955,2232,0x2bed5a3c42f6b4d235a90e4a92088295ec4342ec82e7c6a2843702ad28c60178,1789653613832,1789653613836,1789653622617,8785,783,185022,CONFIRMED,
2647,0x23618e81E3f5cdF7f54C3d65f7FBc0aBf5B21E8f,2232,0x5bce089cb0ac1d3bb60402da68cb2f053ec3691e425ef644fb69f996b9c489ca,1789653613832,1789653613836,1789653622618,8786,783,185022,CONFIRMED,
2648,0xa0Ee7A142d267C1f36714E4a8F75612F20a79720,2232,0x3bbeb6872b41517e66316b8b91c51ddc39d885c93be0060ee3ce745488e6e049,1789653613847,1789653613856,1789653622619,8772,783,185010,CONFIRMED,
2649,0xBcd4042DE499D14e55001CcbB24a551F3b954096,2232,0x8674b3aadaec64a9da323573eb07cafca54fe138cd60717c20ba19fde4bbc4a0,1789653613851,1789653613859,1789653622620,8769,783,185010,CONFIRMED,
2650,0x71bE63f3384f5fb98995898A86B02Fb2426c5788,2232,0x805b6f6196c5011d83ce95e9aea0860891f65be6b08bc7a361cec025f5ed98ef,1789653613859,1789653613869,1789653622621,8762,783,185022,CONFIRMED,
2651,0xFABB0ac9d68B0B445fB7357272Ff202C5651694a,2232,0xaa56a09794fc242022208954027b0cc2c7ec535b36a553e14536a7d5ea233b15,1789653613869,1789653613879,1789653622623,8754,783,185010,CONFIRMED,
2652,0x1CBd3b2770909D4e10f157cABC84C7264073C9Ec,2232,0xecbee5f81c480b4d84d0fffc9c48a37a87d181e185856315e1555c547f24db29,1789653613879,1789653613888,1789653622624,8745,783,185022,CONFIRMED,
2653,0xdF3e18d64BC6A983f673Ab319CCaE4f1a57C7097,2232,0xb9691b4f25d27086576a8b39f526ef78d81a5a7953dfa264cbe07582d3dd90bc,1789653613894,1789653613903,1789653622626,8732,783,185022,CONFIRMED,
2654,0xcd3B766CCDd6AE721141F452C550Ca635964ce71,2232,0x7a9e412b6cdb72ec6911316c762a37474c3e4d83d0dbf6a577cd65beb0834e06,1789653613900,1789653613909,1789653622627,8727,783,185022,CONFIRMED,
2655,0x2546BcD3c84621e976D8185a91A922aE77ECEc30,2232,0x3c53b54842e5c3aa7410b95d66f3e3f1eb063d1d673015d3b0eff884b6d74b93,1789653613926,1789653613940,1789653622628,8702,783,185022,CONFIRMED,
2656,0xbDA5747bFD65F08deb54cb465eB87D40e51B197E,2232,0xe1b8668d423d42eddf8766375473111370553820fd5b06b56af775fc31a7f9cb,1789653613926,1789653613943,1789653622630,8704,783,185022,CONFIRMED,
2657,0xdD2FD4581271e230360230F9337D5c0430Bf44C0,2232,0x632cf4a6e351daaf0829891dca71fe2dc05e9600bb20b4acec5a95a4286b3300,1789653613929,1789653613943,1789653622634,8705,783,185022,CONFIRMED,
2658,0x8626f6940E2eb28930eFb4CeF49B2d1F2C9C1199,2232,0x465e63f87e2526ae66db4e49d97a1666dd1507b1948ae675d9580ffb6fbfec71,1789653613940,1789653613949,1789653622635,8695,783,185022,CONFIRMED,
2659,0x09DB0a93B389bEF724429898f539AEB7ac2Dd55f,2232,0xe284643b9776a16f98c25ab46712282b5bb8050b2dddf576b106e7f3e2fb91b3,1789653613949,1789653613957,1789653622636,8687,783,185022,CONFIRMED,
2660,0x70997970C51812dc3A010C7d01b50e0d17dc79C8,2233,0xd157c8461a8d31bb9c81ce0386c6b12e6c6b77539a41f67f3e03ddf9ac9ea5b8,1789653613974,1789653613987,1789653622638,8664,783,185010,CONFIRMED,
2661,0x3C44CdDdB6a900fa2b585dd299e03d12FA4293BC,2233,0x457fd10084ef0b5aaa709b0cbc62d0208b44cd15373c19961fc94b62635385d8,1789653613974,1789653613992,1789653622640,8666,783,185010,CONFIRMED,
2662,0x90F79bf6EB2c4f870365E785982E1f101E93b906,2233,0xc9549d4b5139bf1a6e7b9dd7f4f5cb5a865bbf062a40b04ea299b5df42a6fb3e,1789653613980,1789653613992,1789653622641,8661,783,185022,CONFIRMED,
2663,0x15d34AAf54267DB7D7c367839AAf71A00a2C6A65,2233,0xa5721978987383ecd7b0cfdf12082c13f731a6794ab52d2cfc8c467fb2135898,1789653613988,1789653613997,1789653622643,8655,783,185022,CONFIRMED,
2664,0x9965507D1a55bcC2695C58ba16FB37d819B0A4dc,2233,0xd4a582b9c2f8529b19e1c562fb87cb353816cd215f6e73f9be48e2e3af355206,1789653614005,1789653614016,1789653622644,8639,783,185010,CONFIRMED,
2665,0x976EA74026E726554dB657fA54763abd0C3a0aa9,2233,0x1c544f78ca367e9d080e75bfad1308914e8cf5d1529b026044559efe98438359,1789653614011,1789653614019,1789653622645,8634,783,185022,CONFIRMED,
2666,0x14dC79964da2C08b23698B3D3cc7Ca32193d9955,2233,0xd9835ad7cc6eadfdf23bcf920c3fd59a89689fe480556989175845cf283a32cf,1789653614019,1789653614031,1789653622646,8627,783,185022,CONFIRMED,
2667,0x23618e81E3f5cdF7f54C3d65f7FBc0aBf5B21E8f,2233,0x2a22ef77b0a607dfeb7e5f171e19286838e8df8d8928217fcdddfb14e9dfef24,1789653614031,1789653614040,1789653622647,8616,783,185022,CONFIRMED,
2668,0xa0Ee7A142d267C1f36714E4a8F75612F20a79720,2233,0xcd3f891a87cc804d77bfe69c3ba6b16521136ee5fb6948401e110725f8358dd0,1789653614040,1789653614048,1789653622648,8608,783,185010,CONFIRMED,
2669,0xBcd4042DE499D14e55001CcbB24a551F3b954096,2233,0xde90b6d069b05de1baa3d5e0b77fb4c8b58d89223995776284313ec64b898551,1789653614049,1789653614057,1789653622649,8600,783,184998,CONFIRMED,
2670,0x71bE63f3384f5fb98995898A86B02Fb2426c5788,2233,0x3db8cb6321b5a925a8c3eb563733fa6351558288fb2cf31adec49084b618e6ee,1789653614069,1789653614081,1789653622650,8581,783,185010,CONFIRMED,
2671,0xFABB0ac9d68B0B445fB7357272Ff202C5651694a,2233,0xb3cdf2c111ae0d056f630b0e0333237e3b8ee7031acd49b2842381acdf27c82a,1789653614069,1789653614082,1789653622652,8583,783,185022,CONFIRMED,
2672,0x1CBd3b2770909D4e10f157cABC84C7264073C9Ec,2233,0x36b1bbde16edb11b98ba2a048852e45e5a34337a9d5ee060d44128b72d0efc84,1789653614079,1789653614086,1789653622652,8573,783,185010,CONFIRMED,
2673,0xdF3e18d64BC6A983f673Ab319CCaE4f1a57C7097,2233,0xd7737ed884d8dbe2dbc711fe7d89aa8cb770b9a23100aa7d6ede1090ff43c948,1789653614101,1789653614111,1789653622654,8553,783,185022,CONFIRMED,
2674,0xcd3B766CCDd6AE721141F452C550Ca635964ce71,2233,0x13ce6bd0d56e37db4cdcbca30ce97e2c726ee6444adcd4d40d7ee952dd027df0,1789653614101,1789653614113,1789653622655,8554,783,185022,CONFIRMED,
2675,0x2546BcD3c84621e976D8185a91A922aE77ECEc30,2233,0x9207ece4845a06a52a045724108383757c2211bd67be17473df69bfe3dd0e7ce,1789653614109,1789653614117,1789653622656,8547,783,184998,CONFIRMED,
2676,0xbDA5747bFD65F08deb54cb465eB87D40e51B197E,2233,0x5f7edfb9ad4510470465044f45e695ee90a8ff1bf30ea715b0a83f499212b78e,1789653614132,1789653614145,1789653622658,8526,783,185010,CONFIRMED,
2677,0xdD2FD4581271e230360230F9337D5c0430Bf44C0,2233,0xe2471846222be866c1042fe5fe7f7332ca5fbb98d2f27126fa40a71752130472,1789653614132,1789653614147,1789653622659,8527,783,185022,CONFIRMED,
2678,0x8626f6940E2eb28930eFb4CeF49B2d1F2C9C1199,2233,0x3d8ac6595e7e7751a2be23791398c0904246a525dc25a88a25ee6337dd5b6fc7,1789653614141,1789653614150,1789653622660,8519,783,185022,CONFIRMED,
2679,0x09DB0a93B389bEF724429898f539AEB7ac2Dd55f,2233,0xf864aaf58f041f534740127e6cea76a6ed54b769a086b98e00e2f5e5ba555dd3,1789653614150,1789653614162,1789653622662,8512,783,185022,CONFIRMED,
2680,0x70997970C51812dc3A010C7d01b50e0d17dc79C8,2234,0x4cd0657accaf020f2c112b3bc98b2d004593afc51743432a15cf391590cb646a,1789653614159,1789653614171,1789653622664,8505,783,185010,CONFIRMED,
2681,0x3C44CdDdB6a900fa2b585dd299e03d12FA4293BC,2234,0xc88d0808f025bd52146f58d4a85f9864a48ea119935e2d26681806926121e88c,1789653614171,1789653614186,1789653622667,8496,783,184998,CONFIRMED,
2682,0x90F79bf6EB2c4f870365E785982E1f101E93b906,2234,0x6cd550beb3913c4aae08e2e4729743d7fe6caa0c50717f0f2b20d53a310edfa1,1789653614180,1789653614191,1789653622668,8488,783,185022,CONFIRMED,
2683,0x15d34AAf54267DB7D7c367839AAf71A00a2C6A65,2234,0xd87d230ce6291d7158edd1f1422721ea8abb34bf956b78671f64c132ec8ebd82,1789653614191,1789653614203,1789653622670,8479,783,185022,CONFIRMED,
2684,0x9965507D1a55bcC2695C58ba16FB37d819B0A4dc,2234,0x8fa11c0f1b106d525b4ac173057abb99f62a129d88021d29a05f31fd6dff299f,1789653614200,1789653614213,1789653622671,8471,783,185022,CONFIRMED,
2685,0x976EA74026E726554dB657fA54763abd0C3a0aa9,2234,0xe11391270992f12f37dae0b38964b386330bc7d5f0ae4abd2b32dc30ca5a0882,1789653614209,1789653614220,1789653622673,8464,783,185010,CONFIRMED,
2686,0x14dC79964da2C08b23698B3D3cc7Ca32193d9955,2234,0x2a851af6291861ee2e01755ba690ea6262735b8534be7f434b9f54bd004066f1,1789653614220,1789653614234,1789653622675,8455,783,185022,CONFIRMED,
2687,0x23618e81E3f5cdF7f54C3d65f7FBc0aBf5B21E8f,2234,0x42ed17861cc836f6a96ca9bd6ac184da1c6d310420ee49040e2301a5073efd28,1789653614231,1789653614245,1789653622676,8445,783,185022,CONFIRMED,
2688,0xa0Ee7A142d267C1f36714E4a8F75612F20a79720,2234,0xcf209bd9d06f29349320e7fdcb0a68f4f384e0b0b2f9a9ea956a8cd3f10a6662,1789653614241,1789653614254,1789653622677,8436,783,185010,CONFIRMED,
2689,0xBcd4042DE499D14e55001CcbB24a551F3b954096,2234,0x61871683a683306cb0537d688351114dcd525dc9f9a4471664c80e25be48ba08,1789653614251,1789653614266,1789653622678,8427,783,185010,CONFIRMED,
2690,0x71bE63f3384f5fb98995898A86B02Fb2426c5788,2234,0xc12b3924fd265420cc7a2c39cc3c8c15c92fb007c4b082cafeae2f7568efb0da,1789653614259,1789653614279,1789653622679,8420,783,185022,CONFIRMED,
2691,0xFABB0ac9d68B0B445fB7357272Ff202C5651694a,2234,0xdf10eae001fdbd69efb905b30185726aa4d6958933cb1d29a642d9d8ee83a0a3,1789653614275,1789653614294,1789653622680,8405,783,185010,CONFIRMED,
2692,0x1CBd3b2770909D4e10f157cABC84C7264073C9Ec,2234,0x9eec0a1fe72d5566bd9eb106f82b17a5c05da266e1fe3e7feafe182d62ff0cd9,1789653614279,1789653614295,1789653622681,8402,783,185022,CONFIRMED,
2693,0xdF3e18d64BC6A983f673Ab319CCaE4f1a57C7097,2234,0x6c67366c792d94a2089944cf193f0ffa3738dff1cdc5977905c75ae28bef4f09,1789653614290,1789653614310,1789653622682,8392,783,185010,CONFIRMED,
2694,0xcd3B766CCDd6AE721141F452C550Ca635964ce71,2234,0xd44c0f19fc893b337169b7bf2a2140c1642bfc5cb99e5804a445164110d0f98d,1789653614301,1789653614325,1789653622683,8382,783,185022,CONFIRMED,
2695,0x2546BcD3c84621e976D8185a91A922aE77ECEc30,2234,0x017700be312bd55b61e5ded8d2007602798e1233d818c27a2bc4c56be280f8c9,1789653614310,1789653614326,1789653622684,8374,783,185022,CONFIRMED,
2696,0xbDA5747bFD65F08deb54cb465eB87D40e51B197E,2234,0x1e406ef48088dc7091fd5cffb060afc78607f5e43d55c13c1850b017f6234fab,1789653614320,1789653614335,1789653622685,8365,783,185010,CONFIRMED,
2697,0xdD2FD4581271e230360230F9337D5c0430Bf44C0,2234,0x07f6e263519fe66f9d189e65977a8efff132ba31e46bda96195e1c5a37eb98d6,1789653614331,1789653614344,1789653622686,8355,783,185022,CONFIRMED,
2698,0x8626f6940E2eb28930eFb4CeF49B2d1F2C9C1199,2234,0xb2cb82750f26198807fb9ef06c8edc136ff63f5b713d71c41ef6b36f03aacf37,1789653614340,1789653614353,1789653622687,8347,783,184998,CONFIRMED,
2699,0x09DB0a93B389bEF724429898f539AEB7ac2Dd55f,2234,0x79d33a7ae0d09cf01ec6e9c3ad227117740d2059dcbe9178eb64c09e68a00c5e,1789653614349,1789653614363,1789653622688,8339,783,185022,CONFIRMED,
2700,0x70997970C51812dc3A010C7d01b50e0d17dc79C8,2235,0x2c21f45304ff88c2b22cdfdb77d292e754efcf2845741af5d71c3fa108a9d865,1789653614360,1789653614374,1789653622690,8330,783,185010,CONFIRMED,
2701,0x3C44CdDdB6a900fa2b585dd299e03d12FA4293BC,2235,0x076218025fa78f3b1b69d44b587940c6667069b7e64f1d353b8db4b5ea9e403d,1789653614369,1789653614383,1789653622691,8322,783,184998,CONFIRMED,
2702,0x90F79bf6EB2c4f870365E785982E1f101E93b906,2235,0x69646c50ae9418ac1d686c9265db5f83f0d10eeb6d7d8fb7286e54b1dae994a7,1789653614380,1789653614394,1789653622692,8312,783,185010,CONFIRMED,
2703,0x15d34AAf54267DB7D7c367839AAf71A00a2C6A65,2235,0xc505cf99163f8d17c0dd18ecf77783f274ef5d3905cd19e14bcebe58ea097106,1789653614389,1789653614403,1789653622693,8304,783,185022,CONFIRMED,
2704,0x9965507D1a55bcC2695C58ba16FB37d819B0A4dc,2235,0xa42a28a8124bc4695c3ae6b061436063416121287252958329ad66dbc0dad8ed,1789653614400,1789653614413,1789653622695,8295,783,185022,CONFIRMED,
2705,0x976EA74026E726554dB657fA54763abd0C3a0aa9,2235,0x0b933f9ee90125ef37a8d48ccd7a2407229e1dadb532e204c14ca752e34e009d,1789653614410,1789653614422,1789653622698,8288,783,185010,CONFIRMED,
2706,0x14dC79964da2C08b23698B3D3cc7Ca32193d9955,2235,0x3a3d84f9a764ab08a943decb1936b55326bfc40b2b641af79cad3b2730bdf120,1789653614419,1789653614432,1789653622700,8281,783,185010,CONFIRMED,
2707,0x23618e81E3f5cdF7f54C3d65f7FBc0aBf5B21E8f,2235,0x567307147eef1c5d10c0aedfa0b7714e35f399f7df84088565da9e2fdb89604d,1789653614429,1789653614441,1789653622702,8273,783,185022,CONFIRMED,
2708,0xa0Ee7A142d267C1f36714E4a8F75612F20a79720,2235,0xa9121d51bce8f0dae9d76ee1c3cfbd17ad4dfa7d0950d0229365337d2d4298d2,1789653614442,1789653614458,1789653622703,8261,783,185010,CONFIRMED,
2709,0xBcd4042DE499D14e55001CcbB24a551F3b954096,2235,0xa07b967aa5383d4ab0df415f04da2e43d9fe6cccf6e545b61ba9834841250cfe,1789653614449,1789653614464,1789653622705,8256,783,185010,CONFIRMED,
2710,0x71bE63f3384f5fb98995898A86B02Fb2426c5788,2235,0xf470da838eca87446a0628d5c977164d016b0c30eba1e97995f9d4273c6c1c40,1789653614460,1789653614475,1789653622707,8247,783,185022,CONFIRMED,
2711,0xFABB0ac9d68B0B445fB7357272Ff202C5651694a,2235,0x0a415388c473ffce96c19d96f7f47d1f78398cf17b5e02f4019c3846c1ce2c44,1789653614470,1789653614486,1789653622708,8238,783,185022,CONFIRMED,
2712,0x1CBd3b2770909D4e10f157cABC84C7264073C9Ec,2235,0xb5f7c3eb4c78f9e71c3d1978fccca76f02f908e41585cc609ea237bace3dbefa,1789653614481,1789653614496,1789653622709,8228,783,185022,CONFIRMED,
2713,0xdF3e18d64BC6A983f673Ab319CCaE4f1a57C7097,2235,0x2ca62d2cee51f2ffb20609167f672a0041ee3a67c8f43d2a0cddd91d6bb9cd7c,1789653614492,1789653614507,1789653622711,8219,783,185022,CONFIRMED,
2714,0xcd3B766CCDd6AE721141F452C550Ca635964ce71,2235,0xd4a4ab8a909bf175e44bdfd57c2fa9060beae19a3f0f60c33350d4aa95a67326,1789653614502,1789653614514,1789653622712,8210,783,185022,CONFIRMED,
2715,0x2546BcD3c84621e976D8185a91A922aE77ECEc30,2235,0x1c31f90c79c4edc713cfb8c7ed478ad87724dda6812420360f8062e17c2abe9c,1789653614508,1789653614518,1789653622713,8205,783,185022,CONFIRMED,
2716,0xbDA5747bFD65F08deb54cb465eB87D40e51B197E,2235,0x536b9a27c2fbcb70efe4b4c6079f18dac37da2d2d6f0c38b07731a95bb9a610d,1789653614529,1789653614538,1789653622714,8185,783,185022,CONFIRMED,
2717,0xdD2FD4581271e230360230F9337D5c0430Bf44C0,2235,0x8704c8dc4ed7ffc4b376b493f1d2f669a6b7ea6d2773b7d02d86d798b6415656,1789653614529,1789653614541,1789653622715,8186,783,185010,CONFIRMED,
2718,0x8626f6940E2eb28930eFb4CeF49B2d1F2C9C1199,2235,0x43db31b29269a6546c75135b91ddc1c5b7e91dbc02fe841b35da337153c14e3d,1789653614539,1789653614546,1789653622716,8177,783,185022,CONFIRMED,
2719,0x09DB0a93B389bEF724429898f539AEB7ac2Dd55f,2235,0xbcffe10bba034a988eb27bf2a0dd7979f9adf25a7c45bd71966b00e4ab5e02ce,1789653614561,1789653614569,1789653622717,8156,783,185022,CONFIRMED,
2720,0x70997970C51812dc3A010C7d01b50e0d17dc79C8,2236,0xb4612c4cc612d493ee05a04b4fcfb87e79d40c331c629982f2e70631c4ced83d,1789653614561,1789653614571,1789653622718,8157,783,185010,CONFIRMED,
2721,0x3C44CdDdB6a900fa2b585dd299e03d12FA4293BC,2236,0x870830937ce1499e2face98da138ee567016c07a3bb5b84a25d9e42bf07b1446,1789653614569,1789653614578,1789653622719,8150,783,185010,CONFIRMED,
2722,0x90F79bf6EB2c4f870365E785982E1f101E93b906,2236,0x4426fdf9781bedbc578da66e928bea7426485eacc63df5fc49268bbace5b0fd7,1789653614592,1789653614615,1789653622720,8128,783,185010,CONFIRMED,
2723,0x15d34AAf54267DB7D7c367839AAf71A00a2C6A65,2236,0x0e3fcf5e93249a9bb9c0892e3aa388b44fbc4a03cdbd3bbd52be6e2fa2ca9621,1789653614592,1789653614616,1789653622721,8129,783,185022,CONFIRMED,
2724,0x9965507D1a55bcC2695C58ba16FB37d819B0A4dc,2236,0xfc5ef706967506503ae50933e89b141d2271f7157e54c4f29f59b6d53d4007a0,1789653614601,1789653614617,1789653622723,8122,783,185022,CONFIRMED,
2725,0x976EA74026E726554dB657fA54763abd0C3a0aa9,2236,0x61634f2bdc8f3f59d3693c276acb758999b9226315d3182b43551442f8c7d882,1789653614610,1789653614618,1789653622724,8114,783,185022,CONFIRMED,
2726,0x14dC79964da2C08b23698B3D3cc7Ca32193d9955,2236,0x5518e520c537317ca816b0217be49661d1a42c3aa2f2d98fba1e5eef7d0255d6,1789653614624,1789653614631,1789653622725,8101,783,185022,CONFIRMED,
2727,0x23618e81E3f5cdF7f54C3d65f7FBc0aBf5B21E8f,2236,0xdc25a95744f14db6218ca362d0d243b2b6693265f6339a53d0080056eee2fcaa,1789653614630,1789653614637,1789653622726,8096,783,185010,CONFIRMED,
2728,0xa0Ee7A142d267C1f36714E4a8F75612F20a79720,2236,0x8757759d7acecfa0233404507e34331a7e39cd302a9eec24b69f30a8a3a82eeb,1789653614640,1789653614647,1789653622727,8087,783,185010,CONFIRMED,
2729,0xBcd4042DE499D14e55001CcbB24a551F3b954096,2236,0x6cea966fa2dc919ca2fafe8652d2e329959a21a34f46afac3c18397009a7e266,1789653614656,1789653614662,1789653622729,8073,783,185010,CONFIRMED,
2730,0x71bE63f3384f5fb98995898A86B02Fb2426c5788,2236,0x8cd3c7a951742091d6f9c20f400a5c456efd2a4049cee8d34325b46a8d2a1dba,1789653614660,1789653614663,1789653622731,8071,783,185022,CONFIRMED,
2731,0xFABB0ac9d68B0B445fB7357272Ff202C5651694a,2236,0x727e1aed905792600cb8f3f892dcb816bc93957727708f53d7ad801e608ccfa2,1789653614672,1789653614677,1789653622734,8062,783,185022,CONFIRMED,
2732,0x1CBd3b2770909D4e10f157cABC84C7264073C9Ec,2236,0x96cfdff882e179738ae29b8c14c2b00f8b8baf73b8a49541b173351d1d0d2ccd,1789653614687,1789653614698,1789653622735,8048,783,185022,CONFIRMED,
2733,0xdF3e18d64BC6A983f673Ab319CCaE4f1a57C7097,2236,0x148f4c5f2b7a4cd4bfa6f18e497f8f9a7f3d545dc1dae53b0e040041028af47c,1789653614690,1789653614699,1789653622737,8047,783,185010,CONFIRMED,
2734,0xcd3B766CCDd6AE721141F452C550Ca635964ce71,2236,0x2c9d639d13b113f44ad413f0473acf7a5d02b0d6031a56812842eb9a58a0c054,1789653614699,1789653614707,1789653622738,8039,783,185022,CONFIRMED,
2735,0x2546BcD3c84621e976D8185a91A922aE77ECEc30,2236,0x2f9ccfce273739fd9cc6032a4b1edd6d431e5bd8fcae983168debef7c2684c2b,1789653614710,1789653614718,1789653622740,8030,783,185022,CONFIRMED,
2736,0xbDA5747bFD65F08deb54cb465eB87D40e51B197E,2236,0x3c6572b4fca8077de222b1424631858a4fedbbd31b722612704a38c022e3159a,1789653614721,1789653614732,1789653622741,8020,783,185010,CONFIRMED,
2737,0xdD2FD4581271e230360230F9337D5c0430Bf44C0,2236,0xca72de1d85d8e3144afd3e7e443e9b70ed083628f03c573518655b8eab6043b3,1789653614729,1789653614738,1789653622742,8013,783,185022,CONFIRMED,
2738,0x8626f6940E2eb28930eFb4CeF49B2d1F2C9C1199,2236,0x7e20de54273e31948e9d1da22ae15b675a9848790bf719fa14b1ca220d00e266,1789653614748,1789653614758,1789653622743,7995,783,185022,CONFIRMED,
2739,0x09DB0a93B389bEF724429898f539AEB7ac2Dd55f,2236,0xfe40ed9cb6dfbd941338335520ba06d43bd8bd955a09bb3175bd5b15bb123a68,1789653614751,1789653614759,1789653622744,7993,783,185022,CONFIRMED,
2740,0x70997970C51812dc3A010C7d01b50e0d17dc79C8,2237,0xa8b6237be2a51b5283fb1d74f68d36c41f3798630fcbaefd71b0d8b1cc0b66b7,1789653614759,1789653614768,1789653622745,7986,783,185010,CONFIRMED,
2741,0x3C44CdDdB6a900fa2b585dd299e03d12FA4293BC,2237,0xc0759143e86a2b7f72f08de10cc20e810d0510c20277c9343732e57a03f3cb40,1789653614780,1789653614792,1789653622747,7967,783,185010,CONFIRMED,
2742,0x90F79bf6EB2c4f870365E785982E1f101E93b906,2237,0xab520afbeea2a6090319685d065197e21ce193af143cdeb18c04a8e86089fc24,1789653614780,1789653614794,1789653622748,7968,783,185022,CONFIRMED,
2743,0x15d34AAf54267DB7D7c367839AAf71A00a2C6A65,2237,0xf1b6f9ed9687f8d1f32c69ebdb997e2ec16c70874a68eca4a0a309acb194d0f1,1789653614789,1789653614798,1789653622749,7960,783,185022,CONFIRMED,
2744,0x9965507D1a55bcC2695C58ba16FB37d819B0A4dc,2237,0x40aad29329ecfb59142c06537e09d7269fd3ad542ee86b8daa45fde1b032dfa9,1789653614812,1789653614828,1789653622750,7938,783,185022,CONFIRMED,
2745,0x976EA74026E726554dB657fA54763abd0C3a0aa9,2237,0xf98102649b07fdd4023b09cabb67c2b0728e88bdf0ecb631e1980873f584b936,1789653614812,1789653614835,1789653622751,7939,783,185022,CONFIRMED,
2746,0x14dC79964da2C08b23698B3D3cc7Ca32193d9955,2237,0xd4ccf0e0797298aa3ed5b47f097bfc89207eb75788f779601c9d752c94051e02,1789653614819,1789653614836,1789653622752,7933,783,185022,CONFIRMED,
2747,0x23618e81E3f5cdF7f54C3d65f7FBc0aBf5B21E8f,2237,0xe8bb7d09a6a182be23185da5f4f13c229246d2787367f99142c4b3d68e9e3acc,1789653614831,1789653614842,1789653622753,7922,783,185022,CONFIRMED,
2748,0xa0Ee7A142d267C1f36714E4a8F75612F20a79720,2237,0x8cb22f83ebdd3b30a6afe514eb59a443c549d70e03f692ad56c9b8428ff7e0a0,1789653614840,1789653614847,1789653622754,7914,783,185010,CONFIRMED,
2749,0xBcd4042DE499D14e55001CcbB24a551F3b954096,2237,0xb41990315fb0cf0d0b9b4c7e07a806c6ef62173ad50e9227cca447aedc63cfb2,1789653614859,1789653614866,1789653622754,7895,783,185010,CONFIRMED,
2750,0x71bE63f3384f5fb98995898A86B02Fb2426c5788,2237,0xdb89704fe59a0df274e3e93bb440d2fe805ca6fbcea2cb72f4fb1ca84dac28f8,1789653614859,1789653614867,1789653622756,7897,783,185022,CONFIRMED,
2751,0xFABB0ac9d68B0B445fB7357272Ff202C5651694a,2237,0x78514cfa09a78ecab2889a7c50def64cf3da909d120639bf5bcb84528027d657,1789653614875,1789653614882,1789653622757,7882,783,185022,CONFIRMED,
2752,0x1CBd3b2770909D4e10f157cABC84C7264073C9Ec,2237,0xfc32f1dc420feb81a5905f919df4ab38cd13e3f9fe855473c303c925562359f8,1789653614880,1789653614892,1789653622759,7879,783,185022,CONFIRMED,
2753,0xdF3e18d64BC6A983f673Ab319CCaE4f1a57C7097,2237,0xbc9afbd6b5a1fe4113b588c978ce37b09e72b7a51df332132c7ebecd3ade0412,1789653614892,1789653614899,1789653622760,7868,783,185022,CONFIRMED,
2754,0xcd3B766CCDd6AE721141F452C550Ca635964ce71,2237,0x679bd8844d0707e245e52a65b6ed86633c6c59b78679ac250d1a38476cc3cbfb,1789653614899,1789653614912,1789653622761,7862,783,185022,CONFIRMED,
2755,0x2546BcD3c84621e976D8185a91A922aE77ECEc30,2237,0xf93363ed974c2b67a7132c6e83821ee8fe39248c8ea408b93728298808e7f837,1789653614909,1789653614917,1789653622762,7853,783,185010,CONFIRMED,
2756,0xbDA5747bFD65F08deb54cb465eB87D40e51B197E,2237,0xf8f34e9b857ab57a3a76e6baba97204c3d25ca609dd1aa5d6d43fae6815cbc97,1789653614923,1789653614929,1789653622766,7843,783,185022,CONFIRMED,
2757,0xdD2FD4581271e230360230F9337D5c0430Bf44C0,2237,0x1de90fb5df20d9b8bf5ef3b9f18e99f324785acf0489e8d9c5a5f676055db3b2,1789653614929,1789653614942,1789653622767,7838,783,185022,CONFIRMED,
2758,0x8626f6940E2eb28930eFb4CeF49B2d1F2C9C1199,2237,0x299d64de15c7831a2ff9b8455d61a0e568336adcd7b41f9248143335128bdae9,1789653614939,1789653614946,1789653622769,7830,783,185010,CONFIRMED,
2759,0x09DB0a93B389bEF724429898f539AEB7ac2Dd55f,2237,0x8f79d15ac07a4a72e8572c172dd72f779279cbca751c9d139bd087a3107cf877,1789653614955,1789653614962,1789653622770,7815,783,185010,CONFIRMED,
2760,0x70997970C51812dc3A010C7d01b50e0d17dc79C8,2238,0xc3c18eaf2e06ae788f1192891503edd0d87d3fb5305911d9f58c20f1dc542090,1789653614958,1789653614965,1789653622771,7813,783,184998,CONFIRMED,
2761,0x3C44CdDdB6a900fa2b585dd299e03d12FA4293BC,2238,0xd447d2f43018e91a5e581efc87637704b49733e8d81efa7fa36b7e5404933474,1789653614970,1789653614982,1789653622773,7803,783,184998,CONFIRMED,
2762,0x90F79bf6EB2c4f870365E785982E1f101E93b906,2238,0x5a53399bd1c1d185dcfb7ea7da8849d5bc8767b7118a832d8f1719ccbcfb5ef7,1789653614980,1789653614986,1789653622775,7795,783,185022,CONFIRMED,
2763,0x15d34AAf54267DB7D7c367839AAf71A00a2C6A65,2238,0x3534e211a5187cb4b9b0fdd55f846541d21b164bdbc413ccb78d05efc55083c2,1789653615002,1789653615013,1789653622776,7774,783,185022,CONFIRMED,
2764,0x9965507D1a55bcC2695C58ba16FB37d819B0A4dc,2238,0x3928a8197405ffa8854dbd29504b5d62a2f600a9ee62705ab232206d1db9c4f0,1789653615002,1789653615015,1789653622777,7775,783,185022,CONFIRMED,
2765,0x976EA74026E726554dB657fA54763abd0C3a0aa9,2238,0x3272363229d1fda8d25c06a4bdf3b98b4eab83473b1f49f56759c68929324751,1789653615009,1789653615015,1789653622778,7769,783,185010,CONFIRMED,
2766,0x14dC79964da2C08b23698B3D3cc7Ca32193d9955,2238,0xecd2a265263410c3140bf36b9f28b7e710b7b17fc7b295805ced5f8ed02b3544,1789653615034,1789653615046,1789653622780,7746,783,185022,CONFIRMED,
2767,0x23618e81E3f5cdF7f54C3d65f7FBc0aBf5B21E8f,2238,0x9764f3061801493c465a0b0814d01c99b22729532d9e11ebcbd5b0d0b963c33c,1789653615034,1789653615047,1789653622781,7747,783,185010,CONFIRMED,
2768,0xa0Ee7A142d267C1f36714E4a8F75612F20a79720,2238,0x7388124c15b3397f9ec00cb1069017184bedf7813f4951aba202c78039014347,1789653615040,1789653615047,1789653622782,7742,783,185010,CONFIRMED,
2769,0xBcd4042DE499D14e55001CcbB24a551F3b954096,2238,0x77d62825625a5d57b6e632a474905458e37b2befab6cabad465452f08384f9a3,1789653615049,1789653615054,1789653622782,7733,783,184998,CONFIRMED,
2770,0x71bE63f3384f5fb98995898A86B02Fb2426c5788,2238,0xb218b5de6d9beef798a79bc402e4f37fdc924215645f012082e94702cabbbbc4,1789653615066,1789653615076,1789653622783,7717,783,185010,CONFIRMED,
2771,0xFABB0ac9d68B0B445fB7357272Ff202C5651694a,2238,0x5bb8a882a4a026f4c142e25d92ae8eb4dc489fc6ffc1e6226d4c3a5011d4bf42,1789653615071,1789653615078,1789653622784,7713,783,185022,CONFIRMED,
2772,0x1CBd3b2770909D4e10f157cABC84C7264073C9Ec,2238,0x20a6f368ca432948977e736d4e68e28a4a35f3f13dc3efb2af359bfc724777ca,1789653615081,1789653615086,1789653622785,7704,783,185010,CONFIRMED,
2773,0xdF3e18d64BC6A983f673Ab319CCaE4f1a57C7097,2238,0xd25f664920bb28af11a9996633f90812b3e0cc31b48f9039f324ba4b073d9fdf,1789653615097,1789653615107,1789653622786,7689,783,185022,CONFIRMED,
2774,0xcd3B766CCDd6AE721141F452C550Ca635964ce71,2238,0x0a614caa4c13e31d6e80d235faba5f57fab94a1315bed0ba39ed970813e8e97e,1789653615101,1789653615110,1789653622787,7686,783,185022,CONFIRMED,
2775,0x2546BcD3c84621e976D8185a91A922aE77ECEc30,2238,0x9464574ec48f4a23f86404ee7ca88aca520f5ec89caaae5a36bb7231359be2ec,1789653615110,1789653615115,1789653622788,7678,783,185022,CONFIRMED,
2776,0xbDA5747bFD65F08deb54cb465eB87D40e51B197E,2238,0x4a92e51b3b5afd54e1015408fea54f0febb9f6b2a28c3b0ee8eaf29ebdb4edb4,1789653615129,1789653615143,1789653622789,7660,783,185022,CONFIRMED,
2777,0xdD2FD4581271e230360230F9337D5c0430Bf44C0,2238,0x8bbb862dfc25f98d528d5d6acf848a3f9d1acb2fb9daa3f84cf12bf23c6932d6,1789653615129,1789653615144,1789653622791,7662,783,185022,CONFIRMED,
2778,0x8626f6940E2eb28930eFb4CeF49B2d1F2C9C1199,2238,0xc19a42ddbb3c3f0c4c6b3f1df8004196880049fb95d39c60e11aa1610a45efb6,1789653615140,1789653615148,1789653622793,7653,783,185010,CONFIRMED,
2779,0x09DB0a93B389bEF724429898f539AEB7ac2Dd55f,2238,0x73652de083bfa4f8560619321cc45e960b843ae5b2b581e0a2a8f287de9f1be3,1789653615161,1789653615170,1789653622794,7633,783,185010,CONFIRMED,
2780,0x70997970C51812dc3A010C7d01b50e0d17dc79C8,2239,0x804d8a79fad204f0f9c8b3093bd963e6110a864097405bf03dd6aee33cb54e2a,1789653615161,1789653615171,1789653622795,7634,783,185010,CONFIRMED,
2781,0x3C44CdDdB6a900fa2b585dd299e03d12FA4293BC,2239,0xbe40d21c962c4579604bb043e32c783488109b8ef0e3f98c3a74b58c1c7aa77a,1789653615169,1789653615175,1789653622797,7628,783,185010,CONFIRMED,
2782,0x90F79bf6EB2c4f870365E785982E1f101E93b906,2239,0xb96fbecc70b859a917af08d93f72d8ba05773180a6b670edb39c7c82733fbc49,1789653615193,1789653615201,1789653622800,7607,783,185022,CONFIRMED,
2783,0x15d34AAf54267DB7D7c367839AAf71A00a2C6A65,2239,0x0b2a3e9ae3b4e1e5c8b359ea8f509038276d9022fe6f9dfb1275f2c87a18d38c,1789653615193,1789653615203,1789653622802,7609,783,185010,CONFIRMED,
2784,0x9965507D1a55bcC2695C58ba16FB37d819B0A4dc,2239,0x716aaa3699796b1f36742ca31bf87b1ada34f0ea8dfa24b8b51cf749633cea07,1789653615199,1789653615211,1789653622803,7604,783,185022,CONFIRMED,
2785,0x976EA74026E726554dB657fA54763abd0C3a0aa9,2239,0x7829d740e17b7bbbcd74725ed0546274f306cfae6017ca9cb513e61571f1bf0b,1789653615211,1789653615219,1789653622804,7593,783,185022,CONFIRMED,
2786,0x14dC79964da2C08b23698B3D3cc7Ca32193d9955,2239,0xa6d45836dd59efd7bcb17e0334b4f070e6079c86ae1d9dbabd80da5a3444ca3f,1789653615219,1789653615230,1789653622806,7587,783,185022,CONFIRMED,
2787,0x23618e81E3f5cdF7f54C3d65f7FBc0aBf5B21E8f,2239,0xac8b6bb856092e5a00b2401daaeb21ee34427434fb88fc9a7a2b6d5a2e2f2cd8,1789653615230,1789653615236,1789653622808,7578,783,185022,CONFIRMED,
2788,0xa0Ee7A142d267C1f36714E4a8F75612F20a79720,2239,0xf24dd355cd3e04cf2f81d95e39831d12d1cbd8a0745f6d435da1c5186d5df98c,1789653615240,1789653615688,1789653622810,7570,784,185010,CONFIRMED,
2789,0xBcd4042DE499D14e55001CcbB24a551F3b954096,2239,0x0cd941e51d2f2f73dab114f10a04126b4b5eae33ab5c5a8c26d0fdd4267d2b26,1789653615256,1789653615690,1789653622811,7555,784,185010,CONFIRMED,
2790,0x71bE63f3384f5fb98995898A86B02Fb2426c5788,2239,0x55619ee22946c3bbf788939252100f1821967759dfedd7c887eb7671c96a6c47,1789653615259,1789653615691,1789653622812,7553,784,185010,CONFIRMED,
2791,0xFABB0ac9d68B0B445fB7357272Ff202C5651694a,2239,0xdf916d08ccb5a4ee51be3664aacb89958437ce2098e2da8c9f0e28681e4cf0d9,1789653615271,1789653615692,1789653622815,7544,784,185022,CONFIRMED,
2792,0x1CBd3b2770909D4e10f157cABC84C7264073C9Ec,2239,0x6799b0ecd84ed56e4130d286a08278f72f5ae97807365c6c12ba3de138bb863d,1789653615287,1789653615693,1789653622819,7532,784,185022,CONFIRMED,
2793,0xdF3e18d64BC6A983f673Ab319CCaE4f1a57C7097,2239,0x3806b01d18bb054f5df01d18ffbae049a6692c5dbda7832648af796b97252330,1789653615293,1789653615694,1789653622820,7527,784,185022,CONFIRMED,
2794,0xcd3B766CCDd6AE721141F452C550Ca635964ce71,2239,0x9b4a4808d198d86637b82e16f0ae417ab95630b873dd04d99883478d5d712cfe,1789653615303,1789653615696,1789653622822,7519,784,185022,CONFIRMED,
2795,0x2546BcD3c84621e976D8185a91A922aE77ECEc30,2239,0x0356bb1e506e2caf30d86f1553da7e211853507a5605056f05e24d25f2edc9c2,1789653615319,1789653615697,1789653622825,7506,784,185022,CONFIRMED,
2796,0xbDA5747bFD65F08deb54cb465eB87D40e51B197E,2239,0xd8438beeded23b7de7f35809fd5952c95fe3b75e21c88bbfea380cea175f7d72,1789653615319,1789653615698,1789653622826,7507,784,185010,CONFIRMED,
2797,0xdD2FD4581271e230360230F9337D5c0430Bf44C0,2239,0x1bc1f42d7afaf8992dcec294b0e8cd54f29a74ca002d0354a95b3206787583d8,1789653615334,1789653615699,1789653622827,7493,784,185022,CONFIRMED,
2798,0x8626f6940E2eb28930eFb4CeF49B2d1F2C9C1199,2239,0x76e839c6f062aaab808b62e7c94a01fe822e1374a415ada326dc29e46084c2d4,1789653615350,1789653615701,1789653622831,7481,784,185010,CONFIRMED,
2799,0x09DB0a93B389bEF724429898f539AEB7ac2Dd55f,2239,0x371d8ae46caeff371565236f501fbfdabc2e094e6bf21e962a3727e39a05959f,1789653615350,1789653615703,1789653622832,7482,784,185010,CONFIRMED,
2800,0x70997970C51812dc3A010C7d01b50e0d17dc79C8,2240,0x7594ffb1a1f6ad3b7736fd49e3b480c883130ae096d18883f8721bba69a0222e,1789653615366,1789653615707,1789653622834,7468,784,185010,CONFIRMED,
2801,0x3C44CdDdB6a900fa2b585dd299e03d12FA4293BC,2240,0xd092d6fa262b784aae2c7bb3a8b8f6a466fa9b13c8094a982da24c0a79942497,1789653615382,1789653615709,1789653622835,7453,784,185010,CONFIRMED,
2802,0x90F79bf6EB2c4f870365E785982E1f101E93b906,2240,0xe005c143f4c92f5ed0c8ed6728718e337ff8bec66a3bc1169c9422ad02196ae6,1789653615382,1789653615711,1789653622836,7454,784,185010,CONFIRMED,
2803,0x15d34AAf54267DB7D7c367839AAf71A00a2C6A65,2240,0xa9ba5d9a85458ff339b53b9df7dcd9840b0e3da6240a674bcf49d417af3803a9,1789653615398,1789653615712,1789653622837,7439,784,185022,CONFIRMED,
2804,0x9965507D1a55bcC2695C58ba16FB37d819B0A4dc,2240,0x127f7dba5793feabe5326ad5a41483bc9fcfb57f05008aff2b31896065c8d5ea,1789653615400,1789653615713,1789653622838,7438,784,185022,CONFIRMED,
2805,0x976EA74026E726554dB657fA54763abd0C3a0aa9,2240,0x36dc500e4291b720e9aceeae65269118c7e2724e63839c8652b1650d15385bc8,1789653615414,1789653615714,1789653622840,7426,784,185022,CONFIRMED,
2806,0x14dC79964da2C08b23698B3D3cc7Ca32193d9955,2240,0x98a46d15832d9b9754ce4636576dda71f0256e99de7c12496911806b46e40f06,1789653615430,1789653615715,1789653622841,7411,784,185022,CONFIRMED,
2807,0x23618e81E3f5cdF7f54C3d65f7FBc0aBf5B21E8f,2240,0x9bf064e70ce0bbf9d489fea3ffa99253842cad1cce1103d722fd211da78ef6d8,1789653615430,1789653615716,1789653622843,7413,784,185022,CONFIRMED,
2808,0xa0Ee7A142d267C1f36714E4a8F75612F20a79720,2240,0xfa005e5991d80e2aebc9e2b71ae05c0d455f20122f9607447a0ff77c49f03610,1789653615445,1789653615728,1789653622844,7399,784,185010,CONFIRMED,
2809,0xBcd4042DE499D14e55001CcbB24a551F3b954096,2240,0x0589438857887fede295f0d2c36308156e98580bb93e64ce38e41da7dc5a4957,1789653615462,1789653615730,1789653622845,7383,784,185010,CONFIRMED,
2810,0x71bE63f3384f5fb98995898A86B02Fb2426c5788,2240,0x595eb9d3a38f3170df8b1d01064474d7bc1a9f6a14989560e61b420c6689938e,1789653615462,1789653615731,1789653622847,7385,784,185022,CONFIRMED,
2811,0xFABB0ac9d68B0B445fB7357272Ff202C5651694a,2240,0xd87f4dab191f04c6756ea7e4453c1ef140668b5c0df51df2fe1385c13ac95195,1789653615477,1789653615735,1789653622850,7373,784,185010,CONFIRMED,
2812,0x1CBd3b2770909D4e10f157cABC84C7264073C9Ec,2240,0x33ab5e301f43f2eff0764c77940db51bdb8b79ccae2b72e0d0e232101856c83c,1789653615493,1789653615739,1789653622853,7360,784,185022,CONFIRMED,
2813,0xdF3e18d64BC6A983f673Ab319CCaE4f1a57C7097,2240,0x08bd7aad9c22588c2b2241658c798e31c6096b74950e1a4c2667c237d914e06a,1789653615493,1789653615741,1789653622855,7362,784,185022,CONFIRMED,
2814,0xcd3B766CCDd6AE721141F452C550Ca635964ce71,2240,0xf3393dc7470e6e913b699b3d85e7609dbb18a72b79ea9edd6bd8e582fcddcb8c,1789653615509,1789653615743,1789653622857,7348,784,185010,CONFIRMED,
2815,0x2546BcD3c84621e976D8185a91A922aE77ECEc30,2240,0x5507b6bf8182035c19571056a266938e3b7cc77971ae7c959807d88bc1b4f058,1789653615509,1789653615744,1789653622860,7351,784,185022,CONFIRMED,
2816,0xbDA5747bFD65F08deb54cb465eB87D40e51B197E,2240,0xa3fc338461edecb4be27018c597ab0d7b943ce01873ec0594c08b927e7e0d935,1789653615525,1789653615746,1789653622862,7337,784,185022,CONFIRMED,
2817,0xdD2FD4581271e230360230F9337D5c0430Bf44C0,2240,0x23a2b1577fa1fc8173591ed1ea70eec5f0737dcda6ac34b36d3d491bf91029c1,1789653615541,1789653615747,1789653622863,7322,784,185022,CONFIRMED,
2818,0x8626f6940E2eb28930eFb4CeF49B2d1F2C9C1199,2240,0xf92eb4351a0f54a2c6a3165a60d7c06a83316c7b1535da8e4c06e55d6539deed,1789653615541,1789653615749,1789653622865,7324,784,185022,CONFIRMED,
2819,0x09DB0a93B389bEF724429898f539AEB7ac2Dd55f,2240,0x79312e830bf64c54cbf272aafbacae7b7db45c0cf091b0363b42dcced348ac29,1789653615557,1789653615749,1789653622866,7309,784,185022,CONFIRMED,
2820,0x70997970C51812dc3A010C7d01b50e0d17dc79C8,2241,0xd94413aa8bc85354a4a1a114324e3559150396efa2a22919e6ba3aeec7c0bfe7,1789653615573,1789653615749,1789653622867,7294,784,184998,CONFIRMED,
2821,0x3C44CdDdB6a900fa2b585dd299e03d12FA4293BC,2241,0x8c1fd0930af845834afc1e9e78523e5c7bcbb18d3faf70c396cdde68bb322c15,1789653615574,1789653615751,1789653622868,7294,784,185010,CONFIRMED,
2822,0x90F79bf6EB2c4f870365E785982E1f101E93b906,2241,0x5ff8714ed44ccb2f20a2c9fbbe411c263dbfa5c43003b050508e41f247134ca3,1789653615588,1789653615751,1789653622870,7282,784,185022,CONFIRMED,
2823,0x15d34AAf54267DB7D7c367839AAf71A00a2C6A65,2241,0x5b82449aa7ca730f303e182c7277285a7acc0225e0c9bc0f2ba549f1eccb3072,1789653615604,1789653615751,1789653622871,7267,784,185022,CONFIRMED,
2824,0x9965507D1a55bcC2695C58ba16FB37d819B0A4dc,2241,0x387900329c48aee370afc78255b3d5397b30dec81d63a30aae6a5f58066682af,1789653615604,1789653615752,1789653622872,7268,784,185010,CONFIRMED,
2825,0x976EA74026E726554dB657fA54763abd0C3a0aa9,2241,0x326013684ce5351636ef83430f6d5ef964a337098fbb7326d6550c6078f2c3d2,1789653615620,1789653615752,1789653622873,7253,784,185022,CONFIRMED,
2826,0x14dC79964da2C08b23698B3D3cc7Ca32193d9955,2241,0x043656008fbcd4d46c26b93bb1d182adbde8900e0d1796d7c746dd9dd7d368e6,1789653615620,1789653615752,1789653622875,7255,784,185022,CONFIRMED,
2827,0x23618e81E3f5cdF7f54C3d65f7FBc0aBf5B21E8f,2241,0xeaa1d97659426f4f7e7f54686cd2f4038734329f764a0556257a79222fcb3a8c,1789653615636,1789653615752,1789653622877,7241,784,185022,CONFIRMED,
2828,0xa0Ee7A142d267C1f36714E4a8F75612F20a79720,2241,0x1ffeb4452f083c98cf3a1922ad8a314f05dc067f31cb01ed81c3c68dac7f1521,1789653615652,1789653615762,1789653622880,7228,784,185010,CONFIRMED,
2829,0xBcd4042DE499D14e55001CcbB24a551F3b954096,2241,0x43a56cfe7fa322668ff6b86e46a58492352cc008e6496be4bba659f73b10a92b,1789653615652,1789653615762,1789653622882,7230,784,185010,CONFIRMED,
2830,0x71bE63f3384f5fb98995898A86B02Fb2426c5788,2241,0xbd1f53fc55539cbc85bb6e7e7f43417f1cbf57b6710b8efc92a603928b547bfb,1789653615669,1789653615762,1789653622883,7214,784,185022,CONFIRMED,
2831,0xFABB0ac9d68B0B445fB7357272Ff202C5651694a,2241,0xcefeb2fffa9be55ed68e4d091742a5cf6c1785a8fa9137968a5b7ee75d63f1eb,1789653615669,1789653615762,1789653622885,7216,784,185022,CONFIRMED,
2832,0x1CBd3b2770909D4e10f157cABC84C7264073C9Ec,2241,0x8470a202b5ab846cefde53b46145fe9e35d375a4c9b4bcf13f9b3efbad410927,1789653615679,1789653615762,1789653622886,7207,784,185010,CONFIRMED,
2833,0xdF3e18d64BC6A983f673Ab319CCaE4f1a57C7097,2241,0x4ddd13c8d6c07de6823339563aa81eb566f7a3a005f20d152bcb36913769b390,1789653615689,1789653615763,1789653622887,7198,784,185010,CONFIRMED,
2834,0xcd3B766CCDd6AE721141F452C550Ca635964ce71,2241,0x2188691d698d93b23cccc019fbd6347d9cc81b5981e110b83ac5c567f7c502a7,1789653615713,1789653615763,1789653622889,7176,784,185022,CONFIRMED,
2835,0x2546BcD3c84621e976D8185a91A922aE77ECEc30,2241,0x847cf131c3de6053b80c03089a67838c74317b669e9a437ddd0ffb4b1317cb2b,1789653615713,1789653615764,1789653622891,7178,784,185022,CONFIRMED,
2836,0xbDA5747bFD65F08deb54cb465eB87D40e51B197E,2241,0x38cb4d8c3ca60acda653e0fe594026cd957e208d979b3db86b01746b518fb4cf,1789653615721,1789653615764,1789653622892,7171,784,184998,CONFIRMED,
2837,0xdD2FD4581271e230360230F9337D5c0430Bf44C0,2241,0x4d92a35c32843305ee083df5994adfddcbfede161f3c4e17cf1fa542e5eefb58,1789653615731,1789653615765,1789653622894,7163,784,185022,CONFIRMED,
2838,0x8626f6940E2eb28930eFb4CeF49B2d1F2C9C1199,2241,0x09736aec2ff1951d787c3ee04cdb28045792fffec0629dd3754358279db589a6,1789653615749,1789653615765,1789653622895,7146,784,185022,CONFIRMED,
2839,0x09DB0a93B389bEF724429898f539AEB7ac2Dd55f,2241,0x5691541c211b9bc0d550df742529641f16bd31defcd6d28bf04553c3e58856b3,1789653615749,1789653615766,1789653622896,7147,784,185022,CONFIRMED,
2840,0x70997970C51812dc3A010C7d01b50e0d17dc79C8,2242,0x14ea300fec0ec24329a89dc7f9dcd0b4cebdbe8059df11221f0dd5595553a246,1789653615759,1789653615778,1789653622898,7139,784,185010,CONFIRMED,
2841,0x3C44CdDdB6a900fa2b585dd299e03d12FA4293BC,2242,0x3694fed96aed54c80e6c76df9cf3fbbcbf9ef22322f4c24a4f5c4cd0e52d59c8,1789653615769,1789653615782,1789653622900,7131,784,184998,CONFIRMED,
2842,0x90F79bf6EB2c4f870365E785982E1f101E93b906,2242,0xd80fc306ed6b2ec3aa5486f4a01fdee2b83659ed1dbb9bbd899fd9042dcc915e,1789653615779,1789653615788,1789653622903,7124,784,185022,CONFIRMED,
2843,0x15d34AAf54267DB7D7c367839AAf71A00a2C6A65,2242,0xbfd949c1e3fd6c6f71b5e6142017548ba1b7fd4fe48ffe7eb6e4ca73f59dffe5,1789653615788,1789653615793,1789653622907,7119,784,185022,CONFIRMED,
2844,0x9965507D1a55bcC2695C58ba16FB37d819B0A4dc,2242,0x49b3f653d13413033f5a9deec6840d16ba1c1ded285c8ef0067cc7e021d9e6bb,1789653615810,1789653615818,1789653622910,7100,784,185022,CONFIRMED,
2845,0x976EA74026E726554dB657fA54763abd0C3a0aa9,2242,0x905f137ca8e17a917219bd22b5d7bae64b53873fbb578298c3c59e81067fdb17,1789653615810,1789653615819,1789653622912,7102,784,185022,CONFIRMED,
2846,0x14dC79964da2C08b23698B3D3cc7Ca32193d9955,2242,0x4cb9cc9da186d400797a326f1088053e5e7d7464875dca9a323f579999b002eb,1789653615826,1789653615834,1789653622914,7088,784,185022,CONFIRMED,
2847,0x23618e81E3f5cdF7f54C3d65f7FBc0aBf5B21E8f,2242,0x5f0f724aba125eb313645b752236aed5ac617a9e8cc83b57aa7666d52e2751ca,1789653615830,1789653615841,1789653622916,7086,784,185022,CONFIRMED,
2848,0xa0Ee7A142d267C1f36714E4a8F75612F20a79720,2242,0xe7453159b4537659867bb6262b9ef2a622bd38012e9cd18999fbe8cd514ad037,1789653615841,1789653615849,1789653622917,7076,784,185010,CONFIRMED,
2849,0xBcd4042DE499D14e55001CcbB24a551F3b954096,2242,0x2e36c60a3650018c90235f61afe70e914898c778823a7b2de86f73c635310d42,1789653615849,1789653615854,1789653622918,7069,784,185010,CONFIRMED,
2850,0x71bE63f3384f5fb98995898A86B02Fb2426c5788,2242,0xfc082051751bc6494dea489ce423781ee0e83fce8efaca30408140536294f98a,1789653615874,1789653615880,1789653622919,7045,784,185022,CONFIRMED,
2851,0xFABB0ac9d68B0B445fB7357272Ff202C5651694a,2242,0x81b3588388705d6dc492e754dda1fd0ec5c2b1dc77a7767e9294edbf6486b294,1789653615874,1789653615882,1789653622920,7046,784,185022,CONFIRMED,
2852,0x1CBd3b2770909D4e10f157cABC84C7264073C9Ec,2242,0xca28da882c31739842bba6a45da6d4956876d7913b868193793a864de1777530,1789653615880,1789653615888,1789653622921,7041,784,185022,CONFIRMED,
2853,0xdF3e18d64BC6A983f673Ab319CCaE4f1a57C7097,2242,0x58479017d40ed04ff1064257107ef65a4093bb16c0cf85b91496355ce69c50e4,1789653615889,1789653615894,1789653622923,7034,784,185022,CONFIRMED,
2854,0xcd3B766CCDd6AE721141F452C550Ca635964ce71,2242,0xea027355c304b82cfcb669da1fded3054c9a40fc4d7991246b1f43b969a05c46,1789653615906,1789653615912,1789653622925,7019,784,185022,CONFIRMED,
2855,0x2546BcD3c84621e976D8185a91A922aE77ECEc30,2242,0x3191ed3e12ee731c054bcf234517ca91e009e00a0a50c278d059b06eae6adb9a,1789653615909,1789653615914,1789653622926,7017,784,185022,CONFIRMED,
2856,0xbDA5747bFD65F08deb54cb465eB87D40e51B197E,2242,0x4bd17c75c209135ee28e3564d9670a7f3a9250c8f6194fdc4aa1b79724134971,1789653615922,1789653615926,1789653622928,7006,784,185022,CONFIRMED,
2857,0xdD2FD4581271e230360230F9337D5c0430Bf44C0,2242,0x426ed4eda852e6b86c9eb90df2589fe609787fb3f9497697e789d9b4c02f13de,1789653615938,1789653615944,1789653622930,6992,784,185022,CONFIRMED,
2858,0x8626f6940E2eb28930eFb4CeF49B2d1F2C9C1199,2242,0x6d3e625c8d749d1c2b2f325144a2ad72c6b6bbc15cddbacd0f0fa13885e1b683,1789653615940,1789653615944,1789653622934,6994,784,185022,CONFIRMED,
2859,0x09DB0a93B389bEF724429898f539AEB7ac2Dd55f,2242,0x42d56103a79faa8e209c758272953978516bb3d145dae52697129310ba87b8cb,1789653615957,1789653615962,1789653622936,6979,784,185022,CONFIRMED,
2860,0x70997970C51812dc3A010C7d01b50e0d17dc79C8,2243,0x6fcb94f5db2c0f385b28479909ff8a7c4b26ea7132a6f6e8eff8b23a03db79c4,1789653615960,1789653615964,1789653622938,6978,784,184998,CONFIRMED,
2861,0x3C44CdDdB6a900fa2b585dd299e03d12FA4293BC,2243,0x18ad7130c3f6ebc416f48c85b465c841224464210f07454e5f72818a4dbb8f42,1789653615972,1789653615976,1789653622941,6969,784,185010,CONFIRMED,
2862,0x90F79bf6EB2c4f870365E785982E1f101E93b906,2243,0x9e6a2794f518761de5237dcc2b60cb9dbad25dc1a4f03844dca9443431197ee1,1789653615988,1789653615992,1789653622942,6954,784,185022,CONFIRMED,
2863,0x15d34AAf54267DB7D7c367839AAf71A00a2C6A65,2243,0x9bbe18582a5b56d4988ea2e3f6cf83c8a98fbdf99d315c2422e3d5efbba0488a,1789653615989,1789653615993,1789653622944,6955,784,185022,CONFIRMED,
2864,0x9965507D1a55bcC2695C58ba16FB37d819B0A4dc,2243,0x10cf0a36c7e765d9498ee60b8e0445166f3ba647292d0396360213f4a8115e44,1789653616004,1789653616009,1789653622945,6941,784,185010,CONFIRMED,
2865,0x976EA74026E726554dB657fA54763abd0C3a0aa9,2243,0x15dc45f961be647e3526b6fc179afb679d74dd5d59e8242216135e0c281dc8c2,1789653616010,1789653616016,1789653622947,6937,784,185022,CONFIRMED,
2866,0x14dC79964da2C08b23698B3D3cc7Ca32193d9955,2243,0x7226eb886f7ce37c4cc879951e3375e0e2eb59b857a8639322a6eb692b109ae5,1789653616019,1789653616028,1789653622948,6929,784,185022,CONFIRMED,
2867,0x23618e81E3f5cdF7f54C3d65f7FBc0aBf5B21E8f,2243,0x8fe53402bf673a9d612e7ebc33349441f63a5648f13de24e4a9305e119da2e4a,1789653616035,1789653616041,1789653622949,6914,784,185022,CONFIRMED,
2868,0xa0Ee7A142d267C1f36714E4a8F75612F20a79720,2243,0x723b5b76c8fea6670d4781102393d06f0b7bc16a5cc794c949ac29d4416b67c7,1789653616039,1789653616043,1789653622950,6911,784,185010,CONFIRMED,
2869,0xBcd4042DE499D14e55001CcbB24a551F3b954096,2243,0x1e01b32138b1b05506058be02b08e7797946d7e9c6e2b6fa891b3e680f1a0fc6,1789653616051,1789653616054,1789653622952,6901,784,185010,CONFIRMED,
2870,0x71bE63f3384f5fb98995898A86B02Fb2426c5788,2243,0xd62e025fd0dce8d7a95fa13cebcc73a6aeda6fda8c5c30277577487891655b04,1789653616067,1789653616074,1789653622953,6886,784,185022,CONFIRMED,
2871,0xFABB0ac9d68B0B445fB7357272Ff202C5651694a,2243,0x567f5d9268af7330105a2453f97cadbe0be527c998b77d554f54aae8eaddfb35,1789653616069,1789653616074,1789653622955,6886,784,185022,CONFIRMED,
2872,0x1CBd3b2770909D4e10f157cABC84C7264073C9Ec,2243,0xe2f4a54a60ac2f64ee2f72e75b879074aa990183f7f444f4957334d53e8e5da5,1789653616083,1789653616088,1789653622959,6876,784,185022,CONFIRMED,
2873,0xdF3e18d64BC6A983f673Ab319CCaE4f1a57C7097,2243,0x9d3a8e55752b3fb910017042a1f2a5cc070d3c233d05d1ea52066a0b78253f95,1789653616099,1789653616107,1789653622963,6864,784,185022,CONFIRMED,
2874,0xcd3B766CCDd6AE721141F452C550Ca635964ce71,2243,0x573e84a880f884c6483363b68767d1dae6c4453ded40206ce6a1de95ad32c0e2,1789653616099,1789653616107,1789653622964,6865,784,184986,CONFIRMED,
2875,0x2546BcD3c84621e976D8185a91A922aE77ECEc30,2243,0xa4fa117a9eb6aaadbb379ff606deeddc043b9a38ec68db9b3b2071043b6e975f,1789653616115,1789653616123,1789653622965,6850,784,185022,CONFIRMED,
2876,0xbDA5747bFD65F08deb54cb465eB87D40e51B197E,2243,0x74a552119a4a59dbbea1d2c06b80ffe810ddb1615df7608a131a313f4d32b3ee,1789653616119,1789653616125,1789653622967,6848,784,185022,CONFIRMED,
2877,0xdD2FD4581271e230360230F9337D5c0430Bf44C0,2243,0x9dad8421952ef43df42e05dbc9bf0cd60116e3d3d0c3c6b957182297f00a0283,1789653616131,1789653616139,1789653622968,6837,784,185010,CONFIRMED,
2878,0x8626f6940E2eb28930eFb4CeF49B2d1F2C9C1199,2243,0x3342795c62c7bd935fa0ceafd4f2040395fb910ed9b7b21260ed43963552f520,1789653616139,1789653616143,1789653622970,6831,784,185010,CONFIRMED,
2879,0x09DB0a93B389bEF724429898f539AEB7ac2Dd55f,2243,0xbf979dfc8297741b2a150d80cb47fb59c4b903928409f218f2cb74de198e0a07,1789653616162,1789653616169,1789653622971,6809,784,185010,CONFIRMED,
2880,0x70997970C51812dc3A010C7d01b50e0d17dc79C8,2244,0x2c8f31c9dbf3d979310907cc1d7c39fd61e74b19f258a213bcf8fdb1eac812b4,1789653616162,1789653616171,1789653622972,6810,784,185010,CONFIRMED,
2881,0x3C44CdDdB6a900fa2b585dd299e03d12FA4293BC,2244,0xb2a62428328e084c04cde01dbc90883bbb78358288e0ed3fb522a3053a7d31b1,1789653616170,1789653616177,1789653622973,6803,784,185010,CONFIRMED,
2882,0x90F79bf6EB2c4f870365E785982E1f101E93b906,2244,0x9f05ceaf42d55b1fe17205d4c9c6cc2f21f7d196b8ae033a2d77125e88594b7f,1789653616194,1789653616204,1789653622975,6781,784,185022,CONFIRMED,
2883,0x15d34AAf54267DB7D7c367839AAf71A00a2C6A65,2244,0x9e47709c3d5ddfc9e6dd5aa7f2199fed0c750ac4d979425aaa02254e170431a6,1789653616194,1789653616205,1789653622976,6782,784,185022,CONFIRMED,
2884,0x9965507D1a55bcC2695C58ba16FB37d819B0A4dc,2244,0x4c34aa2fa979791c0d2099fe200246763bad56505cf1c9c5473f68b78d7d3aa3,1789653616199,1789653616211,1789653622977,6778,784,185010,CONFIRMED,
2885,0x976EA74026E726554dB657fA54763abd0C3a0aa9,2244,0x6aae2a0bbd6f067b1b81d7d103d45f147c213e5d5d0f7ea3e582ccfcdfda6a15,1789653616209,1789653616216,1789653622978,6769,784,185022,CONFIRMED,
2886,0x14dC79964da2C08b23698B3D3cc7Ca32193d9955,2244,0x79df4ff43407a256db152b436d0fc92f38da55804a59b09a42d3ee477bfb8ce9,1789653616225,1789653616232,1789653622979,6754,784,185022,CONFIRMED,
2887,0x23618e81E3f5cdF7f54C3d65f7FBc0aBf5B21E8f,2244,0x8d32ded0431894ab00c387e2b1a751d4381429292592dd4a5129d95acc9607e0,1789653616230,1789653616237,1789653622980,6750,784,185022,CONFIRMED,
2888,0xa0Ee7A142d267C1f36714E4a8F75612F20a79720,2244,0xba5ec03556fd5664349cdc5b4846e4318501818c04e376718c42adec20459299,1789653616241,1789653616248,1789653622982,6741,784,184998,CONFIRMED,
2889,0xBcd4042DE499D14e55001CcbB24a551F3b954096,2244,0xbc45908542e60762a81c4701e0ffa0b5ddbde3de8dfb8505b76ad7796f2765f1,1789653616256,1789653616263,1789653622985,6729,784,185010,CONFIRMED,
2890,0x71bE63f3384f5fb98995898A86B02Fb2426c5788,2244,0xaa8c0d96fd6f075b426a0cffdbc16c064de5b241064fb3dae8ba98183dbab212,1789653616259,1789653616266,1789653622987,6728,784,185010,CONFIRMED,
2891,0xFABB0ac9d68B0B445fB7357272Ff202C5651694a,2244,0x6d9b5df379c77e8d3da7ea672d8fb1b4970e04f8ea06480dcdc74af18ee91b50,1789653616273,1789653616281,1789653622991,6718,784,185022,CONFIRMED,
2892,0x1CBd3b2770909D4e10f157cABC84C7264073C9Ec,2244,0x6a1d1a2abd07ad96c1fbf68ab59e19c206b1263936a1c0247ac0825a4cff2cbb,1789653616279,1789653616285,1789653622993,6714,784,185022,CONFIRMED,
2893,0xdF3e18d64BC6A983f673Ab319CCaE4f1a57C7097,2244,0x15611ef26d553d95dce1e82cae80063b41401a44726aad801ecaab86e09e2e3b,1789653616303,1789653616312,1789653622994,6691,784,185022,CONFIRMED,
2894,0xcd3B766CCDd6AE721141F452C550Ca635964ce71,2244,0x1b7baea8e0e9a262646308254608e1135763051aa5e695d33df1616eb2d0843b,1789653616303,1789653616313,1789653622996,6693,784,185022,CONFIRMED,
2895,0x2546BcD3c84621e976D8185a91A922aE77ECEc30,2244,0x7bfae96b0d72445c68e9201dd990c62ecb03db31e88cbd538a14847c57c15739,1789653616309,1789653616315,1789653622997,6688,784,185022,CONFIRMED,
2896,0xbDA5747bFD65F08deb54cb465eB87D40e51B197E,2244,0x01eba1b7f2e46371f9c2dafdb5b44198fbfd5dc90f62a269da3012c34d9a7a7f,1789653616320,1789653616327,1789653622998,6678,784,185022,CONFIRMED,
2897,0xdD2FD4581271e230360230F9337D5c0430Bf44C0,2244,0x741aeb51630a5d85056456c7efe1045271a478303fc136d2984ebc9c5f3235ad,1789653616336,1789653616346,1789653623000,6664,784,185022,CONFIRMED,
2898,0x8626f6940E2eb28930eFb4CeF49B2d1F2C9C1199,2244,0x01f7ba2d970384ff3e04a0386d54f7f6db7e95e2cc8335c7c710b5b69e1e381a,1789653616342,1789653616349,1789653623001,6659,784,185022,CONFIRMED,
2899,0x09DB0a93B389bEF724429898f539AEB7ac2Dd55f,2244,0xe50d73e537b5e70bd78eab1ce569913016b295ae818ecdb3696cefbc1f0908c9,1789653616349,1789653616356,1789653623002,6653,784,185022,CONFIRMED,
2900,0x70997970C51812dc3A010C7d01b50e0d17dc79C8,2245,0x1b9a485269062121a48fd87682678363df1b4e81a8f428da98cc45438646def3,1789653616367,1789653616386,1789653623003,6636,784,184998,CONFIRMED,
2901,0x3C44CdDdB6a900fa2b585dd299e03d12FA4293BC,2245,0x26b600974130aaff83264efe769773105accc95e2781e573d45acb30dd9d3da0,1789653616371,1789653616388,1789653623004,6633,784,185010,CONFIRMED,
2902,0x90F79bf6EB2c4f870365E785982E1f101E93b906,2245,0x42567b97506c9727d0ea5d88ec9bf70f4e37eb9a0c0044c89493d8218f9ec479,1789653616379,1789653616393,1789653623006,6627,784,185010,CONFIRMED,
2903,0x15d34AAf54267DB7D7c367839AAf71A00a2C6A65,2245,0x513be3915ce61e66cc5a806c9e11e140c114158080a74a2e94a1c8eb2fe0b941,1789653616389,1789653616400,1789653623007,6618,784,185010,CONFIRMED,
2904,0x9965507D1a55bcC2695C58ba16FB37d819B0A4dc,2245,0x9d14387050cf3616bab033465f3fb40f114ca900068a03250580bf817c2550e6,1789653616400,1789653616410,1789653623008,6608,784,184998,CONFIRMED,
2905,0x976EA74026E726554dB657fA54763abd0C3a0aa9,2245,0x5712637b7d868e9a3cbe94081f9d030b5d3c04c86b2f3f9dcd8f62d2aa1bd184,1789653616410,1789653616423,1789653623009,6599,784,185022,CONFIRMED,
2906,0x14dC79964da2C08b23698B3D3cc7Ca32193d9955,2245,0x0d0f4174a9daa6d38fc927f39306c22e74337db69270019c4e1faa16b2323d8d,1789653616420,1789653616428,1789653623010,6590,784,185022,CONFIRMED,
2907,0x23618e81E3f5cdF7f54C3d65f7FBc0aBf5B21E8f,2245,0x933761109d4d241414819b2e3f211b5931448e56b4b36e54e82d95859718a0a1,1789653616431,1789653616441,1789653623012,6581,784,185022,CONFIRMED,
2908,0xa0Ee7A142d267C1f36714E4a8F75612F20a79720,2245,0x2e8b6d5a76c72eb04c6f372ad8cd54d632e4f08839b89b337a4ddf9bdcf22cac,1789653616441,1789653616450,1789653623015,6574,784,185010,CONFIRMED,
2909,0xBcd4042DE499D14e55001CcbB24a551F3b954096,2245,0x87a647fc3555236145ec0963bc09c8503dcb79cd2ddf12d79e571026c5d5cd4e,1789653616450,1789653616456,1789653623017,6567,784,185010,CONFIRMED,
2910,0x71bE63f3384f5fb98995898A86B02Fb2426c5788,2245,0x6db66bb81bfd9a2a38a8dd1edf363af6e15e38c4f6b294d5a46ba48d94afecd1,1789653616462,1789653616469,1789653623019,6557,784,185022,CONFIRMED,
2911,0xFABB0ac9d68B0B445fB7357272Ff202C5651694a,2245,0x53d7e579cc742972d05eb35a8a2b12fdadfae59936fab823af2475cb2238c787,1789653616469,1789653616476,1789653623020,6551,784,185010,CONFIRMED,
2912,0x1CBd3b2770909D4e10f157cABC84C7264073C9Ec,2245,0xb164712f02c3b8608c056e52610eb4333b8b0f2ecf32cf4402d184b0e7b11310,1789653616494,1789653616503,1789653623021,6527,784,185022,CONFIRMED,
2913,0xdF3e18d64BC6A983f673Ab319CCaE4f1a57C7097,2245,0xdbb60e1605f899fc2cdee279ab3131345561e8806b9ad46cafec5a17b0c0e621,1789653616494,1789653616505,1789653623023,6529,784,185022,CONFIRMED,
2914,0xcd3B766CCDd6AE721141F452C550Ca635964ce71,2245,0xe490bf0f4f68faf90b00f840f7d65bb6d2c2538d16784d204c0b993c19eee2f6,1789653616499,1789653616506,1789653623025,6526,784,185022,CONFIRMED,
2915,0x2546BcD3c84621e976D8185a91A922aE77ECEc30,2245,0xacea7b90caae18e7d0f941abf9a5061ee55dc1430b0cd2bb60741e375cb16c52,1789653616510,1789653616514,1789653623026,6516,784,185022,CONFIRMED,
2916,0xbDA5747bFD65F08deb54cb465eB87D40e51B197E,2245,0x6cb271488efdbab6f939cf129acefe468bcdd33e91de22fb3609043c10c0aaeb,1789653616526,1789653616532,1789653623027,6501,784,185022,CONFIRMED,
2917,0xdD2FD4581271e230360230F9337D5c0430Bf44C0,2245,0xac310ece569faecbe374f55dddba69613239c404cfbb9e90ec0e208e584938d7,1789653616529,1789653616533,1789653623028,6499,784,184998,CONFIRMED,
2918,0x8626f6940E2eb28930eFb4CeF49B2d1F2C9C1199,2245,0x186234d315459fdad391fb4320991df59335a59af469a6183ff2ea67aa992734,1789653616541,1789653616548,1789653623030,6489,784,185010,CONFIRMED,
2919,0x09DB0a93B389bEF724429898f539AEB7ac2Dd55f,2245,0xefd1fa4e046b550a36159cc340fb60e0f9ef0d82262d58e4386b802e9c8e1c93,1789653616557,1789653616562,1789653623031,6474,784,185010,CONFIRMED,
2920,0x70997970C51812dc3A010C7d01b50e0d17dc79C8,2246,0x26829c6030acd6654b8314d49d3bc8c570f9ee35916c2c0bc2c7e2879271ef40,1789653616560,1789653616566,1789653623033,6473,784,185010,CONFIRMED,
2921,0x3C44CdDdB6a900fa2b585dd299e03d12FA4293BC,2246,0x4f23abd0cb55ebfff3247e63ffd98c2266702c790891402d34cb5841f60178ac,1789653616574,1789653616579,1789653623035,6461,784,185010,CONFIRMED,
2922,0x90F79bf6EB2c4f870365E785982E1f101E93b906,2246,0x35276216517391acf3563f7eabd1544444113215ae7473219adacf4d1d3deff1,1789653616579,1789653616583,1789653623036,6457,784,185022,CONFIRMED,
2923,0x15d34AAf54267DB7D7c367839AAf71A00a2C6A65,2246,0x448936a2541b2a68bd8890d6efbe4912198b0b045386f1debbf8043336eca9a7,1789653616589,1789653616595,1789653623038,6449,784,185022,CONFIRMED,
2924,0x9965507D1a55bcC2695C58ba16FB37d819B0A4dc,2246,0x343588ea4e8283d2b63b33822ac860182ad105d2a0c6dbcfc4a93463451927e1,1789653616605,1789653616612,1789653623040,6435,784,185022,CONFIRMED,
2925,0x976EA74026E726554dB657fA54763abd0C3a0aa9,2246,0x7c3187db3ac2cc1ab15a08105f0ccd7141b234c949c5c93ac274657caf63ae67,1789653616609,1789653616614,1789653623042,6433,784,185022,CONFIRMED,
2926,0x14dC79964da2C08b23698B3D3cc7Ca32193d9955,2246,0xf522e5b9aed38762bd6bba7b76a5cd42cc7fc87619af0ee6d0df7ee6f1bae119,1789653616621,1789653616626,1789653623044,6423,784,185022,CONFIRMED,
2927,0x23618e81E3f5cdF7f54C3d65f7FBc0aBf5B21E8f,2246,0x9929ff9db30c9d79d4ff095519cdb5f15279c1492f2749e4e8bce1733eea88b3,1789653616637,1789653616642,1789653623049,6412,784,185022,CONFIRMED,
2928,0xa0Ee7A142d267C1f36714E4a8F75612F20a79720,2246,0x22859508a205df62d9f39483b4f506168f730e683c5056cf3c7cb40b163fef7c,1789653616639,1789653616644,1789653623053,6414,784,185010,CONFIRMED,
2929,0xBcd4042DE499D14e55001CcbB24a551F3b954096,2246,0x8507fa28824b80a573fe2afe7cc80b40ae1a6418b83e4646b2492911aff7e429,1789653616653,1789653616659,1789653623055,6402,784,185010,CONFIRMED,
2930,0x71bE63f3384f5fb98995898A86B02Fb2426c5788,2246,0x9e88701dce147592a4cc0d9c80592fe6dd173c46431ccd6660e3fee4c740be5b,1789653616659,1789653616663,1789653623057,6398,784,185022,CONFIRMED,
2931,0xFABB0ac9d68B0B445fB7357272Ff202C5651694a,2246,0x895da3c690d59eabbb61dfeb134c80e7bf83364f749dcc8fbbf0830301dc4db9,1789653616669,1789653616674,1789653623059,6390,784,185010,CONFIRMED,
2932,0x1CBd3b2770909D4e10f157cABC84C7264073C9Ec,2246,0x09551f9be7c1231f0f07f8e0f7b3df1dadac96f0b51ae14e5661daa6aa70f824,1789653616684,1789653616691,1789653623061,6377,784,185010,CONFIRMED,
2933,0xdF3e18d64BC6A983f673Ab319CCaE4f1a57C7097,2246,0xac1ef2bbcb223c50dacc41f67cdbc0ee501ebb68d55be2a3b8ac0f92bac40d30,1789653616691,1789653616695,1789653623062,6371,784,185022,CONFIRMED,
2934,0xcd3B766CCDd6AE721141F452C550Ca635964ce71,2246,0xd365f043cd0778ffbbac9f2f480ce754aed915084bf5dd07055f3f818ec3a0d4,1789653616700,1789653616705,1789653623064,6364,784,185022,CONFIRMED,
2935,0x2546BcD3c84621e976D8185a91A922aE77ECEc30,2246,0x7b3852b0b6d2c2124d55212ebe13fe34290f7c594eafa3449f85e2cfb15d09a8,1789653616716,1789653616721,1789653623068,6352,784,185022,CONFIRMED,
2936,0xbDA5747bFD65F08deb54cb465eB87D40e51B197E,2246,0x6474b8b8fb36b1cce26f61a0329134c77e2816d404d16551df5e5543707ddd74,1789653616719,1789653616724,1789653623069,6350,784,185022,CONFIRMED,
2937,0xdD2FD4581271e230360230F9337D5c0430Bf44C0,2246,0x5eed1b8f57970e918b176280ae7837d3d1c7a790295a1d06e32de77665548917,1789653616732,1789653616737,1789653623071,6339,784,185022,CONFIRMED,
2938,0x8626f6940E2eb28930eFb4CeF49B2d1F2C9C1199,2246,0xe3ed950c464ca94214907a1f1466945d6deb46da38cf22d17b14f0e1ca84de13,1789653616748,1789653616753,1789653623073,6325,784,185022,CONFIRMED,
2939,0x09DB0a93B389bEF724429898f539AEB7ac2Dd55f,2246,0xac9601462c86dc3c7b5068bb5aabfb68b5af064e696c9730ff97b1842e226eda,1789653616749,1789653616753,1789653623075,6326,784,185022,CONFIRMED,
2940,0x70997970C51812dc3A010C7d01b50e0d17dc79C8,2247,0xdb2c88bae9df390338dcd86ce1b88ff376ecfad777d84e2a1adf750c1486a36e,1789653616764,1789653616777,1789653623076,6312,784,185010,CONFIRMED,
2941,0x3C44CdDdB6a900fa2b585dd299e03d12FA4293BC,2247,0x604ec6e600fc3e3888656a1046e516c76e653b36ead2b07e7ab3bda093c20637,1789653616769,1789653616783,1789653623078,6309,784,185010,CONFIRMED,
2942,0x90F79bf6EB2c4f870365E785982E1f101E93b906,2247,0x8c8e5fd17a27d5852b4c8e646ff4f31f2b6289612d8caab15fb2c84ebc8e8a5b,1789653616779,1789653616791,1789653623081,6302,784,185022,CONFIRMED,
2943,0x15d34AAf54267DB7D7c367839AAf71A00a2C6A65,2247,0xf905efa2808934f95355ffa91dd5a45a33995e6eb934a4e79d3be451d956f4ec,1789653616791,1789653616806,1789653623082,6291,784,185022,CONFIRMED,
2944,0x9965507D1a55bcC2695C58ba16FB37d819B0A4dc,2247,0x03e5024f903dd659978234e7b0953446cadc14011de63146d2da98ed237536cd,1789653616801,1789653616815,1789653623083,6282,784,185022,CONFIRMED,
2945,0x976EA74026E726554dB657fA54763abd0C3a0aa9,2247,0x69d93ed04ebb8e1f5136fdae4c37c19ffc2ccb03f3cda10883b5d8179402d3fb,1789653616809,1789653616819,1789653623084,6275,784,185022,CONFIRMED,
2946,0x14dC79964da2C08b23698B3D3cc7Ca32193d9955,2247,0x7278e7a66ae992e9bfaeb297c55f00bd9d0daf5811594e550f7832ed5d833437,1789653616819,1789653616826,1789653623086,6267,784,185010,CONFIRMED,
2947,0x23618e81E3f5cdF7f54C3d65f7FBc0aBf5B21E8f,2247,0xa851169693e12407bd50a26eefb0dcd2333aed78f7be8ac8a3d70375decdcd06,1789653616843,1789653616856,1789653623087,6244,784,185022,CONFIRMED,
2948,0xa0Ee7A142d267C1f36714E4a8F75612F20a79720,2247,0x80338e186c7b3a4539aed9a7fbbdb9ff6ce05e10b6b283c6241a617048d9ba40,1789653616843,1789653616857,1789653623088,6245,784,184998,CONFIRMED,
2949,0xBcd4042DE499D14e55001CcbB24a551F3b954096,2247,0xeb4cb4550ba7a27d15967c329f32af498b2a36351e645fd31564efa4658f4cd8,1789653616851,1789653616858,1789653623090,6239,784,185010,CONFIRMED,
2950,0x71bE63f3384f5fb98995898A86B02Fb2426c5788,2247,0x84a3393f5657dbedb5ff9efcc49fb902cac71f88627e411336bc1701ac38ec17,1789653616859,1789653616865,1789653623091,6232,784,185022,CONFIRMED,
2951,0xFABB0ac9d68B0B445fB7357272Ff202C5651694a,2247,0xcfb6e60e7232a273451561cfc8da7b9537d54e8732bc4b2a19f1681a64c69316,1789653616875,1789653616885,1789653623092,6217,784,185022,CONFIRMED,
2952,0x1CBd3b2770909D4e10f157cABC84C7264073C9Ec,2247,0x2ad43de38ad89d2c04f6b1a0f8c5e7be7fa2c21b1715d749040a65f57f58879c,1789653616881,1789653616887,1789653623093,6212,784,185010,CONFIRMED,
2953,0xdF3e18d64BC6A983f673Ab319CCaE4f1a57C7097,2247,0xc2f7f3d8b7aa5a7875656128ca4bceb80b240039beb6a7cf241af18dd52f81b8,1789653616890,1789653616904,1789653623094,6204,784,185022,CONFIRMED,
2954,0xcd3B766CCDd6AE721141F452C550Ca635964ce71,2247,0xa05727bcb466c740b6d21d0ceff89efa9ffd3f5605142158f59db4f4b6a68561,1789653616901,1789653616911,1789653623096,6195,784,185010,CONFIRMED,
2955,0x2546BcD3c84621e976D8185a91A922aE77ECEc30,2247,0x58c71b2c0a8674793160a186b13e5c17178f3ca15b6ef9ee8df9aa6678a77d6a,1789653616912,1789653616926,1789653623099,6187,784,185022,CONFIRMED,
2956,0xbDA5747bFD65F08deb54cb465eB87D40e51B197E,2247,0x2e7accd9ff7b05e7dc45382c39b93c2f1a2a7e39edf3b7b18835e11cafc8cfc5,1789653616919,1789653616927,1789653623101,6182,784,185022,CONFIRMED,
2957,0xdD2FD4581271e230360230F9337D5c0430Bf44C0,2247,0xfe2f4b7bebb5678bb2552f3a12b94dc248e51fbb69d01d4d19fd1b440fc02e11,1789653616945,1789653616954,1789653623102,6157,784,185022,CONFIRMED,
2958,0x8626f6940E2eb28930eFb4CeF49B2d1F2C9C1199,2247,0x4a35558b910b70853d04d914085ef45a061652074b4ba694338577fc56df0a88,1789653616945,1789653616956,1789653623103,6158,784,185010,CONFIRMED,
2959,0x09DB0a93B389bEF724429898f539AEB7ac2Dd55f,2247,0xafa02eead1f0404cb044fc5e6127f27b7e7b53ccdb56e65e446cd5ba8448033f,1789653616950,1789653616957,1789653623105,6155,784,185022,CONFIRMED,
2960,0x70997970C51812dc3A010C7d01b50e0d17dc79C8,2248,0x43e869e91e1a8966deb0426e18bb887d542897667a096f8921d532c7a83519a2,1789653616960,1789653616967,1789653623107,6147,784,185010,CONFIRMED,
2961,0x3C44CdDdB6a900fa2b585dd299e03d12FA4293BC,2248,0x2154d38b65004983d5007d12d1e7fff49b3138639de2226bcaf8a2e83414d2d2,1789653616977,1789653616985,1789653623108,6131,784,185010,CONFIRMED,
2962,0x90F79bf6EB2c4f870365E785982E1f101E93b906,2248,0x588813c47e8b5da6b0559356e96f64ddf2ca448d60d449335f8435d7c0e428c2,1789653616979,1789653616986,1789653623110,6131,784,185022,CONFIRMED,
2963,0x15d34AAf54267DB7D7c367839AAf71A00a2C6A65,2248,0xc404b18bbd48db8d1a70fdf908f95f248cf7cb66b603a1464093b4fe37acdba2,1789653616992,1789653617003,1789653623111,6119,784,185010,CONFIRMED,
2964,0x9965507D1a55bcC2695C58ba16FB37d819B0A4dc,2248,0xbf8277da99207099654eb5e687275d8e6cf4174b7bb4165e93e397b40a2b71ca,1789653616999,1789653617006,1789653623112,6113,784,185022,CONFIRMED,
2965,0x976EA74026E726554dB657fA54763abd0C3a0aa9,2248,0x43a076f1c5fde91ec4c6c7041abbd5ea96af032d5a4bb0de91a7d7c201c87843,1789653617024,1789653617033,1789653623113,6089,784,185022,CONFIRMED,
2966,0x14dC79964da2C08b23698B3D3cc7Ca32193d9955,2248,0x2a38259a67fadeb63b8ff1f3eafda06fa76e376919c818b62c4db513fad921a0,1789653617024,1789653617034,1789653623114,6090,784,185022,CONFIRMED,
2967,0x23618e81E3f5cdF7f54C3d65f7FBc0aBf5B21E8f,2248,0x7a6c014e0f42658e04a045a46d885f7c5b864f32975c32b7f72fb3a41bd4244f,1789653617029,1789653617034,1789653623115,6086,784,185022,CONFIRMED,
2968,0xa0Ee7A142d267C1f36714E4a8F75612F20a79720,2248,0x25ce3632370ade7f5ae93ca0d880b49f42ea0cdc9b52427428b6149e36161ffd,1789653617040,1789653617047,1789653623116,6076,784,185010,CONFIRMED,
2969,0xBcd4042DE499D14e55001CcbB24a551F3b954096,2248,0x79b91473406599fb0f2ba23ef1b77cd158f7a0aa8992197d291533eb721441da,1789653617056,1789653617062,1789653623117,6061,784,185010,CONFIRMED,
2970,0x71bE63f3384f5fb98995898A86B02Fb2426c5788,2248,0xe129ae48ccfcf7008de7ff93536e9c70efd0b9531925e1f6ea71a83e89c7ffb5,1789653617059,1789653617065,1789653623119,6060,784,185010,CONFIRMED,
2971,0xFABB0ac9d68B0B445fB7357272Ff202C5651694a,2248,0x7282558fcabef763dcd686c986bfb39d8d5744176f99d17acbf0234bc0b005f3,1789653617072,1789653617078,1789653623120,6048,784,185022,CONFIRMED,
2972,0x1CBd3b2770909D4e10f157cABC84C7264073C9Ec,2248,0x7912c43b7c14dc7efbfa4299d7767e5839a71cf9b7077a4861b64006e2ea8b5b,1789653617087,1789653617095,1789653623122,6035,784,185022,CONFIRMED,
2973,0xdF3e18d64BC6A983f673Ab319CCaE4f1a57C7097,2248,0xe734a0cdedd9d2ed4769587bfbe2225e05d4e233aef2f0271c44de0303257710,1789653617089,1789653617096,1789653623124,6035,784,185022,CONFIRMED,
2974,0xcd3B766CCDd6AE721141F452C550Ca635964ce71,2248,0x6d18884c059f5268070a4aa75ac9d2ab570a75440b3c34e1dbcfc9b7ad4a1ec7,1789653617103,1789653617112,1789653623125,6022,784,185022,CONFIRMED,
2975,0x2546BcD3c84621e976D8185a91A922aE77ECEc30,2248,0x9302227b0271d9a2789a891ef502a96a4242e9b60481511bf7ce95b1c72dbb58,1789653617110,1789653617117,1789653623127,6017,784,185022,CONFIRMED,
2976,0xbDA5747bFD65F08deb54cb465eB87D40e51B197E,2248,0x03ecf7241f37f7b96b6a54c54927d043fb7629343dda0e5c45198e0f57e8af48,1789653617119,1789653617127,1789653623131,6012,784,185022,CONFIRMED,
2977,0xdD2FD4581271e230360230F9337D5c0430Bf44C0,2248,0x2f3ee191f2b334a298e3ee8c6914383e246905f339aecb06bf786f7c1058dd83,1789653617135,1789653617146,1789653623132,5997,784,185022,CONFIRMED,
2978,0x8626f6940E2eb28930eFb4CeF49B2d1F2C9C1199,2248,0xfbb2c9aae89e355760f11029d681e08f80ece6e6e68f02a4305fccb48ed1851f,1789653617142,1789653617149,1789653623134,5992,784,185022,CONFIRMED,
2979,0x09DB0a93B389bEF724429898f539AEB7ac2Dd55f,2248,0x134507c03650771472e0e5a72ae5b17d93f4451bd001973f1c8bc6174305efab,1789653617149,1789653617156,1789653623136,5987,784,185022,CONFIRMED,
2980,0x70997970C51812dc3A010C7d01b50e0d17dc79C8,2249,0x68faf69a90a7283d47fb03040a9f7955b03fc235ec6d015dd9f766f03cd095c9,1789653617167,1789653617182,1789653623137,5970,784,184998,CONFIRMED,
2981,0x3C44CdDdB6a900fa2b585dd299e03d12FA4293BC,2249,0x8232b031b9aa3f361e5ed93d565c774dc1972206ef18793441477e52efca8522,1789653617169,1789653617183,1789653623138,5969,784,185010,CONFIRMED,
2982,0x90F79bf6EB2c4f870365E785982E1f101E93b906,2249,0x14b9262ceb2912a78d12a91089538524730157b06e171280a84bef30093b79f4,1789653617179,1789653617186,1789653623140,5961,784,185022,CONFIRMED,
2983,0x15d34AAf54267DB7D7c367839AAf71A00a2C6A65,2249,0xfda3e7d351ec5bbae300c992dd946d8da7d620d174e2c875a4edea7814a50af5,1789653617198,1789653617212,1789653623142,5944,784,185022,CONFIRMED,
2984,0x9965507D1a55bcC2695C58ba16FB37d819B0A4dc,2249,0x3f3af9322433cd899fa70eed1c17d32205e49709eb9a96b2aaef9bcdc48a62ed,1789653617199,1789653617213,1789653623143,5944,784,185022,CONFIRMED,
2985,0x976EA74026E726554dB657fA54763abd0C3a0aa9,2249,0xad8b88893e5395898a3dedd969eec4e79835b576ec9701b4cc6d3a47033355a8,1789653617209,1789653617220,1789653623144,5935,784,185022,CONFIRMED,
2986,0x14dC79964da2C08b23698B3D3cc7Ca32193d9955,2249,0x8bae9bc1968147a46cdda2f17ebc9965c2615e602f42b98f64b33f0173b4f91e,1789653617220,1789653617228,1789653623145,5925,784,185022,CONFIRMED,
2987,0x23618e81E3f5cdF7f54C3d65f7FBc0aBf5B21E8f,2249,0x03cc650fc1484b07957e2a7a3326cb051b42ea0d93f13efcaab5a50fc801b94b,1789653617229,1789653617236,1789653623147,5918,784,185022,CONFIRMED,
2988,0xa0Ee7A142d267C1f36714E4a8F75612F20a79720,2249,0x5fa8be7cf816ca281864692ea10b214741259c8ae76a6de314a981713c3a5509,1789653617245,1789653617784,1789653623151,5906,785,184998,CONFIRMED,
2989,0xBcd4042DE499D14e55001CcbB24a551F3b954096,2249,0xb84162dacdef0e0136ea77b8dbcc5a574c4a48ca1aa8c38830b26b357b7da98f,1789653617260,1789653617784,1789653623153,5893,785,185010,CONFIRMED,
2990,0x71bE63f3384f5fb98995898A86B02Fb2426c5788,2249,0xd33565dd8440c4dd98d28c5b61c934141eeeef7f9f3c1db037218c05964623c5,1789653617261,1789653617785,1789653623154,5893,785,185022,CONFIRMED,
2991,0xFABB0ac9d68B0B445fB7357272Ff202C5651694a,2249,0x5aa0ab962dbf8b54253c7ff740321a54fb856fd252a3d739d9ac5423e1580506,1789653617276,1789653617785,1789653623155,5879,785,185010,CONFIRMED,
2992,0x1CBd3b2770909D4e10f157cABC84C7264073C9Ec,2249,0x4e9fa05da93b74f937013c9fea1ca5e6dcac5f983bea2783687c206388157645,1789653617293,1789653617785,1789653623158,5865,785,185022,CONFIRMED,
2993,0xdF3e18d64BC6A983f673Ab319CCaE4f1a57C7097,2249,0x2ee828951bdde55969cecd5887e614ab9d0281462010e764f59bf9ad62f1e6e9,1789653617293,1789653617785,1789653623159,5866,785,185010,CONFIRMED,
2994,0xcd3B766CCDd6AE721141F452C550Ca635964ce71,2249,0x35b4826fa19619fbde09d04d1f36c845d93f36ddc51658dd53da8389cc7a5bda,1789653617308,1789653617786,1789653623160,5852,785,185022,CONFIRMED,
2995,0x2546BcD3c84621e976D8185a91A922aE77ECEc30,2249,0x617612e72cec30b03af867f644830d453f89bd64f9acd7a8ae61b192a8017d63,1789653617313,1789653617786,1789653623161,5848,785,185022,CONFIRMED,
2996,0xbDA5747bFD65F08deb54cb465eB87D40e51B197E,2249,0x7261b6c890288c22414e1060ad445fc0aa5514c804ac1b597f686a0f4e825889,1789653617323,1789653617786,1789653623163,5840,785,185022,CONFIRMED,
2997,0xdD2FD4581271e230360230F9337D5c0430Bf44C0,2249,0xad19b19e89c0d6a53efdbdc5f5bd466aaf51d5c8ee478d987daa5cb359badbe6,1789653617339,1789653617787,1789653623165,5826,785,185022,CONFIRMED,
2998,0x8626f6940E2eb28930eFb4CeF49B2d1F2C9C1199,2249,0x81fb626ddb1e5162346ed055369f1e194cbbff3900864acf2b5a3e85746e419b,1789653617339,1789653617787,1789653623168,5829,785,185022,CONFIRMED,
2999,0x09DB0a93B389bEF724429898f539AEB7ac2Dd55f,2249,0x2014e4cd7b4a2cef781428dc92e8d235205704f4045f1e7bac825c9f0b3d59c0,1789653617354,1789653617787,1789653623170,5816,785,185022,CONFIRMED,
