index,sender,receiver,submitted,confirmed,failed,tx_hash,block_number,gas_used,submitted_at,confirmed_at,latency_ms,error
1,0x70997970C51812dc3A010C7d01b50e0d17dc79C8,0x3C44CdDdB6a900fa2b585dd299e03d12FA4293BC,true,true,false,0xca6459e614a95bd6f9c9031afed5b26ebd9ecbef20f15097db56665040d593fa,1056,207592,1789654161853,1789654164136,2283,
2,0x3C44CdDdB6a900fa2b585dd299e03d12FA4293BC,0x90F79bf6EB2c4f870365E785982E1f101E93b906,true,true,false,0x225c62502ed18b535e40b2c6387d1f7f576204559e286158dacfdf5c0bf8c75a,1056,207616,1789654161861,1789654164133,2272,
3,0x90F79bf6EB2c4f870365E785982E1f101E93b906,0x15d34AAf54267DB7D7c367839AAf71A00a2C6A65,true,true,false,0x7458c82c4949db411b2bae6169cf34aed3efca0004d977d1a1b280094f1329ad,1056,207616,1789654161882,1789654164135,2253,
4,0x15d34AAf54267DB7D7c367839AAf71A00a2C6A65,0x9965507D1a55bcC2695C58ba16FB37d819B0A4dc,true,true,false,0x9c8fdb081795f8a9a19ca354000665c3ba842c1571adf529450ff4d3a0902f59,1056,207628,1789654161881,1789654164135,2254,
5,0x9965507D1a55bcC2695C58ba16FB37d819B0A4dc,0x976EA74026E726554dB657fA54763abd0C3a0aa9,true,true,false,0xb724e467bd87d123459d827f8ab47de5c6bd8f971b7f6a3deb94500c31a11b72,1056,207628,1789654161894,1789654164042,2148,
6,0x976EA74026E726554dB657fA54763abd0C3a0aa9,0x14dC79964da2C08b23698B3D3cc7Ca32193d9955,true,true,false,0x38bf0437cc5ad9366dc442d1d012cfa486462e2d88a91006a80c9c03e82edd7c,1056,207628,1789654161902,1789654164044,2142,
7,0x14dC79964da2C08b23698B3D3cc7Ca32193d9955,0x23618e81E3f5cdF7f54C3d65f7FBc0aBf5B21E8f,true,true,false,0x6bcf5e8d9857260e25569f474a0da246135b16092e5629f1738fbc12adda179d,1056,207628,1789654161910,1789654164054,2144,
8,0x23618e81E3f5cdF7f54C3d65f7FBc0aBf5B21E8f,0xa0Ee7A142d267C1f36714E4a8F75612F20a79720,true,true,false,0x88af67321fa0ddfc7ecd9fb4a859e57838ac7c431b02b0439b4d547f73a525cf,1056,207628,1789654161924,1789654164054,2130,
9,0xa0Ee7A142d267C1f36714E4a8F75612F20a79720,0xBcd4042DE499D14e55001CcbB24a551F3b954096,true,true,false,0x4ce679261e2efec081d3caa820b754db683521d69e25773e4d0804b9954ce855,1056,207592,1789654161942,1789654164071,2129,
10,0xBcd4042DE499D14e55001CcbB24a551F3b954096,0x71bE63f3384f5fb98995898A86B02Fb2426c5788,true,true,false,0x8e077b09ec79c9702f6dd5eeca811ccb499349093139c703eedb06c0dfb448e7,1056,207616,1789654161943,1789654164071,2128,
11,0x71bE63f3384f5fb98995898A86B02Fb2426c5788,0xFABB0ac9d68B0B445fB7357272Ff202C5651694a,true,true,false,0x008e702aaa741cc2960dab2430874875748aed4cf05d343bf6ef6f5e8c1473eb,1056,207628,1789654161956,1789654164072,2116,
12,0xFABB0ac9d68B0B445fB7357272Ff202C5651694a,0x1CBd3b2770909D4e10f157cABC84C7264073C9Ec,true,true,false,0xf9cde0203d47b157b8c75ced84a1aa70c0e685a65970c12dc8727e9a20fe66cc,1056,207616,1789654161959,1789654164072,2113,
13,0x1CBd3b2770909D4e10f157cABC84C7264073C9Ec,0xdF3e18d64BC6A983f673Ab319CCaE4f1a57C7097,true,true,false,0xc3d409c47b5867f8b87447d77fd79b984c2199c9bf04ab4e5f5e1eff6d22665f,1056,207628,1789654161971,1789654164073,2102,
14,0xdF3e18d64BC6A983f673Ab319CCaE4f1a57C7097,0xcd3B766CCDd6AE721141F452C550Ca635964ce71,true,true,false,0xb5d2896d3f3629176bb27fb998474071cc688be38bbf00fca59361acc162d09a,1056,207628,1789654161988,1789654164075,2087,
15,0xcd3B766CCDd6AE721141F452C550Ca635964ce71,0x2546BcD3c84621e976D8185a91A922aE77ECEc30,true,true,false,0x8124c8e3f624101cf67e741ec54dcae5e175c2155adea9052d614c7d058f0e4d,1056,207628,1789654161990,1789654164076,2086,
16,0x2546BcD3c84621e976D8185a91A922aE77ECEc30,0xbDA5747bFD65F08deb54cb465eB87D40e51B197E,true,true,false,0xfec36b13f05e5dd10492bf208820b88cf3c6200df24a0aafa689f89cc99683ab,1056,207628,1789654162002,1789654164078,2076,
17,0xbDA5747bFD65F08deb54cb465eB87D40e51B197E,0xdD2FD4581271e230360230F9337D5c0430Bf44C0,true,true,false,0x9be1de2dca32c55fc6c4ba04d2bf461824406b725de8a53ee2380e71853f8899,1056,207604,1789654162020,1789654164079,2059,
18,0xdD2FD4581271e230360230F9337D5c0430Bf44C0,0x8626f6940E2eb28930eFb4CeF49B2d1F2C9C1199,true,true,false,0x22214927ccdc226fce877999262226705726c7dceb8da94a19d2ab72dfdb6bac,1056,207628,1789654162022,1789654164081,2059,
19,0x8626f6940E2eb28930eFb4CeF49B2d1F2C9C1199,0x09DB0a93B389bEF724429898f539AEB7ac2Dd55f,true,true,false,0x845639983be88cbaf76779cd3163563bd1bd1dbd2125f5a3f3e33ca43617084f,1056,207616,1789654162035,1789654164129,2094,
20,0x09DB0a93B389bEF724429898f539AEB7ac2Dd55f,0x70997970C51812dc3A010C7d01b50e0d17dc79C8,true,true,false,0xd4f18ef2f69a1168d6c075058aa9b617e5d50f33bf3bb149ba82b0fe382f6de0,1056,207628,1789654162041,1789654164130,2089,
21,0x70997970C51812dc3A010C7d01b50e0d17dc79C8,0x3C44CdDdB6a900fa2b585dd299e03d12FA4293BC,true,true,false,0xce74dbe8d641b43a42702593dd9b24d74438f7abf1041d589b50e34a85958d86,1056,207616,1789654162074,1789654164134,2060,
22,0x3C44CdDdB6a900fa2b585dd299e03d12FA4293BC,0x90F79bf6EB2c4f870365E785982E1f101E93b906,true,true,false,0xc9de0133a3bcca7d85212a55fe501e192c2fc5ede90059f0ae8da15b02f24617,1056,207604,1789654162076,1789654164134,2058,
23,0x90F79bf6EB2c4f870365E785982E1f101E93b906,0x15d34AAf54267DB7D7c367839AAf71A00a2C6A65,true,true,false,0x3ce718ba4386944b8b85e3a15e1b5e75afa3743822ed7f0a1c5fb881656feada,1056,207628,1789654162079,1789654164135,2056,
24,0x15d34AAf54267DB7D7c367839AAf71A00a2C6A65,0x9965507D1a55bcC2695C58ba16FB37d819B0A4dc,true,true,false,0x495fdd2d7994ece778ee8151c72e94e5a1ed11b64dd311ad4775fef53730418f,1056,207628,1789654162089,1789654164135,2046,
25,0x9965507D1a55bcC2695C58ba16FB37d819B0A4dc,0x976EA74026E726554dB657fA54763abd0C3a0aa9,true,true,false,0xa1fb09e502167e7f15b4255f1ec6a74d77ca9210c41c986419dbeb5065f3b83f,1056,207628,1789654162102,1789654164043,1941,
26,0x976EA74026E726554dB657fA54763abd0C3a0aa9,0x14dC79964da2C08b23698B3D3cc7Ca32193d9955,true,true,false,0x364439d6e489795ab9d08f6b8f723e58ab01ddc1f794346bedf259cf14c15ddb,1056,207628,1789654162107,1789654164044,1937,
27,0x14dC79964da2C08b23698B3D3cc7Ca32193d9955,0x23618e81E3f5cdF7f54C3d65f7FBc0aBf5B21E8f,true,true,false,0x7b2f63c59ca3a932f140e54755ae8dd8bb0c5f3c5c96932a7325dd2a1c160c00,1056,207628,1789654162134,1789654164068,1934,
28,0x23618e81E3f5cdF7f54C3d65f7FBc0aBf5B21E8f,0xa0Ee7A142d267C1f36714E4a8F75612F20a79720,true,true,false,0x2661359580051a50aec1638c931c3520262c33c6abc8901fb53a0abfd2ffdb32,1056,207628,1789654162135,1789654164068,1933,
29,0xa0Ee7A142d267C1f36714E4a8F75612F20a79720,0xBcd4042DE499D14e55001CcbB24a551F3b954096,true,true,false,0x285e64d5bc5f8834ee7f3243c78b67e00f058a005a7dfab29a33d7327d7601af,1056,207616,1789654162142,1789654164069,1927,
30,0xBcd4042DE499D14e55001CcbB24a551F3b954096,0x71bE63f3384f5fb98995898A86B02Fb2426c5788,true,true,false,0x85859ea1e86a412230b87e8fa0ed63a063967a4969f9de998939f88cfb77b977,1056,207616,1789654162166,1789654164072,1906,
31,0x71bE63f3384f5fb98995898A86B02Fb2426c5788,0xFABB0ac9d68B0B445fB7357272Ff202C5651694a,true,true,false,0xab3321e173ad21d502c92863c38ee2920621beb9c2a7fead7dfc1a6040a1ad26,1056,207628,1789654162167,1789654164072,1905,
32,0xFABB0ac9d68B0B445fB7357272Ff202C5651694a,0x1CBd3b2770909D4e10f157cABC84C7264073C9Ec,true,true,false,0xeeb814ed4e9672b3f7475b3b0bd09c5523c8a43ffb990266b129776f96707a67,1056,207628,1789654162172,1789654164073,1901,
33,0x1CBd3b2770909D4e10f157cABC84C7264073C9Ec,0xdF3e18d64BC6A983f673Ab319CCaE4f1a57C7097,true,true,false,0x3f22dfca8d24f0df72b3623e8276551b04fd58fe3c7b5ad703f4886aa6028cd9,1056,207628,1789654162194,1789654164075,1881,
34,0xdF3e18d64BC6A983f673Ab319CCaE4f1a57C7097,0xcd3B766CCDd6AE721141F452C550Ca635964ce71,true,true,false,0x0fe4017cf4d35a4931a5af5f1e9b04d9da733c01fb3e32d91f44a42bdf71428f,1056,207628,1789654162195,1789654164076,1881,
35,0xcd3B766CCDd6AE721141F452C550Ca635964ce71,0x2546BcD3c84621e976D8185a91A922aE77ECEc30,true,true,false,0x09ec60ba65b3f32f7e6db0b11cca464f6f367b6566ad6ace33488a299472912d,1056,207628,1789654162214,1789654164078,1864,
36,0x2546BcD3c84621e976D8185a91A922aE77ECEc30,0xbDA5747bFD65F08deb54cb465eB87D40e51B197E,true,true,false,0x0f55acb617c03aeee88c8d6874c9b165b36149dfb1770c95b96c6d1fc5b10a10,1056,207628,1789654162215,1789654164079,1864,
37,0xbDA5747bFD65F08deb54cb465eB87D40e51B197E,0xdD2FD4581271e230360230F9337D5c0430Bf44C0,true,true,false,0xb1e0514a697d7ff5d4faa52d43e6a918779db94d116c5a202e7efbed66827ac5,1056,207616,1789654162225,1789654164082,1857,
38,0xdD2FD4581271e230360230F9337D5c0430Bf44C0,0x8626f6940E2eb28930eFb4CeF49B2d1F2C9C1199,true,true,false,0x6b9135c7cd81ed3f561b3441b3effa9ed1846f11da568a631289466c28ff806e,1056,207628,1789654162248,1789654164129,1881,
39,0x8626f6940E2eb28930eFb4CeF49B2d1F2C9C1199,0x09DB0a93B389bEF724429898f539AEB7ac2Dd55f,true,true,false,0x17517a976f0983b220cb146fb27fe28d270bb9f1bbe77569132242ef29c6c37d,1056,207628,1789654162252,1789654164137,1885,
40,0x09DB0a93B389bEF724429898f539AEB7ac2Dd55f,0x70997970C51812dc3A010C7d01b50e0d17dc79C8,true,true,false,0xc35cb02e5ed53c08eabe63c1783f5ec885536929cd70b42da39803fd6f20a6a5,1056,207628,1789654162258,1789654164130,1872,
41,0x70997970C51812dc3A010C7d01b50e0d17dc79C8,0x3C44CdDdB6a900fa2b585dd299e03d12FA4293BC,true,true,false,0xf3ca3b730fd948ee05853803049d0a4901b9654ca23e738211d1c24120f4ee7e,1056,207616,1789654162266,1789654164131,1865,
42,0x3C44CdDdB6a900fa2b585dd299e03d12FA4293BC,0x90F79bf6EB2c4f870365E785982E1f101E93b906,true,true,false,0x330de96c84b000ff3976676f5ddd3bc1989084ca6d71ce269c2c8a1c5d7b1a2c,1056,207616,1789654162274,1789654164137,1863,
43,0x90F79bf6EB2c4f870365E785982E1f101E93b906,0x15d34AAf54267DB7D7c367839AAf71A00a2C6A65,true,true,false,0x29ab07e9e903cb27009ee7955782bc8e793805528c8bcbfdabba155acd0a59ce,1056,207628,1789654162302,1789654164137,1835,
44,0x15d34AAf54267DB7D7c367839AAf71A00a2C6A65,0x9965507D1a55bcC2695C58ba16FB37d819B0A4dc,true,true,false,0xdd57e104515392a1dd886529b33f1dedfc2303631b4b91919076d028eae7e771,1056,207628,1789654162308,1789654164044,1736,
45,0x9965507D1a55bcC2695C58ba16FB37d819B0A4dc,0x976EA74026E726554dB657fA54763abd0C3a0aa9,true,true,false,0xc71cfd5f7c0d752d1def6c254765269be992429bcfe8e5ca11a86aab283f4989,1056,207628,1789654162315,1789654164051,1736,
46,0x976EA74026E726554dB657fA54763abd0C3a0aa9,0x14dC79964da2C08b23698B3D3cc7Ca32193d9955,true,true,false,0x2c9ed326037b395aa2480fdaf9cfe08db266e57fa1a7673b825fd84111216971,1056,207616,1789654162318,1789654164052,1734,
47,0x14dC79964da2C08b23698B3D3cc7Ca32193d9955,0x23618e81E3f5cdF7f54C3d65f7FBc0aBf5B21E8f,true,true,false,0x0b50f174091323148de2345dd3568038d5d37c19e43ea64165a1229005563e5b,1056,207604,1789654162326,1789654164052,1726,
48,0x23618e81E3f5cdF7f54C3d65f7FBc0aBf5B21E8f,0xa0Ee7A142d267C1f36714E4a8F75612F20a79720,true,true,false,0xf7e0e698a0c52b723802fbb030ae676cb04eb0439ffa68fac2ed25b5fb2a7331,1056,207628,1789654162343,1789654164069,1726,
49,0xa0Ee7A142d267C1f36714E4a8F75612F20a79720,0xBcd4042DE499D14e55001CcbB24a551F3b954096,true,true,false,0x5fd672a17aa546c8145d3c29323618acd6fcd5ded02dc21466bf2c2853ab5f82,1056,207616,1789654162345,1789654164069,1724,
50,0xBcd4042DE499D14e55001CcbB24a551F3b954096,0x71bE63f3384f5fb98995898A86B02Fb2426c5788,true,true,false,0x11d10928a51e1054d0a766c5217a9947f4a3bb6dd1bea86b5e05945b64f8be76,1056,207616,1789654162351,1789654164069,1718,
51,0x71bE63f3384f5fb98995898A86B02Fb2426c5788,0xFABB0ac9d68B0B445fB7357272Ff202C5651694a,true,true,false,0x8924263f201fddb35ad6d32d796e5b74f413dd6db2930daa886e50648c0353d7,1056,207628,1789654162383,1789654164073,1690,
52,0xFABB0ac9d68B0B445fB7357272Ff202C5651694a,0x1CBd3b2770909D4e10f157cABC84C7264073C9Ec,true,true,false,0x8b763411288efa7b9738abcc614ffefc808434568e25aa2c852ddd74c157efdb,1056,207628,1789654162385,1789654164074,1689,
53,0x1CBd3b2770909D4e10f157cABC84C7264073C9Ec,0xdF3e18d64BC6A983f673Ab319CCaE4f1a57C7097,true,true,false,0xc25825fcdc085963ed2e83e2e7ac6f1cc1cdbaac67fbe70129958be42c208e8a,1056,207628,1789654162389,1789654164074,1685,
54,0xdF3e18d64BC6A983f673Ab319CCaE4f1a57C7097,0xcd3B766CCDd6AE721141F452C550Ca635964ce71,true,true,false,0x8f2c3f5a566fb9b6d1aab1d7fb90d80a267c43121648960d9652619681173ea6,1056,207616,1789654162402,1789654164076,1674,
55,0xcd3B766CCDd6AE721141F452C550Ca635964ce71,0x2546BcD3c84621e976D8185a91A922aE77ECEc30,true,true,false,0xe82d1ef24ccebfa4da78ea2d3f28b3c4b88eaf21e755af19bcfbb134da65db56,1056,207628,1789654162406,1789654164078,1672,
56,0x2546BcD3c84621e976D8185a91A922aE77ECEc30,0xbDA5747bFD65F08deb54cb465eB87D40e51B197E,true,true,false,0x4591ea76526241065ce83bb1a774d6bec4727d04b05b193024283f36810b34f4,1056,207616,1789654162416,1789654164078,1662,
57,0xbDA5747bFD65F08deb54cb465eB87D40e51B197E,0xdD2FD4581271e230360230F9337D5c0430Bf44C0,true,true,false,0xb1e143cf36e41510e33c789d4f93d8b1f259374c3a2315b9224b5e9bf52898f4,1056,207628,1789654162441,1789654164128,1687,
58,0xdD2FD4581271e230360230F9337D5c0430Bf44C0,0x8626f6940E2eb28930eFb4CeF49B2d1F2C9C1199,true,true,false,0xc853a588d2b8942d478d7025d8163ee3937745a2c71458a9ddf1e564a8652eb8,1056,207628,1789654162444,1789654164129,1685,
59,0x8626f6940E2eb28930eFb4CeF49B2d1F2C9C1199,0x09DB0a93B389bEF724429898f539AEB7ac2Dd55f,true,true,false,0x88c8b455807bb266ddd4f54d8eee9563a057706a8a57c7d45c3853d7c7bcb1d4,1056,207628,1789654162448,1789654164132,1684,
60,0x09DB0a93B389bEF724429898f539AEB7ac2Dd55f,0x70997970C51812dc3A010C7d01b50e0d17dc79C8,true,true,false,0xa557c93c6200cd2ce3bbe0272a1fd7100a4ebdd8d1a80487099b52ce99444f27,1056,207628,1789654162453,1789654164131,1678,
61,0x70997970C51812dc3A010C7d01b50e0d17dc79C8,0x3C44CdDdB6a900fa2b585dd299e03d12FA4293BC,true,true,false,0x9439ceffe4899c39713f65277ae14f4915eac8bd07ca3ee88cafa96f0c3f1eae,1056,207616,1789654162464,1789654164136,1672,
62,0x3C44CdDdB6a900fa2b585dd299e03d12FA4293BC,0x90F79bf6EB2c4f870365E785982E1f101E93b906,true,true,false,0xc5d7884cf9a9a267d00efcf9e0387c6f2f1aa8688de890fd896cdd0e60bb5a03,1056,207616,1789654162483,1789654164136,1653,
63,0x90F79bf6EB2c4f870365E785982E1f101E93b906,0x15d34AAf54267DB7D7c367839AAf71A00a2C6A65,true,true,false,0x374ba373c33cf7ef0d61f8ed010ef09d3a2b3639ad34821f52dc1c2e6e0a03a6,1056,207628,1789654162487,1789654164133,1646,
64,0x15d34AAf54267DB7D7c367839AAf71A00a2C6A65,0x9965507D1a55bcC2695C58ba16FB37d819B0A4dc,true,true,false,0x8e6a30bf86b0cb2ccf5632dae95531d9286cf9f7c58883454da9678256c91975,1056,207616,1789654162493,1789654164134,1641,
65,0x9965507D1a55bcC2695C58ba16FB37d819B0A4dc,0x976EA74026E726554dB657fA54763abd0C3a0aa9,true,true,false,0xdb0ac945d88fffec39e241347f18ded28d4ca1910de1381ea3484ada73c0b7b5,1056,207616,1789654162513,1789654164044,1531,
66,0x976EA74026E726554dB657fA54763abd0C3a0aa9,0x14dC79964da2C08b23698B3D3cc7Ca32193d9955,true,true,false,0xfab52a6f49345c4b6b8b9d28acaafab842cc92f5abd5af531e3896fad4af9ad2,1056,207628,1789654162519,1789654164051,1532,
67,0x14dC79964da2C08b23698B3D3cc7Ca32193d9955,0x23618e81E3f5cdF7f54C3d65f7FBc0aBf5B21E8f,true,true,false,0x86551f104ec7919e0c92d2a988e65b6d4fedcd9a5a9bb7749b4180412f7de88f,1056,207628,1789654162526,1789654164052,1526,
68,0x23618e81E3f5cdF7f54C3d65f7FBc0aBf5B21E8f,0xa0Ee7A142d267C1f36714E4a8F75612F20a79720,true,true,false,0x8f3093473ef06e67fd5482019002642d672c3152faa028b22ea3b23f4ad6ce2a,1056,207628,1789654162534,1789654164053,1519,
69,0xa0Ee7A142d267C1f36714E4a8F75612F20a79720,0xBcd4042DE499D14e55001CcbB24a551F3b954096,true,true,false,0x45aff29c53dddf3407f6a1a041b2a6fe9f459ef6b5b79f6472ba4df528055b1b,1056,207616,1789654162559,1789654164070,1511,
70,0xBcd4042DE499D14e55001CcbB24a551F3b954096,0x71bE63f3384f5fb98995898A86B02Fb2426c5788,true,true,false,0x4696906ea025dce2f1f2301c5fa376f2be838d25400ea87712fb3a6380da7397,1056,207616,1789654162561,1789654164070,1509,
71,0x71bE63f3384f5fb98995898A86B02Fb2426c5788,0xFABB0ac9d68B0B445fB7357272Ff202C5651694a,true,true,false,0x26a622413670fb322604aaf5ab3f06e19d7a94052b5554d9103b6f5ae1b30873,1056,207628,1789654162572,1789654164071,1499,
72,0xFABB0ac9d68B0B445fB7357272Ff202C5651694a,0x1CBd3b2770909D4e10f157cABC84C7264073C9Ec,true,true,false,0xe07fda99fb5d93ee577f8f922c4c12dc9b81fbe383e931b78483545de697b8f9,1056,207628,1789654162577,1789654164073,1496,
73,0x1CBd3b2770909D4e10f157cABC84C7264073C9Ec,0xdF3e18d64BC6A983f673Ab319CCaE4f1a57C7097,true,true,false,0x7a0c88a08b2096942baa49fa17912806c742afac79e5b2aacf1695b6ce601dd0,1056,207628,1789654162589,1789654164074,1485,
74,0xdF3e18d64BC6A983f673Ab319CCaE4f1a57C7097,0xcd3B766CCDd6AE721141F452C550Ca635964ce71,true,true,false,0xe3bdd92c0c252d51b417b59f93279da9c352d5b7d54ad1d42bc74b1bacf5aae9,1056,207616,1789654162605,1789654164077,1472,
75,0xcd3B766CCDd6AE721141F452C550Ca635964ce71,0x2546BcD3c84621e976D8185a91A922aE77ECEc30,true,true,false,0x3111f6b08ff5c40131fa20da327f10cfc08735c85f6883a69ee807950f355cfc,1056,207628,1789654162606,1789654164077,1471,
76,0x2546BcD3c84621e976D8185a91A922aE77ECEc30,0xbDA5747bFD65F08deb54cb465eB87D40e51B197E,true,true,false,0x12f6e684b8ebdae9425e8111a1e1b9ea471c43f543571eafa5f1fe760f5da8b8,1056,207628,1789654162620,1789654164080,1460,
77,0xbDA5747bFD65F08deb54cb465eB87D40e51B197E,0xdD2FD4581271e230360230F9337D5c0430Bf44C0,true,true,false,0x5521a0c2c9b19f940c394474d42780aad580255e94a6f6d58498160039a902b8,1056,207628,1789654162636,1789654164081,1445,
78,0xdD2FD4581271e230360230F9337D5c0430Bf44C0,0x8626f6940E2eb28930eFb4CeF49B2d1F2C9C1199,true,true,false,0x02e6d7932e3cbc3baba618ac6f0d09b740de5b787d5a0d98f2ff6c9ee404fe3c,1056,207628,1789654162637,1789654164128,1491,
79,0x8626f6940E2eb28930eFb4CeF49B2d1F2C9C1199,0x09DB0a93B389bEF724429898f539AEB7ac2Dd55f,true,true,false,0xce7a6722645dfdc89721f7f286d8aaf7db6f650f39c6352f15de3684d8fea6f5,1056,207628,1789654162653,1789654164137,1484,
80,0x09DB0a93B389bEF724429898f539AEB7ac2Dd55f,0x70997970C51812dc3A010C7d01b50e0d17dc79C8,true,true,false,0x9173218c3ea09adb5aae9ada073e495aeb0eeccc49618006d6c72ddcc348a628,1056,207628,1789654162656,1789654164138,1482,
81,0x70997970C51812dc3A010C7d01b50e0d17dc79C8,0x3C44CdDdB6a900fa2b585dd299e03d12FA4293BC,true,true,false,0xa343437a6d602ff5b99ff6522a45fd95d8286c5f0d23616ab8b8a5a471e008ed,1056,207616,1789654162668,1789654164130,1462,
82,0x3C44CdDdB6a900fa2b585dd299e03d12FA4293BC,0x90F79bf6EB2c4f870365E785982E1f101E93b906,true,true,false,0x95354bef5f59e97f5b3abe12fcafd86e5544091c0247f5a4d347a28ac24f6863,1056,207616,1789654162686,1789654164134,1448,
83,0x90F79bf6EB2c4f870365E785982E1f101E93b906,0x15d34AAf54267DB7D7c367839AAf71A00a2C6A65,true,true,false,0xe1d454fe6680730657c3461c64de26b10cf9f211a832bcda39e740de20e027df,1056,207616,1789654162687,1789654164134,1447,
84,0x15d34AAf54267DB7D7c367839AAf71A00a2C6A65,0x9965507D1a55bcC2695C58ba16FB37d819B0A4dc,true,true,false,0xdff608441e9ddf02c443650c985dc6049b38bf6fc172434bb2e9c8354101788a,1056,207628,1789654162704,1789654164135,1431,
85,0x9965507D1a55bcC2695C58ba16FB37d819B0A4dc,0x976EA74026E726554dB657fA54763abd0C3a0aa9,true,true,false,0xdcc893429ac652913e06000035175e9476d3497d4c43d2fa8712298e11323ba0,1056,207616,1789654162707,1789654164136,1429,
86,0x976EA74026E726554dB657fA54763abd0C3a0aa9,0x14dC79964da2C08b23698B3D3cc7Ca32193d9955,true,true,false,0x3cbfa18a3ca847bba336f62c9588b82e24779b3cdceed313c4ba04db325735cb,1056,207628,1789654162738,1789654164053,1315,
87,0x14dC79964da2C08b23698B3D3cc7Ca32193d9955,0x23618e81E3f5cdF7f54C3d65f7FBc0aBf5B21E8f,true,true,false,0x5d72b2bf4f005cd2ee26914887ec3a6f0f399ffad26e5acbcc7746c6c9c1e86c,1056,207628,1789654162738,1789654164053,1315,
88,0x23618e81E3f5cdF7f54C3d65f7FBc0aBf5B21E8f,0xa0Ee7A142d267C1f36714E4a8F75612F20a79720,true,true,false,0x8dcd9247d41e8807ba9ca7967975c78d0cea8469a70060cae04bd5241e9e40cb,1056,207628,1789654162741,1789654164054,1313,
89,0xa0Ee7A142d267C1f36714E4a8F75612F20a79720,0xBcd4042DE499D14e55001CcbB24a551F3b954096,true,true,false,0xb9dc56254af32f877d1091d8d6f5e0e08c16df9530026aebe870040c6a2ccda3,1056,207616,1789654162770,1789654164070,1300,
90,0xBcd4042DE499D14e55001CcbB24a551F3b954096,0x71bE63f3384f5fb98995898A86B02Fb2426c5788,true,true,false,0x2b8f6759b280bb033829d7d5d327cf51e67427cd9aacc5c51ef0ebdbe80b3e12,1056,207616,1789654162771,1789654164070,1299,
91,0x71bE63f3384f5fb98995898A86B02Fb2426c5788,0xFABB0ac9d68B0B445fB7357272Ff202C5651694a,true,true,false,0x46e648d0077818f1a8eec7c84ea62054ce78a40dbf0139438a511a3a34e07ca1,1056,207628,1789654162777,1789654164071,1294,
92,0xFABB0ac9d68B0B445fB7357272Ff202C5651694a,0x1CBd3b2770909D4e10f157cABC84C7264073C9Ec,true,true,false,0x4772989b2bb47dd90719dacfdddf23e40056b32da907e7a5254166fb0c328322,1056,207628,1789654162800,1789654164074,1274,
93,0x1CBd3b2770909D4e10f157cABC84C7264073C9Ec,0xdF3e18d64BC6A983f673Ab319CCaE4f1a57C7097,true,true,false,0xf2fb263b3b2a16250d60aa8d7c9f857ce03857214cbfc1e8a88d66c8190a9c2f,1056,207628,1789654162804,1789654164075,1271,
94,0xdF3e18d64BC6A983f673Ab319CCaE4f1a57C7097,0xcd3B766CCDd6AE721141F452C550Ca635964ce71,true,true,false,0x16df365e17648b283b53c13e42eb92e0718e70068d0614cf7b8129f0827e1bdc,1056,207628,1789654162809,1789654164077,1268,
95,0xcd3B766CCDd6AE721141F452C550Ca635964ce71,0x2546BcD3c84621e976D8185a91A922aE77ECEc30,true,true,false,0x9b991d9eb1d2e8c1f42a9a8bfaae4b14d5d4444da5558c9126228a9143716b58,1056,207628,1789654162815,1789654164077,1262,
96,0x2546BcD3c84621e976D8185a91A922aE77ECEc30,0xbDA5747bFD65F08deb54cb465eB87D40e51B197E,true,true,false,0xb238ad51675cd17ce28ddee34ed1b12ec3871b95f784f474fcd0ebcc4919378e,1056,207628,1789654162826,1789654164080,1254,
97,0xbDA5747bFD65F08deb54cb465eB87D40e51B197E,0xdD2FD4581271e230360230F9337D5c0430Bf44C0,true,true,false,0xb10b7065acf65755d957159c36e8ec62c4e664b9b88e115d4e417dec04bc4ac1,1056,207628,1789654162845,1789654164128,1283,
98,0xdD2FD4581271e230360230F9337D5c0430Bf44C0,0x8626f6940E2eb28930eFb4CeF49B2d1F2C9C1199,true,true,false,0xfa6a9ecb91709558507b789aefbdbf1b426861a45a95906bf73b4848f3dd4c15,1056,207628,1789654162847,1789654164128,1281,
99,0x8626f6940E2eb28930eFb4CeF49B2d1F2C9C1199,0x09DB0a93B389bEF724429898f539AEB7ac2Dd55f,true,true,false,0x721dcd7585fa78e4b051a2c1788f742ecc4b4cd020bd3dbc332a08f5150f6427,1056,207628,1789654162856,1789654164133,1277,
100,0x09DB0a93B389bEF724429898f539AEB7ac2Dd55f,0x70997970C51812dc3A010C7d01b50e0d17dc79C8,true,true,false,0x4fe198cfdbf1aae177469d4b86ea66bc4db1cba274f4525212533ab068f3fb48,1056,207628,1789654162864,1789654164137,1273,
179,0x8626f6940E2eb28930eFb4CeF49B2d1F2C9C1199,0x09DB0a93B389bEF724429898f539AEB7ac2Dd55f,true,true,false,0x0d1131c222c37e134816961c51684f63cda9c5878a0c07ac0223f5fafd6edc94,1057,207628,1789654164368,1789654166116,1748,
180,0x09DB0a93B389bEF724429898f539AEB7ac2Dd55f,0x70997970C51812dc3A010C7d01b50e0d17dc79C8,true,true,false,0xf15ef8867f3cae87026e56ef958317d446c02982e6c81a050b12f0050462ad77,1057,207628,1789654164369,1789654166116,1747,
174,0xdF3e18d64BC6A983f673Ab319CCaE4f1a57C7097,0xcd3B766CCDd6AE721141F452C550Ca635964ce71,true,true,false,0x671f0119e3499ed429ce5409261761861346af2ab7d973bf7b270f55b26bf0dd,1057,207628,1789654164369,1789654166117,1748,
172,0xFABB0ac9d68B0B445fB7357272Ff202C5651694a,0x1CBd3b2770909D4e10f157cABC84C7264073C9Ec,true,true,false,0xc09572dd9c99aa5087f432c7a747e2d20604965109e0a0bf517c992d1f5ecac9,1057,207604,1789654164370,1789654166117,1747,
173,0x1CBd3b2770909D4e10f157cABC84C7264073C9Ec,0xdF3e18d64BC6A983f673Ab319CCaE4f1a57C7097,true,true,false,0xcd5c42f7ce956fbf48e8ffecc39c86e8925f287e2431cb85e72cdc8c60a8f044,1057,207616,1789654164370,1789654166117,1747,
151,0x71bE63f3384f5fb98995898A86B02Fb2426c5788,0xFABB0ac9d68B0B445fB7357272Ff202C5651694a,true,true,false,0x71b83f484d23fe61c5c3b86c23a205a04bf179897a0550c9b1dd41364ffa0705,1057,207628,1789654164371,1789654166118,1747,
200,0x09DB0a93B389bEF724429898f539AEB7ac2Dd55f,0x70997970C51812dc3A010C7d01b50e0d17dc79C8,true,true,false,0xef763345885f570492d1a9e9a0eb346548653fb289c517678365566a0ecd08a7,1057,207628,1789654164371,1789654166120,1749,
152,0xFABB0ac9d68B0B445fB7357272Ff202C5651694a,0x1CBd3b2770909D4e10f157cABC84C7264073C9Ec,true,true,false,0xfa246ffadf3df2442740263ed5ad56ea5a8be7c13875b354e5177e5fa1d5e04d,1057,207628,1789654164372,1789654166118,1746,
125,0x9965507D1a55bcC2695C58ba16FB37d819B0A4dc,0x976EA74026E726554dB657fA54763abd0C3a0aa9,true,true,false,0xbac6a8b6040fb4037441324a6e4fd1e151c6cf7433cb43335d92b815a7eca9c3,1057,207616,1789654164372,1789654166119,1747,
126,0x976EA74026E726554dB657fA54763abd0C3a0aa9,0x14dC79964da2C08b23698B3D3cc7Ca32193d9955,true,true,false,0x32947f4c60b6e5cc20670d3e523bd39275c3f0c5df52dea5ffe42f51581fba0a,1057,207628,1789654164373,1789654166120,1747,
120,0x09DB0a93B389bEF724429898f539AEB7ac2Dd55f,0x70997970C51812dc3A010C7d01b50e0d17dc79C8,true,true,false,0xa21f17d2ce48141227b12fe7a161df2bc2fb83e88b2a8128741874cebb4c8eb6,1057,207628,1789654164373,1789654166121,1748,
118,0xdD2FD4581271e230360230F9337D5c0430Bf44C0,0x8626f6940E2eb28930eFb4CeF49B2d1F2C9C1199,true,true,false,0x779d2f533997e98e6f4542ff6df83aedcc3a4e7c28c6e195ad2b4f6c10f1356e,1057,207628,1789654164373,1789654166121,1748,
104,0x15d34AAf54267DB7D7c367839AAf71A00a2C6A65,0x9965507D1a55bcC2695C58ba16FB37d819B0A4dc,true,true,false,0xc182b36deed57f8374c25462d1d95e9ab26a78783201168a85e638b9a8891c98,1057,207628,1789654164374,1789654166121,1747,
105,0x9965507D1a55bcC2695C58ba16FB37d819B0A4dc,0x976EA74026E726554dB657fA54763abd0C3a0aa9,true,true,false,0x42866dcb2fbbc53af436a4df3ca633a5550222f0ea83d35e923c5df3c4f95f3a,1057,207628,1789654164374,1789654166122,1748,
101,0x70997970C51812dc3A010C7d01b50e0d17dc79C8,0x3C44CdDdB6a900fa2b585dd299e03d12FA4293BC,true,true,false,0xf29586328cd9ad124366073b3ada5176cf9d1029a4cf344845655dd0e772d2e6,1057,207616,1789654164375,1789654166122,1747,
102,0x3C44CdDdB6a900fa2b585dd299e03d12FA4293BC,0x90F79bf6EB2c4f870365E785982E1f101E93b906,true,true,false,0xfc189ac59a4be8124ebbebf71e30e7c9636fa2833226cfc820e1186ebce53274,1057,207604,1789654164375,1789654166122,1747,
103,0x90F79bf6EB2c4f870365E785982E1f101E93b906,0x15d34AAf54267DB7D7c367839AAf71A00a2C6A65,true,true,false,0x28673b6c617184dc9b84f0e034713834ca43e8e9d6abafbea57d00edc04a841e,1057,207628,1789654164376,1789654166123,1747,
201,0x70997970C51812dc3A010C7d01b50e0d17dc79C8,0x3C44CdDdB6a900fa2b585dd299e03d12FA4293BC,true,true,false,0x00d997e3d3bc1087c0c2267fddd0ca4526b2351d98642fc9d70ed1a8ab845478,1057,207616,1789654164376,1789654166123,1747,
202,0x3C44CdDdB6a900fa2b585dd299e03d12FA4293BC,0x90F79bf6EB2c4f870365E785982E1f101E93b906,true,true,false,0x4a9e7acb7fcbe0176359c04e2c96c76ca4974c1207a781d01cd210ae8c057057,1057,207604,1789654164377,1789654166123,1746,
106,0x976EA74026E726554dB657fA54763abd0C3a0aa9,0x14dC79964da2C08b23698B3D3cc7Ca32193d9955,true,true,false,0xa361a4cc305a64421aea7db20695f26f33a7a063535e9a6b21eecdd245fe67f9,1057,207616,1789654164378,1789654166123,1745,
107,0x14dC79964da2C08b23698B3D3cc7Ca32193d9955,0x23618e81E3f5cdF7f54C3d65f7FBc0aBf5B21E8f,true,true,false,0xd775839c4d02d57474466d23c7e561417d47a1b1a3f0ebb1ae0cc164f8b8e4c7,1057,207616,1789654164378,1789654166124,1746,
108,0x23618e81E3f5cdF7f54C3d65f7FBc0aBf5B21E8f,0xa0Ee7A142d267C1f36714E4a8F75612F20a79720,true,true,false,0xf05b88e77d94fd371d7aa9a2687e47864a8a6eb7ef8345aba33ae9216cf2e917,1057,207628,1789654164379,1789654166124,1745,
109,0xa0Ee7A142d267C1f36714E4a8F75612F20a79720,0xBcd4042DE499D14e55001CcbB24a551F3b954096,true,true,false,0xadd42853b11ac19391423b167a3d99a9e94eef3cc248ccb29e20738eca3a70be,1057,207616,1789654164380,1789654166124,1744,
110,0xBcd4042DE499D14e55001CcbB24a551F3b954096,0x71bE63f3384f5fb98995898A86B02Fb2426c5788,true,true,false,0x04cf81b141deb9537a753d2238ff55bde81dab5ade2b2b81b14a1bd9fbf29704,1057,207616,1789654164381,1789654166124,1743,
111,0x71bE63f3384f5fb98995898A86B02Fb2426c5788,0xFABB0ac9d68B0B445fB7357272Ff202C5651694a,true,true,false,0x0cb6cd49442375182e4854d7f875aaa15eeb8444c8d1a7204171fd6f0bcc6cad,1057,207628,1789654164382,1789654166125,1743,
112,0xFABB0ac9d68B0B445fB7357272Ff202C5651694a,0x1CBd3b2770909D4e10f157cABC84C7264073C9Ec,true,true,false,0xf0a00c85bb0bc16f9b0a5c522ee347202ed2a3a10aed2fda16d2bed68d033ae0,1057,207616,1789654164382,1789654166125,1743,
113,0x1CBd3b2770909D4e10f157cABC84C7264073C9Ec,0xdF3e18d64BC6A983f673Ab319CCaE4f1a57C7097,true,true,false,0xcbf173548006da2de00c4cc4339bd5930c7d6d82cf08d27b25ed67b2e13cc2c6,1057,207628,1789654164382,1789654166125,1743,
114,0xdF3e18d64BC6A983f673Ab319CCaE4f1a57C7097,0xcd3B766CCDd6AE721141F452C550Ca635964ce71,true,true,false,0x1742b6067d49f8aaa849928ce7d087a11627783732b68ffcd19311abf5961151,1057,207616,1789654164383,1789654166125,1742,
115,0xcd3B766CCDd6AE721141F452C550Ca635964ce71,0x2546BcD3c84621e976D8185a91A922aE77ECEc30,true,true,false,0xf51ea745f6701f58224cc4024149afde5d53dce400cce32efed75d4c8761073c,1057,207628,1789654164383,1789654166126,1743,
116,0x2546BcD3c84621e976D8185a91A922aE77ECEc30,0xbDA5747bFD65F08deb54cb465eB87D40e51B197E,true,true,false,0xf5f99690cf5bd212a241240feb40821c663f1c76d6c4ab87fe2fb6a83a2a1a7b,1057,207628,1789654164384,1789654166126,1742,
117,0xbDA5747bFD65F08deb54cb465eB87D40e51B197E,0xdD2FD4581271e230360230F9337D5c0430Bf44C0,true,true,false,0x66968673ce30757886bdd965d20b3dd5140f19737cb84e327df6b6fac0e85d29,1057,207628,1789654164384,1789654166126,1742,
119,0x8626f6940E2eb28930eFb4CeF49B2d1F2C9C1199,0x09DB0a93B389bEF724429898f539AEB7ac2Dd55f,true,true,false,0xfae6e863b61e86d88f89c93c27d9dd4d6f50d1fcc63090f23b3fe1c703406e67,1057,207616,1789654164385,1789654166127,1742,
121,0x70997970C51812dc3A010C7d01b50e0d17dc79C8,0x3C44CdDdB6a900fa2b585dd299e03d12FA4293BC,true,true,false,0x0552d04ee2b08b7515a472a68d205cf94df416c64208ec941f526e087f19b6fd,1057,207616,1789654164385,1789654166127,1742,
122,0x3C44CdDdB6a900fa2b585dd299e03d12FA4293BC,0x90F79bf6EB2c4f870365E785982E1f101E93b906,true,true,false,0xdc7fcf673778eb076d061892c13fcbeda60696a0bae37826b5fbc9bb0dadb09b,1057,207604,1789654164385,1789654166128,1743,
123,0x90F79bf6EB2c4f870365E785982E1f101E93b906,0x15d34AAf54267DB7D7c367839AAf71A00a2C6A65,true,true,false,0x7811c7cb7ec58d5ba0483f35dd4d03aef61feab741414b077144db39824b30ed,1057,207616,1789654164386,1789654166128,1742,
124,0x15d34AAf54267DB7D7c367839AAf71A00a2C6A65,0x9965507D1a55bcC2695C58ba16FB37d819B0A4dc,true,true,false,0x96fc72f21757fb2db2d8b033e0f5db7a4c924ebae115aa27c399148031fb2be6,1057,207628,1789654164386,1789654166128,1742,
127,0x14dC79964da2C08b23698B3D3cc7Ca32193d9955,0x23618e81E3f5cdF7f54C3d65f7FBc0aBf5B21E8f,true,true,false,0x3f9981132e9d06889a541529538127ec6466aa42a3736bee2c6cff8fa0a5bbbb,1057,207628,1789654164387,1789654166128,1741,
128,0x23618e81E3f5cdF7f54C3d65f7FBc0aBf5B21E8f,0xa0Ee7A142d267C1f36714E4a8F75612F20a79720,true,true,false,0x032b0a956693aa35d40abe3dd963be1bdd8b8266f08e4dfc5c71138551cb1e0f,1057,207628,1789654164387,1789654166128,1741,
129,0xa0Ee7A142d267C1f36714E4a8F75612F20a79720,0xBcd4042DE499D14e55001CcbB24a551F3b954096,true,true,false,0x81dc991938048790a3af768ccd80dd973750cb6de74778c509d130d6017d7bb4,1057,207604,1789654164387,1789654166129,1742,
130,0xBcd4042DE499D14e55001CcbB24a551F3b954096,0x71bE63f3384f5fb98995898A86B02Fb2426c5788,true,true,false,0x667c47960c92191151fc8aebaae941bde0f1ff512c02d6b22ede610e8862dc11,1057,207616,1789654164388,1789654166195,1807,
131,0x71bE63f3384f5fb98995898A86B02Fb2426c5788,0xFABB0ac9d68B0B445fB7357272Ff202C5651694a,true,true,false,0xe9592dc0f20d402a8991300d3fd0e2e87a5911c2814217fa0bb1ad98bca07f9c,1057,207628,1789654164388,1789654166195,1807,
132,0xFABB0ac9d68B0B445fB7357272Ff202C5651694a,0x1CBd3b2770909D4e10f157cABC84C7264073C9Ec,true,true,false,0x7772a9f9572962683e131b0bae3872f256a451920ef30b2ec5799954db9c2366,1057,207616,1789654164389,1789654166195,1806,
133,0x1CBd3b2770909D4e10f157cABC84C7264073C9Ec,0xdF3e18d64BC6A983f673Ab319CCaE4f1a57C7097,true,true,false,0xd8fa5f9a19e330914288ce3e061f093344b958813a43fb4b5c1b044ac65f0df7,1057,207628,1789654164389,1789654166195,1806,
134,0xdF3e18d64BC6A983f673Ab319CCaE4f1a57C7097,0xcd3B766CCDd6AE721141F452C550Ca635964ce71,true,true,false,0x71790947b8072fe9be437c116b1eaa1a68bc6f9cca43d6d573b76b8aa41aaa44,1057,207628,1789654164389,1789654166196,1807,
135,0xcd3B766CCDd6AE721141F452C550Ca635964ce71,0x2546BcD3c84621e976D8185a91A922aE77ECEc30,true,true,false,0xcc9e41705b4a098b0d5bec1a957713f6123742cca9b632edea90724fd54ef8ac,1057,207628,1789654164390,1789654166196,1806,
136,0x2546BcD3c84621e976D8185a91A922aE77ECEc30,0xbDA5747bFD65F08deb54cb465eB87D40e51B197E,true,true,false,0xb24dfda05ee7b7934e6b6954b0d87bf5a24c1921168ac0ec7c6fb85ea6b20451,1057,207628,1789654164390,1789654166196,1806,
137,0xbDA5747bFD65F08deb54cb465eB87D40e51B197E,0xdD2FD4581271e230360230F9337D5c0430Bf44C0,true,true,false,0x063207a59ba846ced3e1fff6c7d4cfb1e1bef0a62c427e7a9e40354f0892c6c1,1057,207616,1789654164391,1789654166197,1806,
138,0xdD2FD4581271e230360230F9337D5c0430Bf44C0,0x8626f6940E2eb28930eFb4CeF49B2d1F2C9C1199,true,true,false,0x820e77dfe22ad71c06f351ecef2c38f2ca09fea0dd720121fa374b8f8d742694,1057,207628,1789654164391,1789654166197,1806,
139,0x8626f6940E2eb28930eFb4CeF49B2d1F2C9C1199,0x09DB0a93B389bEF724429898f539AEB7ac2Dd55f,true,true,false,0xb850961900e5fdf8f8877d5a5f883fcc478a556f5f67a874e0e50629d4b53c6f,1057,207628,1789654164392,1789654166198,1806,
140,0x09DB0a93B389bEF724429898f539AEB7ac2Dd55f,0x70997970C51812dc3A010C7d01b50e0d17dc79C8,true,true,false,0x54e963ab4801a95c859fb3172d93dfa8bfba128d24138ee894ab6735944f180f,1057,207628,1789654164392,1789654166198,1806,
141,0x70997970C51812dc3A010C7d01b50e0d17dc79C8,0x3C44CdDdB6a900fa2b585dd299e03d12FA4293BC,true,true,false,0x67b00a0b85b26be6c149204442a7a0b773971caf40d39856c50710bcd7fd0a10,1057,207616,1789654164393,1789654166198,1805,
142,0x3C44CdDdB6a900fa2b585dd299e03d12FA4293BC,0x90F79bf6EB2c4f870365E785982E1f101E93b906,true,true,false,0xa20f0f1ce927654217ac0417680fe6a8c59298174572f0f8be28ba985ce2407e,1057,207616,1789654164393,1789654166199,1806,
143,0x90F79bf6EB2c4f870365E785982E1f101E93b906,0x15d34AAf54267DB7D7c367839AAf71A00a2C6A65,true,true,false,0xc2e72a51ff3c70a409b109efcb2439880a9ed501f1f5968693edae6576b2be01,1057,207628,1789654164393,1789654166199,1806,
144,0x15d34AAf54267DB7D7c367839AAf71A00a2C6A65,0x9965507D1a55bcC2695C58ba16FB37d819B0A4dc,true,true,false,0x13dac6e6ee3a11da1a413b6353f62ba57f639728b25b4acac62b1c4687ba90e2,1057,207628,1789654164394,1789654166199,1805,
145,0x9965507D1a55bcC2695C58ba16FB37d819B0A4dc,0x976EA74026E726554dB657fA54763abd0C3a0aa9,true,true,false,0x84d134abc7bca52489adb28605a1b4297bb9081f296e422d581ce38f81c72200,1057,207628,1789654164394,1789654166199,1805,
146,0x976EA74026E726554dB657fA54763abd0C3a0aa9,0x14dC79964da2C08b23698B3D3cc7Ca32193d9955,true,true,false,0x2665b481c4596704f7fe6d670862bd029909b24b631d47254ff505380faaaaec,1057,207628,1789654164394,1789654166199,1805,
147,0x14dC79964da2C08b23698B3D3cc7Ca32193d9955,0x23618e81E3f5cdF7f54C3d65f7FBc0aBf5B21E8f,true,true,false,0xd97e8e6dae916e41f7d40a0c5aedb731e35c8ff29d08016bc7bdfb58d2c81d00,1057,207616,1789654164395,1789654166200,1805,
148,0x23618e81E3f5cdF7f54C3d65f7FBc0aBf5B21E8f,0xa0Ee7A142d267C1f36714E4a8F75612F20a79720,true,true,false,0x2e69091c00af42bcd94f79c504f26d63030254287f0c574a3c2f33c1bd0ba227,1057,207628,1789654164395,1789654166200,1805,
149,0xa0Ee7A142d267C1f36714E4a8F75612F20a79720,0xBcd4042DE499D14e55001CcbB24a551F3b954096,true,true,false,0x143bd6aa424438f593f280a79640de3da648a3474ff4f885cc88801f6f50f599,1057,207616,1789654164396,1789654166200,1804,
150,0xBcd4042DE499D14e55001CcbB24a551F3b954096,0x71bE63f3384f5fb98995898A86B02Fb2426c5788,true,true,false,0x6e3bfaa71e5d57bde18cb3a7b02fb71f5a64edddeb21ba70e67697c665fd6edc,1057,207616,1789654164397,1789654166200,1803,
153,0x1CBd3b2770909D4e10f157cABC84C7264073C9Ec,0xdF3e18d64BC6A983f673Ab319CCaE4f1a57C7097,true,true,false,0xfa643d62b76bbc955b9ca516885607536866afe6e7837dacc5d1be8bf0d95905,1057,207616,1789654164398,1789654166200,1802,
154,0xdF3e18d64BC6A983f673Ab319CCaE4f1a57C7097,0xcd3B766CCDd6AE721141F452C550Ca635964ce71,true,true,false,0xcd1a44990076b5a5f6e618ccc32a7472740495cb67f7b0c0d30c608d9109ce4d,1057,207628,1789654164399,1789654166201,1802,
155,0xcd3B766CCDd6AE721141F452C550Ca635964ce71,0x2546BcD3c84621e976D8185a91A922aE77ECEc30,true,true,false,0x6237a77b85ad79e6b8fa04c3bcca9855ae291eb4ac32e9d1cf4b3a23a67ca457,1057,207628,1789654164399,1789654166201,1802,
156,0x2546BcD3c84621e976D8185a91A922aE77ECEc30,0xbDA5747bFD65F08deb54cb465eB87D40e51B197E,true,true,false,0x0d58f7b11e52ed260e2824cbe1cab35144b5297dfb76c3529d1cbb213e6cda18,1057,207616,1789654164368,1789654166116,1748,
203,0x90F79bf6EB2c4f870365E785982E1f101E93b906,0x15d34AAf54267DB7D7c367839AAf71A00a2C6A65,true,true,false,0x9a2e6a501e1d33428842de5e35270de9fc82d30b66629a6b25463f4670220bf4,1057,207628,1789654164400,1789654166201,1801,
204,0x15d34AAf54267DB7D7c367839AAf71A00a2C6A65,0x9965507D1a55bcC2695C58ba16FB37d819B0A4dc,true,true,false,0x004faac3b1b04989a9e7319d38958543e91acfcdddc13be43e7eccf1026c92a5,1057,207628,1789654164400,1789654166201,1801,
157,0xbDA5747bFD65F08deb54cb465eB87D40e51B197E,0xdD2FD4581271e230360230F9337D5c0430Bf44C0,true,true,false,0x19583bab52d0825fb9a134621cef0be8a9df21c6394749b33f8f69aba4d1239b,1057,207628,1789654164401,1789654166201,1800,
158,0xdD2FD4581271e230360230F9337D5c0430Bf44C0,0x8626f6940E2eb28930eFb4CeF49B2d1F2C9C1199,true,true,false,0x1a56c805d005b389fa30168cbf5e30294ec0a08227284306dcbc8854061f2c51,1057,207628,1789654164401,1789654166201,1800,
159,0x8626f6940E2eb28930eFb4CeF49B2d1F2C9C1199,0x09DB0a93B389bEF724429898f539AEB7ac2Dd55f,true,true,false,0x82d015194f0ede0e13b2fd3eb1e27a64a2cd1f8fff0086e6a1d028920f612105,1057,207628,1789654164402,1789654166202,1800,
160,0x09DB0a93B389bEF724429898f539AEB7ac2Dd55f,0x70997970C51812dc3A010C7d01b50e0d17dc79C8,true,true,false,0x87dd69528092dd6f50a951b958e2f202c649f661ace3a6fd5f0a3ff73bd6ef0e,1057,207628,1789654164402,1789654166202,1800,
161,0x70997970C51812dc3A010C7d01b50e0d17dc79C8,0x3C44CdDdB6a900fa2b585dd299e03d12FA4293BC,true,true,false,0x9dce9f679ad9e363a7534d9021fcaa50b550daeda86c3d13963b4a0c1dde383e,1057,207616,1789654164402,1789654166202,1800,
162,0x3C44CdDdB6a900fa2b585dd299e03d12FA4293BC,0x90F79bf6EB2c4f870365E785982E1f101E93b906,true,true,false,0xb6f8b07352832e972cff61c0d61a358ef822926a9bb34e8b5ec5b461efd69e13,1057,207616,1789654164403,1789654166202,1799,
163,0x90F79bf6EB2c4f870365E785982E1f101E93b906,0x15d34AAf54267DB7D7c367839AAf71A00a2C6A65,true,true,false,0xf217b429467bb54f1764b7b62a30e4e5a878414ab351619e21a87cf7db5892c2,1057,207628,1789654164404,1789654166095,1691,
164,0x15d34AAf54267DB7D7c367839AAf71A00a2C6A65,0x9965507D1a55bcC2695C58ba16FB37d819B0A4dc,true,true,false,0x4d49c93c26a004c029d014ab61bc88fa10645e2c7607544c2117c091a3015681,1057,207604,1789654164403,1789654166093,1690,
165,0x9965507D1a55bcC2695C58ba16FB37d819B0A4dc,0x976EA74026E726554dB657fA54763abd0C3a0aa9,true,true,false,0x01ba5883feea9d56a4babb1dd1135861f1adffce787b1c961ce25336a8ebcfba,1057,207628,1789654164404,1789654166095,1691,
166,0x976EA74026E726554dB657fA54763abd0C3a0aa9,0x14dC79964da2C08b23698B3D3cc7Ca32193d9955,true,true,false,0xceae06ccd51dd6fe9c3bf75b8ad9b1ae737422162755d864d7cd81c3d0ce41d8,1057,207628,1789654164404,1789654166095,1691,
167,0x14dC79964da2C08b23698B3D3cc7Ca32193d9955,0x23618e81E3f5cdF7f54C3d65f7FBc0aBf5B21E8f,true,true,false,0x9e7ab4dd90461027eb3a6e7b8ceb4f163360cddc93e235ac5efe13f0a918eeeb,1057,207628,1789654164405,1789654166095,1690,
168,0x23618e81E3f5cdF7f54C3d65f7FBc0aBf5B21E8f,0xa0Ee7A142d267C1f36714E4a8F75612F20a79720,true,true,false,0x8d87033db12142e89cd4ff0d30bb129394210e2c4c364ab56b37b6f756da478b,1057,207628,1789654164405,1789654166096,1691,
169,0xa0Ee7A142d267C1f36714E4a8F75612F20a79720,0xBcd4042DE499D14e55001CcbB24a551F3b954096,true,true,false,0x9c0fa9712070cadf32d1523b8d01dc24a37eeeb7789d4c978ba43705db5f15db,1057,207616,1789654164406,1789654166096,1690,
170,0xBcd4042DE499D14e55001CcbB24a551F3b954096,0x71bE63f3384f5fb98995898A86B02Fb2426c5788,true,true,false,0x3d5be4b5a9731db69548d05b0c42837e16f3c08c0bf88ed7592952d8d71db00b,1057,207616,1789654164406,1789654166097,1691,
171,0x71bE63f3384f5fb98995898A86B02Fb2426c5788,0xFABB0ac9d68B0B445fB7357272Ff202C5651694a,true,true,false,0xd1404110b52c3372c7a72b9f0ba2e0e148ddc0e192cdb5cee8c70a7c86d654f9,1057,207616,1789654164407,1789654166097,1690,
175,0xcd3B766CCDd6AE721141F452C550Ca635964ce71,0x2546BcD3c84621e976D8185a91A922aE77ECEc30,true,true,false,0xad91579e80d810c95a118edb5712d06b9a7667b2b8aa5225519a5a8fb99e23c5,1057,207628,1789654164407,1789654166098,1691,
176,0x2546BcD3c84621e976D8185a91A922aE77ECEc30,0xbDA5747bFD65F08deb54cb465eB87D40e51B197E,true,true,false,0x8a4dd473c2be5f392de71f47a67de66933cd42d132b9f8252787fe600d42dfe7,1057,207628,1789654164408,1789654166098,1690,
177,0xbDA5747bFD65F08deb54cb465eB87D40e51B197E,0xdD2FD4581271e230360230F9337D5c0430Bf44C0,true,true,false,0x4d218f4171053b6f252c43e050e6a96dadc03e62076e1cb7897668b5692408d5,1057,207628,1789654164408,1789654166111,1703,
178,0xdD2FD4581271e230360230F9337D5c0430Bf44C0,0x8626f6940E2eb28930eFb4CeF49B2d1F2C9C1199,true,true,false,0xc2a23b02cd40499ed170450e9169db834748de70d9641b4c7930697cf148bb5e,1057,207628,1789654164409,1789654166111,1702,
181,0x70997970C51812dc3A010C7d01b50e0d17dc79C8,0x3C44CdDdB6a900fa2b585dd299e03d12FA4293BC,true,true,false,0xbbc1a339fe592d42742a2fc14e0c448cda54397093af22d1a89ea8670bba80b9,1057,207616,1789654164408,1789654166111,1703,
182,0x3C44CdDdB6a900fa2b585dd299e03d12FA4293BC,0x90F79bf6EB2c4f870365E785982E1f101E93b906,true,true,false,0x3da9de21f6532bc8b17652fdc33060b7450c8196993b77632a483073e29794bb,1057,207616,1789654164410,1789654166111,1701,
183,0x90F79bf6EB2c4f870365E785982E1f101E93b906,0x15d34AAf54267DB7D7c367839AAf71A00a2C6A65,true,true,false,0x7fe44f2d6d7e90c7bafe402b46687a9427fb5328f772baad5ff04ec11e58602a,1057,207604,1789654164409,1789654166112,1703,
184,0x15d34AAf54267DB7D7c367839AAf71A00a2C6A65,0x9965507D1a55bcC2695C58ba16FB37d819B0A4dc,true,true,false,0x58f191c0161da4f3df03ebecf973f3cdf996da23dfeac75453e2965998fb6e7a,1057,207628,1789654164410,1789654166112,1702,
185,0x9965507D1a55bcC2695C58ba16FB37d819B0A4dc,0x976EA74026E726554dB657fA54763abd0C3a0aa9,true,true,false,0xf1ca6890433e843b7f9398adfd3e7a410aad00d4fd90101fdc2ab26550dff0d7,1057,207616,1789654164410,1789654166112,1702,
186,0x976EA74026E726554dB657fA54763abd0C3a0aa9,0x14dC79964da2C08b23698B3D3cc7Ca32193d9955,true,true,false,0xa0933e9169a769d5fe0d3e3877ce529e92cf60ac1aa9ebab4d47c9b05e9ea370,1057,207628,1789654164412,1789654166114,1702,
187,0x14dC79964da2C08b23698B3D3cc7Ca32193d9955,0x23618e81E3f5cdF7f54C3d65f7FBc0aBf5B21E8f,true,true,false,0xbe97b14c8e19b6725d3aa76d3d31b25e022b2aac290987712c40e1fd176cb73f,1057,207628,1789654164411,1789654166112,1701,
188,0x23618e81E3f5cdF7f54C3d65f7FBc0aBf5B21E8f,0xa0Ee7A142d267C1f36714E4a8F75612F20a79720,true,true,false,0xff87a3d4625eee40becfe6af8aeeea41cfc025423b6d8319c1f0fc2df3cfa33a,1057,207628,1789654164411,1789654166112,1701,
189,0xa0Ee7A142d267C1f36714E4a8F75612F20a79720,0xBcd4042DE499D14e55001CcbB24a551F3b954096,true,true,false,0xef57aeaabf75c90834c94baace847ead9821c7447d1b4ca165e9b58b4d34efa2,1057,207604,1789654164412,1789654166113,1701,
190,0xBcd4042DE499D14e55001CcbB24a551F3b954096,0x71bE63f3384f5fb98995898A86B02Fb2426c5788,true,true,false,0xce76a393b30764eaa3d430f3e67bd8fd28527e964304bc36f664712025a154c8,1057,207616,1789654164413,1789654166113,1700,
191,0x71bE63f3384f5fb98995898A86B02Fb2426c5788,0xFABB0ac9d68B0B445fB7357272Ff202C5651694a,true,true,false,0xf8a1518eb18ae9dd515d67986b105d5587106a41a1ef06ca67336c36b6b69ee5,1057,207628,1789654164414,1789654166114,1700,
192,0xFABB0ac9d68B0B445fB7357272Ff202C5651694a,0x1CBd3b2770909D4e10f157cABC84C7264073C9Ec,true,true,false,0x79bbd1c637105fc7d22b813aae99b29ff23dc8c15a7a7432b225f464cc284931,1057,207628,1789654164415,1789654166115,1700,
193,0x1CBd3b2770909D4e10f157cABC84C7264073C9Ec,0xdF3e18d64BC6A983f673Ab319CCaE4f1a57C7097,true,true,false,0x8a53f960d0534e968881017d5cf514a02efa3d7aa2cc073d7fc716b47efc80a4,1057,207628,1789654164416,1789654166115,1699,
194,0xdF3e18d64BC6A983f673Ab319CCaE4f1a57C7097,0xcd3B766CCDd6AE721141F452C550Ca635964ce71,true,true,false,0x98deb63d5cc0e136e4c93f6c67a626d26e12bdb8da7a3ad9ad5b23456757c06b,1057,207616,1789654164417,1789654166115,1698,
195,0xcd3B766CCDd6AE721141F452C550Ca635964ce71,0x2546BcD3c84621e976D8185a91A922aE77ECEc30,true,true,false,0xa1cf13925da5d66faee943dbb82c2bc7ae958f1a10483759b8c4fe90f6fbd8fa,1057,207628,1789654164418,1789654166116,1698,
368,0x23618e81E3f5cdF7f54C3d65f7FBc0aBf5B21E8f,0xa0Ee7A142d267C1f36714E4a8F75612F20a79720,true,true,false,0xba622318dbf9a8df54b166522cf9299134539bae7269fb9999dccfd80822ae6d,1058,207628,1789654166287,1789654168106,1819,
360,0x09DB0a93B389bEF724429898f539AEB7ac2Dd55f,0x70997970C51812dc3A010C7d01b50e0d17dc79C8,true,true,false,0x77517efec013eb6ad6509e60a4136c0c6c98b4fc7008783a35909aef43a2ee65,1058,207628,1789654166287,1789654168106,1819,
353,0x1CBd3b2770909D4e10f157cABC84C7264073C9Ec,0xdF3e18d64BC6A983f673Ab319CCaE4f1a57C7097,true,true,false,0x1fec39448c9980456cad24dbd8b55e002dddab26e06e0984a0524fe6c564c25f,1058,207628,1789654166288,1789654168014,1726,
343,0x90F79bf6EB2c4f870365E785982E1f101E93b906,0x15d34AAf54267DB7D7c367839AAf71A00a2C6A65,true,true,false,0x03e24328384170d9c798c10d44d5e6b9664c69f3e917d1552d0ef06dd054a75d,1058,207628,1789654166288,1789654168016,1728,
330,0xBcd4042DE499D14e55001CcbB24a551F3b954096,0x71bE63f3384f5fb98995898A86B02Fb2426c5788,true,true,false,0xc5fe84d4d12052c55e2502a74e7812db5a9c98855e18a085d75089c078319918,1058,207604,1789654166289,1789654168016,1727,
331,0x71bE63f3384f5fb98995898A86B02Fb2426c5788,0xFABB0ac9d68B0B445fB7357272Ff202C5651694a,true,true,false,0xa870c4ffc81b4468eb7672c47de86de573a3c7fa2bbecf9505fb5afde08cf8f8,1058,207628,1789654166289,1789654168017,1728,
332,0xFABB0ac9d68B0B445fB7357272Ff202C5651694a,0x1CBd3b2770909D4e10f157cABC84C7264073C9Ec,true,true,false,0xa110fbee7112c92c668c35c3ea492d00a15748939586582d06a70bd51d224acb,1058,207616,1789654166289,1789654168017,1728,
310,0xBcd4042DE499D14e55001CcbB24a551F3b954096,0x71bE63f3384f5fb98995898A86B02Fb2426c5788,true,true,false,0x640ed1a540ca607cea7bd5eb6fd9837eb23ffb0088e59378efd31d603b5e7421,1058,207616,1789654166290,1789654168017,1727,
291,0x71bE63f3384f5fb98995898A86B02Fb2426c5788,0xFABB0ac9d68B0B445fB7357272Ff202C5651694a,true,true,false,0x8f22a8b59bdca92833d3eb15cd057bc88ae3143c30e3d0e29efaae5ed1d0f4fd,1058,207628,1789654166290,1789654168017,1727,
286,0x976EA74026E726554dB657fA54763abd0C3a0aa9,0x14dC79964da2C08b23698B3D3cc7Ca32193d9955,true,true,false,0x2b2d0eaff1eb4a6de8e698c9c09a66fb413f14530183221a26461f2d932f7717,1058,207616,1789654166290,1789654168017,1727,
287,0x14dC79964da2C08b23698B3D3cc7Ca32193d9955,0x23618e81E3f5cdF7f54C3d65f7FBc0aBf5B21E8f,true,true,false,0xb54278fc683bd1bf6ee9ceee263cb842a37c457ebacd51a93f0f9986f2b08f8e,1058,207628,1789654166291,1789654168018,1727,
273,0x1CBd3b2770909D4e10f157cABC84C7264073C9Ec,0xdF3e18d64BC6A983f673Ab319CCaE4f1a57C7097,true,true,false,0x57d4b3586a78a8b9020121e10b2ebb3acf4884b1a05b382c8cfc948dab9e6533,1058,207628,1789654166291,1789654168018,1727,
226,0x976EA74026E726554dB657fA54763abd0C3a0aa9,0x14dC79964da2C08b23698B3D3cc7Ca32193d9955,true,true,false,0xd9b5321bd971ff33e5ac42ad0c5c556890fffe71e480a6f03b96e863dcd63107,1058,207628,1789654166291,1789654168018,1727,
220,0x09DB0a93B389bEF724429898f539AEB7ac2Dd55f,0x70997970C51812dc3A010C7d01b50e0d17dc79C8,true,true,false,0xe66d86e92b996b1ffae97d450dda9fdc8fa21d598b8f151b066f23f1f0ffec52,1058,207616,1789654166292,1789654168030,1738,
218,0xdD2FD4581271e230360230F9337D5c0430Bf44C0,0x8626f6940E2eb28930eFb4CeF49B2d1F2C9C1199,true,true,false,0xccf994d4195f992cd30c6fe0df0b1bf0b574bdd5e3b999e379b2c9bd9eae77c6,1058,207628,1789654166292,1789654168030,1738,
217,0xbDA5747bFD65F08deb54cb465eB87D40e51B197E,0xdD2FD4581271e230360230F9337D5c0430Bf44C0,true,true,false,0xb9c5cd6a3720ddeac8fdd350a0b204bc6f11c0c83791074f2e406193ad6316ad,1058,207628,1789654166293,1789654168030,1737,
216,0x2546BcD3c84621e976D8185a91A922aE77ECEc30,0xbDA5747bFD65F08deb54cb465eB87D40e51B197E,true,true,false,0x2572b37311266a7330e1060369a81496c884ee82e89b3145d74e2f56196b9691,1058,207628,1789654166293,1789654168031,1738,
215,0xcd3B766CCDd6AE721141F452C550Ca635964ce71,0x2546BcD3c84621e976D8185a91A922aE77ECEc30,true,true,false,0xe1a7d26b61d0bce04932cc923eca3a6fd790d1e72047398081cedb75aff4ebf8,1058,207616,1789654166294,1789654168031,1737,
212,0xFABB0ac9d68B0B445fB7357272Ff202C5651694a,0x1CBd3b2770909D4e10f157cABC84C7264073C9Ec,true,true,false,0x7b00390c4037c4e12c72780a41f3afd3cdd48b35b064236bc820094434ff0039,1058,207628,1789654166294,1789654168032,1738,
205,0x9965507D1a55bcC2695C58ba16FB37d819B0A4dc,0x976EA74026E726554dB657fA54763abd0C3a0aa9,true,true,false,0x9989fc739517f257a6ef46121a45d14f24e50a17fffb231e8c8e634a1c2fa839,1058,207628,1789654166294,1789654168032,1738,
206,0x976EA74026E726554dB657fA54763abd0C3a0aa9,0x14dC79964da2C08b23698B3D3cc7Ca32193d9955,true,true,false,0xfee08070621d5e1d34f4ad2de76d697e6837a4d2c0ff9b01cc0c50ebf2d4f347,1058,207628,1789654166295,1789654168032,1737,
196,0x2546BcD3c84621e976D8185a91A922aE77ECEc30,0xbDA5747bFD65F08deb54cb465eB87D40e51B197E,true,true,false,0x1ea997a80f6c26991c47eb54c989031a8d32708d9c5a0bcebe702705b025ac27,1058,207628,1789654166295,1789654168032,1737,
197,0xbDA5747bFD65F08deb54cb465eB87D40e51B197E,0xdD2FD4581271e230360230F9337D5c0430Bf44C0,true,true,false,0x88c1b8e4b9c2ab7186c9e8a8d887639b6026110d97581d322f372c6355b68f2d,1058,207628,1789654166295,1789654168033,1738,
198,0xdD2FD4581271e230360230F9337D5c0430Bf44C0,0x8626f6940E2eb28930eFb4CeF49B2d1F2C9C1199,true,true,false,0x5e7a5c3a4a83d0b94e4b807177511e0905195199e654ca3989775de94461a2ba,1058,207604,1789654166296,1789654168033,1737,
199,0x8626f6940E2eb28930eFb4CeF49B2d1F2C9C1199,0x09DB0a93B389bEF724429898f539AEB7ac2Dd55f,true,true,false,0xceda73767c793a53ab3c6582aeeb9b013ec7528253bf490f7c7e772fc80e63b4,1058,207616,1789654166298,1789654168033,1735,
207,0x14dC79964da2C08b23698B3D3cc7Ca32193d9955,0x23618e81E3f5cdF7f54C3d65f7FBc0aBf5B21E8f,true,true,false,0xa2c6e7bdd363adeff7e85cdaa2b332d1014a9791852922e3dcc87cf0f989fb74,1058,207628,1789654166298,1789654168034,1736,
208,0x23618e81E3f5cdF7f54C3d65f7FBc0aBf5B21E8f,0xa0Ee7A142d267C1f36714E4a8F75612F20a79720,true,true,false,0xb8f04081126125c036b020b5248b8a7f3c49739862ec90a9c904a3a745c6177f,1058,207616,1789654166299,1789654168034,1735,
209,0xa0Ee7A142d267C1f36714E4a8F75612F20a79720,0xBcd4042DE499D14e55001CcbB24a551F3b954096,true,true,false,0xc1fc2808de5f7443ada5d7109ffbf69a892238611748a12a05f27c0bf514421e,1058,207616,1789654166299,1789654168034,1735,
210,0xBcd4042DE499D14e55001CcbB24a551F3b954096,0x71bE63f3384f5fb98995898A86B02Fb2426c5788,true,true,false,0x04de59086a80c8b29913ebd05d9043c897ba49184d5a1b265a10df8785893348,1058,207616,1789654166300,1789654168035,1735,
211,0x71bE63f3384f5fb98995898A86B02Fb2426c5788,0xFABB0ac9d68B0B445fB7357272Ff202C5651694a,true,true,false,0x6d126accfb0dd526bf80e8647d71c0d1e27f857fa5e67ded14fa66c9ad4e5a43,1058,207628,1789654166300,1789654168035,1735,
213,0x1CBd3b2770909D4e10f157cABC84C7264073C9Ec,0xdF3e18d64BC6A983f673Ab319CCaE4f1a57C7097,true,true,false,0x8dc393cdce5521030c6e338aeaf8eb44e7fa37c77394b921392d2d532526883f,1058,207616,1789654166301,1789654168035,1734,
214,0xdF3e18d64BC6A983f673Ab319CCaE4f1a57C7097,0xcd3B766CCDd6AE721141F452C550Ca635964ce71,true,true,false,0x1a4167a43517887ffb990118357cb9715ae772e81d38ab893c85ec7b95b09766,1058,207628,1789654166301,1789654168035,1734,
219,0x8626f6940E2eb28930eFb4CeF49B2d1F2C9C1199,0x09DB0a93B389bEF724429898f539AEB7ac2Dd55f,true,true,false,0x8657766aec3114c59053157b836c98753d15181ee07fbefc0e94dd6e1d9b8509,1058,207628,1789654166301,1789654168036,1735,
221,0x70997970C51812dc3A010C7d01b50e0d17dc79C8,0x3C44CdDdB6a900fa2b585dd299e03d12FA4293BC,true,true,false,0xcfa08ce6c191b62ce5b89d8eec2ab6f63d0f57b5abf06ea0522e4ab2e32bf788,1058,207616,1789654166302,1789654168036,1734,
222,0x3C44CdDdB6a900fa2b585dd299e03d12FA4293BC,0x90F79bf6EB2c4f870365E785982E1f101E93b906,true,true,false,0x7f2922a8e09a04b7092223246debaf278ed7f6163d767d2a20e7448e44b8f58f,1058,207616,1789654166302,1789654168036,1734,
223,0x90F79bf6EB2c4f870365E785982E1f101E93b906,0x15d34AAf54267DB7D7c367839AAf71A00a2C6A65,true,true,false,0xb8820c59a921b5cfda88064a2e86581edb12b139aafd23f6c8c351cda3c04a74,1058,207616,1789654166303,1789654168036,1733,
224,0x15d34AAf54267DB7D7c367839AAf71A00a2C6A65,0x9965507D1a55bcC2695C58ba16FB37d819B0A4dc,true,true,false,0x789ec503ad68795ec21bf4984b2973ca290ad2a51e7e2fd345027b69adebce12,1058,207628,1789654166303,1789654168037,1734,
225,0x9965507D1a55bcC2695C58ba16FB37d819B0A4dc,0x976EA74026E726554dB657fA54763abd0C3a0aa9,true,true,false,0xb4f702b5b86768c7d29e5d3c2f2ce5b6717f404fd9ab88a830112773f281e5f6,1058,207616,1789654166303,1789654168037,1734,
227,0x14dC79964da2C08b23698B3D3cc7Ca32193d9955,0x23618e81E3f5cdF7f54C3d65f7FBc0aBf5B21E8f,true,true,false,0xf78c76ec9628a36fea55afae40c310519b628646be954b47642f5f39eddbdcb5,1058,207628,1789654166304,1789654168037,1733,
228,0x23618e81E3f5cdF7f54C3d65f7FBc0aBf5B21E8f,0xa0Ee7A142d267C1f36714E4a8F75612F20a79720,true,true,false,0x8559d0652394af5805c0764cc001f229d15338b6d4cdbe40a2a7f536c5b08de8,1058,207616,1789654166304,1789654168037,1733,
229,0xa0Ee7A142d267C1f36714E4a8F75612F20a79720,0xBcd4042DE499D14e55001CcbB24a551F3b954096,true,true,false,0xbec1892964dc4cf1bd9e3e732100ed25b8f2be0721a1e0bfef77df527b491f8c,1058,207616,1789654166305,1789654168038,1733,
230,0xBcd4042DE499D14e55001CcbB24a551F3b954096,0x71bE63f3384f5fb98995898A86B02Fb2426c5788,true,true,false,0x1f1c8a148958cd3243dca06acde9d7efd4e67623c68ff70305c99fb3cdd1bbcd,1058,207616,1789654166306,1789654168038,1732,
231,0x71bE63f3384f5fb98995898A86B02Fb2426c5788,0xFABB0ac9d68B0B445fB7357272Ff202C5651694a,true,true,false,0x9ce2dac500a500809791a0fcb74505eaac8a54fcc48c9ce524386d08cbf44b7c,1058,207628,1789654166306,1789654168038,1732,
232,0xFABB0ac9d68B0B445fB7357272Ff202C5651694a,0x1CBd3b2770909D4e10f157cABC84C7264073C9Ec,true,true,false,0x4f019cad35d09308ec3eb0ae8a19f881c1af85f280fd51b8c70dc512fe2f01cb,1058,207628,1789654166307,1789654168038,1731,
233,0x1CBd3b2770909D4e10f157cABC84C7264073C9Ec,0xdF3e18d64BC6A983f673Ab319CCaE4f1a57C7097,true,true,false,0x3924235e9a85b7acc95e011ee54724fe6b9508a5eb6867c7ee7f7182691964f6,1058,207616,1789654166310,1789654168038,1728,
234,0xdF3e18d64BC6A983f673Ab319CCaE4f1a57C7097,0xcd3B766CCDd6AE721141F452C550Ca635964ce71,true,true,false,0x17aaf4c7fbb73db446e6a725c441cbff1d065b567b0cf9243b83640861411f35,1058,207616,1789654166311,1789654168038,1727,
235,0xcd3B766CCDd6AE721141F452C550Ca635964ce71,0x2546BcD3c84621e976D8185a91A922aE77ECEc30,true,true,false,0x1eed271f3c52be85735f00fa3c94cfc15cdb059ce3749fb6b313f2c98f6dbc84,1058,207628,1789654166311,1789654168039,1728,
236,0x2546BcD3c84621e976D8185a91A922aE77ECEc30,0xbDA5747bFD65F08deb54cb465eB87D40e51B197E,true,true,false,0xb13893414c72a6a05e567d0c178d48175c3d4d52aab592752a3281d20f26038d,1058,207628,1789654166312,1789654168039,1727,
237,0xbDA5747bFD65F08deb54cb465eB87D40e51B197E,0xdD2FD4581271e230360230F9337D5c0430Bf44C0,true,true,false,0x1a45380cce002b0ffd56dc43de65f23dbb678a2101c695cea0c51029cbbea01e,1058,207628,1789654166312,1789654168039,1727,
238,0xdD2FD4581271e230360230F9337D5c0430Bf44C0,0x8626f6940E2eb28930eFb4CeF49B2d1F2C9C1199,true,true,false,0x1427af405e6db58394e4e64ce461cfa059f3c2dc3b37c09e9a3c3f5797bef8ba,1058,207628,1789654166314,1789654168039,1725,
239,0x8626f6940E2eb28930eFb4CeF49B2d1F2C9C1199,0x09DB0a93B389bEF724429898f539AEB7ac2Dd55f,true,true,false,0x8cf639c87aebe1a7e72c2cf24796b21271ba7556fe92573ab6aad12fffdadc75,1058,207616,1789654166315,1789654168039,1724,
240,0x09DB0a93B389bEF724429898f539AEB7ac2Dd55f,0x70997970C51812dc3A010C7d01b50e0d17dc79C8,true,true,false,0x1f87da59a994e2d213e961f788244154e6a527cec3320e8c676f7159be568a5d,1058,207628,1789654166316,1789654168039,1723,
241,0x70997970C51812dc3A010C7d01b50e0d17dc79C8,0x3C44CdDdB6a900fa2b585dd299e03d12FA4293BC,true,true,false,0xe94cb2e4eef619cf63b2685ec6322ff2b0fb1611c50b64de269d7f74d29e132b,1058,207616,1789654166316,1789654168040,1724,
242,0x3C44CdDdB6a900fa2b585dd299e03d12FA4293BC,0x90F79bf6EB2c4f870365E785982E1f101E93b906,true,true,false,0x8626dc02f96d9dc76a6c183c6ea372196c8b75b80a054080e4f9a974f0d0f596,1058,207616,1789654166317,1789654168040,1723,
243,0x90F79bf6EB2c4f870365E785982E1f101E93b906,0x15d34AAf54267DB7D7c367839AAf71A00a2C6A65,true,true,false,0x529aa0446540855e013e18606f16dbc81153e884970adb7c32fe42b38cfdb7b9,1058,207628,1789654166317,1789654168040,1723,
244,0x15d34AAf54267DB7D7c367839AAf71A00a2C6A65,0x9965507D1a55bcC2695C58ba16FB37d819B0A4dc,true,true,false,0x9b2c43177710e018f106ba3811e01ad02c1bf4e586c85a708b335e55ba5d7f82,1058,207628,1789654166318,1789654168040,1722,
245,0x9965507D1a55bcC2695C58ba16FB37d819B0A4dc,0x976EA74026E726554dB657fA54763abd0C3a0aa9,true,true,false,0x7bed6bef450a06812bd396e2bb16699172a5667c546154fc389405eb2213c9aa,1058,207616,1789654166318,1789654168040,1722,
246,0x976EA74026E726554dB657fA54763abd0C3a0aa9,0x14dC79964da2C08b23698B3D3cc7Ca32193d9955,true,true,false,0x3fefb10671309e85be38aa085286c30c9f2c1e4fc8d43b5d9e9fd5f958e59590,1058,207616,1789654166318,1789654168041,1723,
247,0x14dC79964da2C08b23698B3D3cc7Ca32193d9955,0x23618e81E3f5cdF7f54C3d65f7FBc0aBf5B21E8f,true,true,false,0xe9d3263377287fa87c699b4d90eac0f2b619db3b0367fbe60e727021e4feb145,1058,207628,1789654166319,1789654168041,1722,
248,0x23618e81E3f5cdF7f54C3d65f7FBc0aBf5B21E8f,0xa0Ee7A142d267C1f36714E4a8F75612F20a79720,true,true,false,0xff07eeaad2441651d62ba4a43e88495a5a32f3216f549803cf1407ace973288b,1058,207628,1789654166319,1789654168041,1722,
249,0xa0Ee7A142d267C1f36714E4a8F75612F20a79720,0xBcd4042DE499D14e55001CcbB24a551F3b954096,true,true,false,0x0e545731fd03af6671fb299334c325afce72f899d448122f77281db24ee2d9e0,1058,207616,1789654166320,1789654168041,1721,
250,0xBcd4042DE499D14e55001CcbB24a551F3b954096,0x71bE63f3384f5fb98995898A86B02Fb2426c5788,true,true,false,0xf2df5a33c8a4f140ff99ceb4450a0a91dda5c4f4527f29794b895753183521b9,1058,207616,1789654166320,1789654168041,1721,
251,0x71bE63f3384f5fb98995898A86B02Fb2426c5788,0xFABB0ac9d68B0B445fB7357272Ff202C5651694a,true,true,false,0x6a65d61418c2c5254ab55907eb75d09d0124df21e652e061919aed2d9126dfe1,1058,207628,1789654166320,1789654168041,1721,
252,0xFABB0ac9d68B0B445fB7357272Ff202C5651694a,0x1CBd3b2770909D4e10f157cABC84C7264073C9Ec,true,true,false,0x1afcdce90cedfb81f372f8c37d9d664c85ff6b191e1820d6e362702581bd2ca7,1058,207628,1789654166330,1789654168042,1712,
253,0x1CBd3b2770909D4e10f157cABC84C7264073C9Ec,0xdF3e18d64BC6A983f673Ab319CCaE4f1a57C7097,true,true,false,0x88bec09173d4d1542ac81db92539ab6b2b63481177750c59bfa680e5731f5e7d,1058,207616,1789654166333,1789654168042,1709,
254,0xdF3e18d64BC6A983f673Ab319CCaE4f1a57C7097,0xcd3B766CCDd6AE721141F452C550Ca635964ce71,true,true,false,0xd872aea164d9909dbc76683c09bb6f93ddb2c06939ce8018337bb413eaa174b9,1058,207628,1789654166334,1789654168042,1708,
255,0xcd3B766CCDd6AE721141F452C550Ca635964ce71,0x2546BcD3c84621e976D8185a91A922aE77ECEc30,true,true,false,0x467aaa0210f887f2e5b47f216e292a03186c5aebdd2dc8e03d02df8cbcb6a839,1058,207628,1789654166335,1789654168042,1707,
256,0x2546BcD3c84621e976D8185a91A922aE77ECEc30,0xbDA5747bFD65F08deb54cb465eB87D40e51B197E,true,true,false,0xd7a35ba17a604a2c16fa29fa6c3ae1f9237933225d89c7d9b70baa63a8ed2ffb,1058,207628,1789654166322,1789654168042,1720,
257,0xbDA5747bFD65F08deb54cb465eB87D40e51B197E,0xdD2FD4581271e230360230F9337D5c0430Bf44C0,true,true,false,0x6b13cc887824ef38731ff09a17e81b414a7a2decea689b63cb6dde81ea6d71c8,1058,207616,1789654166338,1789654168042,1704,
258,0xdD2FD4581271e230360230F9337D5c0430Bf44C0,0x8626f6940E2eb28930eFb4CeF49B2d1F2C9C1199,true,true,false,0x089617e0c948eac285f489cddaf5d7e4b6f8605f880f6f59dcded279fd7af991,1058,207628,1789654166339,1789654168043,1704,
259,0x8626f6940E2eb28930eFb4CeF49B2d1F2C9C1199,0x09DB0a93B389bEF724429898f539AEB7ac2Dd55f,true,true,false,0x9b674a561bc1d1d44b9d6858f2b7aca3954a501fb18144182c451b281bd3f87a,1058,207616,1789654166339,1789654168043,1704,
260,0x09DB0a93B389bEF724429898f539AEB7ac2Dd55f,0x70997970C51812dc3A010C7d01b50e0d17dc79C8,true,true,false,0x193e69c9b00ca12b6506b36644e678b360097b8bd557c2c43acf7eb4b9109019,1058,207628,1789654166342,1789654168043,1701,
261,0x70997970C51812dc3A010C7d01b50e0d17dc79C8,0x3C44CdDdB6a900fa2b585dd299e03d12FA4293BC,true,true,false,0x4fe8b615ef0584b63ba52e1550a589bbcd30f7e473e8c27b73fb36592d922d6f,1058,207604,1789654166342,1789654168101,1759,
262,0x3C44CdDdB6a900fa2b585dd299e03d12FA4293BC,0x90F79bf6EB2c4f870365E785982E1f101E93b906,true,true,false,0x22875f54d84e7b99cd9fd700410861d186c59f683e5e7743cdf24ac1ea468a60,1058,207604,1789654166343,1789654168102,1759,
263,0x90F79bf6EB2c4f870365E785982E1f101E93b906,0x15d34AAf54267DB7D7c367839AAf71A00a2C6A65,true,true,false,0xf9e9adf821f093a1e9942d01db64d8dbede03f2b565a8d5953301293c9c2c999,1058,207616,1789654166343,1789654168102,1759,
264,0x15d34AAf54267DB7D7c367839AAf71A00a2C6A65,0x9965507D1a55bcC2695C58ba16FB37d819B0A4dc,true,true,false,0x058fbe5e7df5bcaae446967e1b6d732fafff648611b6ac886cf2f461d32d1a69,1058,207628,1789654166344,1789654168102,1758,
265,0x9965507D1a55bcC2695C58ba16FB37d819B0A4dc,0x976EA74026E726554dB657fA54763abd0C3a0aa9,true,true,false,0xc0c2ca74eabc3b0eb39a8afe97d6e88470b8c9c5b8b7d860bfa585d5243bde23,1058,207604,1789654166344,1789654168102,1758,
266,0x976EA74026E726554dB657fA54763abd0C3a0aa9,0x14dC79964da2C08b23698B3D3cc7Ca32193d9955,true,true,false,0x8929633ece5c6f0b04722061270588eefa7f4846e4ddb5df1a9e1307f3507ca3,1058,207628,1789654166345,1789654168102,1757,
267,0x14dC79964da2C08b23698B3D3cc7Ca32193d9955,0x23618e81E3f5cdF7f54C3d65f7FBc0aBf5B21E8f,true,true,false,0xd0621ba4c17cf33ba38c7f527ecb09b475bd9ddba87b795d4287ee688f7d4853,1058,207628,1789654166346,1789654168103,1757,
268,0x23618e81E3f5cdF7f54C3d65f7FBc0aBf5B21E8f,0xa0Ee7A142d267C1f36714E4a8F75612F20a79720,true,true,false,0x9f123658075baf4e3fbdd9598fc6d5d0e0b2f646cc1e1d8b7fe3d29780b807d7,1058,207628,1789654166346,1789654168103,1757,
269,0xa0Ee7A142d267C1f36714E4a8F75612F20a79720,0xBcd4042DE499D14e55001CcbB24a551F3b954096,true,true,false,0x89d4d51198115773cce13519daad41e947f072594ca0f679847d9bf217af09b3,1058,207616,1789654166348,1789654168103,1755,
270,0xBcd4042DE499D14e55001CcbB24a551F3b954096,0x71bE63f3384f5fb98995898A86B02Fb2426c5788,true,true,false,0x306a37d20845ed817d77b545489c0f2032c820fe1c87d297057e14940ea412c5,1058,207616,1789654166349,1789654168103,1754,
271,0x71bE63f3384f5fb98995898A86B02Fb2426c5788,0xFABB0ac9d68B0B445fB7357272Ff202C5651694a,true,true,false,0xc995662e07cfcb1b742f9e58083a849e26ab6a675440bebba98117ea3842d084,1058,207628,1789654166349,1789654168103,1754,
272,0xFABB0ac9d68B0B445fB7357272Ff202C5651694a,0x1CBd3b2770909D4e10f157cABC84C7264073C9Ec,true,true,false,0x379e1a5e6996d18fa78fcc1756b15851e01eac2ea0b797f893f9731b8021d9b0,1058,207628,1789654166350,1789654168103,1753,
274,0xdF3e18d64BC6A983f673Ab319CCaE4f1a57C7097,0xcd3B766CCDd6AE721141F452C550Ca635964ce71,true,true,false,0x8d5587092d9186b00d340b0363f32255d42a12e8e59adb3f8b2540b21f5316c4,1058,207628,1789654166351,1789654168104,1753,
275,0xcd3B766CCDd6AE721141F452C550Ca635964ce71,0x2546BcD3c84621e976D8185a91A922aE77ECEc30,true,true,false,0x3f7f9b47a900ec2e5992473d719f361b1a2d632ae8e5893f1ce885632bc8ce46,1058,207628,1789654166351,1789654168104,1753,
276,0x2546BcD3c84621e976D8185a91A922aE77ECEc30,0xbDA5747bFD65F08deb54cb465eB87D40e51B197E,true,true,false,0xb36594da0ae8a4c775250ec04481d271a1eb49726c5e444801cab3e971d943cc,1058,207628,1789654166352,1789654168104,1752,
277,0xbDA5747bFD65F08deb54cb465eB87D40e51B197E,0xdD2FD4581271e230360230F9337D5c0430Bf44C0,true,true,false,0xae18b1a69f0a6cf5b755d5d4a67511b46144dcb1cbe1d96daad8efad5058a907,1058,207616,1789654166352,1789654168104,1752,
278,0xdD2FD4581271e230360230F9337D5c0430Bf44C0,0x8626f6940E2eb28930eFb4CeF49B2d1F2C9C1199,true,true,false,0xfda726d66acb8e6398c63e1df9a1f8268605a32ee994c36243f8c4f0c32e0476,1058,207616,1789654166353,1789654168104,1751,
279,0x8626f6940E2eb28930eFb4CeF49B2d1F2C9C1199,0x09DB0a93B389bEF724429898f539AEB7ac2Dd55f,true,true,false,0xc5ef31b6ffa20249e12198d6588b1421b7c1af60d00ad4c5b5417919a9d8db95,1058,207628,1789654166353,1789654168105,1752,
280,0x09DB0a93B389bEF724429898f539AEB7ac2Dd55f,0x70997970C51812dc3A010C7d01b50e0d17dc79C8,true,true,false,0x026fdea6c93fde19c34a270b7f75759388d70466da71fb362ef0909009cb33ae,1058,207628,1789654166354,1789654168104,1750,
281,0x70997970C51812dc3A010C7d01b50e0d17dc79C8,0x3C44CdDdB6a900fa2b585dd299e03d12FA4293BC,true,true,false,0xb6856151047f4edd5fe131e8f0491d45beee16fde23f24e588b0793f938ff914,1058,207616,1789654166354,1789654168105,1751,
282,0x3C44CdDdB6a900fa2b585dd299e03d12FA4293BC,0x90F79bf6EB2c4f870365E785982E1f101E93b906,true,true,false,0xb79f162bddc9eccee0e9757ad9f0c4ea7cbefcef89f98f77a63d1272c6b42f1a,1058,207616,1789654166355,1789654168105,1750,
283,0x90F79bf6EB2c4f870365E785982E1f101E93b906,0x15d34AAf54267DB7D7c367839AAf71A00a2C6A65,true,true,false,0xf1c27eb817efeddaf59a8e51fa828f544276448fd3faa3a1e82baf3bf2583db5,1058,207628,1789654166356,1789654168105,1749,
284,0x15d34AAf54267DB7D7c367839AAf71A00a2C6A65,0x9965507D1a55bcC2695C58ba16FB37d819B0A4dc,true,true,false,0xaf67469228f950dd0f6ca4e91f7db510d8a5f13fe6e01a31b45e76b7f2a74609,1058,207616,1789654166356,1789654168105,1749,
285,0x9965507D1a55bcC2695C58ba16FB37d819B0A4dc,0x976EA74026E726554dB657fA54763abd0C3a0aa9,true,true,false,0x2ff5350cfb46646216a40536df3a158a48784169b9754c8f1398300d02eedfad,1058,207628,1789654166357,1789654168105,1748,
288,0x23618e81E3f5cdF7f54C3d65f7FBc0aBf5B21E8f,0xa0Ee7A142d267C1f36714E4a8F75612F20a79720,true,true,false,0x5e56641722eef88913e23b408c325eae4490879e5a892cea1c7ab6c22d26daf9,1058,207628,1789654166357,1789654168106,1749,
289,0xa0Ee7A142d267C1f36714E4a8F75612F20a79720,0xBcd4042DE499D14e55001CcbB24a551F3b954096,true,true,false,0xeaf84ce50edf7a42fe969f7d2b9bb24b14b7211b9659f1b440010065f8fb49a1,1058,207616,1789654166358,1789654168106,1748,
290,0xBcd4042DE499D14e55001CcbB24a551F3b954096,0x71bE63f3384f5fb98995898A86B02Fb2426c5788,true,true,false,0xb296b822ecf83ba1186f753c32d4f8e6642c895461b9f75c9b0fa48f9d203be6,1058,207604,1789654166358,1789654168106,1748,
292,0xFABB0ac9d68B0B445fB7357272Ff202C5651694a,0x1CBd3b2770909D4e10f157cABC84C7264073C9Ec,true,true,false,0xb6ae0b126a862d2e6a4dbe720e952344d160af32b3e0bc2ba033540e2ce79a90,1058,207616,1789654166341,1789654168043,1702,
524,0x15d34AAf54267DB7D7c367839AAf71A00a2C6A65,0x9965507D1a55bcC2695C58ba16FB37d819B0A4dc,true,true,false,0x2506e766b04818ff55b9bd20d712d23348a0bba1957fc20cd54c1e99e79b8151,1059,207628,1789654168184,1789654170054,1870,
521,0x70997970C51812dc3A010C7d01b50e0d17dc79C8,0x3C44CdDdB6a900fa2b585dd299e03d12FA4293BC,true,true,false,0x92f1f33abbdfd42a3fab55bfb47552e4040c68d31f51669dc173b846ebf349e6,1059,207616,1789654168185,1789654170056,1871,
493,0x1CBd3b2770909D4e10f157cABC84C7264073C9Ec,0xdF3e18d64BC6A983f673Ab319CCaE4f1a57C7097,true,true,false,0xcb20ec001d2202ceb4c6f9037f497b328419afb83738cb46a5cb575a627e3a72,1059,207616,1789654168186,1789654170056,1870,
494,0xdF3e18d64BC6A983f673Ab319CCaE4f1a57C7097,0xcd3B766CCDd6AE721141F452C550Ca635964ce71,true,true,false,0xe2410dc7a0b682879826a8cfb0e47e5caa65cedd46eeef9670b3929c38341669,1059,207628,1789654168186,1789654170056,1870,
460,0x09DB0a93B389bEF724429898f539AEB7ac2Dd55f,0x70997970C51812dc3A010C7d01b50e0d17dc79C8,true,true,false,0x49dbf22433ac2c8a56a7dc65aec25ab9cc7fd80b6c115428d38f86c983cd43c9,1059,207616,1789654168187,1789654170056,1869,
444,0x15d34AAf54267DB7D7c367839AAf71A00a2C6A65,0x9965507D1a55bcC2695C58ba16FB37d819B0A4dc,true,true,false,0x878bb0fb1c36cba860b2445f934a55eb5f191a2afa121ebca65fe79bffb02cee,1059,207628,1789654168188,1789654170056,1868,
445,0x9965507D1a55bcC2695C58ba16FB37d819B0A4dc,0x976EA74026E726554dB657fA54763abd0C3a0aa9,true,true,false,0x7c6f9c5f8b959a8f7e3496e18c8d01231e2339bbe64d4a79d191d2029c7442cd,1059,207628,1789654168188,1789654170057,1869,
426,0x976EA74026E726554dB657fA54763abd0C3a0aa9,0x14dC79964da2C08b23698B3D3cc7Ca32193d9955,true,true,false,0xb09aac9618f0fdad7831003864f229134e56b8bb7a52df839001ce4f64d0ed8d,1059,207628,1789654168189,1789654170066,1877,
425,0x9965507D1a55bcC2695C58ba16FB37d819B0A4dc,0x976EA74026E726554dB657fA54763abd0C3a0aa9,true,true,false,0x3cf272f96d5343ad378496fe732aa21b80a9e9735d00ca7cfe8749fc5d8d80b1,1059,207628,1789654168192,1789654170066,1874,
423,0x90F79bf6EB2c4f870365E785982E1f101E93b906,0x15d34AAf54267DB7D7c367839AAf71A00a2C6A65,true,true,false,0x63a7a9ac65e454cd0d433c089e7d7189eb5bd003d04d8a8285e5e5e61b981149,1059,207628,1789654168188,1789654170057,1869,
422,0x3C44CdDdB6a900fa2b585dd299e03d12FA4293BC,0x90F79bf6EB2c4f870365E785982E1f101E93b906,true,true,false,0x7eb0ca7d654fd6cdc7b59104955c5b35877bada601adc1c8c607ddb0836e0961,1059,207616,1789654168189,1789654170057,1868,
533,0x1CBd3b2770909D4e10f157cABC84C7264073C9Ec,0xdF3e18d64BC6A983f673Ab319CCaE4f1a57C7097,true,true,false,0x24fa2264087ceee49046e7e43d5e1f89739c9bed70b50caf301e8a573d461510,1059,207628,1789654168191,1789654170066,1875,
534,0xdF3e18d64BC6A983f673Ab319CCaE4f1a57C7097,0xcd3B766CCDd6AE721141F452C550Ca635964ce71,true,true,false,0x74d4b1a14fe2851e354617db0a8f093e44ebb8e3bfa19498943670123cb31411,1059,207616,1789654168191,1789654170066,1875,
408,0x23618e81E3f5cdF7f54C3d65f7FBc0aBf5B21E8f,0xa0Ee7A142d267C1f36714E4a8F75612F20a79720,true,true,false,0x4a60998a5d39b376bf7d9ab93f49ef07e01f0d8b119afd8c357c6c37f4541c18,1059,207628,1789654168192,1789654170067,1875,
406,0x976EA74026E726554dB657fA54763abd0C3a0aa9,0x14dC79964da2C08b23698B3D3cc7Ca32193d9955,true,true,false,0xc47bc4f69739ddfae3d8dc68196c13951ca03e20af377db9539906b04d6c44b8,1059,207628,1789654168193,1789654170067,1874,
293,0x1CBd3b2770909D4e10f157cABC84C7264073C9Ec,0xdF3e18d64BC6A983f673Ab319CCaE4f1a57C7097,true,true,false,0xfe88376a61b93d0e60ff14590ca62f4156495a2afbaa9262bacfad515f7254df,1059,207628,1789654168193,1789654170067,1874,
294,0xdF3e18d64BC6A983f673Ab319CCaE4f1a57C7097,0xcd3B766CCDd6AE721141F452C550Ca635964ce71,true,true,false,0x703d92142a9ed12945f72c82ce4607cec1730612a8bde6072060e9e4cee24364,1059,207628,1789654168193,1789654170067,1874,
295,0xcd3B766CCDd6AE721141F452C550Ca635964ce71,0x2546BcD3c84621e976D8185a91A922aE77ECEc30,true,true,false,0x5c6ddb09dd5e1f5cf49eb61b7e76dcb330499266ec817e12fea6e875dc344d5e,1059,207628,1789654168194,1789654170068,1874,
296,0x2546BcD3c84621e976D8185a91A922aE77ECEc30,0xbDA5747bFD65F08deb54cb465eB87D40e51B197E,true,true,false,0x832e246ad54a09c555f1b3d676715673ce0bb951339099b4886f9dac587888c4,1059,207628,1789654168194,1789654170068,1874,
297,0xbDA5747bFD65F08deb54cb465eB87D40e51B197E,0xdD2FD4581271e230360230F9337D5c0430Bf44C0,true,true,false,0x0d0edf18a9addb07fa65c16436f50acd4bed719379f8cf6e0eb5cac3f9c2d06d,1059,207628,1789654168195,1789654170068,1873,
298,0xdD2FD4581271e230360230F9337D5c0430Bf44C0,0x8626f6940E2eb28930eFb4CeF49B2d1F2C9C1199,true,true,false,0x6e00200d53ae536bb90eefefaa4d01bb4c9ae50c70ff96c6d02310c875c305ea,1059,207616,1789654168195,1789654170068,1873,
299,0x8626f6940E2eb28930eFb4CeF49B2d1F2C9C1199,0x09DB0a93B389bEF724429898f539AEB7ac2Dd55f,true,true,false,0x7235d2cc1336cff62919701ee41f99777b309d6471d634df3d7865d85f7fb04e,1059,207616,1789654168196,1789654170068,1872,
300,0x09DB0a93B389bEF724429898f539AEB7ac2Dd55f,0x70997970C51812dc3A010C7d01b50e0d17dc79C8,true,true,false,0x8972b7d4e3de334f72e0b6e77491b8bd9e7375f51fab233282817b44b0bd79fb,1059,207628,1789654168197,1789654170069,1872,
301,0x70997970C51812dc3A010C7d01b50e0d17dc79C8,0x3C44CdDdB6a900fa2b585dd299e03d12FA4293BC,true,true,false,0x76e33013476c56f1d0122bac773a92ea39568e3d5667c0f21dd430e5682f257c,1059,207616,1789654168197,1789654170069,1872,
302,0x3C44CdDdB6a900fa2b585dd299e03d12FA4293BC,0x90F79bf6EB2c4f870365E785982E1f101E93b906,true,true,false,0xd038b44f472d60af0ed785bd1d18f3cf27d06940a5408c7796a39569493dc148,1059,207616,1789654168198,1789654170069,1871,
303,0x90F79bf6EB2c4f870365E785982E1f101E93b906,0x15d34AAf54267DB7D7c367839AAf71A00a2C6A65,true,true,false,0x76734a49ff9d7ac3e387b062732e574d0feca9200bc77e5a8009eb64500a739f,1059,207628,1789654168199,1789654170070,1871,
304,0x15d34AAf54267DB7D7c367839AAf71A00a2C6A65,0x9965507D1a55bcC2695C58ba16FB37d819B0A4dc,true,true,false,0x442d5baf3cc9836bb7d907f26fa0027b34577087d4a43274efd0852d4f275243,1059,207628,1789654168199,1789654170070,1871,
305,0x9965507D1a55bcC2695C58ba16FB37d819B0A4dc,0x976EA74026E726554dB657fA54763abd0C3a0aa9,true,true,false,0xf87545d3c11658c371d8fe7d3342931412d9564cf5cf5ae304f731e8ba2b2909,1059,207616,1789654168201,1789654170072,1871,
306,0x976EA74026E726554dB657fA54763abd0C3a0aa9,0x14dC79964da2C08b23698B3D3cc7Ca32193d9955,true,true,false,0x545f1ba0dd401d4b910c4a8cd9277a58f25e6ba04c5b335964be90cb0d68c1c0,1059,207628,1789654168200,1789654170072,1872,
307,0x14dC79964da2C08b23698B3D3cc7Ca32193d9955,0x23618e81E3f5cdF7f54C3d65f7FBc0aBf5B21E8f,true,true,false,0x73542232a93c94acb8b79af771994646be13e4bbe57ed4c5b5dac41d3287d136,1059,207628,1789654168200,1789654170070,1870,
308,0x23618e81E3f5cdF7f54C3d65f7FBc0aBf5B21E8f,0xa0Ee7A142d267C1f36714E4a8F75612F20a79720,true,true,false,0xecca8fe34d78d4af13a54ec57f461e5215267abd3d9350be52a47b418a7f42d4,1059,207628,1789654168201,1789654170073,1872,
309,0xa0Ee7A142d267C1f36714E4a8F75612F20a79720,0xBcd4042DE499D14e55001CcbB24a551F3b954096,true,true,false,0xd6e86c9e1818af708250dda2802cc6453836b6f74185caffd168b22598908827,1059,207616,1789654168202,1789654170073,1871,
311,0x71bE63f3384f5fb98995898A86B02Fb2426c5788,0xFABB0ac9d68B0B445fB7357272Ff202C5651694a,true,true,false,0xd1e1f3f1e92dfbd8c6a8e679bfe22fb7d50ea481706a4c6374a75501d836dd3a,1059,207616,1789654168202,1789654170073,1871,
312,0xFABB0ac9d68B0B445fB7357272Ff202C5651694a,0x1CBd3b2770909D4e10f157cABC84C7264073C9Ec,true,true,false,0x525507966c620a3e9c8ff919b3da9f5b8591bd10aa5a352893416f5602987206,1059,207616,1789654168202,1789654170073,1871,
313,0x1CBd3b2770909D4e10f157cABC84C7264073C9Ec,0xdF3e18d64BC6A983f673Ab319CCaE4f1a57C7097,true,true,false,0xa4e754b2178b954fb563569d6e663dacaf376cd9f9cef5022be64b2a3619283c,1059,207604,1789654168203,1789654170073,1870,
314,0xdF3e18d64BC6A983f673Ab319CCaE4f1a57C7097,0xcd3B766CCDd6AE721141F452C550Ca635964ce71,true,true,false,0xf34ce9f24ac87527cf9435dc30a142cc43b29d5bbbb7e11f07a690106f6a74b4,1059,207616,1789654168203,1789654170073,1870,
315,0xcd3B766CCDd6AE721141F452C550Ca635964ce71,0x2546BcD3c84621e976D8185a91A922aE77ECEc30,true,true,false,0x9c8b7df6e30336edfdef6fcdff295d894eb9b6a4ec5ee1949a5838013faf22dc,1059,207628,1789654168204,1789654170074,1870,
316,0x2546BcD3c84621e976D8185a91A922aE77ECEc30,0xbDA5747bFD65F08deb54cb465eB87D40e51B197E,true,true,false,0x28f702d3e74fa5b41100e785cdcea812fbc4bb99c8be754252ba2dedb3f1893d,1059,207628,1789654168204,1789654170074,1870,
317,0xbDA5747bFD65F08deb54cb465eB87D40e51B197E,0xdD2FD4581271e230360230F9337D5c0430Bf44C0,true,true,false,0xda62181ea60f083d6fbb9af92d01fd383039728380224721be5f8f36197ba170,1059,207628,1789654168205,1789654170074,1869,
318,0xdD2FD4581271e230360230F9337D5c0430Bf44C0,0x8626f6940E2eb28930eFb4CeF49B2d1F2C9C1199,true,true,false,0x177c906473b7a1e42476d08add6605fcfb5ce60693452c2f639383635e91560b,1059,207616,1789654168206,1789654170074,1868,
319,0x8626f6940E2eb28930eFb4CeF49B2d1F2C9C1199,0x09DB0a93B389bEF724429898f539AEB7ac2Dd55f,true,true,false,0xf76a35560a6331e5c89a851b3be0dc80f09dce92ecc6d2770d6118d2c9d63cdf,1059,207628,1789654168206,1789654170074,1868,
320,0x09DB0a93B389bEF724429898f539AEB7ac2Dd55f,0x70997970C51812dc3A010C7d01b50e0d17dc79C8,true,true,false,0xabf18fcaeb08a58108241e2eab44aeca2a2bac9d5e60ff3124c61d64c1b5e5fb,1059,207628,1789654168207,1789654170074,1867,
321,0x70997970C51812dc3A010C7d01b50e0d17dc79C8,0x3C44CdDdB6a900fa2b585dd299e03d12FA4293BC,true,true,false,0x245811424f7e70385f16f374af945371f70e51e96f154ada56f4b0ea10cb7f99,1059,207616,1789654168207,1789654170075,1868,
322,0x3C44CdDdB6a900fa2b585dd299e03d12FA4293BC,0x90F79bf6EB2c4f870365E785982E1f101E93b906,true,true,false,0xb154924392e42db712805a70207b01878b6dd31bf63dbe540d827e743d4adcf2,1059,207616,1789654168208,1789654170075,1867,
323,0x90F79bf6EB2c4f870365E785982E1f101E93b906,0x15d34AAf54267DB7D7c367839AAf71A00a2C6A65,true,true,false,0x5aa5cd5b8c6744e9974ea9342cf55a4ff3abc67eaa578d869bbc3616892d8574,1059,207628,1789654168208,1789654170075,1867,
324,0x15d34AAf54267DB7D7c367839AAf71A00a2C6A65,0x9965507D1a55bcC2695C58ba16FB37d819B0A4dc,true,true,false,0xa86e8447878d46e818041c36a96a3f8f9ec0cb1f0f529fb8111e1464066bfde1,1059,207628,1789654168208,1789654170075,1867,
325,0x9965507D1a55bcC2695C58ba16FB37d819B0A4dc,0x976EA74026E726554dB657fA54763abd0C3a0aa9,true,true,false,0xcef9d2e641b3a4eb77e7efe355461f28a478809186f4eaab429847eb1a74c12c,1059,207628,1789654168208,1789654170075,1867,
326,0x976EA74026E726554dB657fA54763abd0C3a0aa9,0x14dC79964da2C08b23698B3D3cc7Ca32193d9955,true,true,false,0xd1509a24be0a3822fa0a6e3737b9a9d1a35be28f81bebbd52a572d9554188917,1059,207628,1789654168209,1789654170075,1866,
327,0x14dC79964da2C08b23698B3D3cc7Ca32193d9955,0x23618e81E3f5cdF7f54C3d65f7FBc0aBf5B21E8f,true,true,false,0x0704fd1f5c7a75507a184e0515e71656aa4d01925e288326a4797ee21a1fd0d2,1059,207628,1789654168209,1789654170110,1901,
328,0x23618e81E3f5cdF7f54C3d65f7FBc0aBf5B21E8f,0xa0Ee7A142d267C1f36714E4a8F75612F20a79720,true,true,false,0x4f2f7de64070a23cb8dd201b54f01235b20b89edfebc32ba748271b3968ce3b6,1059,207628,1789654168210,1789654170110,1900,
329,0xa0Ee7A142d267C1f36714E4a8F75612F20a79720,0xBcd4042DE499D14e55001CcbB24a551F3b954096,true,true,false,0xa4001782a27749dae860a61f3cfe73ada96d7668a3296bc58c87eb2b747b77d2,1059,207616,1789654168210,1789654170110,1900,
333,0x1CBd3b2770909D4e10f157cABC84C7264073C9Ec,0xdF3e18d64BC6A983f673Ab319CCaE4f1a57C7097,true,true,false,0x8094871d87a1e9fb1c714dcd50aa04ca05c8051903ddc74e631dab3f5c0185ed,1059,207628,1789654168210,1789654170110,1900,
334,0xdF3e18d64BC6A983f673Ab319CCaE4f1a57C7097,0xcd3B766CCDd6AE721141F452C550Ca635964ce71,true,true,false,0x0c95f80ffe9c95a570c5a997774e67a30852ba3bae42272a70166a49344fe7d0,1059,207628,1789654168211,1789654170110,1899,
335,0xcd3B766CCDd6AE721141F452C550Ca635964ce71,0x2546BcD3c84621e976D8185a91A922aE77ECEc30,true,true,false,0x529efaad670da97058f96ac74b892d9db486168a85b403f6cf2713c54adf6518,1059,207628,1789654168211,1789654170111,1900,
336,0x2546BcD3c84621e976D8185a91A922aE77ECEc30,0xbDA5747bFD65F08deb54cb465eB87D40e51B197E,true,true,false,0xe57fe7c97e200458a37df1b36fa0c41fa091382bc48672eaae452fe81628750d,1059,207616,1789654168212,1789654170111,1899,
337,0xbDA5747bFD65F08deb54cb465eB87D40e51B197E,0xdD2FD4581271e230360230F9337D5c0430Bf44C0,true,true,false,0xd410059de4b7237922b38c9476aa6795297c53c2490452bc286b560be1e3fa0c,1059,207628,1789654168212,1789654170111,1899,
338,0xdD2FD4581271e230360230F9337D5c0430Bf44C0,0x8626f6940E2eb28930eFb4CeF49B2d1F2C9C1199,true,true,false,0xa821d5496e612a29f03e469ade201464fdb773eb671cec138b88b1659fbc40fd,1059,207628,1789654168212,1789654170111,1899,
339,0x8626f6940E2eb28930eFb4CeF49B2d1F2C9C1199,0x09DB0a93B389bEF724429898f539AEB7ac2Dd55f,true,true,false,0xaadf2f917006cb86399367207e06df453d3ab92ffecdd283acc53e20941b4c60,1059,207628,1789654168213,1789654170111,1898,
340,0x09DB0a93B389bEF724429898f539AEB7ac2Dd55f,0x70997970C51812dc3A010C7d01b50e0d17dc79C8,true,true,false,0x500d8c9f36634a21b8f7d1e381c1097e2823ffb7e6a2d68d8413f5442b021f20,1059,207628,1789654168214,1789654170111,1897,
341,0x70997970C51812dc3A010C7d01b50e0d17dc79C8,0x3C44CdDdB6a900fa2b585dd299e03d12FA4293BC,true,true,false,0x8c9cfbe7d1e4ab4d34bb919decd08320f42b179b2121c212aa68fc7aa928af88,1059,207616,1789654168214,1789654170112,1898,
342,0x3C44CdDdB6a900fa2b585dd299e03d12FA4293BC,0x90F79bf6EB2c4f870365E785982E1f101E93b906,true,true,false,0xa3c2ab83df68435229969f801c640b81230a9576eea48016d73395b8ac9c58aa,1059,207616,1789654168215,1789654170112,1897,
344,0x15d34AAf54267DB7D7c367839AAf71A00a2C6A65,0x9965507D1a55bcC2695C58ba16FB37d819B0A4dc,true,true,false,0x1fa1789730b17e45894135c21ea152c0113199293cc59f8f06907f67aae664b0,1059,207628,1789654168215,1789654170112,1897,
345,0x9965507D1a55bcC2695C58ba16FB37d819B0A4dc,0x976EA74026E726554dB657fA54763abd0C3a0aa9,true,true,false,0x56932bc095f293966e04a6f07e43d7b60b848e57035e0323d9aceb5e1962a85f,1059,207616,1789654168216,1789654170112,1896,
346,0x976EA74026E726554dB657fA54763abd0C3a0aa9,0x14dC79964da2C08b23698B3D3cc7Ca32193d9955,true,true,false,0x45944d20c5fcbe1c61e1d3144eb40da8f111e4d27c4949e76905bc20c3a24459,1059,207628,1789654168216,1789654170112,1896,
347,0x14dC79964da2C08b23698B3D3cc7Ca32193d9955,0x23618e81E3f5cdF7f54C3d65f7FBc0aBf5B21E8f,true,true,false,0xfeb1f0b5a9296b247dfaedca37b233d3869e124bbe5974de1d2d7f3f590d94d4,1059,207628,1789654168217,1789654170112,1895,
348,0x23618e81E3f5cdF7f54C3d65f7FBc0aBf5B21E8f,0xa0Ee7A142d267C1f36714E4a8F75612F20a79720,true,true,false,0x9ae265dafc0e2216fe03b07a0f5670d9e29624882fdea8837e6727e84ca06cfc,1059,207616,1789654168217,1789654170113,1896,
349,0xa0Ee7A142d267C1f36714E4a8F75612F20a79720,0xBcd4042DE499D14e55001CcbB24a551F3b954096,true,true,false,0x7279aae73a0fbc60988b2923bee8e9f2f412bfc20e8ca4fd133bcd07ff0c5d95,1059,207616,1789654168217,1789654170113,1896,
350,0xBcd4042DE499D14e55001CcbB24a551F3b954096,0x71bE63f3384f5fb98995898A86B02Fb2426c5788,true,true,false,0x81c9c1e77c8bbedcd39e7b1e345958b34e8d828b69c24c15c534a61a72942f3e,1059,207604,1789654168218,1789654170113,1895,
351,0x71bE63f3384f5fb98995898A86B02Fb2426c5788,0xFABB0ac9d68B0B445fB7357272Ff202C5651694a,true,true,false,0x5a9a1d8d2ffed610cd252f536deb7fb360652e5adfee78633c1f16bc63d94423,1059,207628,1789654168219,1789654170113,1894,
352,0xFABB0ac9d68B0B445fB7357272Ff202C5651694a,0x1CBd3b2770909D4e10f157cABC84C7264073C9Ec,true,true,false,0x37e313bf7330b4715059926917b596a412b6860aa3adb09d423fca381c88816b,1059,207628,1789654168219,1789654170114,1895,
354,0xdF3e18d64BC6A983f673Ab319CCaE4f1a57C7097,0xcd3B766CCDd6AE721141F452C550Ca635964ce71,true,true,false,0x79ee7c47799d9c0a4268affca5e8e8db4dc1eb60e7f16cbd1f034ec0f9f5fad8,1059,207628,1789654168222,1789654170114,1892,
535,0xcd3B766CCDd6AE721141F452C550Ca635964ce71,0x2546BcD3c84621e976D8185a91A922aE77ECEc30,true,true,false,0x30c9e21980ebdbde4f3e5de42f98e0256d6f832c7f0bf282223107ee16d02578,1059,207628,1789654168227,1789654170114,1887,
536,0x2546BcD3c84621e976D8185a91A922aE77ECEc30,0xbDA5747bFD65F08deb54cb465eB87D40e51B197E,true,true,false,0x8bfdf982d783fa2377d980fc6a3a8175e13d47ca6997f515990696b607911372,1059,207628,1789654168227,1789654170114,1887,
355,0xcd3B766CCDd6AE721141F452C550Ca635964ce71,0x2546BcD3c84621e976D8185a91A922aE77ECEc30,true,true,false,0x0275aa42c2d3c88378dc44a2943b627ac74782be6fac9e90fa9df1f70e8f954f,1059,207604,1789654168228,1789654170114,1886,
356,0x2546BcD3c84621e976D8185a91A922aE77ECEc30,0xbDA5747bFD65F08deb54cb465eB87D40e51B197E,true,true,false,0x2265f8dbc747eade6e13394258516dc5ce5776c1ce5f2ad70903f3500952c153,1059,207628,1789654168228,1789654170115,1887,
357,0xbDA5747bFD65F08deb54cb465eB87D40e51B197E,0xdD2FD4581271e230360230F9337D5c0430Bf44C0,true,true,false,0xb69e074c4ef26121937243785aa6115f7d6fdb61066ed5806ccf7948e5f05dcf,1059,207628,1789654168228,1789654170115,1887,
358,0xdD2FD4581271e230360230F9337D5c0430Bf44C0,0x8626f6940E2eb28930eFb4CeF49B2d1F2C9C1199,true,true,false,0x153e25179c661ad14d072dccab42bdda070339f449ca370836c870146ebbbe56,1059,207628,1789654168228,1789654170115,1887,
359,0x8626f6940E2eb28930eFb4CeF49B2d1F2C9C1199,0x09DB0a93B389bEF724429898f539AEB7ac2Dd55f,true,true,false,0xf63321d0c50d4d7c1ec51b74f8013019ff95c5742d8ec8349e00ef9373d4c091,1059,207628,1789654168229,1789654170115,1886,
361,0x70997970C51812dc3A010C7d01b50e0d17dc79C8,0x3C44CdDdB6a900fa2b585dd299e03d12FA4293BC,true,true,false,0xa8ebde06d724169a8e3d961a136cc6890e70a49ecb7ee1bb52d4b153f90a18d3,1059,207616,1789654168229,1789654170115,1886,
362,0x3C44CdDdB6a900fa2b585dd299e03d12FA4293BC,0x90F79bf6EB2c4f870365E785982E1f101E93b906,true,true,false,0x3ccf79f01be169d12553bd63a9404408d940acc4a980905bbb7a6444a1525276,1059,207616,1789654168230,1789654170115,1885,
363,0x90F79bf6EB2c4f870365E785982E1f101E93b906,0x15d34AAf54267DB7D7c367839AAf71A00a2C6A65,true,true,false,0xda5ecab9569e981a75ce1e2d590929c190709829dc360d7ce8b89f4e28e37be9,1059,207616,1789654168231,1789654170116,1885,
364,0x15d34AAf54267DB7D7c367839AAf71A00a2C6A65,0x9965507D1a55bcC2695C58ba16FB37d819B0A4dc,true,true,false,0xbb9d815a07e2600da842db6e3aa6e13b8273c763412f7ab79f22ae27148f06bb,1059,207628,1789654168231,1789654170116,1885,
365,0x9965507D1a55bcC2695C58ba16FB37d819B0A4dc,0x976EA74026E726554dB657fA54763abd0C3a0aa9,true,true,false,0x2d10a4ba19b36ad0bf491f2c368a54bb1479035e57570d017ad7b2c6514719bd,1059,207628,1789654168232,1789654170116,1884,
366,0x976EA74026E726554dB657fA54763abd0C3a0aa9,0x14dC79964da2C08b23698B3D3cc7Ca32193d9955,true,true,false,0x51a9979e89a3f80eb35e09e742f100d4e24d52364fdeeaf1d64773f3b5dd8943,1059,207628,1789654168232,1789654170116,1884,
367,0x14dC79964da2C08b23698B3D3cc7Ca32193d9955,0x23618e81E3f5cdF7f54C3d65f7FBc0aBf5B21E8f,true,true,false,0x8a0ac8c500cce6b7382487544450ae3711b4acdde243722db2c39f42375b5422,1059,207628,1789654168233,1789654170116,1883,
369,0xa0Ee7A142d267C1f36714E4a8F75612F20a79720,0xBcd4042DE499D14e55001CcbB24a551F3b954096,true,true,false,0x07c7e752096340240428fa324b581038f6b1038744e9f26de9173df2de69cd21,1059,207616,1789654168233,1789654170116,1883,
370,0xBcd4042DE499D14e55001CcbB24a551F3b954096,0x71bE63f3384f5fb98995898A86B02Fb2426c5788,true,true,false,0x39bcc9487d1a205974e800f55191ba377abe18a8648427c4753a5e9fc76eecf5,1059,207604,1789654168233,1789654170117,1884,
371,0x71bE63f3384f5fb98995898A86B02Fb2426c5788,0xFABB0ac9d68B0B445fB7357272Ff202C5651694a,true,true,false,0x5c96962441ae6a116192aee4116f1ec2a67061b18f1b711b937b27e741f2706d,1059,207628,1789654168234,1789654170117,1883,
372,0xFABB0ac9d68B0B445fB7357272Ff202C5651694a,0x1CBd3b2770909D4e10f157cABC84C7264073C9Ec,true,true,false,0xcdae74860af8abcf29372148d370fbe52fbd5390e09158142ef54fccb1d7f0f7,1059,207616,1789654168234,1789654170117,1883,
373,0x1CBd3b2770909D4e10f157cABC84C7264073C9Ec,0xdF3e18d64BC6A983f673Ab319CCaE4f1a57C7097,true,true,false,0x22b0290a3ff5fc7b3e7b77e272fb4c236f89f6c6ad055364e151e6f911d81ade,1059,207628,1789654168234,1789654170117,1883,
374,0xdF3e18d64BC6A983f673Ab319CCaE4f1a57C7097,0xcd3B766CCDd6AE721141F452C550Ca635964ce71,true,true,false,0x951b77353b83817805b800c79ef68f38f4c02226dfe836f2a4579fc6adcaffd3,1059,207628,1789654168235,1789654170117,1882,
375,0xcd3B766CCDd6AE721141F452C550Ca635964ce71,0x2546BcD3c84621e976D8185a91A922aE77ECEc30,true,true,false,0xdb12df6a0b7048d096baa8b6331a9ddb3efecfe6416544ac9c7f36cc244802b0,1059,207628,1789654168235,1789654170117,1882,
376,0x2546BcD3c84621e976D8185a91A922aE77ECEc30,0xbDA5747bFD65F08deb54cb465eB87D40e51B197E,true,true,false,0x1343236d6b0926189eacc234b73e9087e3fb3b656f95527fb4b6a21ee4ce88f6,1059,207628,1789654168235,1789654170117,1882,
377,0xbDA5747bFD65F08deb54cb465eB87D40e51B197E,0xdD2FD4581271e230360230F9337D5c0430Bf44C0,true,true,false,0xd9f9508b463f20a2d1f50f5c75c49b326f928d9a834ed8b179f748d6fa9da9c6,1059,207628,1789654168236,1789654170118,1882,
378,0xdD2FD4581271e230360230F9337D5c0430Bf44C0,0x8626f6940E2eb28930eFb4CeF49B2d1F2C9C1199,true,true,false,0x9d1a5ef54cb258def94acda8c06a6755483ef7db47265c4b5a9467c2b1be773e,1059,207628,1789654168236,1789654170118,1882,
379,0x8626f6940E2eb28930eFb4CeF49B2d1F2C9C1199,0x09DB0a93B389bEF724429898f539AEB7ac2Dd55f,true,true,false,0x1f22aac5e95c2ae081ef86a6f513a0d7fba97889d02ced2509860e5f4fa1b6fe,1059,207628,1789654168236,1789654170118,1882,
380,0x09DB0a93B389bEF724429898f539AEB7ac2Dd55f,0x70997970C51812dc3A010C7d01b50e0d17dc79C8,true,true,false,0x5cb6aaea7347e07c54f7acf4c25c6c436f6e6c8649ce1f53bb02184ef09f7ef7,1059,207616,1789654168237,1789654170118,1881,
381,0x70997970C51812dc3A010C7d01b50e0d17dc79C8,0x3C44CdDdB6a900fa2b585dd299e03d12FA4293BC,true,true,false,0xc19a7452e6cbf328edcca238ae14c209d0b78032d36416ed83a43180acd777a9,1059,207616,1789654168239,1789654170118,1879,
382,0x3C44CdDdB6a900fa2b585dd299e03d12FA4293BC,0x90F79bf6EB2c4f870365E785982E1f101E93b906,true,true,false,0x4cf0f265d4740d6934e3cbb4bca01921026156a4f322ea30edefe701d2f3bf71,1059,207616,1789654168240,1789654170119,1879,
383,0x90F79bf6EB2c4f870365E785982E1f101E93b906,0x15d34AAf54267DB7D7c367839AAf71A00a2C6A65,true,true,false,0x8ccd4a7d7edde328e68c22aa50ed9621c30673df1bde0b5fa9ccd05b50f9c6a4,1059,207628,1789654168236,1789654170118,1882,
703,0x90F79bf6EB2c4f870365E785982E1f101E93b906,0x15d34AAf54267DB7D7c367839AAf71A00a2C6A65,true,true,false,0x026985d7ff04a928c757ec0c952765327a5d911301bb3cb85d667513a4e7701f,1060,207628,1789654170211,1789654172091,1880,
704,0x15d34AAf54267DB7D7c367839AAf71A00a2C6A65,0x9965507D1a55bcC2695C58ba16FB37d819B0A4dc,true,true,false,0x30d3328a42773f0eae4560493f23d2ed53cbd1286f757b25786bd0e2d9bcc1fb,1060,207628,1789654170211,1789654172092,1881,
698,0xdD2FD4581271e230360230F9337D5c0430Bf44C0,0x8626f6940E2eb28930eFb4CeF49B2d1F2C9C1199,true,true,false,0x5f29ce38903cb2448b9cc0a8576c8957c06a4dd9b2dc3b1d2b73cf812a398052,1060,207616,1789654170212,1789654172092,1880,
686,0x976EA74026E726554dB657fA54763abd0C3a0aa9,0x14dC79964da2C08b23698B3D3cc7Ca32193d9955,true,true,false,0x2ae4782abe0cab09f95765e1a7b58939a6fb9cd618b54f965fbdee1c3d5647fc,1060,207628,1789654170212,1789654172092,1880,
685,0x9965507D1a55bcC2695C58ba16FB37d819B0A4dc,0x976EA74026E726554dB657fA54763abd0C3a0aa9,true,true,false,0xab3d01c94c6134eb90e8afface1ca3ee3f0576cee946d8a20cda2599570febde,1060,207628,1789654170213,1789654172092,1879,
663,0x90F79bf6EB2c4f870365E785982E1f101E93b906,0x15d34AAf54267DB7D7c367839AAf71A00a2C6A65,true,true,false,0x0c3b6db3edb6d94b4b1b95fee36e8cb5cfd2c9e65a7b392f715a05e7420541a3,1060,207616,1789654170214,1789654172093,1879,
664,0x15d34AAf54267DB7D7c367839AAf71A00a2C6A65,0x9965507D1a55bcC2695C58ba16FB37d819B0A4dc,true,true,false,0x3660b9a7e210fc05988d3a2f72816bca35dfd9995ce73820e9d8fa3ca69a45ca,1060,207628,1789654170215,1789654172093,1878,
645,0x9965507D1a55bcC2695C58ba16FB37d819B0A4dc,0x976EA74026E726554dB657fA54763abd0C3a0aa9,true,true,false,0x957ff77f7718c3a780baf25e6ea077a2837a50b78facc952919baab154f81f64,1060,207628,1789654170216,1789654172093,1877,
644,0x15d34AAf54267DB7D7c367839AAf71A00a2C6A65,0x9965507D1a55bcC2695C58ba16FB37d819B0A4dc,true,true,false,0xcde7213b4c7734c9c48b1c31a83929c50108e2333d4dc453cf977c74aa390aaa,1060,207628,1789654170217,1789654172093,1876,
712,0xFABB0ac9d68B0B445fB7357272Ff202C5651694a,0x1CBd3b2770909D4e10f157cABC84C7264073C9Ec,true,true,false,0x88c8b81c401df68001406066bfcc97191e761849fbe9ae481e63de4ae6769c06,1060,207628,1789654170217,1789654172093,1876,
713,0x1CBd3b2770909D4e10f157cABC84C7264073C9Ec,0xdF3e18d64BC6A983f673Ab319CCaE4f1a57C7097,true,true,false,0xd6b6d8fec78c1c81552bc965fe12a66a9da61247a6b9d66e22c7a1fe57f62bf9,1060,207628,1789654170218,1789654172094,1876,
598,0xdD2FD4581271e230360230F9337D5c0430Bf44C0,0x8626f6940E2eb28930eFb4CeF49B2d1F2C9C1199,true,true,false,0x03e2f05881150065514c811223c3f7b9e5cbe54c823c5577cd471abd4c17821c,1060,207616,1789654170218,1789654172020,1802,
599,0x8626f6940E2eb28930eFb4CeF49B2d1F2C9C1199,0x09DB0a93B389bEF724429898f539AEB7ac2Dd55f,true,true,false,0xcfd8849763af5543c1c983f8868a57c30d11e0829ec76176c3eead56325dd230,1060,207628,1789654170218,1789654172022,1804,
597,0xbDA5747bFD65F08deb54cb465eB87D40e51B197E,0xdD2FD4581271e230360230F9337D5c0430Bf44C0,true,true,false,0xf1adf8f5735e35a780943200a6054619ccf510b6b173ac237b736f40b05f661d,1060,207628,1789654170219,1789654172022,1803,
591,0x71bE63f3384f5fb98995898A86B02Fb2426c5788,0xFABB0ac9d68B0B445fB7357272Ff202C5651694a,true,true,false,0xb3778a0122735ffc566d0807693f1521b228c481c0bf59627cd9982682f8c60a,1060,207628,1789654170219,1789654172023,1804,
571,0x71bE63f3384f5fb98995898A86B02Fb2426c5788,0xFABB0ac9d68B0B445fB7357272Ff202C5651694a,true,true,false,0x07bfda72b50b2404a24597891af063285d28f3be3dcbd1e755fd52ff9f9b7cb5,1060,207628,1789654170219,1789654172023,1804,
572,0xFABB0ac9d68B0B445fB7357272Ff202C5651694a,0x1CBd3b2770909D4e10f157cABC84C7264073C9Ec,true,true,false,0x015deba7f4a3c2a2a7ce3729e14b7b135e36435fd838ab79655dc9946545741b,1060,207628,1789654170220,1789654172023,1803,
545,0x9965507D1a55bcC2695C58ba16FB37d819B0A4dc,0x976EA74026E726554dB657fA54763abd0C3a0aa9,true,true,false,0xa73858eaea85941006bc3079f04b4c602ff23594657d76c091ce7c9d1a2f81e1,1060,207628,1789654170220,1789654172024,1804,
537,0xbDA5747bFD65F08deb54cb465eB87D40e51B197E,0xdD2FD4581271e230360230F9337D5c0430Bf44C0,true,true,false,0xcf91c782596a30b19b0dd871541a782b1ebaaf02326922c2c9442de1cf8fc2d4,1060,207628,1789654170220,1789654172024,1804,
538,0xdD2FD4581271e230360230F9337D5c0430Bf44C0,0x8626f6940E2eb28930eFb4CeF49B2d1F2C9C1199,true,true,false,0xc8dcbd6569de01d410a0f4db5594d1dbf93409e1e379769233652c2961f77653,1060,207628,1789654170221,1789654172024,1803,
384,0x15d34AAf54267DB7D7c367839AAf71A00a2C6A65,0x9965507D1a55bcC2695C58ba16FB37d819B0A4dc,true,true,false,0xc928c24fd1f7661ecc505e122a987bf0cab203476a9c739f4de7ff984754b022,1060,207628,1789654170221,1789654172032,1811,
385,0x9965507D1a55bcC2695C58ba16FB37d819B0A4dc,0x976EA74026E726554dB657fA54763abd0C3a0aa9,true,true,false,0x7a1bf5edb511b9e86249382d06815866e3a1dcc9ba8bc526979c1a2b7c835fe0,1060,207628,1789654170221,1789654172032,1811,
386,0x976EA74026E726554dB657fA54763abd0C3a0aa9,0x14dC79964da2C08b23698B3D3cc7Ca32193d9955,true,true,false,0x8058cdff587be0c12a4ccffe33fab85bcffa026ce7c2b8238dbefce68ec1627c,1060,207628,1789654170222,1789654172033,1811,
387,0x14dC79964da2C08b23698B3D3cc7Ca32193d9955,0x23618e81E3f5cdF7f54C3d65f7FBc0aBf5B21E8f,true,true,false,0x6a9ff800e7372fd8c1ccf2e72f2eb56c934fe05cb731f75f244ed43f53c343e2,1060,207628,1789654170222,1789654172033,1811,
388,0x23618e81E3f5cdF7f54C3d65f7FBc0aBf5B21E8f,0xa0Ee7A142d267C1f36714E4a8F75612F20a79720,true,true,false,0x2ef9655b4416e7e3c74bc18f038bdd96751271f3be3272ca44332d07ba5b7960,1060,207628,1789654170222,1789654172033,1811,
389,0xa0Ee7A142d267C1f36714E4a8F75612F20a79720,0xBcd4042DE499D14e55001CcbB24a551F3b954096,true,true,false,0x32998dc33fb07733d61857d20b6152b4c8853ba890027c70936bca6228921f73,1060,207616,1789654170223,1789654172033,1810,
390,0xBcd4042DE499D14e55001CcbB24a551F3b954096,0x71bE63f3384f5fb98995898A86B02Fb2426c5788,true,true,false,0x5de121e671ca3b63f7e492296d49c1641210d6eaead2352e29d89f6b56046c44,1060,207616,1789654170223,1789654172033,1810,
391,0x71bE63f3384f5fb98995898A86B02Fb2426c5788,0xFABB0ac9d68B0B445fB7357272Ff202C5651694a,true,true,false,0x6263b8b961b7b5c0f6f5edd214bbb7a8ca9fb1d16c4fa4f37204c6cda77da370,1060,207628,1789654170223,1789654172033,1810,
392,0xFABB0ac9d68B0B445fB7357272Ff202C5651694a,0x1CBd3b2770909D4e10f157cABC84C7264073C9Ec,true,true,false,0x6221d8800b0dcd517bbd7e6883495351ee4a062d21124c535b48c21408f18c98,1060,207628,1789654170224,1789654172034,1810,
393,0x1CBd3b2770909D4e10f157cABC84C7264073C9Ec,0xdF3e18d64BC6A983f673Ab319CCaE4f1a57C7097,true,true,false,0x902d3a685fa70af24bbe26355511f3981093c0bad37d40de484d1a4bf839a3a2,1060,207628,1789654170225,1789654172035,1810,
394,0xdF3e18d64BC6A983f673Ab319CCaE4f1a57C7097,0xcd3B766CCDd6AE721141F452C550Ca635964ce71,true,true,false,0x4e7db34d25e009682530f3715a63013d31fbdc59d60452f49d6969c6447ac07f,1060,207628,1789654170224,1789654172034,1810,
395,0xcd3B766CCDd6AE721141F452C550Ca635964ce71,0x2546BcD3c84621e976D8185a91A922aE77ECEc30,true,true,false,0x9097211db9fc8fb33bb86d211e08f6811a292ee8dca42e50a3a645aa325d430d,1060,207616,1789654170224,1789654172034,1810,
396,0x2546BcD3c84621e976D8185a91A922aE77ECEc30,0xbDA5747bFD65F08deb54cb465eB87D40e51B197E,true,true,false,0xf8bb2b055c6a1f2aeceaaa82079a88985a448cbbb71c7c4ddbaf8e45f2329d85,1060,207628,1789654170225,1789654172034,1809,
397,0xbDA5747bFD65F08deb54cb465eB87D40e51B197E,0xdD2FD4581271e230360230F9337D5c0430Bf44C0,true,true,false,0x7d023a62e97dc199032eaeed6db1b31f3690ad2311abf3b745ec9715c9fb3265,1060,207628,1789654170225,1789654172034,1809,
398,0xdD2FD4581271e230360230F9337D5c0430Bf44C0,0x8626f6940E2eb28930eFb4CeF49B2d1F2C9C1199,true,true,false,0xbbb8d52c0088efd656cd0346bf403aacca4e0438ebef9affbeb8e3f80cb1217e,1060,207616,1789654170226,1789654172035,1809,
399,0x8626f6940E2eb28930eFb4CeF49B2d1F2C9C1199,0x09DB0a93B389bEF724429898f539AEB7ac2Dd55f,true,true,false,0x4484e1557de5f144650632d98e5d1d4cd638a76e9d906c93286d5336201ceaab,1060,207616,1789654170227,1789654172035,1808,
400,0x09DB0a93B389bEF724429898f539AEB7ac2Dd55f,0x70997970C51812dc3A010C7d01b50e0d17dc79C8,true,true,false,0xaefeb00457b1ebb0e4391e2f85cf95bd307253c7c9170671dc600905ca3673d9,1060,207628,1789654170226,1789654172035,1809,
401,0x70997970C51812dc3A010C7d01b50e0d17dc79C8,0x3C44CdDdB6a900fa2b585dd299e03d12FA4293BC,true,true,false,0x3569603d7a4240524139bd450bd4d1c8621e4e1c5644ecc89ae4f39333334063,1060,207616,1789654170226,1789654172035,1809,
402,0x3C44CdDdB6a900fa2b585dd299e03d12FA4293BC,0x90F79bf6EB2c4f870365E785982E1f101E93b906,true,true,false,0x335bbc458fc112c3f093dd42f40bac81667715e295f55c2a1dd9229ccf09f62e,1060,207604,1789654170227,1789654172035,1808,
403,0x90F79bf6EB2c4f870365E785982E1f101E93b906,0x15d34AAf54267DB7D7c367839AAf71A00a2C6A65,true,true,false,0x687f495c18f7b9ed5d03c3cbad31ad3e986bfcdb9b7be5ab97fb5f362ed8731e,1060,207628,1789654170228,1789654172036,1808,
404,0x15d34AAf54267DB7D7c367839AAf71A00a2C6A65,0x9965507D1a55bcC2695C58ba16FB37d819B0A4dc,true,true,false,0xa642fd82719a9773744eaeffc160310ed147a4d0439539c90fc8a7e2ffb180a0,1060,207628,1789654170227,1789654172035,1808,
405,0x9965507D1a55bcC2695C58ba16FB37d819B0A4dc,0x976EA74026E726554dB657fA54763abd0C3a0aa9,true,true,false,0x72b620fe7e2d34db6e1aa242148c76f957c3a1f18a1f429020a442744a1b9bfb,1060,207616,1789654170228,1789654172036,1808,
407,0x14dC79964da2C08b23698B3D3cc7Ca32193d9955,0x23618e81E3f5cdF7f54C3d65f7FBc0aBf5B21E8f,true,true,false,0x86d82b8f6bb6f0a654f5d1558f4e976e4025630b5e4c9c13a05d1cd81ef25c08,1060,207628,1789654170228,1789654172036,1808,
409,0xa0Ee7A142d267C1f36714E4a8F75612F20a79720,0xBcd4042DE499D14e55001CcbB24a551F3b954096,true,true,false,0xa65039233781e0539d1de8ff9ad6fbd64b138a97d3a0bdb2079e930c445de9fe,1060,207616,1789654170229,1789654172036,1807,
410,0xBcd4042DE499D14e55001CcbB24a551F3b954096,0x71bE63f3384f5fb98995898A86B02Fb2426c5788,true,true,false,0x2825d91b29c4193e66595643c2aee0a80d3bab58c5b39d315aa6db2927bf2c6a,1060,207616,1789654170230,1789654172036,1806,
411,0x71bE63f3384f5fb98995898A86B02Fb2426c5788,0xFABB0ac9d68B0B445fB7357272Ff202C5651694a,true,true,false,0x52e74762e60eb3ff1e52814187ea39228241e7b6cdfa3e7cefca877c79d3f985,1060,207628,1789654170231,1789654172036,1805,
412,0xFABB0ac9d68B0B445fB7357272Ff202C5651694a,0x1CBd3b2770909D4e10f157cABC84C7264073C9Ec,true,true,false,0xb142d4398df2f81d0a189a0a1c5ea5eec4de23d69db8e5ed861baf3d4e72bcb1,1060,207628,1789654170232,1789654172037,1805,
413,0x1CBd3b2770909D4e10f157cABC84C7264073C9Ec,0xdF3e18d64BC6A983f673Ab319CCaE4f1a57C7097,true,true,false,0xa9c104b1070ed54e18590df55adc1e0184569af86e52b1b01cc107991c87b5c3,1060,207628,1789654170239,1789654172037,1798,
714,0xdF3e18d64BC6A983f673Ab319CCaE4f1a57C7097,0xcd3B766CCDd6AE721141F452C550Ca635964ce71,true,true,false,0x402ae33ed999625a63de6181c8726bc595fbb0a1b8439e766c5e2da84301ca21,1060,207628,1789654170243,1789654172037,1794,
715,0xcd3B766CCDd6AE721141F452C550Ca635964ce71,0x2546BcD3c84621e976D8185a91A922aE77ECEc30,true,true,false,0xaa3e688ab6f525d069a44b174e89ade3b9b8247067327259bee41f11fb70a622,1060,207628,1789654170244,1789654172037,1793,
414,0xdF3e18d64BC6A983f673Ab319CCaE4f1a57C7097,0xcd3B766CCDd6AE721141F452C550Ca635964ce71,true,true,false,0xe3d06d599bc5f15336b6d03a9b69bc4d71fe8855e7be44258d81f5dfdec82dee,1060,207628,1789654170244,1789654172037,1793,
415,0xcd3B766CCDd6AE721141F452C550Ca635964ce71,0x2546BcD3c84621e976D8185a91A922aE77ECEc30,true,true,false,0xf4d70fcdc58194c8c1bec5c611a5d5cf009212868823dfbaa59e625f97bce2cb,1060,207616,1789654170244,1789654172037,1793,
416,0x2546BcD3c84621e976D8185a91A922aE77ECEc30,0xbDA5747bFD65F08deb54cb465eB87D40e51B197E,true,true,false,0xc9cf9a2c7677f76637c2b7de0f51726485c4779c5f0553def8cf329a852b1875,1060,207628,1789654170245,1789654172038,1793,
417,0xbDA5747bFD65F08deb54cb465eB87D40e51B197E,0xdD2FD4581271e230360230F9337D5c0430Bf44C0,true,true,false,0x322ff3ae45c073f90d3e91c0d54165a89507b38d3826b7fe0dc61d02df99e950,1060,207616,1789654170245,1789654172038,1793,
418,0xdD2FD4581271e230360230F9337D5c0430Bf44C0,0x8626f6940E2eb28930eFb4CeF49B2d1F2C9C1199,true,true,false,0x2cd2a2db5ec76395f1381a4988f334d0ad7c0d0dbdfd52ad5465f6628ff6715c,1060,207628,1789654170246,1789654172038,1792,
419,0x8626f6940E2eb28930eFb4CeF49B2d1F2C9C1199,0x09DB0a93B389bEF724429898f539AEB7ac2Dd55f,true,true,false,0xbe90aba209b6c73122847add64120680e3654cc46d3277fe166c24caf5d1eaaa,1060,207628,1789654170247,1789654172038,1791,
420,0x09DB0a93B389bEF724429898f539AEB7ac2Dd55f,0x70997970C51812dc3A010C7d01b50e0d17dc79C8,true,true,false,0xfef0bd59f77e2a2bdff034a5a8381c1570380843760793c37444001925552e79,1060,207616,1789654170248,1789654172038,1790,
421,0x70997970C51812dc3A010C7d01b50e0d17dc79C8,0x3C44CdDdB6a900fa2b585dd299e03d12FA4293BC,true,true,false,0xe3c4a062c37fd701b085b84cbe628d2772b96be468d06d443e4fc8b9e249eb89,1060,207616,1789654170248,1789654172038,1790,
424,0x15d34AAf54267DB7D7c367839AAf71A00a2C6A65,0x9965507D1a55bcC2695C58ba16FB37d819B0A4dc,true,true,false,0x266160c40a8ab5878f569b3361726001c87220391cb3ab30faa8c27663826daf,1060,207628,1789654170249,1789654172039,1790,
427,0x14dC79964da2C08b23698B3D3cc7Ca32193d9955,0x23618e81E3f5cdF7f54C3d65f7FBc0aBf5B21E8f,true,true,false,0xa6276566cd387aad327f6de96d22236b75405f78270895eac4b63e2b43f5540e,1060,207628,1789654170249,1789654172039,1790,
428,0x23618e81E3f5cdF7f54C3d65f7FBc0aBf5B21E8f,0xa0Ee7A142d267C1f36714E4a8F75612F20a79720,true,true,false,0x08b9e0cc5beff98150c0434628321eafd1f9443a509b9481e7b0617657f38669,1060,207628,1789654170250,1789654172039,1789,
429,0xa0Ee7A142d267C1f36714E4a8F75612F20a79720,0xBcd4042DE499D14e55001CcbB24a551F3b954096,true,true,false,0xbb067405fe5340dbb5f87055e6e73a341b1449573e010ca5fc64eabc191fd6e0,1060,207604,1789654170250,1789654172039,1789,
430,0xBcd4042DE499D14e55001CcbB24a551F3b954096,0x71bE63f3384f5fb98995898A86B02Fb2426c5788,true,true,false,0x592a98d6fc07f898cbcbb0a4683f7e3c01d39d7386acabac493738394bab72eb,1060,207616,1789654170250,1789654172039,1789,
431,0x71bE63f3384f5fb98995898A86B02Fb2426c5788,0xFABB0ac9d68B0B445fB7357272Ff202C5651694a,true,true,false,0xb21cece379e519696508c1bf6be7fdbff70be3b55c98da6dc6f9c62584136cae,1060,207628,1789654170251,1789654172039,1788,
432,0xFABB0ac9d68B0B445fB7357272Ff202C5651694a,0x1CBd3b2770909D4e10f157cABC84C7264073C9Ec,true,true,false,0xcb7a04cb976d1c760884ff813354f7c67d82cccc2d973e364d352f4149e2a2a9,1060,207616,1789654170251,1789654172039,1788,
433,0x1CBd3b2770909D4e10f157cABC84C7264073C9Ec,0xdF3e18d64BC6A983f673Ab319CCaE4f1a57C7097,true,true,false,0xd5c374faa05e224d2e96b9e671b4b5986391a4e848c860da3c5b3a1fc30f7d61,1060,207628,1789654170251,1789654172040,1789,
434,0xdF3e18d64BC6A983f673Ab319CCaE4f1a57C7097,0xcd3B766CCDd6AE721141F452C550Ca635964ce71,true,true,false,0x5b2fd379a41252f833377a07d6435905ee4d748493fcf8e09bc0a11da5f1f1fa,1060,207628,1789654170251,1789654172040,1789,
435,0xcd3B766CCDd6AE721141F452C550Ca635964ce71,0x2546BcD3c84621e976D8185a91A922aE77ECEc30,true,true,false,0x43e6b8c0ead93e64eb536382ca828675b07e68bb05f468c99d509d05169b0d7a,1060,207628,1789654170252,1789654172040,1788,
436,0x2546BcD3c84621e976D8185a91A922aE77ECEc30,0xbDA5747bFD65F08deb54cb465eB87D40e51B197E,true,true,false,0xe9cdbdb1625f51c786981f0220254d4430a16b05f4d07eb05f201102350cdf2a,1060,207628,1789654170252,1789654172040,1788,
437,0xbDA5747bFD65F08deb54cb465eB87D40e51B197E,0xdD2FD4581271e230360230F9337D5c0430Bf44C0,true,true,false,0x56cd04e9cdb51efc0621c064758409e24bfe7114ab8e9983db3e76324b948b44,1060,207628,1789654170252,1789654172085,1833,
438,0xdD2FD4581271e230360230F9337D5c0430Bf44C0,0x8626f6940E2eb28930eFb4CeF49B2d1F2C9C1199,true,true,false,0x47ad28f175127676b40fc2e7d6b98e4315d236108a6ccd6b30eb1ce90519fbff,1060,207628,1789654170253,1789654172085,1832,
439,0x8626f6940E2eb28930eFb4CeF49B2d1F2C9C1199,0x09DB0a93B389bEF724429898f539AEB7ac2Dd55f,true,true,false,0x9f69aba6f3fdcd6b1d81eaeee68d4c9ba38d892d772a5cc921c5721ffa82094f,1060,207616,1789654170253,1789654172085,1832,
440,0x09DB0a93B389bEF724429898f539AEB7ac2Dd55f,0x70997970C51812dc3A010C7d01b50e0d17dc79C8,true,true,false,0x6e2646f72164ae67c6bed88d9c679465f26dae2d07c10bd000d5cd11a35e6652,1060,207628,1789654170254,1789654172085,1831,
441,0x70997970C51812dc3A010C7d01b50e0d17dc79C8,0x3C44CdDdB6a900fa2b585dd299e03d12FA4293BC,true,true,false,0x2d8b0dd5b704d12738aa58f67178765d002e09dabe0d5670546ee095fcf0c724,1060,207616,1789654170254,1789654172086,1832,
442,0x3C44CdDdB6a900fa2b585dd299e03d12FA4293BC,0x90F79bf6EB2c4f870365E785982E1f101E93b906,true,true,false,0x90bcfe376f3306d78eb700211460f6b50f31c68feb3bac78aba92ca59e15c1f7,1060,207616,1789654170254,1789654172086,1832,
443,0x90F79bf6EB2c4f870365E785982E1f101E93b906,0x15d34AAf54267DB7D7c367839AAf71A00a2C6A65,true,true,false,0x8ace8b91095995cc93c35eeb55b11f98e3f96ddce90b9a9e7857499727c1a779,1060,207616,1789654170255,1789654172086,1831,
446,0x976EA74026E726554dB657fA54763abd0C3a0aa9,0x14dC79964da2C08b23698B3D3cc7Ca32193d9955,true,true,false,0x4394277b0198b25181855422eb5163ac0cb1e552fe3bfbe5ea2e8bbfd19fcac0,1060,207628,1789654170255,1789654172086,1831,
447,0x14dC79964da2C08b23698B3D3cc7Ca32193d9955,0x23618e81E3f5cdF7f54C3d65f7FBc0aBf5B21E8f,true,true,false,0xb0db53939c2e88fb0d95e8277938bd0e7d2a2a1a7a0c3d219fbe2833e246f2fe,1060,207628,1789654170255,1789654172086,1831,
448,0x23618e81E3f5cdF7f54C3d65f7FBc0aBf5B21E8f,0xa0Ee7A142d267C1f36714E4a8F75612F20a79720,true,true,false,0xe64ec2fc07ab8697be52a2207e1a1dfab94b70d7395ab998ec526a26feaada7f,1060,207616,1789654170255,1789654172086,1831,
449,0xa0Ee7A142d267C1f36714E4a8F75612F20a79720,0xBcd4042DE499D14e55001CcbB24a551F3b954096,true,true,false,0x8704fc73af7bf1809e7e97d1062df5b5026ab5d3b4f76d823b1131ea39a32b60,1060,207604,1789654170256,1789654172087,1831,
450,0xBcd4042DE499D14e55001CcbB24a551F3b954096,0x71bE63f3384f5fb98995898A86B02Fb2426c5788,true,true,false,0xfd5182f4e288bc26e333f575dfb3c1da4b8c41e399b897ef839dd9cd7f25e455,1060,207592,1789654170256,1789654172087,1831,
451,0x71bE63f3384f5fb98995898A86B02Fb2426c5788,0xFABB0ac9d68B0B445fB7357272Ff202C5651694a,true,true,false,0x99cffd2b52007142dea050cae382bdab2ff62af881c908af05712cb660cd3ce5,1060,207616,1789654170256,1789654172087,1831,
452,0xFABB0ac9d68B0B445fB7357272Ff202C5651694a,0x1CBd3b2770909D4e10f157cABC84C7264073C9Ec,true,true,false,0xa2bfb386bd2a050314368988092cf3fa5794e2b83d461904cf655216c5a81784,1060,207628,1789654170257,1789654172087,1830,
453,0x1CBd3b2770909D4e10f157cABC84C7264073C9Ec,0xdF3e18d64BC6A983f673Ab319CCaE4f1a57C7097,true,true,false,0xd9fc32ef2d094a41682324ccbf0423be387c7c603c2fc68ef12165926ab60c48,1060,207628,1789654170257,1789654172087,1830,
454,0xdF3e18d64BC6A983f673Ab319CCaE4f1a57C7097,0xcd3B766CCDd6AE721141F452C550Ca635964ce71,true,true,false,0x9a36cca582f5ec803e9d93549472c59c52923f76c09635800e0aa075b4f475aa,1060,207628,1789654170257,1789654172087,1830,
455,0xcd3B766CCDd6AE721141F452C550Ca635964ce71,0x2546BcD3c84621e976D8185a91A922aE77ECEc30,true,true,false,0xa0c6223a31f66dd2f6891637ece942b4cd3ecf78d2c57f673838d19f6f7a9bc7,1060,207628,1789654170258,1789654172088,1830,
456,0x2546BcD3c84621e976D8185a91A922aE77ECEc30,0xbDA5747bFD65F08deb54cb465eB87D40e51B197E,true,true,false,0x118e24bfc83450d4d9b0f02b43ec462ae4f7225d4dc123fcc28d96cf9fd41194,1060,207628,1789654170258,1789654172088,1830,
457,0xbDA5747bFD65F08deb54cb465eB87D40e51B197E,0xdD2FD4581271e230360230F9337D5c0430Bf44C0,true,true,false,0x96f6b074044095c4b70dfa4d256ce92b085d9cffd13f422a3648d226f233e96c,1060,207628,1789654170258,1789654172088,1830,
458,0xdD2FD4581271e230360230F9337D5c0430Bf44C0,0x8626f6940E2eb28930eFb4CeF49B2d1F2C9C1199,true,true,false,0x5c5bb3833ec4c6cecc1a9174809e60cb8de093b04f3513e328aa3461a22e437c,1060,207628,1789654170258,1789654172088,1830,
459,0x8626f6940E2eb28930eFb4CeF49B2d1F2C9C1199,0x09DB0a93B389bEF724429898f539AEB7ac2Dd55f,true,true,false,0xe7302e3e7657411446c8a010058ce81c28272825d35893c2dfba272df2fc820d,1060,207628,1789654170259,1789654172088,1829,
461,0x70997970C51812dc3A010C7d01b50e0d17dc79C8,0x3C44CdDdB6a900fa2b585dd299e03d12FA4293BC,true,true,false,0x971d9a73a756c4a1a638e1c418235d774e7966b3210ae714675ac3be27c80140,1060,207616,1789654170259,1789654172089,1830,
462,0x3C44CdDdB6a900fa2b585dd299e03d12FA4293BC,0x90F79bf6EB2c4f870365E785982E1f101E93b906,true,true,false,0x79f018b8143ec1a1fc9d75d20b7b847feae16d547c328b810eb08ce66f902da5,1060,207616,1789654170259,1789654172089,1830,
463,0x90F79bf6EB2c4f870365E785982E1f101E93b906,0x15d34AAf54267DB7D7c367839AAf71A00a2C6A65,true,true,false,0x46f3f99455cae0bfd357f9064f8e2f9b0e0e90c958104605d61274f46895dcb0,1060,207628,1789654170260,1789654172089,1829,
464,0x15d34AAf54267DB7D7c367839AAf71A00a2C6A65,0x9965507D1a55bcC2695C58ba16FB37d819B0A4dc,true,true,false,0x17d2c74055400228344951bbd762bdd37fba8d661ddbc3108e8b0ba63e424d7f,1060,207628,1789654170260,1789654172089,1829,
465,0x9965507D1a55bcC2695C58ba16FB37d819B0A4dc,0x976EA74026E726554dB657fA54763abd0C3a0aa9,true,true,false,0xded8bde80ff0d1ecf7753d5612e9a7a6d591dd5b9c7fdc1157828ed7470a4050,1060,207628,1789654170260,1789654172090,1830,
466,0x976EA74026E726554dB657fA54763abd0C3a0aa9,0x14dC79964da2C08b23698B3D3cc7Ca32193d9955,true,true,false,0xa441324c3c30133617486086b374f5ffd04d862a73fec6d738de3f09fae25b51,1060,207628,1789654170261,1789654172090,1829,
467,0x14dC79964da2C08b23698B3D3cc7Ca32193d9955,0x23618e81E3f5cdF7f54C3d65f7FBc0aBf5B21E8f,true,true,false,0xb16d30b828fea3413c85a2a089ce77da99dc7f30c32019e717819068fc2fd419,1060,207628,1789654170261,1789654172090,1829,
468,0x23618e81E3f5cdF7f54C3d65f7FBc0aBf5B21E8f,0xa0Ee7A142d267C1f36714E4a8F75612F20a79720,true,true,false,0x7d55a48b9153c223e9116bc7c4d34e81b4e558ed85f47d4979ce3ed841d11cb6,1060,207628,1789654170261,1789654172091,1830,
469,0xa0Ee7A142d267C1f36714E4a8F75612F20a79720,0xBcd4042DE499D14e55001CcbB24a551F3b954096,true,true,false,0xbecf11f84e33fd9d690684c0a999e668bcd4f517fa6def8b496c13f800c16d56,1060,207616,1789654170262,1789654172091,1829,
470,0xBcd4042DE499D14e55001CcbB24a551F3b954096,0x71bE63f3384f5fb98995898A86B02Fb2426c5788,true,true,false,0x3b70e9446a7f360b9ec291f791e8314c506298366784de1efa1dc9ddde3b140b,1060,207604,1789654170262,1789654172091,1829,
879,0x8626f6940E2eb28930eFb4CeF49B2d1F2C9C1199,0x09DB0a93B389bEF724429898f539AEB7ac2Dd55f,true,true,false,0x7bc9bb2721a7b9f9173aeadd482e8d87427f6fa2b0e2ee84d01ab6169782f6d7,1061,207628,1789654172227,1789654173994,1767,
881,0x70997970C51812dc3A010C7d01b50e0d17dc79C8,0x3C44CdDdB6a900fa2b585dd299e03d12FA4293BC,true,true,false,0x6856394944609fe4d842cd06544bf73fdda89315cffde4e313652fd02a671a0c,1061,207604,1789654172228,1789654173994,1766,
832,0xFABB0ac9d68B0B445fB7357272Ff202C5651694a,0x1CBd3b2770909D4e10f157cABC84C7264073C9Ec,true,true,false,0x4a9512a81bfb7600ea8a2ccf370d7fa5fba6af89cbc3178ed3d2bd5302bc1b37,1061,207628,1789654172228,1789654173995,1767,
805,0x9965507D1a55bcC2695C58ba16FB37d819B0A4dc,0x976EA74026E726554dB657fA54763abd0C3a0aa9,true,true,false,0x91736cecbaca30997655b7d710a3bee46bcdc654d01b258025a47ad7a4d85e42,1061,207628,1789654172232,1789654173995,1763,
797,0xbDA5747bFD65F08deb54cb465eB87D40e51B197E,0xdD2FD4581271e230360230F9337D5c0430Bf44C0,true,true,false,0x47caa7bd82a167fac51c5ae355a00e25dbc45dfdd2789627ff1f51c35c9fc49b,1061,207616,1789654172232,1789654173995,1763,
798,0xdD2FD4581271e230360230F9337D5c0430Bf44C0,0x8626f6940E2eb28930eFb4CeF49B2d1F2C9C1199,true,true,false,0x5e3cad9ed22f9a56f61dc12db9555e56fc71b3da565e7a1f91d7e6fe2de5404b,1061,207628,1789654172233,1789654173995,1762,
796,0x2546BcD3c84621e976D8185a91A922aE77ECEc30,0xbDA5747bFD65F08deb54cb465eB87D40e51B197E,true,true,false,0x1cc10a243ecf1c16d3875a1742996aebd85fc561919660f599a15546078344de,1061,207628,1789654172234,1789654173995,1761,
785,0x9965507D1a55bcC2695C58ba16FB37d819B0A4dc,0x976EA74026E726554dB657fA54763abd0C3a0aa9,true,true,false,0x706d89f1846f5ce26680f8b11262f9ae3d635c983c6e5bd33ae4bf2099a2d267,1061,207616,1789654172234,1789654173995,1761,
786,0x976EA74026E726554dB657fA54763abd0C3a0aa9,0x14dC79964da2C08b23698B3D3cc7Ca32193d9955,true,true,false,0xb086d6fbb5a101709b57d5b7dba130d6084882543ea0a91f3f1449ee4c70e0b4,1061,207628,1789654172235,1789654174000,1765,
763,0x90F79bf6EB2c4f870365E785982E1f101E93b906,0x15d34AAf54267DB7D7c367839AAf71A00a2C6A65,true,true,false,0xbca70a90fe12c04dd96e5f94abf989fd1670f173b32d58271d1eb0a90f160294,1061,207628,1789654172235,1789654174000,1765,
742,0x3C44CdDdB6a900fa2b585dd299e03d12FA4293BC,0x90F79bf6EB2c4f870365E785982E1f101E93b906,true,true,false,0x88e428eea1f5afecb41bc214cf42c53864c7285996696d77ad5d15410ec166c7,1061,207616,1789654172236,1789654174000,1764,
716,0x2546BcD3c84621e976D8185a91A922aE77ECEc30,0xbDA5747bFD65F08deb54cb465eB87D40e51B197E,true,true,false,0xdc42486aa1a364de367acf913f2e877370b5f4bbfb9ab5e3e7854d7e1c6035a5,1061,207628,1789654172236,1789654174017,1781,
717,0xbDA5747bFD65F08deb54cb465eB87D40e51B197E,0xdD2FD4581271e230360230F9337D5c0430Bf44C0,true,true,false,0xca63fec36624d82bfd5aad97b0850bb5f5b2605c80275ac459e693626ec1cbd1,1061,207628,1789654172237,1789654174017,1780,
471,0x71bE63f3384f5fb98995898A86B02Fb2426c5788,0xFABB0ac9d68B0B445fB7357272Ff202C5651694a,true,true,false,0x74b74dfd8703fc16be7fe8904f29476a1fc46e5cadc92d9e46b445d173be8edd,1061,207628,1789654172237,1789654174017,1780,
472,0xFABB0ac9d68B0B445fB7357272Ff202C5651694a,0x1CBd3b2770909D4e10f157cABC84C7264073C9Ec,true,true,false,0x7c89ea161238ba9b4da2c39b2e5942100152a9dda7c2f2c23083554b80d975d9,1061,207628,1789654172238,1789654174017,1779,
473,0x1CBd3b2770909D4e10f157cABC84C7264073C9Ec,0xdF3e18d64BC6A983f673Ab319CCaE4f1a57C7097,true,true,false,0x7bf880b012bc9a01de9110d7597235e15d4cfc3c1cdea51a21c0052515369e07,1061,207628,1789654172238,1789654174018,1780,
474,0xdF3e18d64BC6A983f673Ab319CCaE4f1a57C7097,0xcd3B766CCDd6AE721141F452C550Ca635964ce71,true,true,false,0x447603eacd939e053963d1e1e5e3d6f158d1376616f897e196c97d6738f2f331,1061,207628,1789654172239,1789654174019,1780,
475,0xcd3B766CCDd6AE721141F452C550Ca635964ce71,0x2546BcD3c84621e976D8185a91A922aE77ECEc30,true,true,false,0xcd53d61475304fc12dc2133b38f9bb1c8a0b4a8757c07d228f1f0eadcef7a7cd,1061,207628,1789654172240,1789654174053,1813,
476,0x2546BcD3c84621e976D8185a91A922aE77ECEc30,0xbDA5747bFD65F08deb54cb465eB87D40e51B197E,true,true,false,0x10231dc3545ba75bffd822924487fd4600d5fa21e9a8a8369f59f9363548bc7c,1061,207616,1789654172240,1789654174053,1813,
477,0xbDA5747bFD65F08deb54cb465eB87D40e51B197E,0xdD2FD4581271e230360230F9337D5c0430Bf44C0,true,true,false,0x88c11fed4620f20d87c76f74a0ad8fd79364e12fa310568c9b8ff47325ce6ffb,1061,207628,1789654172241,1789654174053,1812,
478,0xdD2FD4581271e230360230F9337D5c0430Bf44C0,0x8626f6940E2eb28930eFb4CeF49B2d1F2C9C1199,true,true,false,0xc5ae154ade2ba8f7bbea57f4ca5e0126168affdc76d1df6a072c2b4e03ee8380,1061,207616,1789654172242,1789654174053,1811,
479,0x8626f6940E2eb28930eFb4CeF49B2d1F2C9C1199,0x09DB0a93B389bEF724429898f539AEB7ac2Dd55f,true,true,false,0xca7c68c2cf65c5ac3b43870fd81adcbacc8eabe29ddd2fcb9b5ce5928ed9afad,1061,207616,1789654172242,1789654174054,1812,
480,0x09DB0a93B389bEF724429898f539AEB7ac2Dd55f,0x70997970C51812dc3A010C7d01b50e0d17dc79C8,true,true,false,0x4e288731b1089c62c2cda07951f9b8d94ee03d80bd5f2e5464cdbc63249a2b6a,1061,207628,1789654172243,1789654174054,1811,
481,0x70997970C51812dc3A010C7d01b50e0d17dc79C8,0x3C44CdDdB6a900fa2b585dd299e03d12FA4293BC,true,true,false,0x4e4026d9b85bbd54fdc34e1c23ddd823f132562c5b2a9bb41e63787a53fe364e,1061,207616,1789654172243,1789654174054,1811,
482,0x3C44CdDdB6a900fa2b585dd299e03d12FA4293BC,0x90F79bf6EB2c4f870365E785982E1f101E93b906,true,true,false,0x0af75599a82ae242a353bd2a5577287f0c6d7193f4ee2988417259fc0e74ed31,1061,207616,1789654172244,1789654174054,1810,
483,0x90F79bf6EB2c4f870365E785982E1f101E93b906,0x15d34AAf54267DB7D7c367839AAf71A00a2C6A65,true,true,false,0x4363d4b59dd31a7c170005e908672ef4eff2f707e0c9e6b98882c3e7197b534d,1061,207616,1789654172244,1789654174054,1810,
484,0x15d34AAf54267DB7D7c367839AAf71A00a2C6A65,0x9965507D1a55bcC2695C58ba16FB37d819B0A4dc,true,true,false,0xcaa95a4da59799d7047ba89ac102067b1c836f53144c14f38fc7399ace958510,1061,207628,1789654172245,1789654174054,1809,
485,0x9965507D1a55bcC2695C58ba16FB37d819B0A4dc,0x976EA74026E726554dB657fA54763abd0C3a0aa9,true,true,false,0x7222f311c91ebb41a22a7910b29606f56d7b3b0427c982f3eed50c2c7df918e1,1061,207628,1789654172245,1789654174056,1811,
486,0x976EA74026E726554dB657fA54763abd0C3a0aa9,0x14dC79964da2C08b23698B3D3cc7Ca32193d9955,true,true,false,0xfdb9a6f53ecd76773335e201d297a796aeee7293c628ba2acd3e14c0ab9dad95,1061,207616,1789654172246,1789654174056,1810,
487,0x14dC79964da2C08b23698B3D3cc7Ca32193d9955,0x23618e81E3f5cdF7f54C3d65f7FBc0aBf5B21E8f,true,true,false,0xbf9b23326728d92d9a2788cfab4cf72c6c61a61d7fd040f0b8048c83fd803216,1061,207616,1789654172246,1789654174057,1811,
488,0x23618e81E3f5cdF7f54C3d65f7FBc0aBf5B21E8f,0xa0Ee7A142d267C1f36714E4a8F75612F20a79720,true,true,false,0xd4fa4fae8ebf3e1d835c1f8944fd80f4ceb6207ddcca86c5e70ad93fb5d22b4d,1061,207628,1789654172248,1789654174057,1809,
489,0xa0Ee7A142d267C1f36714E4a8F75612F20a79720,0xBcd4042DE499D14e55001CcbB24a551F3b954096,true,true,false,0xc20b20d5342a49117b4927efce419aaaa83f966a61862927417a6db8b3b76af3,1061,207616,1789654172248,1789654174057,1809,
490,0xBcd4042DE499D14e55001CcbB24a551F3b954096,0x71bE63f3384f5fb98995898A86B02Fb2426c5788,true,true,false,0x0221b7aba1a5de845048b7240d7461b7bc743770cb1eeed1a26741e5fac7204f,1061,207616,1789654172249,1789654174057,1808,
491,0x71bE63f3384f5fb98995898A86B02Fb2426c5788,0xFABB0ac9d68B0B445fB7357272Ff202C5651694a,true,true,false,0xd7e576acb6813cdfbd061c672b3ac28cc2f49e7b212fc127ab2d1e9b4ed81b38,1061,207628,1789654172249,1789654174057,1808,
492,0xFABB0ac9d68B0B445fB7357272Ff202C5651694a,0x1CBd3b2770909D4e10f157cABC84C7264073C9Ec,true,true,false,0x398f479f477f706e29907bb5282521fdf4648575f2b03927a09038f239b59c5c,1061,207628,1789654172250,1789654174057,1807,
495,0xcd3B766CCDd6AE721141F452C550Ca635964ce71,0x2546BcD3c84621e976D8185a91A922aE77ECEc30,true,true,false,0x8c81729ecfe18700a6936d886916baa488a95ba10d831202730957b6b97427d9,1061,207616,1789654172251,1789654174058,1807,
496,0x2546BcD3c84621e976D8185a91A922aE77ECEc30,0xbDA5747bFD65F08deb54cb465eB87D40e51B197E,true,true,false,0x5e2abf2f65b6dcfe874f2cd50b964bc51057415eb7b2ad7600d0a4fa423d5c60,1061,207628,1789654172251,1789654174058,1807,
497,0xbDA5747bFD65F08deb54cb465eB87D40e51B197E,0xdD2FD4581271e230360230F9337D5c0430Bf44C0,true,true,false,0x657c9a534f76c04a488dbb66e8d0e39e7bd9e92d263574d0e2a085fd90f54ab6,1061,207628,1789654172252,1789654174058,1806,
498,0xdD2FD4581271e230360230F9337D5c0430Bf44C0,0x8626f6940E2eb28930eFb4CeF49B2d1F2C9C1199,true,true,false,0x5ed32daf743469facc54b89096083890009a8a0d00c660ff8479502cc3c74e81,1061,207628,1789654172252,1789654174058,1806,
499,0x8626f6940E2eb28930eFb4CeF49B2d1F2C9C1199,0x09DB0a93B389bEF724429898f539AEB7ac2Dd55f,true,true,false,0x5d064b61ecf0085177bb6113bdda0cffb8b9911635904a53a4dd6ec67415fac9,1061,207628,1789654172253,1789654174058,1805,
500,0x09DB0a93B389bEF724429898f539AEB7ac2Dd55f,0x70997970C51812dc3A010C7d01b50e0d17dc79C8,true,true,false,0xfa18ceaeee44dcc5dc25110a35f469d568fd2db670b2ef27a59fe9a7072b4b6e,1061,207616,1789654172253,1789654174058,1805,
501,0x70997970C51812dc3A010C7d01b50e0d17dc79C8,0x3C44CdDdB6a900fa2b585dd299e03d12FA4293BC,true,true,false,0xe0865a11ac251d82b75ca54cdf58e2ac85636a3cd6f3d3227ed78637f55941fe,1061,207616,1789654172254,1789654174059,1805,
502,0x3C44CdDdB6a900fa2b585dd299e03d12FA4293BC,0x90F79bf6EB2c4f870365E785982E1f101E93b906,true,true,false,0x0eca3a6cbc98a94173a123029e0fec121d0468b6fed27b3f9d2686f637297be4,1061,207616,1789654172254,1789654174059,1805,
503,0x90F79bf6EB2c4f870365E785982E1f101E93b906,0x15d34AAf54267DB7D7c367839AAf71A00a2C6A65,true,true,false,0x324cf1ec66068d5fe94e78e33c31a7ce2212b39a9bb26d7f8bd5aae7cb913965,1061,207628,1789654172255,1789654174086,1831,
504,0x15d34AAf54267DB7D7c367839AAf71A00a2C6A65,0x9965507D1a55bcC2695C58ba16FB37d819B0A4dc,true,true,false,0x9444a5064b0416bef7ab8cb38594177dd59df0c8d30cf33e50ab10cf142adad2,1061,207616,1789654172256,1789654174086,1830,
505,0x9965507D1a55bcC2695C58ba16FB37d819B0A4dc,0x976EA74026E726554dB657fA54763abd0C3a0aa9,true,true,false,0xbc9acce9087d01cce4cf60828c5558d6d63b1b3e261aecdccf69617a6f38cf8b,1061,207628,1789654172257,1789654174086,1829,
506,0x976EA74026E726554dB657fA54763abd0C3a0aa9,0x14dC79964da2C08b23698B3D3cc7Ca32193d9955,true,true,false,0x0eede5a87019a6b262859cbc9c28cdba2612c1d0b2969f9140c4b4ffb9178e06,1061,207628,1789654172257,1789654174086,1829,
507,0x14dC79964da2C08b23698B3D3cc7Ca32193d9955,0x23618e81E3f5cdF7f54C3d65f7FBc0aBf5B21E8f,true,true,false,0x1a47afdbad82763065bfd5672def6b5926564cd54a62f8b9d84724433e5e0940,1061,207628,1789654172258,1789654174086,1828,
508,0x23618e81E3f5cdF7f54C3d65f7FBc0aBf5B21E8f,0xa0Ee7A142d267C1f36714E4a8F75612F20a79720,true,true,false,0x5ce7fe56efbdb6139fbdec8453d4070ab9d3dd1aa2f9ab8f5d935595738fbb25,1061,207628,1789654172259,1789654174087,1828,
509,0xa0Ee7A142d267C1f36714E4a8F75612F20a79720,0xBcd4042DE499D14e55001CcbB24a551F3b954096,true,true,false,0x48ae241b915806e5fbda838152903292e88b16f4c1170e14bd49e906bdd3292b,1061,207616,1789654172259,1789654174097,1838,
510,0xBcd4042DE499D14e55001CcbB24a551F3b954096,0x71bE63f3384f5fb98995898A86B02Fb2426c5788,true,true,false,0x435e34970649192de7db60084feb5b47823e978cfe0913c4077d0af5590b6f46,1061,207616,1789654172260,1789654174098,1838,
511,0x71bE63f3384f5fb98995898A86B02Fb2426c5788,0xFABB0ac9d68B0B445fB7357272Ff202C5651694a,true,true,false,0x5f767a5a5887ed158f171500352b4200d72e3d5dff6f4abdfa7b63e9ddb7d218,1061,207604,1789654172260,1789654174098,1838,
512,0xFABB0ac9d68B0B445fB7357272Ff202C5651694a,0x1CBd3b2770909D4e10f157cABC84C7264073C9Ec,true,true,false,0x0e03693a06de3e68e28f00ac5bc0c02839e6be9aa5a9437ccc609b764834d8bd,1061,207604,1789654172261,1789654174098,1837,
513,0x1CBd3b2770909D4e10f157cABC84C7264073C9Ec,0xdF3e18d64BC6A983f673Ab319CCaE4f1a57C7097,true,true,false,0x1ad77ddcdc2f36d9cdd39e96034c25f7f9741a225d750d2880031576499731c0,1061,207616,1789654172261,1789654174099,1838,
514,0xdF3e18d64BC6A983f673Ab319CCaE4f1a57C7097,0xcd3B766CCDd6AE721141F452C550Ca635964ce71,true,true,false,0xf315125343b40212e17875f0de8b558bf2eda3d11248807df896ba747a8b48d1,1061,207628,1789654172262,1789654174099,1837,
515,0xcd3B766CCDd6AE721141F452C550Ca635964ce71,0x2546BcD3c84621e976D8185a91A922aE77ECEc30,true,true,false,0xcd93591aa193979800f5d4553c028ba7ee2edd3fcb838653eb9a79cd707cbb61,1061,207628,1789654172262,1789654174099,1837,
516,0x2546BcD3c84621e976D8185a91A922aE77ECEc30,0xbDA5747bFD65F08deb54cb465eB87D40e51B197E,true,true,false,0x419c00b6a631fdd42d44dc3e05dd5240921beb6ea6e46c1f408e52f9d9ce9d08,1061,207592,1789654172264,1789654174099,1835,
517,0xbDA5747bFD65F08deb54cb465eB87D40e51B197E,0xdD2FD4581271e230360230F9337D5c0430Bf44C0,true,true,false,0x78bdaced3c276408a5ca99fb173ad1135248b2b9ced312412e27eeff2394af4b,1061,207628,1789654172271,1789654174100,1829,
518,0xdD2FD4581271e230360230F9337D5c0430Bf44C0,0x8626f6940E2eb28930eFb4CeF49B2d1F2C9C1199,true,true,false,0xb527f0eedc2ba28bd82b5991001ca62407172745ac96af8a1ad8806090a2eec3,1061,207616,1789654172275,1789654174100,1825,
519,0x8626f6940E2eb28930eFb4CeF49B2d1F2C9C1199,0x09DB0a93B389bEF724429898f539AEB7ac2Dd55f,true,true,false,0x24bd61e216296bd74704fd629955e20315fb63cab2f363c6682319556efb4b59,1061,207628,1789654172275,1789654174100,1825,
520,0x09DB0a93B389bEF724429898f539AEB7ac2Dd55f,0x70997970C51812dc3A010C7d01b50e0d17dc79C8,true,true,false,0x70e2c8f1b1bef4ef30818cb0b99ea6d84d38971cd6635adac6907214858b0a65,1061,207616,1789654172276,1789654174100,1824,
522,0x3C44CdDdB6a900fa2b585dd299e03d12FA4293BC,0x90F79bf6EB2c4f870365E785982E1f101E93b906,true,true,false,0x47a59934ef35d0aa08a5e085f545897fd9ae168e89e71e3aae59a516303f75d2,1061,207616,1789654172277,1789654174100,1823,
523,0x90F79bf6EB2c4f870365E785982E1f101E93b906,0x15d34AAf54267DB7D7c367839AAf71A00a2C6A65,true,true,false,0xa3d869fc615fa79aab8d4c891a0503f1fba608aee571176d8fefcf4ec30e1f24,1061,207616,1789654172277,1789654174100,1823,
525,0x9965507D1a55bcC2695C58ba16FB37d819B0A4dc,0x976EA74026E726554dB657fA54763abd0C3a0aa9,true,true,false,0x87d2ca7746edfd122ca923f672cc18ff8959a82ecfc8fbd902a72366012e78ea,1061,207628,1789654172278,1789654174101,1823,
526,0x976EA74026E726554dB657fA54763abd0C3a0aa9,0x14dC79964da2C08b23698B3D3cc7Ca32193d9955,true,true,false,0xa9d2a0095d83abe51668053dff59e7ddfe3f67df483a39d8573728b8282e71a4,1061,207628,1789654172278,1789654174101,1823,
527,0x14dC79964da2C08b23698B3D3cc7Ca32193d9955,0x23618e81E3f5cdF7f54C3d65f7FBc0aBf5B21E8f,true,true,false,0x252304ad042d8d49b40f1ca6b4a0fbce17d6fb329a0ee4a83db77b61b08e3d2a,1061,207616,1789654172279,1789654174101,1822,
528,0x23618e81E3f5cdF7f54C3d65f7FBc0aBf5B21E8f,0xa0Ee7A142d267C1f36714E4a8F75612F20a79720,true,true,false,0x6589445b9b25031288fca3ef3485a319955320c373426744b63e75cda29798cb,1061,207628,1789654172279,1789654174120,1841,
529,0xa0Ee7A142d267C1f36714E4a8F75612F20a79720,0xBcd4042DE499D14e55001CcbB24a551F3b954096,true,true,false,0x6f2d421af3b2b1f0660d3eefb2cfded5054a62c364ca6ff88def7b71af4eb32c,1061,207604,1789654172280,1789654174120,1840,
530,0xBcd4042DE499D14e55001CcbB24a551F3b954096,0x71bE63f3384f5fb98995898A86B02Fb2426c5788,true,true,false,0xe975e136a92f2fb2743c5d0388b853d9afbf3be8c026215c1a8a5948a14a963d,1061,207616,1789654172281,1789654174121,1840,
531,0x71bE63f3384f5fb98995898A86B02Fb2426c5788,0xFABB0ac9d68B0B445fB7357272Ff202C5651694a,true,true,false,0x26142353390e5aeaa4ab72e3257786656420eabb1d2c2e9ba55f468376bd9a7d,1061,207628,1789654172282,1789654174121,1839,
532,0xFABB0ac9d68B0B445fB7357272Ff202C5651694a,0x1CBd3b2770909D4e10f157cABC84C7264073C9Ec,true,true,false,0xf247935229e39a27395d566885895024558475d925e01abd8842641a6cf983fb,1061,207628,1789654172283,1789654174121,1838,
539,0x8626f6940E2eb28930eFb4CeF49B2d1F2C9C1199,0x09DB0a93B389bEF724429898f539AEB7ac2Dd55f,true,true,false,0xfd1e2c1f1b7ab64df1ae4679b3abec5c7a4993be6a26e906065f019a2f09311f,1061,207616,1789654172283,1789654174121,1838,
540,0x09DB0a93B389bEF724429898f539AEB7ac2Dd55f,0x70997970C51812dc3A010C7d01b50e0d17dc79C8,true,true,false,0x1319bab00a19f1ada31ce33af9d6b7807e3136d7d70a14aaff1f6ce0c13ace98,1061,207628,1789654172284,1789654174121,1837,
541,0x70997970C51812dc3A010C7d01b50e0d17dc79C8,0x3C44CdDdB6a900fa2b585dd299e03d12FA4293BC,true,true,false,0xfed0098a07c0582a5ea985f0ed5592160222fbd9da29e3c70762de282bd25ca5,1061,207604,1789654172284,1789654174121,1837,
542,0x3C44CdDdB6a900fa2b585dd299e03d12FA4293BC,0x90F79bf6EB2c4f870365E785982E1f101E93b906,true,true,false,0xe198e26b476ddc2792a8b87117013b75f104e4dcfbb93b0ca558166a77ebced8,1061,207592,1789654172285,1789654174122,1837,
543,0x90F79bf6EB2c4f870365E785982E1f101E93b906,0x15d34AAf54267DB7D7c367839AAf71A00a2C6A65,true,true,false,0x49507a0135e1339f1d0dbaa474d8e7c5453397ae3dfa4602ed1e4a26c7b5ea81,1061,207628,1789654172286,1789654174122,1836,
544,0x15d34AAf54267DB7D7c367839AAf71A00a2C6A65,0x9965507D1a55bcC2695C58ba16FB37d819B0A4dc,true,true,false,0x2bab9b62a39771b6300a3d743533fffa2b7d2c019537ffa08fcbf78742ad8e19,1061,207628,1789654172287,1789654174122,1835,
546,0x976EA74026E726554dB657fA54763abd0C3a0aa9,0x14dC79964da2C08b23698B3D3cc7Ca32193d9955,true,true,false,0x5e337e11564528eb595be42407beb1e24a3a2070f8809bf6b7f5163e5a0502bf,1061,207616,1789654172288,1789654174122,1834,
547,0x14dC79964da2C08b23698B3D3cc7Ca32193d9955,0x23618e81E3f5cdF7f54C3d65f7FBc0aBf5B21E8f,true,true,false,0xab18c1b74ce7a4282b7bb6887222b4153ac10e1d99de4110d55d50dd13d1d26b,1061,207628,1789654172289,1789654174122,1833,
548,0x23618e81E3f5cdF7f54C3d65f7FBc0aBf5B21E8f,0xa0Ee7A142d267C1f36714E4a8F75612F20a79720,true,true,false,0x230f802fd29eed4961ed547da1632bea818d2e58f69b62c4b8e47241eaeb8529,1061,207616,1789654172289,1789654174122,1833,
549,0xa0Ee7A142d267C1f36714E4a8F75612F20a79720,0xBcd4042DE499D14e55001CcbB24a551F3b954096,true,true,false,0x5f25e31d96053427bd56d7ca0d68328642cf2d84e258e5f2dcb1993214e4071d,1061,207616,1789654172290,1789654174123,1833,
550,0xBcd4042DE499D14e55001CcbB24a551F3b954096,0x71bE63f3384f5fb98995898A86B02Fb2426c5788,true,true,false,0xefe1132fcff65ffdad3a8351b8273eee155e4799c9f215799f3203c3ee2c7e06,1061,207616,1789654172291,1789654174123,1832,
551,0x71bE63f3384f5fb98995898A86B02Fb2426c5788,0xFABB0ac9d68B0B445fB7357272Ff202C5651694a,true,true,false,0x767fedad9f4106c2f1cbde2cc61d40af19e6d8d16b6bddbb0976e9a18c139dbb,1061,207628,1789654172291,1789654173979,1688,
552,0xFABB0ac9d68B0B445fB7357272Ff202C5651694a,0x1CBd3b2770909D4e10f157cABC84C7264073C9Ec,true,true,false,0x231afe3ad7a68631fcc7def25d3b43ca522fd6a1f6bba3f755913c0c6031d9a8,1061,207628,1789654172292,1789654173982,1690,
553,0x1CBd3b2770909D4e10f157cABC84C7264073C9Ec,0xdF3e18d64BC6A983f673Ab319CCaE4f1a57C7097,true,true,false,0x7170a6b53e67145032a59efec7b235f713ac9a4d57d36d223a6382826a40f574,1061,207628,1789654172292,1789654173982,1690,
554,0xdF3e18d64BC6A983f673Ab319CCaE4f1a57C7097,0xcd3B766CCDd6AE721141F452C550Ca635964ce71,true,true,false,0xd76579f1161f2ad33cc9205b9487770beba8b1a4d474ba87ce3a2327d0e22d7d,1061,207628,1789654172293,1789654173982,1689,
555,0xcd3B766CCDd6AE721141F452C550Ca635964ce71,0x2546BcD3c84621e976D8185a91A922aE77ECEc30,true,true,false,0x51dcfaa6a71766482b4289a1ce5f58395074aa8e533f602aef0ed2c205cff507,1061,207616,1789654172293,1789654173983,1690,
556,0x2546BcD3c84621e976D8185a91A922aE77ECEc30,0xbDA5747bFD65F08deb54cb465eB87D40e51B197E,true,true,false,0x768a54e81ab0ebd6bf04c7f7f3dbfe48cf71faed027ae1a415279907de0eed9c,1061,207628,1789654172294,1789654173983,1689,
557,0xbDA5747bFD65F08deb54cb465eB87D40e51B197E,0xdD2FD4581271e230360230F9337D5c0430Bf44C0,true,true,false,0xbbb8379a810a242e1e0eb5388661673a992095d58392e396d39dd15557a830f2,1061,207628,1789654172294,1789654173983,1689,
558,0xdD2FD4581271e230360230F9337D5c0430Bf44C0,0x8626f6940E2eb28930eFb4CeF49B2d1F2C9C1199,true,true,false,0xc72fee512fb6a8fd2e5c2b743f61dc8321930f691c06b8685ea5f11981542f76,1061,207616,1789654172295,1789654173983,1688,
559,0x8626f6940E2eb28930eFb4CeF49B2d1F2C9C1199,0x09DB0a93B389bEF724429898f539AEB7ac2Dd55f,true,true,false,0x2b0e6dbdda79f94bd6c74ddaaa420a3e2e5e0bc126a093e4dd62ad80513c51e7,1061,207628,1789654172295,1789654173984,1689,
560,0x09DB0a93B389bEF724429898f539AEB7ac2Dd55f,0x70997970C51812dc3A010C7d01b50e0d17dc79C8,true,true,false,0x2821a6ee8cb0abd61db6d37d1818156a2e5b90a5e776646827b8d664faf45054,1061,207628,1789654172295,1789654173984,1689,
561,0x70997970C51812dc3A010C7d01b50e0d17dc79C8,0x3C44CdDdB6a900fa2b585dd299e03d12FA4293BC,true,true,false,0xce24ae98633ccf4eab457f6a4ea25ae95fea31b7f4a29430ee5ac8331bacffad,1061,207604,1789654172296,1789654173993,1697,
562,0x3C44CdDdB6a900fa2b585dd299e03d12FA4293BC,0x90F79bf6EB2c4f870365E785982E1f101E93b906,true,true,false,0xe136e808af24c7aec91f18f45e36e20aa0d793702e65b6545beffc557dae3337,1061,207616,1789654172297,1789654173993,1696,
563,0x90F79bf6EB2c4f870365E785982E1f101E93b906,0x15d34AAf54267DB7D7c367839AAf71A00a2C6A65,true,true,false,0x60a47aadebbf9c652e593222d6c2bb1b1fcdb9743ad39e3f605e2ecd20a4a78d,1061,207628,1789654172298,1789654173993,1695,
564,0x15d34AAf54267DB7D7c367839AAf71A00a2C6A65,0x9965507D1a55bcC2695C58ba16FB37d819B0A4dc,true,true,false,0x171f95c90bb62a1b47e85719720bbac381da1540a2d7511e6f3ee37b23d6e20f,1061,207628,1789654172298,1789654173993,1695,
565,0x9965507D1a55bcC2695C58ba16FB37d819B0A4dc,0x976EA74026E726554dB657fA54763abd0C3a0aa9,true,true,false,0xb3bdb9328b492c68d5a4dd670dfad19ce40b9d962387854f35ca4f7eaea16935,1061,207628,1789654172299,1789654173994,1695,
566,0x976EA74026E726554dB657fA54763abd0C3a0aa9,0x14dC79964da2C08b23698B3D3cc7Ca32193d9955,true,true,false,0xc5a1965175f404a797a5486e41c69010d5fab4b44771c5d5a477c68bd19f3d04,1061,207628,1789654172299,1789654173994,1695,
567,0x14dC79964da2C08b23698B3D3cc7Ca32193d9955,0x23618e81E3f5cdF7f54C3d65f7FBc0aBf5B21E8f,true,true,false,0xf82988d3b32ddbd7b5efabeadaf940c61a5de0a90e5d867ee8c0fa459b734345,1061,207628,1789654172300,1789654173994,1694,
568,0x23618e81E3f5cdF7f54C3d65f7FBc0aBf5B21E8f,0xa0Ee7A142d267C1f36714E4a8F75612F20a79720,true,true,false,0xbf70f2f2c76c8d02839c507c4168121f61763bd3ab7b078d8b1b8c42c4c322d8,1061,207628,1789654172300,1789654173994,1694,
1035,0xcd3B766CCDd6AE721141F452C550Ca635964ce71,0x2546BcD3c84621e976D8185a91A922aE77ECEc30,true,true,false,0x8f05c140ffffd92024ce0422c05c0d1d88d9a21e6178e3402b9955b4f59a428a,1062,207628,1789654174029,1789654176047,2018,
1047,0x14dC79964da2C08b23698B3D3cc7Ca32193d9955,0x23618e81E3f5cdF7f54C3d65f7FBc0aBf5B21E8f,true,true,false,0x8c6f9fe5ccb11f808336999e84c9ce924b5130f29131c99f693331dadae4ea24,1062,207628,1789654174030,1789654176047,2017,
1008,0x23618e81E3f5cdF7f54C3d65f7FBc0aBf5B21E8f,0xa0Ee7A142d267C1f36714E4a8F75612F20a79720,true,true,false,0xc973f35fddd74208f6e8865bbea755fb9b6452d0a92216ac0dff301bb698528e,1062,207628,1789654174031,1789654176047,2016,
1009,0xa0Ee7A142d267C1f36714E4a8F75612F20a79720,0xBcd4042DE499D14e55001CcbB24a551F3b954096,true,true,false,0x21f179f26284009f2f14749a39b7ae55e0c4002ffd0bb7b4abfa7ce77e50a97b,1062,207616,1789654174031,1789654176047,2016,
1007,0x14dC79964da2C08b23698B3D3cc7Ca32193d9955,0x23618e81E3f5cdF7f54C3d65f7FBc0aBf5B21E8f,true,true,false,0x9a7a56bd002f5db8ca812cce3c8d034244df4acc15e01c0dfc3ddce50b9c36b5,1062,207616,1789654174032,1789654176048,2016,
999,0x8626f6940E2eb28930eFb4CeF49B2d1F2C9C1199,0x09DB0a93B389bEF724429898f539AEB7ac2Dd55f,true,true,false,0x8234a137d566959098daa6ec74b6c0aef01b643647aa42976a481dca626e5a7a,1062,207628,1789654174032,1789654176048,2016,
1000,0x09DB0a93B389bEF724429898f539AEB7ac2Dd55f,0x70997970C51812dc3A010C7d01b50e0d17dc79C8,true,true,false,0x977d27d910246333602cba9e854aad44f58fcde91b20a404d595b894caeaf69c,1062,207628,1789654174033,1789654176048,2015,
974,0xdF3e18d64BC6A983f673Ab319CCaE4f1a57C7097,0xcd3B766CCDd6AE721141F452C550Ca635964ce71,true,true,false,0xde757ebde313c7b7412eb57912c304e07f6063a72bf64ad15217354b9d18bfa1,1062,207628,1789654174033,1789654176049,2016,
932,0xFABB0ac9d68B0B445fB7357272Ff202C5651694a,0x1CBd3b2770909D4e10f157cABC84C7264073C9Ec,true,true,false,0x0820c23630a237bf9b87b571cd6c6001373029f8f165063fd322ba0671b60f14,1062,207628,1789654174033,1789654176106,2073,
933,0x1CBd3b2770909D4e10f157cABC84C7264073C9Ec,0xdF3e18d64BC6A983f673Ab319CCaE4f1a57C7097,true,true,false,0x36d74f79da1d3b3b5dd9b069702a245376ac09ff26c53f825c47a0f15406b280,1062,207604,1789654174034,1789654176106,2072,
1048,0x23618e81E3f5cdF7f54C3d65f7FBc0aBf5B21E8f,0xa0Ee7A142d267C1f36714E4a8F75612F20a79720,true,true,false,0x54c7420aa7cad2b7c726aa6a360b97eb3381d1ae2bd6b472606b31f050f4ae16,1062,207628,1789654174040,1789654176106,2066,
1049,0xa0Ee7A142d267C1f36714E4a8F75612F20a79720,0xBcd4042DE499D14e55001CcbB24a551F3b954096,true,true,false,0xdf75dea11638080db684133be06c9433167a7549b3d0c1599510fbc98601883a,1062,207616,1789654174040,1789654176106,2066,
931,0x71bE63f3384f5fb98995898A86B02Fb2426c5788,0xFABB0ac9d68B0B445fB7357272Ff202C5651694a,true,true,false,0xfa9384bce164836631556bd7ccfc09a1b2a48d88e09cc540b1b91f1f1e741fdb,1062,207628,1789654174040,1789654176106,2066,
896,0x2546BcD3c84621e976D8185a91A922aE77ECEc30,0xbDA5747bFD65F08deb54cb465eB87D40e51B197E,true,true,false,0x024df6d6cdc94c32438723a68b09dbca72249454f5854023f2daf5d8f869b71a,1062,207628,1789654174041,1789654176107,2066,
569,0xa0Ee7A142d267C1f36714E4a8F75612F20a79720,0xBcd4042DE499D14e55001CcbB24a551F3b954096,true,true,false,0xa207bf5d3f1a580987b9043018c44c6d2d81ee4250f3522cb1738f9ef21f6b0e,1062,207604,1789654174041,1789654176107,2066,
570,0xBcd4042DE499D14e55001CcbB24a551F3b954096,0x71bE63f3384f5fb98995898A86B02Fb2426c5788,true,true,false,0xc79c3ad7cd6f2fb73afccbadb4868973826cbf9094f4eb7534a83662a88727d5,1062,207604,1789654174041,1789654176107,2066,
573,0x1CBd3b2770909D4e10f157cABC84C7264073C9Ec,0xdF3e18d64BC6A983f673Ab319CCaE4f1a57C7097,true,true,false,0x1bc4ab5746a02a6241c8e2a69fcb12111303877ee5359646576462b7c9d07fbf,1062,207628,1789654174042,1789654176107,2065,
574,0xdF3e18d64BC6A983f673Ab319CCaE4f1a57C7097,0xcd3B766CCDd6AE721141F452C550Ca635964ce71,true,true,false,0x3d2ab9b61947359b489e00e8882f4e071887f33b4982526ddd062fa17b0a1818,1062,207628,1789654174042,1789654176107,2065,
575,0xcd3B766CCDd6AE721141F452C550Ca635964ce71,0x2546BcD3c84621e976D8185a91A922aE77ECEc30,true,true,false,0x38372dff33fcc3b99784b876533cc53c9e3a7ba3b17d168c4aedc292bbcceacf,1062,207628,1789654174042,1789654176107,2065,
576,0x2546BcD3c84621e976D8185a91A922aE77ECEc30,0xbDA5747bFD65F08deb54cb465eB87D40e51B197E,true,true,false,0x566d2945f1ce398a4084977a65a824376f889a17d2b7bfc8c665d8eb37e48f82,1062,207628,1789654174043,1789654176107,2064,
577,0xbDA5747bFD65F08deb54cb465eB87D40e51B197E,0xdD2FD4581271e230360230F9337D5c0430Bf44C0,true,true,false,0xf14f83ba04d5c843786f43040f8a083317a0fea626b05a65eaa8ded559186ca1,1062,207628,1789654174043,1789654176108,2065,
578,0xdD2FD4581271e230360230F9337D5c0430Bf44C0,0x8626f6940E2eb28930eFb4CeF49B2d1F2C9C1199,true,true,false,0x135f8965470cd47287599b440db2119d307613b303ea77ad3d4fb8553f1082a5,1062,207628,1789654174043,1789654176108,2065,
579,0x8626f6940E2eb28930eFb4CeF49B2d1F2C9C1199,0x09DB0a93B389bEF724429898f539AEB7ac2Dd55f,true,true,false,0xfcc579212fda6b1abb942d8fe3d26b2afb309ecf92a117b0d175043377c6e563,1062,207604,1789654174044,1789654176108,2064,
580,0x09DB0a93B389bEF724429898f539AEB7ac2Dd55f,0x70997970C51812dc3A010C7d01b50e0d17dc79C8,true,true,false,0xeb579426799e5335a189288f62a02939e02d5b7129b784c0557a1e8de5849b83,1062,207628,1789654174044,1789654176108,2064,
581,0x70997970C51812dc3A010C7d01b50e0d17dc79C8,0x3C44CdDdB6a900fa2b585dd299e03d12FA4293BC,true,true,false,0xdc9a06ec443211474926f0fabc058fe76992a533b2f376cb86fcc82cb93514e6,1062,207604,1789654174044,1789654176108,2064,
582,0x3C44CdDdB6a900fa2b585dd299e03d12FA4293BC,0x90F79bf6EB2c4f870365E785982E1f101E93b906,true,true,false,0x98951918b18aae441c5090cfc4b7ca5f510a65ba62992a3beb835b38fc6baf3b,1062,207604,1789654174045,1789654176108,2063,
583,0x90F79bf6EB2c4f870365E785982E1f101E93b906,0x15d34AAf54267DB7D7c367839AAf71A00a2C6A65,true,true,false,0x5b993c7b478d860e6b56d6df57b58d9c244176199dbdfdc78fce1e8772309ae7,1062,207628,1789654174045,1789654176109,2064,
584,0x15d34AAf54267DB7D7c367839AAf71A00a2C6A65,0x9965507D1a55bcC2695C58ba16FB37d819B0A4dc,true,true,false,0xec75d25bd58e208e1d7c84f9690de8229097698cd22e686c7e2bd1e77e6f66ce,1062,207628,1789654174045,1789654176109,2064,
585,0x9965507D1a55bcC2695C58ba16FB37d819B0A4dc,0x976EA74026E726554dB657fA54763abd0C3a0aa9,true,true,false,0x55efda8114d637e18135bf32e65a7195ba795e94f773826c55a51b8c9095fa87,1062,207628,1789654174055,1789654176109,2054,
1050,0xBcd4042DE499D14e55001CcbB24a551F3b954096,0x71bE63f3384f5fb98995898A86B02Fb2426c5788,true,true,false,0x7a512c575c99c1ea2da5c0c401ee7385610da9343c9c57935cfbdac58a5410d8,1062,207616,1789654174056,1789654176109,2053,
1051,0x71bE63f3384f5fb98995898A86B02Fb2426c5788,0xFABB0ac9d68B0B445fB7357272Ff202C5651694a,true,true,false,0xd936967f5a01ad3cbdd76580400face6dd177db1112f75fa0f5a0b63422aae0d,1062,207628,1789654174087,1789654176109,2022,
586,0x976EA74026E726554dB657fA54763abd0C3a0aa9,0x14dC79964da2C08b23698B3D3cc7Ca32193d9955,true,true,false,0xeee19a8357b925ee60841314023f074d9fad7f3f5f5339c80086fd9c8b27d120,1062,207616,1789654174087,1789654176109,2022,
587,0x14dC79964da2C08b23698B3D3cc7Ca32193d9955,0x23618e81E3f5cdF7f54C3d65f7FBc0aBf5B21E8f,true,true,false,0xa8a4403e1a8fc6670e2ed257bb85583c4cc76bafcf232134117d0ee92115f1e9,1062,207628,1789654174087,1789654176110,2023,
588,0x23618e81E3f5cdF7f54C3d65f7FBc0aBf5B21E8f,0xa0Ee7A142d267C1f36714E4a8F75612F20a79720,true,true,false,0x0703639236d3f59e671c1be15d7e672421f6e39e532e6e17d37d6d00c492680e,1062,207616,1789654174088,1789654176110,2022,
589,0xa0Ee7A142d267C1f36714E4a8F75612F20a79720,0xBcd4042DE499D14e55001CcbB24a551F3b954096,true,true,false,0x928d477fc55734d98ac768c6e6e380355fbbc393c8768612295949cb5f7afb49,1062,207616,1789654174088,1789654176110,2022,
590,0xBcd4042DE499D14e55001CcbB24a551F3b954096,0x71bE63f3384f5fb98995898A86B02Fb2426c5788,true,true,false,0xfebdbeec9cb36a8106ce0e50844406f388c72c63879027416306cf1cc75461b8,1062,207604,1789654174152,1789654176021,1869,
592,0xFABB0ac9d68B0B445fB7357272Ff202C5651694a,0x1CBd3b2770909D4e10f157cABC84C7264073C9Ec,true,true,false,0x77e73b6803c435f362c7993932bf1feaa391950ba811bc534ced092c039c5421,1062,207628,1789654174152,1789654176023,1871,
593,0x1CBd3b2770909D4e10f157cABC84C7264073C9Ec,0xdF3e18d64BC6A983f673Ab319CCaE4f1a57C7097,true,true,false,0xe4cb231331f39b46e747a3499191d80c63cf619e4b927372d4a01031b15ed5c3,1062,207628,1789654174153,1789654176023,1870,
594,0xdF3e18d64BC6A983f673Ab319CCaE4f1a57C7097,0xcd3B766CCDd6AE721141F452C550Ca635964ce71,true,true,false,0xf3ba62a36446c49e8e095c02c6f58939c98f657140c78a6e3937d2abad78877a,1062,207616,1789654174153,1789654176023,1870,
595,0xcd3B766CCDd6AE721141F452C550Ca635964ce71,0x2546BcD3c84621e976D8185a91A922aE77ECEc30,true,true,false,0xdba58bf9d422da77da9ed6abf5ba5a592d5f92229b8530d42a5d82d79ddb66cd,1062,207616,1789654174154,1789654176023,1869,
596,0x2546BcD3c84621e976D8185a91A922aE77ECEc30,0xbDA5747bFD65F08deb54cb465eB87D40e51B197E,true,true,false,0xdafea7b6685351b85a7cd63c5cb4f16b41c462fed2416b41cf8af67d5b4e8f35,1062,207628,1789654174154,1789654176024,1870,
600,0x09DB0a93B389bEF724429898f539AEB7ac2Dd55f,0x70997970C51812dc3A010C7d01b50e0d17dc79C8,true,true,false,0xd86d2ecf0b5bdbc17cb12c7706fc4ecf6656d5d4a930c56dbff25afa9f89ce0b,1062,207616,1789654174155,1789654176024,1869,
601,0x70997970C51812dc3A010C7d01b50e0d17dc79C8,0x3C44CdDdB6a900fa2b585dd299e03d12FA4293BC,true,true,false,0x1413da9d61153f62db8a299c9b2265d1fba69206aa6d2b302f75bed00d33cd4b,1062,207616,1789654174155,1789654176024,1869,
602,0x3C44CdDdB6a900fa2b585dd299e03d12FA4293BC,0x90F79bf6EB2c4f870365E785982E1f101E93b906,true,true,false,0xed3b52941be87e011eb5d3306370fa10dfb3d9b9e2895c7ec95d99b4b2d08bc9,1062,207616,1789654174156,1789654176024,1868,
603,0x90F79bf6EB2c4f870365E785982E1f101E93b906,0x15d34AAf54267DB7D7c367839AAf71A00a2C6A65,true,true,false,0x97caef4dfdd451442ba33b42dc6d280299884fc96db439ab6b0c3fc1149755a8,1062,207628,1789654174156,1789654176024,1868,
604,0x15d34AAf54267DB7D7c367839AAf71A00a2C6A65,0x9965507D1a55bcC2695C58ba16FB37d819B0A4dc,true,true,false,0xbd96207e4b565d9c57686054ed3873ed20bdbc6dfb9bdfbd01dec461c1779cb8,1062,207628,1789654174157,1789654176025,1868,
605,0x9965507D1a55bcC2695C58ba16FB37d819B0A4dc,0x976EA74026E726554dB657fA54763abd0C3a0aa9,true,true,false,0xbe4f351f940f2710cfcbc6528eac046ad453c3a8ea96587351668f82c8248385,1062,207616,1789654174157,1789654176036,1879,
606,0x976EA74026E726554dB657fA54763abd0C3a0aa9,0x14dC79964da2C08b23698B3D3cc7Ca32193d9955,true,true,false,0xc9c77379e66233f0ed8b2923892ba940bed6e36acf58a8b84d532d040dcda54a,1062,207628,1789654174158,1789654176036,1878,
607,0x14dC79964da2C08b23698B3D3cc7Ca32193d9955,0x23618e81E3f5cdF7f54C3d65f7FBc0aBf5B21E8f,true,true,false,0x90125cb46d38ebef77826b6a398b00ad462946b555509960ac53f181999df912,1062,207628,1789654174158,1789654176036,1878,
608,0x23618e81E3f5cdF7f54C3d65f7FBc0aBf5B21E8f,0xa0Ee7A142d267C1f36714E4a8F75612F20a79720,true,true,false,0xf868b3dc682a782cffedaf6a4f06baea86f42c5caa4dcd3209fb1e09dbd4293e,1062,207628,1789654174158,1789654176037,1879,
609,0xa0Ee7A142d267C1f36714E4a8F75612F20a79720,0xBcd4042DE499D14e55001CcbB24a551F3b954096,true,true,false,0x39e11dab083252ab43019f3d76ed9b0ff107cd5c11db6405a94eecf51ca80c9b,1062,207616,1789654174159,1789654176037,1878,
610,0xBcd4042DE499D14e55001CcbB24a551F3b954096,0x71bE63f3384f5fb98995898A86B02Fb2426c5788,true,true,false,0x2ce7470fdccabada8629c0860c3d689d554c39e5064f270148fe23d6154ccfe7,1062,207616,1789654174159,1789654176037,1878,
611,0x71bE63f3384f5fb98995898A86B02Fb2426c5788,0xFABB0ac9d68B0B445fB7357272Ff202C5651694a,true,true,false,0xd91bd2676980d8d6c634373f9ec462f0a67bae18cd0cbf03057bc9aaf1104401,1062,207628,1789654174160,1789654176038,1878,
612,0xFABB0ac9d68B0B445fB7357272Ff202C5651694a,0x1CBd3b2770909D4e10f157cABC84C7264073C9Ec,true,true,false,0x9cbac87155d8eb0c546f3a62f1875ac6487f7bc2ed860e9e5ad705b3fc817b1e,1062,207616,1789654174160,1789654176038,1878,
613,0x1CBd3b2770909D4e10f157cABC84C7264073C9Ec,0xdF3e18d64BC6A983f673Ab319CCaE4f1a57C7097,true,true,false,0x5d15ea84fda621d050662b1b1a5dc16b060530c59bd646bb449ae73609de3563,1062,207616,1789654174160,1789654176038,1878,
614,0xdF3e18d64BC6A983f673Ab319CCaE4f1a57C7097,0xcd3B766CCDd6AE721141F452C550Ca635964ce71,true,true,false,0x3c86a8f8a8f4d15e98bef76acc18b2244ae8ac2765186bbad2b135f5ed0f7d15,1062,207628,1789654174161,1789654176038,1877,
615,0xcd3B766CCDd6AE721141F452C550Ca635964ce71,0x2546BcD3c84621e976D8185a91A922aE77ECEc30,true,true,false,0xc4e50942ba22b1c2e882287f70570ce01652d9ff25883e514fcec7cbaa0720a6,1062,207628,1789654174161,1789654176039,1878,
616,0x2546BcD3c84621e976D8185a91A922aE77ECEc30,0xbDA5747bFD65F08deb54cb465eB87D40e51B197E,true,true,false,0x6a54e9207b337c9ae8c2c82530de658443a2f86cbe6adaa2f83f19d3001095ed,1062,207628,1789654174161,1789654176039,1878,
617,0xbDA5747bFD65F08deb54cb465eB87D40e51B197E,0xdD2FD4581271e230360230F9337D5c0430Bf44C0,true,true,false,0x451e99467d28ec945c044c7e0d78f0b3bb1c9399658de77b540ba0f327f8a969,1062,207628,1789654174162,1789654176039,1877,
618,0xdD2FD4581271e230360230F9337D5c0430Bf44C0,0x8626f6940E2eb28930eFb4CeF49B2d1F2C9C1199,true,true,false,0xd764e1d7c7626286f07025f2c9a9528a10cb1361f546a7cd85106da5a8ae642b,1062,207616,1789654174162,1789654176039,1877,
619,0x8626f6940E2eb28930eFb4CeF49B2d1F2C9C1199,0x09DB0a93B389bEF724429898f539AEB7ac2Dd55f,true,true,false,0x7acda19bafcd47c30dc3c7e54c7d09d206535197851cc938081a964b52bd9d1d,1062,207628,1789654174163,1789654176039,1876,
620,0x09DB0a93B389bEF724429898f539AEB7ac2Dd55f,0x70997970C51812dc3A010C7d01b50e0d17dc79C8,true,true,false,0x8593515861ab72e4829cc8d4ab753b9e9c09c1cc89293456ed606bb24724aaf5,1062,207616,1789654174176,1789654176040,1864,
621,0x70997970C51812dc3A010C7d01b50e0d17dc79C8,0x3C44CdDdB6a900fa2b585dd299e03d12FA4293BC,true,true,false,0x539881052926c7aa16766be91142fa9f69c8dc9dc8a8c93f776d7d7f21649c10,1062,207616,1789654174177,1789654176040,1863,
622,0x3C44CdDdB6a900fa2b585dd299e03d12FA4293BC,0x90F79bf6EB2c4f870365E785982E1f101E93b906,true,true,false,0x01cde4734916b1c59b075ed5395a37ae038fdaba10e7210d0196bfe25ef14c4a,1062,207616,1789654174177,1789654176040,1863,
623,0x90F79bf6EB2c4f870365E785982E1f101E93b906,0x15d34AAf54267DB7D7c367839AAf71A00a2C6A65,true,true,false,0xfb3b06b23a73a2076d3b8d895d4c82349f785e86953d2d268d4331d0fc57142c,1062,207616,1789654174178,1789654176040,1862,
624,0x15d34AAf54267DB7D7c367839AAf71A00a2C6A65,0x9965507D1a55bcC2695C58ba16FB37d819B0A4dc,true,true,false,0xa12e6ee93f237b7ffeb6999b18f25af6ba7bcab2284362f3066d65f3a817835c,1062,207628,1789654174178,1789654176041,1863,
625,0x9965507D1a55bcC2695C58ba16FB37d819B0A4dc,0x976EA74026E726554dB657fA54763abd0C3a0aa9,true,true,false,0x318585ebf88bb65a44f06c0fef73c2952b2ed9ecf2d9914613ca82dddac8bff8,1062,207628,1789654174179,1789654176041,1862,
626,0x976EA74026E726554dB657fA54763abd0C3a0aa9,0x14dC79964da2C08b23698B3D3cc7Ca32193d9955,true,true,false,0xcf99c5a36e519fb09ebcd81adce4435bde7239fe4a9cdb661447535d3111a190,1062,207628,1789654174179,1789654176041,1862,
627,0x14dC79964da2C08b23698B3D3cc7Ca32193d9955,0x23618e81E3f5cdF7f54C3d65f7FBc0aBf5B21E8f,true,true,false,0x9e2c189aa850059cc965f5394d9bf66d46bafa6a07a2d12631589ef0ba48e44d,1062,207628,1789654174180,1789654176041,1861,
628,0x23618e81E3f5cdF7f54C3d65f7FBc0aBf5B21E8f,0xa0Ee7A142d267C1f36714E4a8F75612F20a79720,true,true,false,0xf04d3712ddc26311f48ee1e972b9950daab8524e3af1349a5335a5029d3c868a,1062,207628,1789654174181,1789654176041,1860,
629,0xa0Ee7A142d267C1f36714E4a8F75612F20a79720,0xBcd4042DE499D14e55001CcbB24a551F3b954096,true,true,false,0x33679bfc0a152ffc98a4efef550d94de5c2f2e698d1feeb48cb7f3882093f2d7,1062,207616,1789654174181,1789654176042,1861,
630,0xBcd4042DE499D14e55001CcbB24a551F3b954096,0x71bE63f3384f5fb98995898A86B02Fb2426c5788,true,true,false,0xaba95f3e92c63484937e0dad0cc23460cb676d8478a58eb0e9a9d9fb26bb4eb9,1062,207616,1789654174182,1789654176042,1860,
631,0x71bE63f3384f5fb98995898A86B02Fb2426c5788,0xFABB0ac9d68B0B445fB7357272Ff202C5651694a,true,true,false,0x0425069b07db358479cef7158d1fa4e4c071522b6294036bea8dee027fd03682,1062,207616,1789654174182,1789654176042,1860,
632,0xFABB0ac9d68B0B445fB7357272Ff202C5651694a,0x1CBd3b2770909D4e10f157cABC84C7264073C9Ec,true,true,false,0xe0d47c5366564123e2fa0717c7dc127cfc34e80d7de71a627a8a7997f8c6124b,1062,207628,1789654174183,1789654176042,1859,
633,0x1CBd3b2770909D4e10f157cABC84C7264073C9Ec,0xdF3e18d64BC6A983f673Ab319CCaE4f1a57C7097,true,true,false,0xd44fc2e99aac885dea4ead0c430d4007a8402d72289374514bab93fd60788724,1062,207628,1789654174183,1789654176042,1859,
634,0xdF3e18d64BC6A983f673Ab319CCaE4f1a57C7097,0xcd3B766CCDd6AE721141F452C550Ca635964ce71,true,true,false,0xeaa91ec173d125c34f477b0391d6b8a5f532602481473e2581916a52f352c0e1,1062,207628,1789654174183,1789654176042,1859,
635,0xcd3B766CCDd6AE721141F452C550Ca635964ce71,0x2546BcD3c84621e976D8185a91A922aE77ECEc30,true,true,false,0xfe23b2771b535d570093cfb1da2ab089b8e55cf6a535ba97eb2a2a1991d507d3,1062,207628,1789654174184,1789654176043,1859,
636,0x2546BcD3c84621e976D8185a91A922aE77ECEc30,0xbDA5747bFD65F08deb54cb465eB87D40e51B197E,true,true,false,0x7d7c10d56a55920c573900c2f4d7ab54052232c7538bfa1aad22fed8683e0f11,1062,207616,1789654174184,1789654176043,1859,
637,0xbDA5747bFD65F08deb54cb465eB87D40e51B197E,0xdD2FD4581271e230360230F9337D5c0430Bf44C0,true,true,false,0x83e8871399cb41fcb7d45e02053eb0370c7777a3f75e7980b4c93d8b5d8e6403,1062,207628,1789654174185,1789654176043,1858,
638,0xdD2FD4581271e230360230F9337D5c0430Bf44C0,0x8626f6940E2eb28930eFb4CeF49B2d1F2C9C1199,true,true,false,0x6995c63bc58c3cb3ae46cc4582b60d06c220bd9818f7432fbaa896dbc2e8f19f,1062,207628,1789654174185,1789654176043,1858,
639,0x8626f6940E2eb28930eFb4CeF49B2d1F2C9C1199,0x09DB0a93B389bEF724429898f539AEB7ac2Dd55f,true,true,false,0xd253268082d4539490a7fd27588bdcc025a783a72da6aa1add7a816ae8e8cd56,1062,207628,1789654174185,1789654176043,1858,
640,0x09DB0a93B389bEF724429898f539AEB7ac2Dd55f,0x70997970C51812dc3A010C7d01b50e0d17dc79C8,true,true,false,0x358e105d9254d79cc842bb2ad83afab25dc52ed307b17c0318522968a4f9ee7a,1062,207628,1789654174186,1789654176043,1857,
641,0x70997970C51812dc3A010C7d01b50e0d17dc79C8,0x3C44CdDdB6a900fa2b585dd299e03d12FA4293BC,true,true,false,0xa2ac2a56334b245d42f03ec7beb09cb3b77d9a1687b1d1420770bc42bb2a62a5,1062,207604,1789654174186,1789654176043,1857,
642,0x3C44CdDdB6a900fa2b585dd299e03d12FA4293BC,0x90F79bf6EB2c4f870365E785982E1f101E93b906,true,true,false,0x3cc82039216a94401a4881dd9e17616cac6595bff5b00fb14c7dfb6b865693aa,1062,207616,1789654174187,1789654176044,1857,
643,0x90F79bf6EB2c4f870365E785982E1f101E93b906,0x15d34AAf54267DB7D7c367839AAf71A00a2C6A65,true,true,false,0x9fd0b1576b36808648b833e3b16d112b5336746e0de10bd8df5cae202edacdf0,1062,207616,1789654174193,1789654176044,1851,
646,0x976EA74026E726554dB657fA54763abd0C3a0aa9,0x14dC79964da2C08b23698B3D3cc7Ca32193d9955,true,true,false,0xb2e8db067d7faae37403958c1e05b3716037e83df0a915c8ff0c7b26dc2bf7d3,1062,207628,1789654174193,1789654176044,1851,
647,0x14dC79964da2C08b23698B3D3cc7Ca32193d9955,0x23618e81E3f5cdF7f54C3d65f7FBc0aBf5B21E8f,true,true,false,0xe8533af7f7bd003a6f71915f0460130f896fe465efbb355ed3226daf335fb507,1062,207628,1789654174194,1789654176044,1850,
648,0x23618e81E3f5cdF7f54C3d65f7FBc0aBf5B21E8f,0xa0Ee7A142d267C1f36714E4a8F75612F20a79720,true,true,false,0xb647084bfa8dffbc92379d6ea0d19f664ac5fe3cb7732dfd3efa6ad6a598be71,1062,207628,1789654174194,1789654176044,1850,
649,0xa0Ee7A142d267C1f36714E4a8F75612F20a79720,0xBcd4042DE499D14e55001CcbB24a551F3b954096,true,true,false,0x3f9d86d8b1f6e4b7d6c194cb3d85ea3727f56f36f6ebcedd77cf4da815de0238,1062,207616,1789654174194,1789654176044,1850,
650,0xBcd4042DE499D14e55001CcbB24a551F3b954096,0x71bE63f3384f5fb98995898A86B02Fb2426c5788,true,true,false,0x83faff4af493f6f3587c158c63f88bcd8f574c354b679c8e2999b927fd2e4c05,1062,207604,1789654174195,1789654176045,1850,
651,0x71bE63f3384f5fb98995898A86B02Fb2426c5788,0xFABB0ac9d68B0B445fB7357272Ff202C5651694a,true,true,false,0x42449c71e81475d4a1e8de26e4cf5d5ea8f742c8884ea242976befdd2eb71022,1062,207628,1789654174195,1789654176045,1850,
652,0xFABB0ac9d68B0B445fB7357272Ff202C5651694a,0x1CBd3b2770909D4e10f157cABC84C7264073C9Ec,true,true,false,0xf4464eb1d88f69b7fe4cd5e5338846c8a5fdd6c0a1afc66e355d64e5348efc43,1062,207628,1789654174195,1789654176045,1850,
653,0x1CBd3b2770909D4e10f157cABC84C7264073C9Ec,0xdF3e18d64BC6A983f673Ab319CCaE4f1a57C7097,true,true,false,0x8b92af500f1568539733316d19a0ed9faa45152c183fbe0a16d31f7c61a2d895,1062,207628,1789654174196,1789654176045,1849,
654,0xdF3e18d64BC6A983f673Ab319CCaE4f1a57C7097,0xcd3B766CCDd6AE721141F452C550Ca635964ce71,true,true,false,0x219d6bed13ffd7bcb690d6845d56c4f0ec0c1b954fd914a0cb49ec8a3cf4a356,1062,207628,1789654174197,1789654176045,1848,
655,0xcd3B766CCDd6AE721141F452C550Ca635964ce71,0x2546BcD3c84621e976D8185a91A922aE77ECEc30,true,true,false,0xda73f8b9cf66a93025a98838bb57a014b837aaf638dcdf682954e0b5f8529947,1062,207616,1789654174198,1789654176045,1847,
656,0x2546BcD3c84621e976D8185a91A922aE77ECEc30,0xbDA5747bFD65F08deb54cb465eB87D40e51B197E,true,true,false,0xd7c3b8d0da0728331c0b53aaed9811f828ea51d7170cd54e8a368154cd581f77,1062,207628,1789654174198,1789654176046,1848,
657,0xbDA5747bFD65F08deb54cb465eB87D40e51B197E,0xdD2FD4581271e230360230F9337D5c0430Bf44C0,true,true,false,0x4f7e2a057404d98dd2d72c749241093c7a1979f4aec8c213c6b2b2749b7c344b,1062,207628,1789654174199,1789654176046,1847,
658,0xdD2FD4581271e230360230F9337D5c0430Bf44C0,0x8626f6940E2eb28930eFb4CeF49B2d1F2C9C1199,true,true,false,0xbd70b71288088501e052b44164cad09014e3c945e60619e1f8af2a32289775a1,1062,207616,1789654174199,1789654176046,1847,
659,0x8626f6940E2eb28930eFb4CeF49B2d1F2C9C1199,0x09DB0a93B389bEF724429898f539AEB7ac2Dd55f,true,true,false,0x04cdf12f0df7a20577de10357f744d7372b302a836daf79cc7276f12661151d6,1062,207628,1789654174199,1789654176046,1847,
660,0x09DB0a93B389bEF724429898f539AEB7ac2Dd55f,0x70997970C51812dc3A010C7d01b50e0d17dc79C8,true,true,false,0x49346d4129e8b159736a5da9e6ec89d8a0066b970d6b6d36134cc0f24b89b618,1062,207628,1789654174200,1789654176046,1846,
1227,0x14dC79964da2C08b23698B3D3cc7Ca32193d9955,0x23618e81E3f5cdF7f54C3d65f7FBc0aBf5B21E8f,true,true,false,0x4f85c97c06e568f77e6924cdc92fedeeda5e8999f19efa3909f541df815a22e4,1063,207628,1789654176174,1789654178022,1848,
1228,0x23618e81E3f5cdF7f54C3d65f7FBc0aBf5B21E8f,0xa0Ee7A142d267C1f36714E4a8F75612F20a79720,true,true,false,0x64d4e0343d6546df19ab58bd3529b8b41750f8ac1690cbe3a1a5dbacff130eae,1063,207628,1789654176174,1789654178022,1848,
1226,0x976EA74026E726554dB657fA54763abd0C3a0aa9,0x14dC79964da2C08b23698B3D3cc7Ca32193d9955,true,true,false,0x9bdd2c83f9a4726f1d02d837db505e0204d6e7303737182f8fecfda1653ed452,1063,207604,1789654176175,1789654178022,1847,
1224,0x15d34AAf54267DB7D7c367839AAf71A00a2C6A65,0x9965507D1a55bcC2695C58ba16FB37d819B0A4dc,true,true,false,0x9ee727927449214fe47ad628fc6d547d80c50cb865ac9899ead73540d6aac8c2,1063,207628,1789654176175,1789654178022,1847,
1221,0x70997970C51812dc3A010C7d01b50e0d17dc79C8,0x3C44CdDdB6a900fa2b585dd299e03d12FA4293BC,true,true,false,0xba3264c8c07555adcd8970097f4dc7bd521e0760e5cfd49a2ca995e074a3f580,1063,207616,1789654176176,1789654178023,1847,
1222,0x3C44CdDdB6a900fa2b585dd299e03d12FA4293BC,0x90F79bf6EB2c4f870365E785982E1f101E93b906,true,true,false,0xf87bb86ff5eafb3eb3b81cb0d49f94f60ed6352693f1bb2c334d14e99d0104e9,1063,207616,1789654176176,1789654178023,1847,
1220,0x09DB0a93B389bEF724429898f539AEB7ac2Dd55f,0x70997970C51812dc3A010C7d01b50e0d17dc79C8,true,true,false,0x71e628aa70602b087c63f6072d1c258f07020e83add39cb7bc1f7d4608d21864,1063,207628,1789654176177,1789654178023,1846,
1219,0x8626f6940E2eb28930eFb4CeF49B2d1F2C9C1199,0x09DB0a93B389bEF724429898f539AEB7ac2Dd55f,true,true,false,0x7541ee1e031f14d658e6c30496101429aa3c1e6cae01d0cc17873677bc91c7cb,1063,207628,1789654176178,1789654178045,1867,
1183,0x90F79bf6EB2c4f870365E785982E1f101E93b906,0x15d34AAf54267DB7D7c367839AAf71A00a2C6A65,true,true,false,0xb37df145f6648c987810229ac1f1f8930ad37a09d16f225adbcbec566454a3f6,1063,207616,1789654176178,1789654178048,1870,
1184,0x15d34AAf54267DB7D7c367839AAf71A00a2C6A65,0x9965507D1a55bcC2695C58ba16FB37d819B0A4dc,true,true,false,0x838ee6b423721f87a75aabbf6abbd1e4e9518766014c9ae73920da7f08d9b001,1063,207628,1789654176179,1789654178048,1869,
1167,0x14dC79964da2C08b23698B3D3cc7Ca32193d9955,0x23618e81E3f5cdF7f54C3d65f7FBc0aBf5B21E8f,true,true,false,0x148deac7af89449c4ceb61b3587f9eb46c9ae6eafe81795911d7726bb62dc97a,1063,207628,1789654176179,1789654178049,1870,
1230,0xBcd4042DE499D14e55001CcbB24a551F3b954096,0x71bE63f3384f5fb98995898A86B02Fb2426c5788,true,true,false,0x704612d5d4bed776329fa2bbf89ecdd134a2c520a026204e0e5f01605bccf1be,1063,207604,1789654176181,1789654178049,1868,
1231,0x71bE63f3384f5fb98995898A86B02Fb2426c5788,0xFABB0ac9d68B0B445fB7357272Ff202C5651694a,true,true,false,0x27dc80feb46f479436c015337510a256f4f177d6c23fb23d3618a6b671ac48b1,1063,207628,1789654176182,1789654178088,1906,
1148,0x23618e81E3f5cdF7f54C3d65f7FBc0aBf5B21E8f,0xa0Ee7A142d267C1f36714E4a8F75612F20a79720,true,true,false,0x5e3eb91419dc492e8b9d78a7511d809e21789c4d59edab3b2af5a9dddedd6df3,1063,207628,1789654176182,1789654178089,1907,
1143,0x90F79bf6EB2c4f870365E785982E1f101E93b906,0x15d34AAf54267DB7D7c367839AAf71A00a2C6A65,true,true,false,0xdd6564defc5fc3b8cbc29c16f807eca9d275b22418364f9ed60f9c19a3b3f9f1,1063,207628,1789654176183,1789654178089,1906,
1133,0x1CBd3b2770909D4e10f157cABC84C7264073C9Ec,0xdF3e18d64BC6A983f673Ab319CCaE4f1a57C7097,true,true,false,0x55026c340555a5ebdeed0be970915808d0701c479621a546624d5c0b95f983bd,1063,207628,1789654176184,1789654178089,1905,
1134,0xdF3e18d64BC6A983f673Ab319CCaE4f1a57C7097,0xcd3B766CCDd6AE721141F452C550Ca635964ce71,true,true,false,0x59669b7ec6d325ad3632952a09c36184dc2b90bb1b6f748c5d0701d851e91b6c,1063,207616,1789654176184,1789654178089,1905,
1125,0x9965507D1a55bcC2695C58ba16FB37d819B0A4dc,0x976EA74026E726554dB657fA54763abd0C3a0aa9,true,true,false,0xe7f55a2537ed9f8a3657d68b4a1129846d95325b13c731262ac7f23f140286b4,1063,207628,1789654176184,1789654178089,1905,
1114,0xdF3e18d64BC6A983f673Ab319CCaE4f1a57C7097,0xcd3B766CCDd6AE721141F452C550Ca635964ce71,true,true,false,0xf7d024e64a50013b5904240e0e1100fa8fa365313949b231a1b14ca5c5225ab1,1063,207628,1789654176185,1789654178089,1904,
1102,0x3C44CdDdB6a900fa2b585dd299e03d12FA4293BC,0x90F79bf6EB2c4f870365E785982E1f101E93b906,true,true,false,0x097f633e99179a7e0cf665a8248ac1a141fb11385c2a6bc1a361cd19fce79ac4,1063,207616,1789654176185,1789654178090,1905,
1103,0x90F79bf6EB2c4f870365E785982E1f101E93b906,0x15d34AAf54267DB7D7c367839AAf71A00a2C6A65,true,true,false,0x8d80dc2f2caa306ae50122eb2770a7c23c120c0857a4ea3a7123bdc3838b4a67,1063,207628,1789654176185,1789654178090,1905,
1097,0xbDA5747bFD65F08deb54cb465eB87D40e51B197E,0xdD2FD4581271e230360230F9337D5c0430Bf44C0,true,true,false,0x46229396644187562ac41ab4b151bad942fa022af29557495992076b78f994a0,1063,207628,1789654176186,1789654178090,1904,
1098,0xdD2FD4581271e230360230F9337D5c0430Bf44C0,0x8626f6940E2eb28930eFb4CeF49B2d1F2C9C1199,true,true,false,0x261f57bedaa1c6db43768698cd5d2646ed4fa10d2b992fcd0d1dd56df8018652,1063,207616,1789654176186,1789654178090,1904,
1093,0x1CBd3b2770909D4e10f157cABC84C7264073C9Ec,0xdF3e18d64BC6A983f673Ab319CCaE4f1a57C7097,true,true,false,0xa3d36c4aabab293f7f120db5d119239122bdb22a593a3052a2472938da2dc5cd,1063,207628,1789654176186,1789654178090,1904,
1094,0xdF3e18d64BC6A983f673Ab319CCaE4f1a57C7097,0xcd3B766CCDd6AE721141F452C550Ca635964ce71,true,true,false,0x2118d237a663f3d92ee9bb1fb08ce57162cbf24a5ee70e96715338262a5c7cd0,1063,207628,1789654176187,1789654178091,1904,
1085,0x9965507D1a55bcC2695C58ba16FB37d819B0A4dc,0x976EA74026E726554dB657fA54763abd0C3a0aa9,true,true,false,0xcc04b9a262c2b07290ed33841f2a9368e8fd8f6f17588ea2d7fda4e34011bc02,1063,207628,1789654176187,1789654178091,1904,
1084,0x15d34AAf54267DB7D7c367839AAf71A00a2C6A65,0x9965507D1a55bcC2695C58ba16FB37d819B0A4dc,true,true,false,0x853b9371cc520689bdeeea5627b126dba26329dfe4f00e5961ff061ef5d2fa3a,1063,207628,1789654176187,1789654178091,1904,
1076,0x2546BcD3c84621e976D8185a91A922aE77ECEc30,0xbDA5747bFD65F08deb54cb465eB87D40e51B197E,true,true,false,0x9d3c6d4ebecb09f99a83fb6abcdc97ac058306e3132dabf83486403be0ba7461,1063,207616,1789654176188,1789654178091,1903,
1073,0x1CBd3b2770909D4e10f157cABC84C7264073C9Ec,0xdF3e18d64BC6A983f673Ab319CCaE4f1a57C7097,true,true,false,0x0125fe6e37354fdc22375c766829b0804e74f8c49fdb8eafd2480afd7debe6b3,1063,207628,1789654176188,1789654178091,1903,
1068,0x23618e81E3f5cdF7f54C3d65f7FBc0aBf5B21E8f,0xa0Ee7A142d267C1f36714E4a8F75612F20a79720,true,true,false,0x0861e9e67f51d268a2f4417d51c24dd603cd329efd2c3c62855508495e9561e3,1063,207628,1789654176189,1789654178091,1902,
1063,0x90F79bf6EB2c4f870365E785982E1f101E93b906,0x15d34AAf54267DB7D7c367839AAf71A00a2C6A65,true,true,false,0x59d60a5179b9b340e83101fdc462aefde71dff7148ddda6bef27ab7c053a2ce7,1063,207628,1789654176189,1789654178092,1903,
661,0x70997970C51812dc3A010C7d01b50e0d17dc79C8,0x3C44CdDdB6a900fa2b585dd299e03d12FA4293BC,true,true,false,0x1fb3ed8885d642112015c817718ff115f353702fcb52d96f4da4dd5f9aa5fe4d,1063,207604,1789654176190,1789654178092,1902,
662,0x3C44CdDdB6a900fa2b585dd299e03d12FA4293BC,0x90F79bf6EB2c4f870365E785982E1f101E93b906,true,true,false,0x59a876d751873ce5fb7af46c3a4ca4c47b7b1740e39f8999d02e8cf791bc8bcf,1063,207616,1789654176190,1789654178092,1902,
665,0x9965507D1a55bcC2695C58ba16FB37d819B0A4dc,0x976EA74026E726554dB657fA54763abd0C3a0aa9,true,true,false,0x7b2548593bf3e71d50c84edc3d37630d1b161a8dd8ed291a70ace3afa3e5ab0e,1063,207628,1789654176190,1789654178092,1902,
666,0x976EA74026E726554dB657fA54763abd0C3a0aa9,0x14dC79964da2C08b23698B3D3cc7Ca32193d9955,true,true,false,0xa24fb31588883f084205121bb21ba178b95ba8a8f0e8db15feae88c30fc29772,1063,207628,1789654176191,1789654178092,1901,
667,0x14dC79964da2C08b23698B3D3cc7Ca32193d9955,0x23618e81E3f5cdF7f54C3d65f7FBc0aBf5B21E8f,true,true,false,0xf0c34efd6e949dd278233d892c99161a2c6409641245720e47a1ac10571a9542,1063,207628,1789654176191,1789654178092,1901,
668,0x23618e81E3f5cdF7f54C3d65f7FBc0aBf5B21E8f,0xa0Ee7A142d267C1f36714E4a8F75612F20a79720,true,true,false,0xc6f9e0b05c20300351b74c1b7ae4c6e0409668d378ea5274300941b9e1a18ae6,1063,207628,1789654176191,1789654178092,1901,
669,0xa0Ee7A142d267C1f36714E4a8F75612F20a79720,0xBcd4042DE499D14e55001CcbB24a551F3b954096,true,true,false,0x328963aababb2e3e1eb26728c0dde5243e0a5d242bc48b2fb8e7c1e6ef136ffc,1063,207616,1789654176192,1789654178093,1901,
670,0xBcd4042DE499D14e55001CcbB24a551F3b954096,0x71bE63f3384f5fb98995898A86B02Fb2426c5788,true,true,false,0xc08f4e2ef6a82574ef6c37380f12458bcd15a847931fff49f036738b89cc447c,1063,207616,1789654176192,1789654178093,1901,
671,0x71bE63f3384f5fb98995898A86B02Fb2426c5788,0xFABB0ac9d68B0B445fB7357272Ff202C5651694a,true,true,false,0xfd460c7ff1c0ca187fdeaa7cb15d708df4aa310436d0a8f15aa2321bd40f44b6,1063,207628,1789654176192,1789654178093,1901,
672,0xFABB0ac9d68B0B445fB7357272Ff202C5651694a,0x1CBd3b2770909D4e10f157cABC84C7264073C9Ec,true,true,false,0x65f663743b00f3ed4d796371f3b07045f61de0131f26d173f249e21544910b98,1063,207628,1789654176193,1789654178119,1926,
673,0x1CBd3b2770909D4e10f157cABC84C7264073C9Ec,0xdF3e18d64BC6A983f673Ab319CCaE4f1a57C7097,true,true,false,0x0b6b34aadf097f746594db21e61209bae52aacfb008af8736bf5a297630746ec,1063,207616,1789654176193,1789654178119,1926,
674,0xdF3e18d64BC6A983f673Ab319CCaE4f1a57C7097,0xcd3B766CCDd6AE721141F452C550Ca635964ce71,true,true,false,0x6a1c264c0f37f23bdbac6971a0095f615797db1e8300f77fc9e0d11a930ab4c0,1063,207628,1789654176193,1789654178120,1927,
675,0xcd3B766CCDd6AE721141F452C550Ca635964ce71,0x2546BcD3c84621e976D8185a91A922aE77ECEc30,true,true,false,0x0996388f3352493d4c8d73138ff5aaf71bd8a890be65ee5a7a16eb7b1aaf4e69,1063,207628,1789654176194,1789654178120,1926,
676,0x2546BcD3c84621e976D8185a91A922aE77ECEc30,0xbDA5747bFD65F08deb54cb465eB87D40e51B197E,true,true,false,0x46295701d68d44a805dde5ef3ef5206dccdd34b382942217ab2c21227cde2ab3,1063,207616,1789654176194,1789654178120,1926,
677,0xbDA5747bFD65F08deb54cb465eB87D40e51B197E,0xdD2FD4581271e230360230F9337D5c0430Bf44C0,true,true,false,0xd255905205cb3e55a00da849b8629324c79559adde135d509ac1e5d7711a1500,1063,207628,1789654176194,1789654178120,1926,
678,0xdD2FD4581271e230360230F9337D5c0430Bf44C0,0x8626f6940E2eb28930eFb4CeF49B2d1F2C9C1199,true,true,false,0x6fb02b3117a7b9108c379e35fd59e69d2620c0801e53e4902b612dd7311e8dad,1063,207616,1789654176194,1789654178120,1926,
679,0x8626f6940E2eb28930eFb4CeF49B2d1F2C9C1199,0x09DB0a93B389bEF724429898f539AEB7ac2Dd55f,true,true,false,0x4ad5523b06c15fbe5dbc7337d068ccbceb2144d2305f96baa1d654931b0bc641,1063,207628,1789654176195,1789654178120,1925,
680,0x09DB0a93B389bEF724429898f539AEB7ac2Dd55f,0x70997970C51812dc3A010C7d01b50e0d17dc79C8,true,true,false,0xfd3971caad11bd5ec0994b2fede199835b3f562ff8ad2b0fc8ee85fc907ff4f0,1063,207628,1789654176195,1789654178120,1925,
681,0x70997970C51812dc3A010C7d01b50e0d17dc79C8,0x3C44CdDdB6a900fa2b585dd299e03d12FA4293BC,true,true,false,0x74a2c0500e1617f07f87f2792ccfa44710343c39634d0e79892c96ff7301cfe4,1063,207604,1789654176196,1789654178121,1925,
682,0x3C44CdDdB6a900fa2b585dd299e03d12FA4293BC,0x90F79bf6EB2c4f870365E785982E1f101E93b906,true,true,false,0xfe3c2028071e83a5000d56045eef4da0938de165a3c946700b519eacb9a7f65a,1063,207604,1789654176197,1789654178121,1924,
683,0x90F79bf6EB2c4f870365E785982E1f101E93b906,0x15d34AAf54267DB7D7c367839AAf71A00a2C6A65,true,true,false,0x0e6028f5c6d340d8d7e2f5591752823e8edda305bd868a28135c32025d20fc2c,1063,207628,1789654176198,1789654178121,1923,
684,0x15d34AAf54267DB7D7c367839AAf71A00a2C6A65,0x9965507D1a55bcC2695C58ba16FB37d819B0A4dc,true,true,false,0x3c04bba5b3254ac2f57b9543c09690e1b2bea69efbb2460d5c3e7f52c4289bc2,1063,207628,1789654176199,1789654178121,1922,
687,0x14dC79964da2C08b23698B3D3cc7Ca32193d9955,0x23618e81E3f5cdF7f54C3d65f7FBc0aBf5B21E8f,true,true,false,0x02c3b76300806ca4cbd269ec274f9ab3096257e125c4f65802920ff1063153bd,1063,207628,1789654176200,1789654178121,1921,
688,0x23618e81E3f5cdF7f54C3d65f7FBc0aBf5B21E8f,0xa0Ee7A142d267C1f36714E4a8F75612F20a79720,true,true,false,0xf13b194d5cd892455fd0baf22f42a387abf0ab86d7441d115ef2457273379a0d,1063,207628,1789654176200,1789654178121,1921,
689,0xa0Ee7A142d267C1f36714E4a8F75612F20a79720,0xBcd4042DE499D14e55001CcbB24a551F3b954096,true,true,false,0x72284af6951ae0a0cd7c9453f27ff3c2d0293a732e6d358ff8c529abc91f1ef7,1063,207616,1789654176201,1789654178122,1921,
690,0xBcd4042DE499D14e55001CcbB24a551F3b954096,0x71bE63f3384f5fb98995898A86B02Fb2426c5788,true,true,false,0x91f4c0fe30ceac3c4b43cfdb9823782adcec1f31b01f4dc989d09ab68cb15acd,1063,207616,1789654176201,1789654178122,1921,
691,0x71bE63f3384f5fb98995898A86B02Fb2426c5788,0xFABB0ac9d68B0B445fB7357272Ff202C5651694a,true,true,false,0x18f0f299650a205efe00209ee7ba1191c95978635428c5276fd18045ebc3cc7d,1063,207616,1789654176202,1789654178122,1920,
692,0xFABB0ac9d68B0B445fB7357272Ff202C5651694a,0x1CBd3b2770909D4e10f157cABC84C7264073C9Ec,true,true,false,0x6e2e0888624b51ff5c10a7e85ad043a494c36da4d594bf1e3111781e65a05ce8,1063,207628,1789654176202,1789654178122,1920,
693,0x1CBd3b2770909D4e10f157cABC84C7264073C9Ec,0xdF3e18d64BC6A983f673Ab319CCaE4f1a57C7097,true,true,false,0xe95764bdb02d95806f9df7b3c507902ee7800607227b92d9f02b8702c0c89f93,1063,207616,1789654176203,1789654178122,1919,
694,0xdF3e18d64BC6A983f673Ab319CCaE4f1a57C7097,0xcd3B766CCDd6AE721141F452C550Ca635964ce71,true,true,false,0x07242bd0a7677486d50ec27e8dd33ef8370cbbb78db157f3819302b7d4d6cff5,1063,207628,1789654176204,1789654178122,1918,
695,0xcd3B766CCDd6AE721141F452C550Ca635964ce71,0x2546BcD3c84621e976D8185a91A922aE77ECEc30,true,true,false,0x90d1252d88647964d7e208ee6972d3f0376d4338b020be63bb1ef8812d52b75d,1063,207616,1789654176204,1789654178123,1919,
696,0x2546BcD3c84621e976D8185a91A922aE77ECEc30,0xbDA5747bFD65F08deb54cb465eB87D40e51B197E,true,true,false,0x1fbb43921bb16c30645bd24e1ed33c33dccc3d033e03fe821e454c29f18c0a40,1063,207628,1789654176205,1789654178128,1923,
697,0xbDA5747bFD65F08deb54cb465eB87D40e51B197E,0xdD2FD4581271e230360230F9337D5c0430Bf44C0,true,true,false,0x5d8b7a70b78ffb1136c9db5adfc4413d37acbf1735c94613abdd4893eb44225c,1063,207628,1789654176205,1789654178128,1923,
699,0x8626f6940E2eb28930eFb4CeF49B2d1F2C9C1199,0x09DB0a93B389bEF724429898f539AEB7ac2Dd55f,true,true,false,0x9944d80d0212ff89f27436bdee2aa9d1e5ded13c8cd7ca14d8dd478e74b4d4f2,1063,207628,1789654176206,1789654178128,1922,
700,0x09DB0a93B389bEF724429898f539AEB7ac2Dd55f,0x70997970C51812dc3A010C7d01b50e0d17dc79C8,true,true,false,0x64c811ca68422e0862f4649aca8fab9eecdb739c8e836e27daeaecbc37cb22bb,1063,207628,1789654176206,1789654178129,1923,
701,0x70997970C51812dc3A010C7d01b50e0d17dc79C8,0x3C44CdDdB6a900fa2b585dd299e03d12FA4293BC,true,true,false,0x2d13929d887716e24121b1ee562f8a005c3dc73f775c921006c0adf877776e7f,1063,207616,1789654176206,1789654178129,1923,
702,0x3C44CdDdB6a900fa2b585dd299e03d12FA4293BC,0x90F79bf6EB2c4f870365E785982E1f101E93b906,true,true,false,0xbd4175608580b6ec5f36f5cf7c2ccc612006ef90f8a953801aa13c4b85ce8e2f,1063,207616,1789654176207,1789654178129,1922,
705,0x9965507D1a55bcC2695C58ba16FB37d819B0A4dc,0x976EA74026E726554dB657fA54763abd0C3a0aa9,true,true,false,0x8af4609a2c9af55b808df94c09187f9c0ab1ec499dd0e58b79ff63e15594dbeb,1063,207628,1789654176207,1789654178129,1922,
706,0x976EA74026E726554dB657fA54763abd0C3a0aa9,0x14dC79964da2C08b23698B3D3cc7Ca32193d9955,true,true,false,0x47325bdd94afd555d69ec3cf9fca7c5d9b962c8ecb077a83861bb890c057a7a0,1063,207628,1789654176207,1789654178129,1922,
707,0x14dC79964da2C08b23698B3D3cc7Ca32193d9955,0x23618e81E3f5cdF7f54C3d65f7FBc0aBf5B21E8f,true,true,false,0x2fe55f2201e29d928d10c0e4b09d3e5ac1e865a801f3305604499e987edcbffd,1063,207628,1789654176208,1789654178155,1947,
708,0x23618e81E3f5cdF7f54C3d65f7FBc0aBf5B21E8f,0xa0Ee7A142d267C1f36714E4a8F75612F20a79720,true,true,false,0xd1790cb97b4889a0b87af7b6974ef19aca447c983729c222b0658164f08f35e2,1063,207628,1789654176208,1789654178155,1947,
709,0xa0Ee7A142d267C1f36714E4a8F75612F20a79720,0xBcd4042DE499D14e55001CcbB24a551F3b954096,true,true,false,0x2ca3cbf51ce4ac1dc961ba899700cc9dcc7a867d8e783f11f97da162c02296c5,1063,207604,1789654176208,1789654178155,1947,
1232,0xFABB0ac9d68B0B445fB7357272Ff202C5651694a,0x1CBd3b2770909D4e10f157cABC84C7264073C9Ec,true,true,false,0x6b4b3f718a776a8558c86f33d04fd67c5d2d0c704b051c34112cf9246f91ece4,1063,207628,1789654176226,1789654178156,1930,
1233,0x1CBd3b2770909D4e10f157cABC84C7264073C9Ec,0xdF3e18d64BC6A983f673Ab319CCaE4f1a57C7097,true,true,false,0x4d2e3b0df2b704e8a8dcc415b90ac349e8fde67ef582a46eb6f42dc71d350dd3,1063,207628,1789654176227,1789654178156,1929,
710,0xBcd4042DE499D14e55001CcbB24a551F3b954096,0x71bE63f3384f5fb98995898A86B02Fb2426c5788,true,true,false,0x04227481866e176eadd9c4f5ce4f034588cc6e1461cda70c4e48fce291919dbb,1063,207616,1789654176228,1789654178156,1928,
711,0x71bE63f3384f5fb98995898A86B02Fb2426c5788,0xFABB0ac9d68B0B445fB7357272Ff202C5651694a,true,true,false,0xa7669ca576d3d5ec314cdc7d34edf850d0e257a20d1501186837b5a9bbd858ab,1063,207628,1789654176228,1789654178156,1928,
718,0xdD2FD4581271e230360230F9337D5c0430Bf44C0,0x8626f6940E2eb28930eFb4CeF49B2d1F2C9C1199,true,true,false,0xdf50ce3db4e11bf1913dba9114234603415c93b34a3129610f87e42cd6d4d380,1063,207628,1789654176229,1789654178156,1927,
719,0x8626f6940E2eb28930eFb4CeF49B2d1F2C9C1199,0x09DB0a93B389bEF724429898f539AEB7ac2Dd55f,true,true,false,0x63735f8b827ad181e55ad08cfe4e532ec1d998bd12947c538709094ed7d23b76,1063,207628,1789654176230,1789654178156,1926,
720,0x09DB0a93B389bEF724429898f539AEB7ac2Dd55f,0x70997970C51812dc3A010C7d01b50e0d17dc79C8,true,true,false,0x4450b6f5dacfd9cafb0f4c4acd1d6544358104c6b086d7f90125964005308469,1063,207628,1789654176231,1789654178157,1926,
721,0x70997970C51812dc3A010C7d01b50e0d17dc79C8,0x3C44CdDdB6a900fa2b585dd299e03d12FA4293BC,true,true,false,0x0cff2b6e9c1eaba784821f845bb6ac5c30da804aa97bc309c4ef6b0aaac4fe47,1063,207616,1789654176232,1789654178157,1925,
722,0x3C44CdDdB6a900fa2b585dd299e03d12FA4293BC,0x90F79bf6EB2c4f870365E785982E1f101E93b906,true,true,false,0xdfd1033076d5b152b3f84e04f1c3cfbc559c1669d0a79e7ab9ae174a2b306826,1063,207616,1789654176233,1789654178009,1776,
723,0x90F79bf6EB2c4f870365E785982E1f101E93b906,0x15d34AAf54267DB7D7c367839AAf71A00a2C6A65,true,true,false,0x92f1a94cb9ef33aeebc7953f7e2c24b76ed0d0d8a14c21185f6a4b5d64d4b0d9,1063,207628,1789654176233,1789654178011,1778,
724,0x15d34AAf54267DB7D7c367839AAf71A00a2C6A65,0x9965507D1a55bcC2695C58ba16FB37d819B0A4dc,true,true,false,0x58b8020a4e4df7befd84a4d84144dc21693e00bc70d46da0b3c2187044ad0cf8,1063,207628,1789654176234,1789654178011,1777,
725,0x9965507D1a55bcC2695C58ba16FB37d819B0A4dc,0x976EA74026E726554dB657fA54763abd0C3a0aa9,true,true,false,0x4b501fc610afa6af33b88ba00e6fa5f8e4a6e9da4d4617c7206c642c8cd57b61,1063,207628,1789654176234,1789654178012,1778,
726,0x976EA74026E726554dB657fA54763abd0C3a0aa9,0x14dC79964da2C08b23698B3D3cc7Ca32193d9955,true,true,false,0xb5164dc6672cc4d7f1ee2d767ae45fc808b1ddbfac8040b40b95c7924de87463,1063,207616,1789654176235,1789654178012,1777,
727,0x14dC79964da2C08b23698B3D3cc7Ca32193d9955,0x23618e81E3f5cdF7f54C3d65f7FBc0aBf5B21E8f,true,true,false,0xb11275115985dea5cb49d679f12cfa58fe5f118bb0a7340a5fad5f62e3ee93e2,1063,207616,1789654176235,1789654178012,1777,
728,0x23618e81E3f5cdF7f54C3d65f7FBc0aBf5B21E8f,0xa0Ee7A142d267C1f36714E4a8F75612F20a79720,true,true,false,0xdd94cab9f02236962b4b64931b4353778818f4d777e1136ca0194b8435af7746,1063,207628,1789654176236,1789654178012,1776,
729,0xa0Ee7A142d267C1f36714E4a8F75612F20a79720,0xBcd4042DE499D14e55001CcbB24a551F3b954096,true,true,false,0x55d93ded446b4c1ee222c5dfc3800b4822357f1a1c99cd84883f94ab837bc070,1063,207616,1789654176236,1789654178012,1776,
730,0xBcd4042DE499D14e55001CcbB24a551F3b954096,0x71bE63f3384f5fb98995898A86B02Fb2426c5788,true,true,false,0x1673372f66b048327ddbf101546bb01f76de9bedd9d16cb32bdf751541be4801,1063,207616,1789654176236,1789654178013,1777,
731,0x71bE63f3384f5fb98995898A86B02Fb2426c5788,0xFABB0ac9d68B0B445fB7357272Ff202C5651694a,true,true,false,0x27a6a00892dd9cf41d0fa95f4f011e6a8ff56957a8c442cbbd7e952f4a8946a3,1063,207628,1789654176237,1789654178020,1783,
732,0xFABB0ac9d68B0B445fB7357272Ff202C5651694a,0x1CBd3b2770909D4e10f157cABC84C7264073C9Ec,true,true,false,0xf6cdfff6dc5a94d7ad61f471b802e0e15673df7e760d39f79a6ae85db3f68b42,1063,207616,1789654176237,1789654178020,1783,
733,0x1CBd3b2770909D4e10f157cABC84C7264073C9Ec,0xdF3e18d64BC6A983f673Ab319CCaE4f1a57C7097,true,true,false,0x77eb531861190f39145cd03e453f2b52cec266658440fb8cc27e2f1807471d2d,1063,207628,1789654176238,1789654178021,1783,
734,0xdF3e18d64BC6A983f673Ab319CCaE4f1a57C7097,0xcd3B766CCDd6AE721141F452C550Ca635964ce71,true,true,false,0xe0543739efb8c7f720a7110a06781fe3cde20d9c5c116275ab5ae2071e4921a6,1063,207628,1789654176238,1789654178021,1783,
735,0xcd3B766CCDd6AE721141F452C550Ca635964ce71,0x2546BcD3c84621e976D8185a91A922aE77ECEc30,true,true,false,0xd97800c40ac1728b92fd70c6342ec0991813bb1733be0580b8271a87744cd93d,1063,207628,1789654176239,1789654178021,1782,
736,0x2546BcD3c84621e976D8185a91A922aE77ECEc30,0xbDA5747bFD65F08deb54cb465eB87D40e51B197E,true,true,false,0xe75e8f99d4cf2754ce7bb1c403442b57250d94cc17c3011b57f5e9a6b2da5e2c,1063,207628,1789654176239,1789654178021,1782,
737,0xbDA5747bFD65F08deb54cb465eB87D40e51B197E,0xdD2FD4581271e230360230F9337D5c0430Bf44C0,true,true,false,0x1257ed30b3e8be30b0651e0cb501ea5778a1c3f3521d16de50661434f499b036,1063,207628,1789654176240,1789654178021,1781,
738,0xdD2FD4581271e230360230F9337D5c0430Bf44C0,0x8626f6940E2eb28930eFb4CeF49B2d1F2C9C1199,true,true,false,0x597847e747c6eed398d3b99ec6ff31e2bd66631278deb2b1c38b09b75fcb5938,1063,207628,1789654176240,1789654178021,1781,
739,0x8626f6940E2eb28930eFb4CeF49B2d1F2C9C1199,0x09DB0a93B389bEF724429898f539AEB7ac2Dd55f,true,true,false,0x5de6a1c0c80b8c7aedc7a086b08270c5ec42bafba839ac5759d0da7b3822a494,1063,207628,1789654176240,1789654178022,1782,
740,0x09DB0a93B389bEF724429898f539AEB7ac2Dd55f,0x70997970C51812dc3A010C7d01b50e0d17dc79C8,true,true,false,0xc8ab994f04ea2cea1ffb804043a3d1bfdf779529b328b6154c7d26d64a9d55ea,1063,207628,1789654176241,1789654178022,1781,
1393,0x1CBd3b2770909D4e10f157cABC84C7264073C9Ec,0xdF3e18d64BC6A983f673Ab319CCaE4f1a57C7097,true,true,false,0xf4e51a6405ed5c2a8e9bf1f4f757b64dcf09559d85ac4d906f40a2ac1f376f1c,1064,207628,1789654178049,1789654180065,2016,
1394,0xdF3e18d64BC6A983f673Ab319CCaE4f1a57C7097,0xcd3B766CCDd6AE721141F452C550Ca635964ce71,true,true,false,0xf6104de7fa3e16d17063a3d442a35ccc7dc29a7b08ff94e926634f97a5075f32,1064,207616,1789654178050,1789654180120,2070,
1384,0x15d34AAf54267DB7D7c367839AAf71A00a2C6A65,0x9965507D1a55bcC2695C58ba16FB37d819B0A4dc,true,true,false,0x52d684eee748200e7fba92d134b9b654556221c5d98853d0b4511ef42278a4cc,1064,207628,1789654178050,1789654180121,2071,
1385,0x9965507D1a55bcC2695C58ba16FB37d819B0A4dc,0x976EA74026E726554dB657fA54763abd0C3a0aa9,true,true,false,0x09421e1a46a34981b1cb1acf6ab05e29d0f7455a22bbbcfb6f633cddb6737ece,1064,207616,1789654178050,1789654180121,2071,
1370,0xBcd4042DE499D14e55001CcbB24a551F3b954096,0x71bE63f3384f5fb98995898A86B02Fb2426c5788,true,true,false,0xa8b01355b6ab6dc07530bc8e46e15b125b4f6d8c659a5071fddb3dbdf96a5f89,1064,207604,1789654178051,1789654180121,2070,
1363,0x90F79bf6EB2c4f870365E785982E1f101E93b906,0x15d34AAf54267DB7D7c367839AAf71A00a2C6A65,true,true,false,0xd594a5fa2e18e0616c42fca0aae9da217fe7253126af0b2cccfa532714e31dad,1064,207628,1789654178051,1789654180121,2070,
1364,0x15d34AAf54267DB7D7c367839AAf71A00a2C6A65,0x9965507D1a55bcC2695C58ba16FB37d819B0A4dc,true,true,false,0x9455894bb089efac5c57ca19ab423c9fc2e07fb09f6f08a9635e786a5bb4d143,1064,207628,1789654178051,1789654180121,2070,
1362,0x3C44CdDdB6a900fa2b585dd299e03d12FA4293BC,0x90F79bf6EB2c4f870365E785982E1f101E93b906,true,true,false,0x3481024df2063aa0ed86b0aa5566b3fd92fd37728686ae56e102a85a1e907458,1064,207616,1789654178051,1789654180121,2070,
1341,0x70997970C51812dc3A010C7d01b50e0d17dc79C8,0x3C44CdDdB6a900fa2b585dd299e03d12FA4293BC,true,true,false,0xab32dfe8e0eae3788225b00b8e7ebbcaa686fdab18c84202005f59f8f0fc0962,1064,207616,1789654178052,1789654180122,2070,
1342,0x3C44CdDdB6a900fa2b585dd299e03d12FA4293BC,0x90F79bf6EB2c4f870365E785982E1f101E93b906,true,true,false,0xa64c0bb9b2bf7a480b9592fab03b8ffee90f55ac79f374dbdd150bc4adcfc73b,1064,207616,1789654178058,1789654180122,2064,
1340,0x09DB0a93B389bEF724429898f539AEB7ac2Dd55f,0x70997970C51812dc3A010C7d01b50e0d17dc79C8,true,true,false,0xf092cc00c8ce1660a39bafb421bf593092c8a28315f8c842389a8aa96d8cb674,1064,207628,1789654178059,1789654180122,2063,
1323,0x90F79bf6EB2c4f870365E785982E1f101E93b906,0x15d34AAf54267DB7D7c367839AAf71A00a2C6A65,true,true,false,0x4d08039f39a7add593d02736d98b3611ad7e82be70ea6f93a345a2d9dce6719e,1064,207628,1789654178059,1789654180122,2063,
1309,0xa0Ee7A142d267C1f36714E4a8F75612F20a79720,0xBcd4042DE499D14e55001CcbB24a551F3b954096,true,true,false,0x702e0fb07a26c901042c79793514fc350b61a8c8f1ca40f6c4bd401bd676eb8e,1064,207616,1789654178059,1789654180122,2063,
1310,0xBcd4042DE499D14e55001CcbB24a551F3b954096,0x71bE63f3384f5fb98995898A86B02Fb2426c5788,true,true,false,0x293d5df498e84f2c9362ab55f028f1677c1b3520b383868e6c151b97b4434d6b,1064,207604,1789654178060,1789654180122,2062,
1300,0x09DB0a93B389bEF724429898f539AEB7ac2Dd55f,0x70997970C51812dc3A010C7d01b50e0d17dc79C8,true,true,false,0xbb1cacca600d7ae7f7a19a27c86a1463e979265164278a2fb36ff59750757841,1064,207616,1789654178060,1789654180123,2063,
1301,0x70997970C51812dc3A010C7d01b50e0d17dc79C8,0x3C44CdDdB6a900fa2b585dd299e03d12FA4293BC,true,true,false,0xee71b886fb20f4b074de572d19943f5dcfb036141c7f6669964a67033ecc0192,1064,207616,1789654178060,1789654180123,2063,
1267,0x14dC79964da2C08b23698B3D3cc7Ca32193d9955,0x23618e81E3f5cdF7f54C3d65f7FBc0aBf5B21E8f,true,true,false,0x02f81744db5edb8250b80e6d6ec83c0bd9e5005ecd0e1a0a099b49d91a6558a2,1064,207628,1789654178061,1789654180123,2062,
1268,0x23618e81E3f5cdF7f54C3d65f7FBc0aBf5B21E8f,0xa0Ee7A142d267C1f36714E4a8F75612F20a79720,true,true,false,0xcdf7a2f32cb7c51f4a59a195f1b5610110201609979f3a7ec2416540141530ba,1064,207628,1789654178061,1789654180123,2062,
1254,0xdF3e18d64BC6A983f673Ab319CCaE4f1a57C7097,0xcd3B766CCDd6AE721141F452C550Ca635964ce71,true,true,false,0xaf9d216ba5fb05b9dd440cf38aa41645c6038838dc12a57d43a5400fb8b68d46,1064,207616,1789654178061,1789654180123,2062,
1241,0x70997970C51812dc3A010C7d01b50e0d17dc79C8,0x3C44CdDdB6a900fa2b585dd299e03d12FA4293BC,true,true,false,0x86765d1d480f7280d6a2da74ee18e8d1e25f0c65e148b0939c2e916f35279406,1064,207616,1789654178065,1789654180123,2058,
1242,0x3C44CdDdB6a900fa2b585dd299e03d12FA4293BC,0x90F79bf6EB2c4f870365E785982E1f101E93b906,true,true,false,0x473ea7fbdd54fea1caf9e1f64e421a4ada475eb7db55866a8dda0155a265379d,1064,207616,1789654178066,1789654180124,2058,
1234,0xdF3e18d64BC6A983f673Ab319CCaE4f1a57C7097,0xcd3B766CCDd6AE721141F452C550Ca635964ce71,true,true,false,0x67cd461630d1eb6ff99aefbc6102f0eb28d906de1cc39baadeebe78f4dfc5071,1064,207628,1789654178066,1789654180124,2058,
1235,0xcd3B766CCDd6AE721141F452C550Ca635964ce71,0x2546BcD3c84621e976D8185a91A922aE77ECEc30,true,true,false,0x86a098d3802f4478241ae7590ae324cc3b2ca4e4132b13675f0d8257729ae988,1064,207628,1789654178067,1789654180124,2057,
741,0x70997970C51812dc3A010C7d01b50e0d17dc79C8,0x3C44CdDdB6a900fa2b585dd299e03d12FA4293BC,true,true,false,0x45c3af22fb460831f826bb5f1e4030a4164521354008073ee5026ff3c5aedfda,1064,207616,1789654178067,1789654180124,2057,
743,0x90F79bf6EB2c4f870365E785982E1f101E93b906,0x15d34AAf54267DB7D7c367839AAf71A00a2C6A65,true,true,false,0x624d4e4282074d50c980ea263efce70c996700c559c56c45df4343bc997b36aa,1064,207628,1789654178067,1789654180124,2057,
744,0x15d34AAf54267DB7D7c367839AAf71A00a2C6A65,0x9965507D1a55bcC2695C58ba16FB37d819B0A4dc,true,true,false,0x619a26bde192339b04078267578b7a4cc596f693b42aa132d64f4d23aea37f50,1064,207628,1789654178068,1789654180124,2056,
745,0x9965507D1a55bcC2695C58ba16FB37d819B0A4dc,0x976EA74026E726554dB657fA54763abd0C3a0aa9,true,true,false,0xabd95b29a5448273f64136f32f856e26ccd990da9c3f7e81a87aa7d9e91f29c2,1064,207628,1789654178069,1789654180125,2056,
746,0x976EA74026E726554dB657fA54763abd0C3a0aa9,0x14dC79964da2C08b23698B3D3cc7Ca32193d9955,true,true,false,0xb99adff923570511d5fcf0466cc1373cdd3f8e1ad9116b53357446bccd35e756,1064,207628,1789654178070,1789654180125,2055,
747,0x14dC79964da2C08b23698B3D3cc7Ca32193d9955,0x23618e81E3f5cdF7f54C3d65f7FBc0aBf5B21E8f,true,true,false,0x43607c0d54286b6cd92f38a54c36407ea4780d484d12273c4de1edf29da55c5c,1064,207628,1789654178070,1789654180125,2055,
748,0x23618e81E3f5cdF7f54C3d65f7FBc0aBf5B21E8f,0xa0Ee7A142d267C1f36714E4a8F75612F20a79720,true,true,false,0x9a3d5c95213ebd169d506ca1bcd5dbe40a8eb1a6e422525232ddcfef36800a44,1064,207628,1789654178071,1789654180125,2054,
749,0xa0Ee7A142d267C1f36714E4a8F75612F20a79720,0xBcd4042DE499D14e55001CcbB24a551F3b954096,true,true,false,0x3ecf66870ca95c9599efbae066a310fe86a2d2534fb4f1e9890d4e94ff9dc7d8,1064,207604,1789654178071,1789654180125,2054,
750,0xBcd4042DE499D14e55001CcbB24a551F3b954096,0x71bE63f3384f5fb98995898A86B02Fb2426c5788,true,true,false,0x4376a1205ccb21908fd01c8c4935143c23fed932cf2e8b96b22861c4003fa858,1064,207616,1789654178185,1789654180040,1855,
751,0x71bE63f3384f5fb98995898A86B02Fb2426c5788,0xFABB0ac9d68B0B445fB7357272Ff202C5651694a,true,true,false,0xa962a19ee1a81dc956ab7db4026445ad5638553049413ce69c3143e7c53bf26e,1064,207628,1789654178186,1789654180042,1856,
752,0xFABB0ac9d68B0B445fB7357272Ff202C5651694a,0x1CBd3b2770909D4e10f157cABC84C7264073C9Ec,true,true,false,0xda7789be3e3b8d93685ee790d99e2743c2c70522a213bbec6335bf3788f58c70,1064,207628,1789654178186,1789654180042,1856,
753,0x1CBd3b2770909D4e10f157cABC84C7264073C9Ec,0xdF3e18d64BC6A983f673Ab319CCaE4f1a57C7097,true,true,false,0x12f2fd0694944c8b3ae9a7d2d3a61535373be43a8b5fa196682cb9fd8abe964e,1064,207628,1789654178186,1789654180043,1857,
754,0xdF3e18d64BC6A983f673Ab319CCaE4f1a57C7097,0xcd3B766CCDd6AE721141F452C550Ca635964ce71,true,true,false,0x0033eb77825e1bb7d9e95d630640071be5449369222a91073412ed9f9962957f,1064,207616,1789654178187,1789654180043,1856,
755,0xcd3B766CCDd6AE721141F452C550Ca635964ce71,0x2546BcD3c84621e976D8185a91A922aE77ECEc30,true,true,false,0x45a8936f8167a8f18492fb777a344da5266b418a51c17a15e65e2b3a948f90dc,1064,207628,1789654178187,1789654180043,1856,
756,0x2546BcD3c84621e976D8185a91A922aE77ECEc30,0xbDA5747bFD65F08deb54cb465eB87D40e51B197E,true,true,false,0xce68c847a4f283fad0fe3421732f11737bd88f98bfc4889348bbcc290d429968,1064,207628,1789654178187,1789654180043,1856,
757,0xbDA5747bFD65F08deb54cb465eB87D40e51B197E,0xdD2FD4581271e230360230F9337D5c0430Bf44C0,true,true,false,0x67172a2fc1f12ddb70ea5382f771ae9e5666591e0cb1c0827cce74aeb0db1b3d,1064,207616,1789654178188,1789654180044,1856,
758,0xdD2FD4581271e230360230F9337D5c0430Bf44C0,0x8626f6940E2eb28930eFb4CeF49B2d1F2C9C1199,true,true,false,0xbf9464495e110855f638e87d276679d1306e867096eb5e8c14d44b79c84b611c,1064,207616,1789654178188,1789654180044,1856,
759,0x8626f6940E2eb28930eFb4CeF49B2d1F2C9C1199,0x09DB0a93B389bEF724429898f539AEB7ac2Dd55f,true,true,false,0x7e08af526bc4d0a1bcadc5ad082324fe0b6856f44051eaf4a7426195213cc982,1064,207616,1789654178188,1789654180044,1856,
760,0x09DB0a93B389bEF724429898f539AEB7ac2Dd55f,0x70997970C51812dc3A010C7d01b50e0d17dc79C8,true,true,false,0xc53d59390bf8b7fbc29d024ebd345e3d0cc4f865e6926e7f4252d9fafebdc0b9,1064,207628,1789654178189,1789654180044,1855,
761,0x70997970C51812dc3A010C7d01b50e0d17dc79C8,0x3C44CdDdB6a900fa2b585dd299e03d12FA4293BC,true,true,false,0x4aaee9572a7140bd8d3afd8ba41dffbcb96619a958cbe6335c173a35899a39f3,1064,207616,1789654178189,1789654180045,1856,
762,0x3C44CdDdB6a900fa2b585dd299e03d12FA4293BC,0x90F79bf6EB2c4f870365E785982E1f101E93b906,true,true,false,0x6b133a7c0fcc56ae4d1bdb71ebfba84b18eb814028a92e9eec702a75c41ecaa6,1064,207616,1789654178189,1789654180056,1867,
764,0x15d34AAf54267DB7D7c367839AAf71A00a2C6A65,0x9965507D1a55bcC2695C58ba16FB37d819B0A4dc,true,true,false,0xb8077e7175a89710a17f97ec30d89c594029b366f20b96ed2405310e730188f3,1064,207628,1789654178189,1789654180056,1867,
765,0x9965507D1a55bcC2695C58ba16FB37d819B0A4dc,0x976EA74026E726554dB657fA54763abd0C3a0aa9,true,true,false,0x8faf3ae85555b8843bf4c921c486d6081aeb3c5dc0bef32fbcd28b4afe55fab7,1064,207616,1789654178190,1789654180056,1866,
766,0x976EA74026E726554dB657fA54763abd0C3a0aa9,0x14dC79964da2C08b23698B3D3cc7Ca32193d9955,true,true,false,0x5b00377d94f67fa3a335e6a5aafdbf0805b41251310b85036274864e4664ac57,1064,207628,1789654178190,1789654180056,1866,
767,0x14dC79964da2C08b23698B3D3cc7Ca32193d9955,0x23618e81E3f5cdF7f54C3d65f7FBc0aBf5B21E8f,true,true,false,0x49bdd5cec5d9dde266db37d47fe777687eba0679f4909c7a20e38cef02a8b05c,1064,207616,1789654178190,1789654180056,1866,
768,0x23618e81E3f5cdF7f54C3d65f7FBc0aBf5B21E8f,0xa0Ee7A142d267C1f36714E4a8F75612F20a79720,true,true,false,0x2de8171b78eac30107b1fb7f6ef0863b32d02e1849d1c16c1492ecf505a88669,1064,207628,1789654178191,1789654180056,1865,
769,0xa0Ee7A142d267C1f36714E4a8F75612F20a79720,0xBcd4042DE499D14e55001CcbB24a551F3b954096,true,true,false,0xcf6ef6abb94ff9dea8b12dfbb543d55ba2c961965558256b5253f01be5c399c3,1064,207616,1789654178191,1789654180057,1866,
770,0xBcd4042DE499D14e55001CcbB24a551F3b954096,0x71bE63f3384f5fb98995898A86B02Fb2426c5788,true,true,false,0x3e1408856ebdf8b003436a0ee6f5814f34964cb2712b5e17cba9d135e15e74cf,1064,207604,1789654178192,1789654180057,1865,
771,0x71bE63f3384f5fb98995898A86B02Fb2426c5788,0xFABB0ac9d68B0B445fB7357272Ff202C5651694a,true,true,false,0xa9d16cc81637dc4e22c7907b1e2e83b7150c9f90ba02553fae25584db6380a8a,1064,207628,1789654178192,1789654180057,1865,
772,0xFABB0ac9d68B0B445fB7357272Ff202C5651694a,0x1CBd3b2770909D4e10f157cABC84C7264073C9Ec,true,true,false,0xc59e8a28957579d57e79651196889375cce14d41c85679c0cfb47c31ed8350fe,1064,207628,1789654178192,1789654180057,1865,
773,0x1CBd3b2770909D4e10f157cABC84C7264073C9Ec,0xdF3e18d64BC6A983f673Ab319CCaE4f1a57C7097,true,true,false,0xbbb6e731f2e909d4a09e36915b373208e71c3dff3fe4bf301970f5b9ce812448,1064,207628,1789654178193,1789654180057,1864,
774,0xdF3e18d64BC6A983f673Ab319CCaE4f1a57C7097,0xcd3B766CCDd6AE721141F452C550Ca635964ce71,true,true,false,0x1869f26ad27c711cfecee59cbee1664fb7c6e32cb76a8416479157e823bc51de,1064,207616,1789654178193,1789654180057,1864,
775,0xcd3B766CCDd6AE721141F452C550Ca635964ce71,0x2546BcD3c84621e976D8185a91A922aE77ECEc30,true,true,false,0x35ed2ab37d6065fa8258305293aa8dddeb10f94d50bc73eac12dfa65078cf396,1064,207628,1789654178194,1789654180057,1863,
776,0x2546BcD3c84621e976D8185a91A922aE77ECEc30,0xbDA5747bFD65F08deb54cb465eB87D40e51B197E,true,true,false,0x410d96be14a161c356877e4d0d46108956c5fd8d76066d50150f0b4521047171,1064,207628,1789654178194,1789654180058,1864,
777,0xbDA5747bFD65F08deb54cb465eB87D40e51B197E,0xdD2FD4581271e230360230F9337D5c0430Bf44C0,true,true,false,0x92bac192ee9dd62ca5919a197c928f088ed46e8108a102281fe3cc90358b854b,1064,207616,1789654178195,1789654180058,1863,
778,0xdD2FD4581271e230360230F9337D5c0430Bf44C0,0x8626f6940E2eb28930eFb4CeF49B2d1F2C9C1199,true,true,false,0x150b8000e33af24217b9dadf9dfb535f3f0497fb66d46f4b00b3a74778ad0971,1064,207628,1789654178195,1789654180058,1863,
779,0x8626f6940E2eb28930eFb4CeF49B2d1F2C9C1199,0x09DB0a93B389bEF724429898f539AEB7ac2Dd55f,true,true,false,0xe5f1561f284b9214bd8371cf7ea07a64fd4d4f9db4770dfdfb4a89fac69568e6,1064,207628,1789654178212,1789654180058,1846,
780,0x09DB0a93B389bEF724429898f539AEB7ac2Dd55f,0x70997970C51812dc3A010C7d01b50e0d17dc79C8,true,true,false,0x12494beff6fe848b449eb034591a2c01ebf9ca01fe5f25cd4c5864bd4f0f0bcf,1064,207628,1789654178213,1789654180058,1845,
781,0x70997970C51812dc3A010C7d01b50e0d17dc79C8,0x3C44CdDdB6a900fa2b585dd299e03d12FA4293BC,true,true,false,0xe648f91d40152554d10868a337427ed2f1e9e4c9c80b80781778ec8bd0d0beb5,1064,207616,1789654178214,1789654180058,1844,
782,0x3C44CdDdB6a900fa2b585dd299e03d12FA4293BC,0x90F79bf6EB2c4f870365E785982E1f101E93b906,true,true,false,0x0d67f72e250e810afb47dd63024e41ea316e6993359030f8d2bc7293f749294f,1064,207616,1789654178215,1789654180059,1844,
783,0x90F79bf6EB2c4f870365E785982E1f101E93b906,0x15d34AAf54267DB7D7c367839AAf71A00a2C6A65,true,true,false,0x5f5d4c004ed788dec7e335e84836ace55d8bf1114bded559bbe3856b5f1df8d6,1064,207628,1789654178216,1789654180059,1843,
784,0x15d34AAf54267DB7D7c367839AAf71A00a2C6A65,0x9965507D1a55bcC2695C58ba16FB37d819B0A4dc,true,true,false,0x12b0c8ef611892aef247aabeee102a2ba29518eeab3c5ec4cdc7c2f7ee27a790,1064,207616,1789654178217,1789654180059,1842,
787,0x14dC79964da2C08b23698B3D3cc7Ca32193d9955,0x23618e81E3f5cdF7f54C3d65f7FBc0aBf5B21E8f,true,true,false,0x650e905f89de7fddcfd10fe5ae3cf7edf864d0694961358dd2deb6e5a6fcda4f,1064,207628,1789654178218,1789654180059,1841,
788,0x23618e81E3f5cdF7f54C3d65f7FBc0aBf5B21E8f,0xa0Ee7A142d267C1f36714E4a8F75612F20a79720,true,true,false,0x2040f0790000c3956a29e8cb887795797e4b58e0e39c23fe279c2a96baa907d3,1064,207616,1789654178218,1789654180059,1841,
789,0xa0Ee7A142d267C1f36714E4a8F75612F20a79720,0xBcd4042DE499D14e55001CcbB24a551F3b954096,true,true,false,0x29414f4ba3c7dd14279456d053aa14d756e49e8f44d7adcc38a068f1487fd331,1064,207616,1789654178219,1789654180059,1840,
790,0xBcd4042DE499D14e55001CcbB24a551F3b954096,0x71bE63f3384f5fb98995898A86B02Fb2426c5788,true,true,false,0xc45c63678c8cb187a2358a8dd3700e93ea5781a3c424cf66d9661f964b15ec9d,1064,207616,1789654178220,1789654180060,1840,
791,0x71bE63f3384f5fb98995898A86B02Fb2426c5788,0xFABB0ac9d68B0B445fB7357272Ff202C5651694a,true,true,false,0xae346f5157a9cb95579de9d4d34ddfdf36b3f5da0a18e8778bf0fb70b903b2ef,1064,207628,1789654178220,1789654180060,1840,
792,0xFABB0ac9d68B0B445fB7357272Ff202C5651694a,0x1CBd3b2770909D4e10f157cABC84C7264073C9Ec,true,true,false,0x9c986b60a392bf22906802c1368a176580cceae66d899317a0664ce42619fbd1,1064,207628,1789654178221,1789654180060,1839,
793,0x1CBd3b2770909D4e10f157cABC84C7264073C9Ec,0xdF3e18d64BC6A983f673Ab319CCaE4f1a57C7097,true,true,false,0x96d8a6284517a437a7b045d1297a66c4ad87555cf0afe4d74b64d7857928c9fa,1064,207628,1789654178222,1789654180060,1838,
794,0xdF3e18d64BC6A983f673Ab319CCaE4f1a57C7097,0xcd3B766CCDd6AE721141F452C550Ca635964ce71,true,true,false,0x5c35b34a2dc32b0869ea7e830839603351a691ba032625d924b48e6b441bc4b7,1064,207628,1789654178222,1789654180060,1838,
795,0xcd3B766CCDd6AE721141F452C550Ca635964ce71,0x2546BcD3c84621e976D8185a91A922aE77ECEc30,true,true,false,0x3f81488f061dd2ec944bcedd7eafb8fef56b4aec01be4905310c54c2619cddd9,1064,207628,1789654178223,1789654180060,1837,
799,0x8626f6940E2eb28930eFb4CeF49B2d1F2C9C1199,0x09DB0a93B389bEF724429898f539AEB7ac2Dd55f,true,true,false,0xde83c628717aad14ea6e6f30cc68c93c284ff20d0467f2d34f21f8f721c51578,1064,207628,1789654178224,1789654180061,1837,
800,0x09DB0a93B389bEF724429898f539AEB7ac2Dd55f,0x70997970C51812dc3A010C7d01b50e0d17dc79C8,true,true,false,0x63aaf5f43bea8436e0ff8f70b306ccc17623ec3ff7622c20d64c3a129d681835,1064,207628,1789654178224,1789654180061,1837,
801,0x70997970C51812dc3A010C7d01b50e0d17dc79C8,0x3C44CdDdB6a900fa2b585dd299e03d12FA4293BC,true,true,false,0xe67d3000ae5de8bd887d1155628e4b9d2cbbb91dcb8895ad8985522b93a4f3f0,1064,207616,1789654178228,1789654180061,1833,
802,0x3C44CdDdB6a900fa2b585dd299e03d12FA4293BC,0x90F79bf6EB2c4f870365E785982E1f101E93b906,true,true,false,0x1377a8a642add0813f0da816eb2401ab0ce9a16f9f415c24002bdcbd52fc863f,1064,207604,1789654178229,1789654180061,1832,
803,0x90F79bf6EB2c4f870365E785982E1f101E93b906,0x15d34AAf54267DB7D7c367839AAf71A00a2C6A65,true,true,false,0xa49b0789a721b59ef098ebd2c10d125d6252dbbfdec781de852b05090c41ce31,1064,207628,1789654178229,1789654180061,1832,
804,0x15d34AAf54267DB7D7c367839AAf71A00a2C6A65,0x9965507D1a55bcC2695C58ba16FB37d819B0A4dc,true,true,false,0xd6241b349193024a71f44a001f915221046662c72b581505c49ba60b7d3cab5c,1064,207604,1789654178231,1789654180061,1830,
806,0x976EA74026E726554dB657fA54763abd0C3a0aa9,0x14dC79964da2C08b23698B3D3cc7Ca32193d9955,true,true,false,0xda5aaf07b0269302852efcd49d8c2be8b803b1a44979eeb0ec95f670866b1f50,1064,207616,1789654178232,1789654180061,1829,
807,0x14dC79964da2C08b23698B3D3cc7Ca32193d9955,0x23618e81E3f5cdF7f54C3d65f7FBc0aBf5B21E8f,true,true,false,0xa49562b5489679c3e1637fbcf9c1d9948857429d530fb02ad6c85b2bfd318baf,1064,207616,1789654178233,1789654180062,1829,
808,0x23618e81E3f5cdF7f54C3d65f7FBc0aBf5B21E8f,0xa0Ee7A142d267C1f36714E4a8F75612F20a79720,true,true,false,0x7a455f9466a015f193adef33ea34bb1b490c45ba7868463ada8c2b7cc471c9f8,1064,207616,1789654178233,1789654180062,1829,
809,0xa0Ee7A142d267C1f36714E4a8F75612F20a79720,0xBcd4042DE499D14e55001CcbB24a551F3b954096,true,true,false,0xaac989b29a5bbf68e0690cb609aa85c1c35e03464be2b1ec61ab3025d91cc41f,1064,207616,1789654178234,1789654180062,1828,
810,0xBcd4042DE499D14e55001CcbB24a551F3b954096,0x71bE63f3384f5fb98995898A86B02Fb2426c5788,true,true,false,0x6cac38a8aea4950dcd3424e9774e0a2def131d3d092fc5278d84a67ced469058,1064,207604,1789654178234,1789654180062,1828,
811,0x71bE63f3384f5fb98995898A86B02Fb2426c5788,0xFABB0ac9d68B0B445fB7357272Ff202C5651694a,true,true,false,0x3107a56942e4aa11db42f82197e2c098f4b9fe05280f44fff662832623ddebea,1064,207628,1789654178234,1789654180062,1828,
812,0xFABB0ac9d68B0B445fB7357272Ff202C5651694a,0x1CBd3b2770909D4e10f157cABC84C7264073C9Ec,true,true,false,0x1c09f5023c2b28652b66032c4c09e949ff5df3676ec03468e7179e092b7d9f58,1064,207628,1789654178234,1789654180062,1828,
813,0x1CBd3b2770909D4e10f157cABC84C7264073C9Ec,0xdF3e18d64BC6A983f673Ab319CCaE4f1a57C7097,true,true,false,0xff47a6157b73bfda98a7c29763ef718bb7af800e8f4a46055e094e1741be963e,1064,207628,1789654178235,1789654180063,1828,
814,0xdF3e18d64BC6A983f673Ab319CCaE4f1a57C7097,0xcd3B766CCDd6AE721141F452C550Ca635964ce71,true,true,false,0xa2544f8c7994622120401c236dcfe017dc8bc4b6d03ddbe953226bfba58f8c39,1064,207616,1789654178235,1789654180063,1828,
815,0xcd3B766CCDd6AE721141F452C550Ca635964ce71,0x2546BcD3c84621e976D8185a91A922aE77ECEc30,true,true,false,0xa9700736ed568992897244a4cbdd267b7cb18055c82154a3d1dfb126f09dbd7d,1064,207628,1789654178238,1789654180063,1825,
816,0x2546BcD3c84621e976D8185a91A922aE77ECEc30,0xbDA5747bFD65F08deb54cb465eB87D40e51B197E,true,true,false,0xe15ef64cbc7410033d8282f63f3fe2dc2c78798088e4debedfb1cf828f702692,1064,207628,1789654178239,1789654180063,1824,
817,0xbDA5747bFD65F08deb54cb465eB87D40e51B197E,0xdD2FD4581271e230360230F9337D5c0430Bf44C0,true,true,false,0x5c05dc5b2b41877f5682926b4c2b81f0e3a74d8d92d67bd1682bfc3b9f2e06a9,1064,207628,1789654178239,1789654180063,1824,
818,0xdD2FD4581271e230360230F9337D5c0430Bf44C0,0x8626f6940E2eb28930eFb4CeF49B2d1F2C9C1199,true,true,false,0x06188a021376eb2df5968c9d814dcfd87aed0effaa861615018bdd8b7c3eaa63,1064,207604,1789654178239,1789654180064,1825,
819,0x8626f6940E2eb28930eFb4CeF49B2d1F2C9C1199,0x09DB0a93B389bEF724429898f539AEB7ac2Dd55f,true,true,false,0x859f9c7894df583699ed5e631dcea83ef9e4939d4ebdbd8ae67718032d99b28c,1064,207628,1789654178240,1789654180064,1824,
820,0x09DB0a93B389bEF724429898f539AEB7ac2Dd55f,0x70997970C51812dc3A010C7d01b50e0d17dc79C8,true,true,false,0x453fc66d56618ae889caf1566b735ad50dbd378f5674cbf85105a402467acb0a,1064,207628,1789654178240,1789654180064,1824,
821,0x70997970C51812dc3A010C7d01b50e0d17dc79C8,0x3C44CdDdB6a900fa2b585dd299e03d12FA4293BC,true,true,false,0xd972da60b843f88b8478b04d35cb3d05c055b5b6f938e68188bae08a55bf231b,1064,207616,1789654178240,1789654180064,1824,
822,0x3C44CdDdB6a900fa2b585dd299e03d12FA4293BC,0x90F79bf6EB2c4f870365E785982E1f101E93b906,true,true,false,0xee02d038dc878b44dd0e7c258334cc0ba232625d8cd982a583af540e7f08c572,1064,207616,1789654178241,1789654180064,1823,
823,0x90F79bf6EB2c4f870365E785982E1f101E93b906,0x15d34AAf54267DB7D7c367839AAf71A00a2C6A65,true,true,false,0x90fe57ef663faf93600b3c7bee346a5ed9f341aa9205f057a399b3341bc6c840,1064,207628,1789654178241,1789654180065,1824,
824,0x15d34AAf54267DB7D7c367839AAf71A00a2C6A65,0x9965507D1a55bcC2695C58ba16FB37d819B0A4dc,true,true,false,0x3863e3be4efa0d496acbbdf4f6938e8f5d62ebd480d4b7e37a2cfe19ec4f0a29,1064,207628,1789654178241,1789654180065,1824,
825,0x9965507D1a55bcC2695C58ba16FB37d819B0A4dc,0x976EA74026E726554dB657fA54763abd0C3a0aa9,true,true,false,0x3e632a80f74fdd7ba77ebbb35dd446c429eecb3493cfee9933ae842f66af7a98,1064,207616,1789654178242,1789654180065,1823,
1571,0x71bE63f3384f5fb98995898A86B02Fb2426c5788,0xFABB0ac9d68B0B445fB7357272Ff202C5651694a,true,true,false,0x76ddc6f366fb6b8e6c3ca8052c9d0d1e30d0707b5a236d727a81f9ca05dd952f,1065,207628,1789654180229,1789654182088,1859,
1574,0xdF3e18d64BC6A983f673Ab319CCaE4f1a57C7097,0xcd3B766CCDd6AE721141F452C550Ca635964ce71,true,true,false,0x62a3a585075a7f4c3f3e48804ab59aa856e5da9b99442dc26a1af297b29f909c,1065,207616,1789654180230,1789654182090,1860,
1572,0xFABB0ac9d68B0B445fB7357272Ff202C5651694a,0x1CBd3b2770909D4e10f157cABC84C7264073C9Ec,true,true,false,0x32e7fa5d2ac74f38ff544175ff612e28bcc743c39e48c504cf7a77aa5c190660,1065,207628,1789654180231,1789654182090,1859,
1568,0x23618e81E3f5cdF7f54C3d65f7FBc0aBf5B21E8f,0xa0Ee7A142d267C1f36714E4a8F75612F20a79720,true,true,false,0x403c33c4bd2c8fb5f53146d764ddaaea5135f6f9c4f2f452a4cb819de4f8bf62,1065,207628,1789654180233,1789654182090,1857,
1564,0x15d34AAf54267DB7D7c367839AAf71A00a2C6A65,0x9965507D1a55bcC2695C58ba16FB37d819B0A4dc,true,true,false,0xae451f88723a98d356524801d0fd0f011b2bc227ca0f2cfdf6ad60f497e822a8,1065,207628,1789654180233,1789654182091,1858,
1556,0x2546BcD3c84621e976D8185a91A922aE77ECEc30,0xbDA5747bFD65F08deb54cb465eB87D40e51B197E,true,true,false,0x3d54d05aac003a34852c4a50f561bc4a73993e2738e4b97c41391d975bd67fb2,1065,207616,1789654180234,1789654182091,1857,
1557,0xbDA5747bFD65F08deb54cb465eB87D40e51B197E,0xdD2FD4581271e230360230F9337D5c0430Bf44C0,true,true,false,0x8d77e3192e9a586a8de3c1085de0190f7bee9bafafe9002e10816e4dc0310ef4,1065,207628,1789654180235,1789654182091,1856,
1545,0x9965507D1a55bcC2695C58ba16FB37d819B0A4dc,0x976EA74026E726554dB657fA54763abd0C3a0aa9,true,true,false,0xe48c59c8b47332c3bb101d8dc059889769ac2c9c2779d2d6d750a449b96c5a42,1065,207628,1789654180235,1789654182091,1856,
1546,0x976EA74026E726554dB657fA54763abd0C3a0aa9,0x14dC79964da2C08b23698B3D3cc7Ca32193d9955,true,true,false,0x61530ecb425a43b5b26e6ea5a42a93bfa3b28d8f41835660d9869a10963bc6f3,1065,207616,1789654180236,1789654182092,1856,
1529,0xa0Ee7A142d267C1f36714E4a8F75612F20a79720,0xBcd4042DE499D14e55001CcbB24a551F3b954096,true,true,false,0x980fb7ec35fc5c0a9e47f86411a59607786fd75d16b9b6a548c61165fb74c467,1065,207616,1789654180236,1789654182092,1856,
1530,0xBcd4042DE499D14e55001CcbB24a551F3b954096,0x71bE63f3384f5fb98995898A86B02Fb2426c5788,true,true,false,0xec2bd3f6968c7e162018af0423730f2fa4fd94fb5f8037a4f2fa026f54dc2fc2,1065,207616,1789654180237,1789654182103,1866,
1527,0x14dC79964da2C08b23698B3D3cc7Ca32193d9955,0x23618e81E3f5cdF7f54C3d65f7FBc0aBf5B21E8f,true,true,false,0x918c8afc4fff00791df04035e61826f4f4865ad4f066aef8bec400ab50486817,1065,207628,1789654180237,1789654182103,1866,
1575,0xcd3B766CCDd6AE721141F452C550Ca635964ce71,0x2546BcD3c84621e976D8185a91A922aE77ECEc30,true,true,false,0x90fba5fbb83e34cf30d79e3df1d06561d86e4516b790ae54dde92f70831323c2,1065,207628,1789654180238,1789654182103,1865,
1576,0x2546BcD3c84621e976D8185a91A922aE77ECEc30,0xbDA5747bFD65F08deb54cb465eB87D40e51B197E,true,true,false,0xeb7722ff94aeafe267bbc1bb43c460e6ddd8685ac231a7154f1975f968b9a3ba,1065,207628,1789654180239,1789654182104,1865,
1528,0x23618e81E3f5cdF7f54C3d65f7FBc0aBf5B21E8f,0xa0Ee7A142d267C1f36714E4a8F75612F20a79720,true,true,false,0xc139586602b530ddb51ab3264058685e25277a96b0b953c36e2d05e9cea02b9f,1065,207628,1789654180239,1789654182104,1865,
1507,0x14dC79964da2C08b23698B3D3cc7Ca32193d9955,0x23618e81E3f5cdF7f54C3d65f7FBc0aBf5B21E8f,true,true,false,0x9ce36968f7ee566c3b6b44c325721c50fb00cee44acba0cc3613ce9709556fc0,1065,207628,1789654180240,1789654182104,1864,
1504,0x15d34AAf54267DB7D7c367839AAf71A00a2C6A65,0x9965507D1a55bcC2695C58ba16FB37d819B0A4dc,true,true,false,0x2be7e98575d9648d4f4f128ba49f63c421f60c00a84048dbccf61aec713a9e4f,1065,207628,1789654180240,1789654182104,1864,
1491,0x71bE63f3384f5fb98995898A86B02Fb2426c5788,0xFABB0ac9d68B0B445fB7357272Ff202C5651694a,true,true,false,0xbc388c374d77fbe94a5f3c27955ca854142c3a5200dabb5a3fff6e5773671ddc,1065,207628,1789654180241,1789654182104,1863,
1490,0xBcd4042DE499D14e55001CcbB24a551F3b954096,0x71bE63f3384f5fb98995898A86B02Fb2426c5788,true,true,false,0x0f9df2de5021ae07d799a743f105547b6fa53543e5dce86dbe9e973a5d44dfdb,1065,207616,1789654180241,1789654182105,1864,
1488,0x23618e81E3f5cdF7f54C3d65f7FBc0aBf5B21E8f,0xa0Ee7A142d267C1f36714E4a8F75612F20a79720,true,true,false,0x172e6b7e63fb1c92f0204521324838cc9e578596dd5f6527c4312149e679b79f,1065,207628,1789654180242,1789654182105,1863,
1472,0xFABB0ac9d68B0B445fB7357272Ff202C5651694a,0x1CBd3b2770909D4e10f157cABC84C7264073C9Ec,true,true,false,0xa1355f569b17b98a8361fdb3293d592ae7be575bcdd78ec8998615b97bc65386,1065,207628,1789654180242,1789654182105,1863,
1470,0xBcd4042DE499D14e55001CcbB24a551F3b954096,0x71bE63f3384f5fb98995898A86B02Fb2426c5788,true,true,false,0x078f036ec3c5193da22d3b1efaf80577d9d04a4552fd998c3c982d0b256abf71,1065,207616,1789654180243,1789654182105,1862,
1453,0x1CBd3b2770909D4e10f157cABC84C7264073C9Ec,0xdF3e18d64BC6A983f673Ab319CCaE4f1a57C7097,true,true,false,0x71e7dd0201106d3c100f7e5d7a98a9c632816e3dca8e57c8c8563b03b96c6477,1065,207628,1789654180243,1789654182105,1862,
1447,0x14dC79964da2C08b23698B3D3cc7Ca32193d9955,0x23618e81E3f5cdF7f54C3d65f7FBc0aBf5B21E8f,true,true,false,0x66be7a490e01c999a6b4d7241328bdc8f37083d43d183b64c9dca966779ebb1b,1065,207628,1789654180244,1789654182105,1861,
1414,0xdF3e18d64BC6A983f673Ab319CCaE4f1a57C7097,0xcd3B766CCDd6AE721141F452C550Ca635964ce71,true,true,false,0x9691c2708ccfe8f121f7c725c013b12e864c48243dd5c8c303e6b0934028e43d,1065,207628,1789654180244,1789654182106,1862,
1415,0xcd3B766CCDd6AE721141F452C550Ca635964ce71,0x2546BcD3c84621e976D8185a91A922aE77ECEc30,true,true,false,0xd30be9ffadb8946ab442f46dc28d2c5ff7f066a71504c3ea04449e54a57c5382,1065,207628,1789654180245,1789654182106,1861,
1412,0xFABB0ac9d68B0B445fB7357272Ff202C5651694a,0x1CBd3b2770909D4e10f157cABC84C7264073C9Ec,true,true,false,0x1f725068497f880fb99b144d71f3332ca0927c9dd37f33b0041540c9f288842b,1065,207628,1789654180246,1789654182106,1860,
1413,0x1CBd3b2770909D4e10f157cABC84C7264073C9Ec,0xdF3e18d64BC6A983f673Ab319CCaE4f1a57C7097,true,true,false,0x80a1eca81411abd9205700dfeb6779a6aea095dbc7403d74b9b73ce3d13596e3,1065,207628,1789654180246,1789654182106,1860,
826,0x976EA74026E726554dB657fA54763abd0C3a0aa9,0x14dC79964da2C08b23698B3D3cc7Ca32193d9955,true,true,false,0xf09b0111fb756977d3595668175e835a319bfa776ce8e6df5210837784e7d28c,1065,207628,1789654180247,1789654182106,1859,
827,0x14dC79964da2C08b23698B3D3cc7Ca32193d9955,0x23618e81E3f5cdF7f54C3d65f7FBc0aBf5B21E8f,true,true,false,0xfce0900e89654524f1f77206cadb698e36bb369d99abe2d2fb4d226de6d825d1,1065,207628,1789654180248,1789654182107,1859,
828,0x23618e81E3f5cdF7f54C3d65f7FBc0aBf5B21E8f,0xa0Ee7A142d267C1f36714E4a8F75612F20a79720,true,true,false,0xa9d4219d09aa8065d16bdfde1e726027f2af5aa48ae2b8400a9f42ee9795d994,1065,207628,1789654180249,1789654182107,1858,
829,0xa0Ee7A142d267C1f36714E4a8F75612F20a79720,0xBcd4042DE499D14e55001CcbB24a551F3b954096,true,true,false,0xf06a0a9d69c5866ee265b10d1de6f8a821a262ff6e848a20a650deaddae1fe1d,1065,207616,1789654180250,1789654182107,1857,
830,0xBcd4042DE499D14e55001CcbB24a551F3b954096,0x71bE63f3384f5fb98995898A86B02Fb2426c5788,true,true,false,0xe25d9666ee3800a0dbae7d57ded596b67aa719d5cfa68f99e04706dc64450c8f,1065,207604,1789654180250,1789654182107,1857,
831,0x71bE63f3384f5fb98995898A86B02Fb2426c5788,0xFABB0ac9d68B0B445fB7357272Ff202C5651694a,true,true,false,0x6358b2d51d959be193e228ea9ea8de2c85e7b4e36fc4d78e0dc205db73b847fb,1065,207628,1789654180251,1789654182108,1857,
833,0x1CBd3b2770909D4e10f157cABC84C7264073C9Ec,0xdF3e18d64BC6A983f673Ab319CCaE4f1a57C7097,true,true,false,0x923ee9cd5e7f2c777c3743616dcf1d58c002c855ede25d7a49abd7fc100d2ae2,1065,207628,1789654180251,1789654182108,1857,
834,0xdF3e18d64BC6A983f673Ab319CCaE4f1a57C7097,0xcd3B766CCDd6AE721141F452C550Ca635964ce71,true,true,false,0x6d3b885cf1f303871f68a3146d3f71c51536d6155913bf1b76dee2cd9d5696ca,1065,207616,1789654180252,1789654182108,1856,
835,0xcd3B766CCDd6AE721141F452C550Ca635964ce71,0x2546BcD3c84621e976D8185a91A922aE77ECEc30,true,true,false,0xd771d48ce6781a7a0f44dab47706577344120360b0d55871a13a3c6f1d417e44,1065,207616,1789654180252,1789654182108,1856,
836,0x2546BcD3c84621e976D8185a91A922aE77ECEc30,0xbDA5747bFD65F08deb54cb465eB87D40e51B197E,true,true,false,0x465adb3bc77a088cd5c9b5eb544130a817408cfbb40626b6279730c8222b9c68,1065,207628,1789654180253,1789654182109,1856,
837,0xbDA5747bFD65F08deb54cb465eB87D40e51B197E,0xdD2FD4581271e230360230F9337D5c0430Bf44C0,true,true,false,0x4ef068668ff1ba6a2786c177b003efb28b99e98b357891c1dc76833628b875af,1065,207616,1789654180254,1789654182109,1855,
838,0xdD2FD4581271e230360230F9337D5c0430Bf44C0,0x8626f6940E2eb28930eFb4CeF49B2d1F2C9C1199,true,true,false,0xfdf9115b814882fedb18de554859481d7a1644eae31645db160813d19d870506,1065,207628,1789654180254,1789654182109,1855,
839,0x8626f6940E2eb28930eFb4CeF49B2d1F2C9C1199,0x09DB0a93B389bEF724429898f539AEB7ac2Dd55f,true,true,false,0x636fc5191529bde3d28abbc50088dad0ca7679c8f110fa1697c02ff74647d495,1065,207616,1789654180255,1789654182110,1855,
840,0x09DB0a93B389bEF724429898f539AEB7ac2Dd55f,0x70997970C51812dc3A010C7d01b50e0d17dc79C8,true,true,false,0x6cabeb032650485d13d05060c7446eeb923fd61fb5f31cb104703af73ddca3a6,1065,207628,1789654180255,1789654182110,1855,
841,0x70997970C51812dc3A010C7d01b50e0d17dc79C8,0x3C44CdDdB6a900fa2b585dd299e03d12FA4293BC,true,true,false,0x2c32123dc7293821a6e08c6209635b759976799f81c85bdf9a7d62d714e647f4,1065,207616,1789654180256,1789654182110,1854,
842,0x3C44CdDdB6a900fa2b585dd299e03d12FA4293BC,0x90F79bf6EB2c4f870365E785982E1f101E93b906,true,true,false,0x094cf760c4574463ef98aa3b22972ee236987fbf60f2e713e5bfcd7c7a056caf,1065,207616,1789654180256,1789654182110,1854,
843,0x90F79bf6EB2c4f870365E785982E1f101E93b906,0x15d34AAf54267DB7D7c367839AAf71A00a2C6A65,true,true,false,0x37d53195ed3651ec91c3857d0f50b9c1e141ce5adbe8812e47c31c18093b11fe,1065,207628,1789654180257,1789654182110,1853,
844,0x15d34AAf54267DB7D7c367839AAf71A00a2C6A65,0x9965507D1a55bcC2695C58ba16FB37d819B0A4dc,true,true,false,0x23ac29eae685d96cbcdc4c8f176c5c51eebc05f98ed325f807fac862d71613a1,1065,207628,1789654180258,1789654182110,1852,
845,0x9965507D1a55bcC2695C58ba16FB37d819B0A4dc,0x976EA74026E726554dB657fA54763abd0C3a0aa9,true,true,false,0x3cae71a25c2ea1ce68ac5c383e2c9fbf909c1c27b3374faaf1687a45fa077e11,1065,207628,1789654180258,1789654182111,1853,
846,0x976EA74026E726554dB657fA54763abd0C3a0aa9,0x14dC79964da2C08b23698B3D3cc7Ca32193d9955,true,true,false,0xdf84606958a587bc1747fb976747cc7a5614d7d0053e9c6e01cef7456d61df60,1065,207616,1789654180259,1789654182111,1852,
847,0x14dC79964da2C08b23698B3D3cc7Ca32193d9955,0x23618e81E3f5cdF7f54C3d65f7FBc0aBf5B21E8f,true,true,false,0xba392af0ecf644edffb47e572f4a692424f2fb6d0e5ac5cf652ff914b13fbdef,1065,207628,1789654180260,1789654182111,1851,
848,0x23618e81E3f5cdF7f54C3d65f7FBc0aBf5B21E8f,0xa0Ee7A142d267C1f36714E4a8F75612F20a79720,true,true,false,0x1874af5af42c4f5733280b951858872ea86dc4d1bd4592d7a3a9949a06877d89,1065,207628,1789654180261,1789654182111,1850,
849,0xa0Ee7A142d267C1f36714E4a8F75612F20a79720,0xBcd4042DE499D14e55001CcbB24a551F3b954096,true,true,false,0x395805e58a9800a710579dda8d480883bae10b739b84991696ce0fbea119c789,1065,207616,1789654180261,1789654182111,1850,
850,0xBcd4042DE499D14e55001CcbB24a551F3b954096,0x71bE63f3384f5fb98995898A86B02Fb2426c5788,true,true,false,0x01ff346641f4c84bd777809790932d37a625fbb8268bc9f6bc4e048841ef1719,1065,207616,1789654180262,1789654182111,1849,
851,0x71bE63f3384f5fb98995898A86B02Fb2426c5788,0xFABB0ac9d68B0B445fB7357272Ff202C5651694a,true,true,false,0x889b44b366fdd5c58282bf6d515b6f9115ba643de51028a8fd4f50706c476462,1065,207628,1789654180262,1789654182112,1850,
852,0xFABB0ac9d68B0B445fB7357272Ff202C5651694a,0x1CBd3b2770909D4e10f157cABC84C7264073C9Ec,true,true,false,0xe94b17f879215dd6edbd6a417d32b467a890b705387b7aedd8bafafe8869cccd,1065,207628,1789654180263,1789654182112,1849,
853,0x1CBd3b2770909D4e10f157cABC84C7264073C9Ec,0xdF3e18d64BC6A983f673Ab319CCaE4f1a57C7097,true,true,false,0x3a89cd1c90dd7f7badb49e5bdf7db9e45f32cd0dd5f151d3bd570e966f1deac9,1065,207628,1789654180264,1789654182112,1848,
854,0xdF3e18d64BC6A983f673Ab319CCaE4f1a57C7097,0xcd3B766CCDd6AE721141F452C550Ca635964ce71,true,true,false,0x39da39ebb7984e493050d091f826df9703863abd515b4bfd1d8a38f7161e1f4b,1065,207628,1789654180265,1789654182112,1847,
855,0xcd3B766CCDd6AE721141F452C550Ca635964ce71,0x2546BcD3c84621e976D8185a91A922aE77ECEc30,true,true,false,0xb2ae9ee872f3f585d54c5bd3a79caa7a424f826c9533b9835595101569b932bb,1065,207628,1789654180265,1789654182112,1847,
856,0x2546BcD3c84621e976D8185a91A922aE77ECEc30,0xbDA5747bFD65F08deb54cb465eB87D40e51B197E,true,true,false,0xa992f76f1eded4af90d12cc2028faa7c889af65323b4e4a738e5024aaadc4c68,1065,207616,1789654180266,1789654182112,1846,
857,0xbDA5747bFD65F08deb54cb465eB87D40e51B197E,0xdD2FD4581271e230360230F9337D5c0430Bf44C0,true,true,false,0x4852eb081903fbcf7b6d24713aa0efd3e751fccb2c58af1a239dcd5c932ca3f3,1065,207628,1789654180266,1789654182113,1847,
858,0xdD2FD4581271e230360230F9337D5c0430Bf44C0,0x8626f6940E2eb28930eFb4CeF49B2d1F2C9C1199,true,true,false,0x0243a6c0973af3d3c44b6dce1d481571af900ed49426cac1b6fc077651b008fc,1065,207628,1789654180267,1789654182113,1846,
859,0x8626f6940E2eb28930eFb4CeF49B2d1F2C9C1199,0x09DB0a93B389bEF724429898f539AEB7ac2Dd55f,true,true,false,0xc70a52d5f0ef7074301389b3a551cd3f64a798224f9f8a50ac4cc4b668895943,1065,207628,1789654180267,1789654182113,1846,
860,0x09DB0a93B389bEF724429898f539AEB7ac2Dd55f,0x70997970C51812dc3A010C7d01b50e0d17dc79C8,true,true,false,0x1722aed22448f58140ecadba106127bdd17d47f879f2cd313b8325e6ff42fffd,1065,207628,1789654180268,1789654182113,1845,
861,0x70997970C51812dc3A010C7d01b50e0d17dc79C8,0x3C44CdDdB6a900fa2b585dd299e03d12FA4293BC,true,true,false,0xf42ddbcaaa4a6b58843ca51e7c5845f20935ee6202848a5de7403bb45addb7a3,1065,207616,1789654180268,1789654182113,1845,
862,0x3C44CdDdB6a900fa2b585dd299e03d12FA4293BC,0x90F79bf6EB2c4f870365E785982E1f101E93b906,true,true,false,0x231d1951c43c4893079a57ea4fcb2427b11047ebdad7518eff7673ddb016088e,1065,207616,1789654180268,1789654182157,1889,
863,0x90F79bf6EB2c4f870365E785982E1f101E93b906,0x15d34AAf54267DB7D7c367839AAf71A00a2C6A65,true,true,false,0x44fdc90a03d77b54236cda9cc6f19f68c954857cab65c8a79492381dce4cc4ad,1065,207628,1789654180269,1789654182157,1888,
864,0x15d34AAf54267DB7D7c367839AAf71A00a2C6A65,0x9965507D1a55bcC2695C58ba16FB37d819B0A4dc,true,true,false,0x9481175e6babfe42d30a88d60c7fff915d4c2621d915b7d70571799510e4714a,1065,207628,1789654180269,1789654182157,1888,
865,0x9965507D1a55bcC2695C58ba16FB37d819B0A4dc,0x976EA74026E726554dB657fA54763abd0C3a0aa9,true,true,false,0xcf83c0864abb72e314b9835d5c466871ee23d7581b729bd87a81c9ee73270275,1065,207628,1789654180270,1789654182157,1887,
866,0x976EA74026E726554dB657fA54763abd0C3a0aa9,0x14dC79964da2C08b23698B3D3cc7Ca32193d9955,true,true,false,0x30443cca0fe0d38cafc3cf3aa95ea6b42e06b7cedda49e6aaa7a53a2fd8dddd0,1065,207628,1789654180270,1789654182158,1888,
867,0x14dC79964da2C08b23698B3D3cc7Ca32193d9955,0x23618e81E3f5cdF7f54C3d65f7FBc0aBf5B21E8f,true,true,false,0xa9048ed409d4092e5a368018bdc0d8aab63e89247b1673a66fafc4daa5acd6cf,1065,207628,1789654180273,1789654182158,1885,
868,0x23618e81E3f5cdF7f54C3d65f7FBc0aBf5B21E8f,0xa0Ee7A142d267C1f36714E4a8F75612F20a79720,true,true,false,0x13a564a298947e05b6f48508a607da3e49a33e83b241ee96c804b4ff762b83a7,1065,207628,1789654180278,1789654182158,1880,
1577,0xbDA5747bFD65F08deb54cb465eB87D40e51B197E,0xdD2FD4581271e230360230F9337D5c0430Bf44C0,true,true,false,0xdd60fe92091823ab2cd8ea1843edc2d00f239935976dde1b8b09fa75122fd759,1065,207628,1789654180285,1789654182158,1873,
1578,0xdD2FD4581271e230360230F9337D5c0430Bf44C0,0x8626f6940E2eb28930eFb4CeF49B2d1F2C9C1199,true,true,false,0x0b7ecd885b88b5f271cc12fcc16289bd33d1b37af80dbadd3d9118cd44000b72,1065,207616,1789654180285,1789654182158,1873,
869,0xa0Ee7A142d267C1f36714E4a8F75612F20a79720,0xBcd4042DE499D14e55001CcbB24a551F3b954096,true,true,false,0x8a45481a00f54239aced886f8e3573b1c5cfce6543584d5907b190ad60bd8b9d,1065,207616,1789654180285,1789654182158,1873,
870,0xBcd4042DE499D14e55001CcbB24a551F3b954096,0x71bE63f3384f5fb98995898A86B02Fb2426c5788,true,true,false,0x638f04a9428d27c8d9ced115379b3a511ee36d9614c6bda532699fba5d69c29e,1065,207616,1789654180286,1789654182159,1873,
871,0x71bE63f3384f5fb98995898A86B02Fb2426c5788,0xFABB0ac9d68B0B445fB7357272Ff202C5651694a,true,true,false,0xbdabfa3c0cdf8d00c199ab4db3c929d0c816ac7cd48781a90694f3f1b3c4264e,1065,207628,1789654180286,1789654182159,1873,
872,0xFABB0ac9d68B0B445fB7357272Ff202C5651694a,0x1CBd3b2770909D4e10f157cABC84C7264073C9Ec,true,true,false,0x754c64b2fb2f8d3d98c1a633305ca790b932fb3f13814ba897df2a0295a26f5d,1065,207628,1789654180286,1789654182159,1873,
873,0x1CBd3b2770909D4e10f157cABC84C7264073C9Ec,0xdF3e18d64BC6A983f673Ab319CCaE4f1a57C7097,true,true,false,0xa60694794d39e12ab48a75a7f67b234411b55d1dc3353d6e9bea5981f553bd86,1065,207616,1789654180287,1789654182159,1872,
874,0xdF3e18d64BC6A983f673Ab319CCaE4f1a57C7097,0xcd3B766CCDd6AE721141F452C550Ca635964ce71,true,true,false,0x3c8c30d78f66082edb1cc64ff876324d705186ccf0fdbd71fab5d4b86826464b,1065,207628,1789654180287,1789654182161,1874,
875,0xcd3B766CCDd6AE721141F452C550Ca635964ce71,0x2546BcD3c84621e976D8185a91A922aE77ECEc30,true,true,false,0x1f0aab9def5cbd4c982ecd03033e729d122344144b9a6e4a16a026a01af7ae32,1065,207616,1789654180288,1789654182161,1873,
876,0x2546BcD3c84621e976D8185a91A922aE77ECEc30,0xbDA5747bFD65F08deb54cb465eB87D40e51B197E,true,true,false,0xf9b4142d3eab2105392a8358e74fb699ca6ddd98c0e204eac462906d04876a4e,1065,207628,1789654180288,1789654182161,1873,
877,0xbDA5747bFD65F08deb54cb465eB87D40e51B197E,0xdD2FD4581271e230360230F9337D5c0430Bf44C0,true,true,false,0xe87ced5f8fb485268c8690d45832c0a33e492d9a6fd6fa492dc27ee5267524db,1065,207628,1789654180288,1789654182161,1873,
878,0xdD2FD4581271e230360230F9337D5c0430Bf44C0,0x8626f6940E2eb28930eFb4CeF49B2d1F2C9C1199,true,true,false,0x961f7a4f25f5dd45a65ac4f7abb91bc82b03c60568500aa93a6c98c919c6ef62,1065,207628,1789654180289,1789654182161,1872,
880,0x09DB0a93B389bEF724429898f539AEB7ac2Dd55f,0x70997970C51812dc3A010C7d01b50e0d17dc79C8,true,true,false,0x0c623c517bf9575f584f44789b8019ff0576044a73486bd816c5809ae644b77d,1065,207616,1789654180289,1789654182161,1872,
882,0x3C44CdDdB6a900fa2b585dd299e03d12FA4293BC,0x90F79bf6EB2c4f870365E785982E1f101E93b906,true,true,false,0xc1759d88536ceec4ff7bdff96d8315b56a2d8c1b37ec1dc2924f4bb75a98b11e,1065,207616,1789654180290,1789654182162,1872,
883,0x90F79bf6EB2c4f870365E785982E1f101E93b906,0x15d34AAf54267DB7D7c367839AAf71A00a2C6A65,true,true,false,0xaff274a8788ae9873ebc3bdc93e71dbac92632c01fa2c402d4879d93408252f6,1065,207628,1789654180291,1789654182162,1871,
884,0x15d34AAf54267DB7D7c367839AAf71A00a2C6A65,0x9965507D1a55bcC2695C58ba16FB37d819B0A4dc,true,true,false,0x4fc05d066c6436d7a3bd5e979b56edc5a50234c6b63feadfd113c306a09e4852,1065,207628,1789654180292,1789654182162,1870,
885,0x9965507D1a55bcC2695C58ba16FB37d819B0A4dc,0x976EA74026E726554dB657fA54763abd0C3a0aa9,true,true,false,0x9ecf264f80efeb9813703505488e27527330be4657e28fb41b6ce70cb75fa91e,1065,207628,1789654180292,1789654182162,1870,
886,0x976EA74026E726554dB657fA54763abd0C3a0aa9,0x14dC79964da2C08b23698B3D3cc7Ca32193d9955,true,true,false,0x92840eeb9bd06531f604f602a3d368e28133143cf0a15aab1ec2c7adb5b43d35,1065,207616,1789654180293,1789654182162,1869,
887,0x14dC79964da2C08b23698B3D3cc7Ca32193d9955,0x23618e81E3f5cdF7f54C3d65f7FBc0aBf5B21E8f,true,true,false,0x0235eb4736469d591074fa964995496b054bfc2a0c45ac89aa4dc542fdb1753c,1065,207628,1789654180293,1789654182162,1869,
888,0x23618e81E3f5cdF7f54C3d65f7FBc0aBf5B21E8f,0xa0Ee7A142d267C1f36714E4a8F75612F20a79720,true,true,false,0xcef840ac5157f38e0a85446e9a3c12420db0ef3e65c174fa58e093aafb8fc397,1065,207628,1789654180294,1789654182163,1869,
889,0xa0Ee7A142d267C1f36714E4a8F75612F20a79720,0xBcd4042DE499D14e55001CcbB24a551F3b954096,true,true,false,0x992d0e3e712fcd01ff7238767558fbf27a87ee5c00e4a8f7d0e3ab9e75655a1a,1065,207616,1789654180294,1789654182163,1869,
890,0xBcd4042DE499D14e55001CcbB24a551F3b954096,0x71bE63f3384f5fb98995898A86B02Fb2426c5788,true,true,false,0x5f8cbfa54986b215d8e60872fbed52b28e55e47314b84733e9845a50911c952d,1065,207604,1789654180294,1789654182163,1869,
891,0x71bE63f3384f5fb98995898A86B02Fb2426c5788,0xFABB0ac9d68B0B445fB7357272Ff202C5651694a,true,true,false,0xd57c14df4cedcd9805d5c89ff54adeefc31fe21d43cb9d909b5792b5ee6761a0,1065,207628,1789654180295,1789654182163,1868,
892,0xFABB0ac9d68B0B445fB7357272Ff202C5651694a,0x1CBd3b2770909D4e10f157cABC84C7264073C9Ec,true,true,false,0xa90d9d8bd0dba77df47b57a84440ed27848ed94a33c25d6235ee14e76172b6ef,1065,207628,1789654180295,1789654182163,1868,
893,0x1CBd3b2770909D4e10f157cABC84C7264073C9Ec,0xdF3e18d64BC6A983f673Ab319CCaE4f1a57C7097,true,true,false,0x77f91c9359b266f32c01684a819abb167129890c1e948d0df52ec17ef9c29bde,1065,207628,1789654180296,1789654182163,1867,
894,0xdF3e18d64BC6A983f673Ab319CCaE4f1a57C7097,0xcd3B766CCDd6AE721141F452C550Ca635964ce71,true,true,false,0x402186676c44ac712d12dcbfd1466825264f9f378c835ab29d35dc42c7814a56,1065,207616,1789654180296,1789654182164,1868,
895,0xcd3B766CCDd6AE721141F452C550Ca635964ce71,0x2546BcD3c84621e976D8185a91A922aE77ECEc30,true,true,false,0xa8cd1b9cd533e6f10a6f00716475d8fe862e77682d7bb684ccefe9b906aecb93,1065,207628,1789654180297,1789654182164,1867,
897,0xbDA5747bFD65F08deb54cb465eB87D40e51B197E,0xdD2FD4581271e230360230F9337D5c0430Bf44C0,true,true,false,0xb487edfe7c222aac18e1f32fc665dadb874e278b7cc11075f155c4e09171bd4b,1065,207616,1789654180299,1789654182164,1865,
898,0xdD2FD4581271e230360230F9337D5c0430Bf44C0,0x8626f6940E2eb28930eFb4CeF49B2d1F2C9C1199,true,true,false,0x7821ac762b280e4580d21aeedb8e64746a18ba1fe3b906a27385f6a6af979743,1065,207628,1789654180299,1789654182164,1865,
899,0x8626f6940E2eb28930eFb4CeF49B2d1F2C9C1199,0x09DB0a93B389bEF724429898f539AEB7ac2Dd55f,true,true,false,0x3f1f09fa0db5ee305773914ca5c481fea9f369836d627705a4e8338781028d77,1065,207628,1789654180300,1789654182164,1864,
1745,0x9965507D1a55bcC2695C58ba16FB37d819B0A4dc,0x976EA74026E726554dB657fA54763abd0C3a0aa9,true,true,false,0xb686a84bf39ca366045531a16ce817a0aaf5665006bfd0ca22237337c4ddc6d2,1066,207628,1789654182259,1789654184171,1912,
1746,0x976EA74026E726554dB657fA54763abd0C3a0aa9,0x14dC79964da2C08b23698B3D3cc7Ca32193d9955,true,true,false,0xae83991e7a242ad7f376936f25fe641b8f8ae6c81afe78cd9ebba0d307b04153,1066,207616,1789654182260,1789654184171,1911,
1728,0x23618e81E3f5cdF7f54C3d65f7FBc0aBf5B21E8f,0xa0Ee7A142d267C1f36714E4a8F75612F20a79720,true,true,false,0x1d4cc2a3832b22856249d7fb7389a46bae25d3a6b6019c49fed07d342657e0f6,1066,207628,1789654182260,1789654184171,1911,
1729,0xa0Ee7A142d267C1f36714E4a8F75612F20a79720,0xBcd4042DE499D14e55001CcbB24a551F3b954096,true,true,false,0xc099d49d69c2a0ccf91f8e9f1fa0c4bdb0648b31dbb7a2259f9ff816cb466761,1066,207616,1789654182260,1789654184171,1911,
1722,0x3C44CdDdB6a900fa2b585dd299e03d12FA4293BC,0x90F79bf6EB2c4f870365E785982E1f101E93b906,true,true,false,0xf3ca1e3739b81dc6340c04385ac84c60727b84d9e481b920c127cebbe0a4db30,1066,207616,1789654182261,1789654184171,1910,
1723,0x90F79bf6EB2c4f870365E785982E1f101E93b906,0x15d34AAf54267DB7D7c367839AAf71A00a2C6A65,true,true,false,0xb82d92161a7474c146e3d86c415fffb0910b8f51dda8100c9330ebb8cbac4ee6,1066,207628,1789654182261,1789654184172,1911,
1702,0x3C44CdDdB6a900fa2b585dd299e03d12FA4293BC,0x90F79bf6EB2c4f870365E785982E1f101E93b906,true,true,false,0x475e12ed9057a4934bd1e60c36eee1dd6bccb0ada3ee8855cdfd4a6d2086ad56,1066,207616,1789654182261,1789654184172,1911,
1700,0x09DB0a93B389bEF724429898f539AEB7ac2Dd55f,0x70997970C51812dc3A010C7d01b50e0d17dc79C8,true,true,false,0x90ce3b337b600e17bd88354609026ff4ef079e060e732f17a7e1b0b9c18fbbfd,1066,207628,1789654182261,1789654184172,1911,
1701,0x70997970C51812dc3A010C7d01b50e0d17dc79C8,0x3C44CdDdB6a900fa2b585dd299e03d12FA4293BC,true,true,false,0xf48d349204297ceb60a72a150beb5ab4099be438cba8eb9bed9dd79e9303e3e6,1066,207616,1789654182262,1789654184172,1910,
1667,0x14dC79964da2C08b23698B3D3cc7Ca32193d9955,0x23618e81E3f5cdF7f54C3d65f7FBc0aBf5B21E8f,true,true,false,0x3ef3fa37a5f626331f14ccbbc3bd2a240b6c007718c7521f8bcaa09cb0957764,1066,207628,1789654182262,1789654184172,1910,
1748,0x23618e81E3f5cdF7f54C3d65f7FBc0aBf5B21E8f,0xa0Ee7A142d267C1f36714E4a8F75612F20a79720,true,true,false,0x724f2cb17970fa39c95e90156191ef9e5a7e2287e78dc2a0461195e99a699628,1066,207604,1789654182262,1789654184051,1789,
1749,0xa0Ee7A142d267C1f36714E4a8F75612F20a79720,0xBcd4042DE499D14e55001CcbB24a551F3b954096,true,true,false,0x9db3f7691e4545dcd581d174427049baca6088a4fc345d5cc71c9637b110d343,1066,207616,1789654182263,1789654184053,1790,
1606,0x976EA74026E726554dB657fA54763abd0C3a0aa9,0x14dC79964da2C08b23698B3D3cc7Ca32193d9955,true,true,false,0xa49bda4126b7c5441cb9494805898f73fe3e571077d5ebb3145722ed3a06d65f,1066,207628,1789654182263,1789654184053,1790,
1605,0x9965507D1a55bcC2695C58ba16FB37d819B0A4dc,0x976EA74026E726554dB657fA54763abd0C3a0aa9,true,true,false,0x8c5ee008951a2acf7a3166340acd95a6405262f72cf6c4bf11e7db14d30a0d69,1066,207604,1789654182264,1789654184054,1790,
1579,0x8626f6940E2eb28930eFb4CeF49B2d1F2C9C1199,0x09DB0a93B389bEF724429898f539AEB7ac2Dd55f,true,true,false,0x876f84526119b3f120b6168ee208e2e36975ea9e2b30698e64b0777f8b6c2e57,1066,207628,1789654182265,1789654184054,1789,
1580,0x09DB0a93B389bEF724429898f539AEB7ac2Dd55f,0x70997970C51812dc3A010C7d01b50e0d17dc79C8,true,true,false,0x84b061c8a5f6496a52ffde40969c436f3a5ad5bfe5ac18320149cc4bfea78486,1066,207628,1789654182266,1789654184054,1788,
900,0x09DB0a93B389bEF724429898f539AEB7ac2Dd55f,0x70997970C51812dc3A010C7d01b50e0d17dc79C8,true,true,false,0xa1f62463e8119a1f8a6a666debc529b6bd7b8aec18f74bacde8ca3e50718b2e6,1066,207628,1789654182266,1789654184054,1788,
901,0x70997970C51812dc3A010C7d01b50e0d17dc79C8,0x3C44CdDdB6a900fa2b585dd299e03d12FA4293BC,true,true,false,0x5ed8b8443bb81a7e8f56191b4357d16b8533ccbf8e9e39b41d040c099041b930,1066,207616,1789654182266,1789654184055,1789,
902,0x3C44CdDdB6a900fa2b585dd299e03d12FA4293BC,0x90F79bf6EB2c4f870365E785982E1f101E93b906,true,true,false,0xee5b0616b6e6093dc3e9f21bd832d2453b55426fd8beff1027c3b41b1a5af905,1066,207616,1789654182267,1789654184055,1788,
903,0x90F79bf6EB2c4f870365E785982E1f101E93b906,0x15d34AAf54267DB7D7c367839AAf71A00a2C6A65,true,true,false,0xacde75ae9e810dc8993e09cd6f1ec64e5ea17c5ae0f0096d971404ff029cc7ff,1066,207628,1789654182267,1789654184055,1788,
904,0x15d34AAf54267DB7D7c367839AAf71A00a2C6A65,0x9965507D1a55bcC2695C58ba16FB37d819B0A4dc,true,true,false,0x84e1a654101eebef2519cb0b14c9529a045654d93ebeeea15e9d5005dcd4a882,1066,207616,1789654182267,1789654184055,1788,
905,0x9965507D1a55bcC2695C58ba16FB37d819B0A4dc,0x976EA74026E726554dB657fA54763abd0C3a0aa9,true,true,false,0xc875b5b56e2a4da19152d339a9d0c7fea93b60222685de5981ef86fa6108fa08,1066,207628,1789654182268,1789654184066,1798,
906,0x976EA74026E726554dB657fA54763abd0C3a0aa9,0x14dC79964da2C08b23698B3D3cc7Ca32193d9955,true,true,false,0x9dbdabe11fe89dacd921d38f4568e1f318f58cb28c1239b81c611a8ff9c20599,1066,207628,1789654182268,1789654184066,1798,
907,0x14dC79964da2C08b23698B3D3cc7Ca32193d9955,0x23618e81E3f5cdF7f54C3d65f7FBc0aBf5B21E8f,true,true,false,0x2dbe847c97753b84457971b890e90bc4d10e8bd1599ad7d3232dc3777d18dd68,1066,207628,1789654182269,1789654184066,1797,
908,0x23618e81E3f5cdF7f54C3d65f7FBc0aBf5B21E8f,0xa0Ee7A142d267C1f36714E4a8F75612F20a79720,true,true,false,0xbb9f4fee8f8f958c455d4c21326cf019b8a4ca7cd9a5bf6d7cc8cc8ed7f0791a,1066,207628,1789654182269,1789654184066,1797,
909,0xa0Ee7A142d267C1f36714E4a8F75612F20a79720,0xBcd4042DE499D14e55001CcbB24a551F3b954096,true,true,false,0x3c3a25289dc1d3cecb6869b000088822a653b4d65f9e9310e1796aef2b543cdb,1066,207604,1789654182269,1789654184067,1798,
910,0xBcd4042DE499D14e55001CcbB24a551F3b954096,0x71bE63f3384f5fb98995898A86B02Fb2426c5788,true,true,false,0x1988d8efbd75bc6337fd05c613b86c5f9c7255236e39fff3e32a0947654ded86,1066,207616,1789654182270,1789654184067,1797,
911,0x71bE63f3384f5fb98995898A86B02Fb2426c5788,0xFABB0ac9d68B0B445fB7357272Ff202C5651694a,true,true,false,0xf2e92280b16d5d6dc9ca5fcf6c92ce1c8872abc5f36069e724ac3a00e8b69e57,1066,207628,1789654182270,1789654184067,1797,
912,0xFABB0ac9d68B0B445fB7357272Ff202C5651694a,0x1CBd3b2770909D4e10f157cABC84C7264073C9Ec,true,true,false,0xc3ff1fa60fd324b21c43b452ea6810f26e5cc2b8ca6b086ea109fe877dc1454e,1066,207616,1789654182270,1789654184067,1797,
913,0x1CBd3b2770909D4e10f157cABC84C7264073C9Ec,0xdF3e18d64BC6A983f673Ab319CCaE4f1a57C7097,true,true,false,0x1cb9e9f475a8c1a3b380ae876083bc839e7965a6c157667af9ddbb55f0648683,1066,207628,1789654182271,1789654184067,1796,
914,0xdF3e18d64BC6A983f673Ab319CCaE4f1a57C7097,0xcd3B766CCDd6AE721141F452C550Ca635964ce71,true,true,false,0x3d23f6bdb056358800691f9155a14d98f9e523ca68d25aaaeb626388b97329a3,1066,207628,1789654182271,1789654184068,1797,
915,0xcd3B766CCDd6AE721141F452C550Ca635964ce71,0x2546BcD3c84621e976D8185a91A922aE77ECEc30,true,true,false,0x3f14f9dc8e8894051e854cb307c2f6dd4a5a977c0f2de24ee92f064738ce84b2,1066,207616,1789654182271,1789654184068,1797,
916,0x2546BcD3c84621e976D8185a91A922aE77ECEc30,0xbDA5747bFD65F08deb54cb465eB87D40e51B197E,true,true,false,0xe7ee369d95ea61390267c470fc0b253c0f3f88fe56465f250348b8ea6a2b1012,1066,207628,1789654182272,1789654184068,1796,
917,0xbDA5747bFD65F08deb54cb465eB87D40e51B197E,0xdD2FD4581271e230360230F9337D5c0430Bf44C0,true,true,false,0x1c2e23e4b0dfa60191ae50b94c3a3489217f43a1de014c227f33f5883cb6234b,1066,207628,1789654182272,1789654184068,1796,
918,0xdD2FD4581271e230360230F9337D5c0430Bf44C0,0x8626f6940E2eb28930eFb4CeF49B2d1F2C9C1199,true,true,false,0xa99e8eb963168f142e76aa8685fa5037f8abb4eb4afb3a12ee1f2b9487d59a32,1066,207628,1789654182272,1789654184068,1796,
919,0x8626f6940E2eb28930eFb4CeF49B2d1F2C9C1199,0x09DB0a93B389bEF724429898f539AEB7ac2Dd55f,true,true,false,0x5df04cbda45fbc6ef0057e045e597e410289e3c2a5ce654c98087a346649573d,1066,207616,1789654182272,1789654184068,1796,
920,0x09DB0a93B389bEF724429898f539AEB7ac2Dd55f,0x70997970C51812dc3A010C7d01b50e0d17dc79C8,true,true,false,0xa9e4a785ca8839ab02cdfa2cca9e3ce246360432577a7adf940dc24ea9a1414c,1066,207628,1789654182273,1789654184069,1796,
921,0x70997970C51812dc3A010C7d01b50e0d17dc79C8,0x3C44CdDdB6a900fa2b585dd299e03d12FA4293BC,true,true,false,0xa01b493aa3caae4ce3f268a7d0e517e0e803c84f1ee6a6ff0b418d01145215fc,1066,207604,1789654182273,1789654184069,1796,
922,0x3C44CdDdB6a900fa2b585dd299e03d12FA4293BC,0x90F79bf6EB2c4f870365E785982E1f101E93b906,true,true,false,0x3eed02e12d946d20d76ac000851050e51e3dbe8570a05032b289a712e44ffccc,1066,207616,1789654182273,1789654184069,1796,
923,0x90F79bf6EB2c4f870365E785982E1f101E93b906,0x15d34AAf54267DB7D7c367839AAf71A00a2C6A65,true,true,false,0xa38e5e5d7cb98e3b2a91ddc5ad4c88c4a9826d91a9e00e2829c09bc0834d7994,1066,207616,1789654182274,1789654184069,1795,
924,0x15d34AAf54267DB7D7c367839AAf71A00a2C6A65,0x9965507D1a55bcC2695C58ba16FB37d819B0A4dc,true,true,false,0x6ac29841f03b29e138a8737852dfb283fb0d8037d2276991f8ec6f69c8e350ed,1066,207628,1789654182274,1789654184069,1795,
925,0x9965507D1a55bcC2695C58ba16FB37d819B0A4dc,0x976EA74026E726554dB657fA54763abd0C3a0aa9,true,true,false,0x91760c869407a2811f943d06530ce88c74f686f5b992da7a748f8042263b14c9,1066,207628,1789654182275,1789654184070,1795,
926,0x976EA74026E726554dB657fA54763abd0C3a0aa9,0x14dC79964da2C08b23698B3D3cc7Ca32193d9955,true,true,false,0xac9d325aa52cf1f239a19793f6943d63598eba52d82aeda8051002fd59505851,1066,207628,1789654182274,1789654184069,1795,
927,0x14dC79964da2C08b23698B3D3cc7Ca32193d9955,0x23618e81E3f5cdF7f54C3d65f7FBc0aBf5B21E8f,true,true,false,0x88911d25647c8a7431b564e890abcacbfb0c0fd1ab6a290a52285bc01ef603e0,1066,207628,1789654182275,1789654184070,1795,
928,0x23618e81E3f5cdF7f54C3d65f7FBc0aBf5B21E8f,0xa0Ee7A142d267C1f36714E4a8F75612F20a79720,true,true,false,0xc8bccda1d58f07daf5783af77a818199ad4044d979ca15cd2bff361bfaadc173,1066,207628,1789654182275,1789654184070,1795,
929,0xa0Ee7A142d267C1f36714E4a8F75612F20a79720,0xBcd4042DE499D14e55001CcbB24a551F3b954096,true,true,false,0xc4f506c282cb785f5ba79f698d9b67f0c34dd86e9f08fe0918e6d90b7e0d7305,1066,207616,1789654182275,1789654184070,1795,
930,0xBcd4042DE499D14e55001CcbB24a551F3b954096,0x71bE63f3384f5fb98995898A86B02Fb2426c5788,true,true,false,0x04ad3395122d301fdd177a62be76abd3ebdf7bf9bcf1cdd87469315657b14195,1066,207616,1789654182278,1789654184070,1792,
934,0xdF3e18d64BC6A983f673Ab319CCaE4f1a57C7097,0xcd3B766CCDd6AE721141F452C550Ca635964ce71,true,true,false,0xc7f127006f700abcc63b23c6484945549f57f195641e58f7e5e9c534539e8387,1066,207628,1789654182278,1789654184070,1792,
935,0xcd3B766CCDd6AE721141F452C550Ca635964ce71,0x2546BcD3c84621e976D8185a91A922aE77ECEc30,true,true,false,0xe4a598b58ab01382e5e39f874be2855446ef0590ec5f358613446c93adf50d00,1066,207628,1789654182279,1789654184071,1792,
936,0x2546BcD3c84621e976D8185a91A922aE77ECEc30,0xbDA5747bFD65F08deb54cb465eB87D40e51B197E,true,true,false,0xe9478d537726a01c84850dfbaf26b7fa72a31a26c8d57221ab11a9273c9284a7,1066,207628,1789654182279,1789654184071,1792,
937,0xbDA5747bFD65F08deb54cb465eB87D40e51B197E,0xdD2FD4581271e230360230F9337D5c0430Bf44C0,true,true,false,0x7e49e8b46df62b864c3c906608f5f8db321826613818c8928dcc099f8ec357a1,1066,207616,1789654182279,1789654184071,1792,
938,0xdD2FD4581271e230360230F9337D5c0430Bf44C0,0x8626f6940E2eb28930eFb4CeF49B2d1F2C9C1199,true,true,false,0xa268d720ac4d5288c158ceea8eb7d9945c27dd005ef4c589fb5650f19b35061c,1066,207628,1789654182279,1789654184071,1792,
939,0x8626f6940E2eb28930eFb4CeF49B2d1F2C9C1199,0x09DB0a93B389bEF724429898f539AEB7ac2Dd55f,true,true,false,0x2a86a857fb27bb92a5f13af4632b7dde85036cc9ade0bb2c87d83006b7aae2fd,1066,207628,1789654182280,1789654184071,1791,
940,0x09DB0a93B389bEF724429898f539AEB7ac2Dd55f,0x70997970C51812dc3A010C7d01b50e0d17dc79C8,true,true,false,0xd02b0cfc6999953cd26904391c33e005cb0c3192247a40343fec9ebc4f7c3340,1066,207628,1789654182280,1789654184071,1791,
941,0x70997970C51812dc3A010C7d01b50e0d17dc79C8,0x3C44CdDdB6a900fa2b585dd299e03d12FA4293BC,true,true,false,0xd08ca4ea51f3c0a7359cb2f1b6efaefbd8f358e5b74a1a3b40696e9b0e04efeb,1066,207616,1789654182281,1789654184072,1791,
942,0x3C44CdDdB6a900fa2b585dd299e03d12FA4293BC,0x90F79bf6EB2c4f870365E785982E1f101E93b906,true,true,false,0xfa11f3c4e2f3c0da743b44d16cc0956b32f6bc893f634180606068423b6b9c96,1066,207616,1789654182282,1789654184072,1790,
943,0x90F79bf6EB2c4f870365E785982E1f101E93b906,0x15d34AAf54267DB7D7c367839AAf71A00a2C6A65,true,true,false,0xd58e5ece6fb181d155dc4f77f19d37bc8cfba469f3a98a0a5c9dc52f4ee1e1a0,1066,207628,1789654182282,1789654184072,1790,
944,0x15d34AAf54267DB7D7c367839AAf71A00a2C6A65,0x9965507D1a55bcC2695C58ba16FB37d819B0A4dc,true,true,false,0xbe23eaf301de92cbc1490e68267bdcde633b432ce90fab3719b221d75141aae7,1066,207616,1789654182282,1789654184072,1790,
945,0x9965507D1a55bcC2695C58ba16FB37d819B0A4dc,0x976EA74026E726554dB657fA54763abd0C3a0aa9,true,true,false,0x895c48c8e004c1695c0b1753ae20dbb91f55a1f645a9554e25ebf68bb6208755,1066,207628,1789654182283,1789654184072,1789,
946,0x976EA74026E726554dB657fA54763abd0C3a0aa9,0x14dC79964da2C08b23698B3D3cc7Ca32193d9955,true,true,false,0xc7ad5c0b409fcb9fbaedc3f30e18d3402e9281696a93019ed0b9db52b891ce1c,1066,207628,1789654182283,1789654184072,1789,
947,0x14dC79964da2C08b23698B3D3cc7Ca32193d9955,0x23618e81E3f5cdF7f54C3d65f7FBc0aBf5B21E8f,true,true,false,0xb67bcc2b87c7f0d3773df1eb140b0a9b86e98d4d39a1acb1d27927d0da2d1d17,1066,207628,1789654182283,1789654184072,1789,
948,0x23618e81E3f5cdF7f54C3d65f7FBc0aBf5B21E8f,0xa0Ee7A142d267C1f36714E4a8F75612F20a79720,true,true,false,0x7f639cbf8bfc6e911c28e0bad91fa96eaddf7e6afa8013d8b3d1f7733a0cdd50,1066,207628,1789654182284,1789654184073,1789,
949,0xa0Ee7A142d267C1f36714E4a8F75612F20a79720,0xBcd4042DE499D14e55001CcbB24a551F3b954096,true,true,false,0xa752701faa16ec61761530495dc36cce1060cd4735adad671c41972bc1f9268b,1066,207616,1789654182284,1789654184073,1789,
1750,0xBcd4042DE499D14e55001CcbB24a551F3b954096,0x71bE63f3384f5fb98995898A86B02Fb2426c5788,true,true,false,0x18aa739375c194068a18c223129552ecf6d9fcf1cfb845c157785502ba726968,1066,207616,1789654182292,1789654184073,1781,
1751,0x71bE63f3384f5fb98995898A86B02Fb2426c5788,0xFABB0ac9d68B0B445fB7357272Ff202C5651694a,true,true,false,0x929dcc612605441fade15783e2d4869f15bc1a8e671795cd0ec5770f99cf5f4d,1066,207616,1789654182292,1789654184073,1781,
950,0xBcd4042DE499D14e55001CcbB24a551F3b954096,0x71bE63f3384f5fb98995898A86B02Fb2426c5788,true,true,false,0x52c85592fd209c568b2f92fb9360ed0bcf00e184f9c1c810686028573088beeb,1066,207604,1789654182292,1789654184073,1781,
951,0x71bE63f3384f5fb98995898A86B02Fb2426c5788,0xFABB0ac9d68B0B445fB7357272Ff202C5651694a,true,true,false,0xf0e1b3f353ded499911468c07e917b99e51c3578926230be6024a36871592688,1066,207628,1789654182293,1789654184073,1780,
952,0xFABB0ac9d68B0B445fB7357272Ff202C5651694a,0x1CBd3b2770909D4e10f157cABC84C7264073C9Ec,true,true,false,0x74ee6678313f07de50a25763b22d5197f31bc99864e705a624d731fef33bcde8,1066,207628,1789654182293,1789654184074,1781,
953,0x1CBd3b2770909D4e10f157cABC84C7264073C9Ec,0xdF3e18d64BC6A983f673Ab319CCaE4f1a57C7097,true,true,false,0x277927d8b3e5caa90ea649bf3627a3abd90855918a273740cb980d654f1be95d,1066,207616,1789654182294,1789654184074,1780,
954,0xdF3e18d64BC6A983f673Ab319CCaE4f1a57C7097,0xcd3B766CCDd6AE721141F452C550Ca635964ce71,true,true,false,0x86e24fb0e69801ca4dc64411a1f63741fcc419565f2bddaf7a1a50329a3b461a,1066,207628,1789654182294,1789654184074,1780,
955,0xcd3B766CCDd6AE721141F452C550Ca635964ce71,0x2546BcD3c84621e976D8185a91A922aE77ECEc30,true,true,false,0xc28e02f5bf922623f1733ee92bd7dc724298391884f4487db59161301caaad42,1066,207628,1789654182294,1789654184074,1780,
956,0x2546BcD3c84621e976D8185a91A922aE77ECEc30,0xbDA5747bFD65F08deb54cb465eB87D40e51B197E,true,true,false,0x748ac1cf561eac99ce7996d0074a928e73e1ab56d9ec76d2c7dcb1bd7c8d2f25,1066,207628,1789654182294,1789654184074,1780,
957,0xbDA5747bFD65F08deb54cb465eB87D40e51B197E,0xdD2FD4581271e230360230F9337D5c0430Bf44C0,true,true,false,0xafcd27dc13cfc1b0aa530cd928eccd5f976f7f9cd06df8495c101d753ab00c7b,1066,207628,1789654182295,1789654184074,1779,
958,0xdD2FD4581271e230360230F9337D5c0430Bf44C0,0x8626f6940E2eb28930eFb4CeF49B2d1F2C9C1199,true,true,false,0x9433029bd8ea2b8c5c66bf2f1432cad692aa251b619158edbf1c84ec3a2bb85a,1066,207628,1789654182295,1789654184075,1780,
959,0x8626f6940E2eb28930eFb4CeF49B2d1F2C9C1199,0x09DB0a93B389bEF724429898f539AEB7ac2Dd55f,true,true,false,0x09ccd1e46bc78149af13d90fd7a9230e54a19675535e93bc63042417197f4a73,1066,207628,1789654182295,1789654184075,1780,
960,0x09DB0a93B389bEF724429898f539AEB7ac2Dd55f,0x70997970C51812dc3A010C7d01b50e0d17dc79C8,true,true,false,0x1761107eda668fa34a4f82ef31a2df2c722c2a3f3e3ddee7dd6ff24cdedd8854,1066,207628,1789654182296,1789654184075,1779,
961,0x70997970C51812dc3A010C7d01b50e0d17dc79C8,0x3C44CdDdB6a900fa2b585dd299e03d12FA4293BC,true,true,false,0xf24f8c0dae088a4a8e462b98adb6028083b6f279f2fd7a98c3eb3d25c38553ee,1066,207616,1789654182296,1789654184075,1779,
962,0x3C44CdDdB6a900fa2b585dd299e03d12FA4293BC,0x90F79bf6EB2c4f870365E785982E1f101E93b906,true,true,false,0x7173ddc46a68f76c465ab530f9545167b1cce9e091e3c6f3d51fea4ab7f9a4e1,1066,207616,1789654182296,1789654184075,1779,
963,0x90F79bf6EB2c4f870365E785982E1f101E93b906,0x15d34AAf54267DB7D7c367839AAf71A00a2C6A65,true,true,false,0x613324620339f42186c48455b7587949c3bebcf3603b30031bc2ed6f7b507804,1066,207604,1789654182297,1789654184076,1779,
964,0x15d34AAf54267DB7D7c367839AAf71A00a2C6A65,0x9965507D1a55bcC2695C58ba16FB37d819B0A4dc,true,true,false,0x5d8fce00c36b49ec00f4a0884a4c9e423b9ae2d911e16e02ff7368661a664ca6,1066,207628,1789654182298,1789654184076,1778,
965,0x9965507D1a55bcC2695C58ba16FB37d819B0A4dc,0x976EA74026E726554dB657fA54763abd0C3a0aa9,true,true,false,0xab89ee269cd1471b1c93b98eaafc3656d5e34ba3585f778081189b0bf5d670a3,1066,207628,1789654182298,1789654184076,1778,
966,0x976EA74026E726554dB657fA54763abd0C3a0aa9,0x14dC79964da2C08b23698B3D3cc7Ca32193d9955,true,true,false,0x1a741cd190bf21114af4b9382a3e9f517a4f370038c7c9f666424691af4a662a,1066,207628,1789654182299,1789654184123,1824,
967,0x14dC79964da2C08b23698B3D3cc7Ca32193d9955,0x23618e81E3f5cdF7f54C3d65f7FBc0aBf5B21E8f,true,true,false,0x91e8d827916559d052a04b4dd7246dfd4e67d8f694b2df0e58ea6a3fb1c76930,1066,207628,1789654182299,1789654184124,1825,
968,0x23618e81E3f5cdF7f54C3d65f7FBc0aBf5B21E8f,0xa0Ee7A142d267C1f36714E4a8F75612F20a79720,true,true,false,0x1048a995cb6a4343abaa386b020ebefe5960946376436fc0e9ea4fcc4746980f,1066,207628,1789654182300,1789654184124,1824,
969,0xa0Ee7A142d267C1f36714E4a8F75612F20a79720,0xBcd4042DE499D14e55001CcbB24a551F3b954096,true,true,false,0xb53ed74be7743d0cd8c7573b49cf9d48e7ceed1d5ab05e574dc304bf4a4e2477,1066,207616,1789654182300,1789654184124,1824,
970,0xBcd4042DE499D14e55001CcbB24a551F3b954096,0x71bE63f3384f5fb98995898A86B02Fb2426c5788,true,true,false,0x4b660b73db6ac8c52cf3ea144e8615e966e9e9baa2a1bde215bba2696907c8c5,1066,207616,1789654182301,1789654184124,1823,
971,0x71bE63f3384f5fb98995898A86B02Fb2426c5788,0xFABB0ac9d68B0B445fB7357272Ff202C5651694a,true,true,false,0xd2c3de1321d3d2e6e2ddef367335d5d1a8d2c8406346b4b5aec24c5e01c74c1a,1066,207628,1789654182301,1789654184124,1823,
972,0xFABB0ac9d68B0B445fB7357272Ff202C5651694a,0x1CBd3b2770909D4e10f157cABC84C7264073C9Ec,true,true,false,0x1a4c0e9fe62841ae4d235e6ce981c88f42dfa4db6d8eb5c313e65bc8bd514e4d,1066,207616,1789654182301,1789654184124,1823,
973,0x1CBd3b2770909D4e10f157cABC84C7264073C9Ec,0xdF3e18d64BC6A983f673Ab319CCaE4f1a57C7097,true,true,false,0x78d1cf88f3516df8fc58d332423e47d017689fb0b36f01571508e5418d193ac9,1066,207628,1789654182302,1789654184125,1823,
975,0xcd3B766CCDd6AE721141F452C550Ca635964ce71,0x2546BcD3c84621e976D8185a91A922aE77ECEc30,true,true,false,0xfdebf108dcd2716fd4e8c55d308f2a5b2bc42a67399d8871397bab209c58ba63,1066,207616,1789654182302,1789654184125,1823,
976,0x2546BcD3c84621e976D8185a91A922aE77ECEc30,0xbDA5747bFD65F08deb54cb465eB87D40e51B197E,true,true,false,0x5a486a9ba1a1079aca73c0cc529b3f435e8b7b8e0bed9073c8b59076fab77d32,1066,207616,1789654182302,1789654184125,1823,
977,0xbDA5747bFD65F08deb54cb465eB87D40e51B197E,0xdD2FD4581271e230360230F9337D5c0430Bf44C0,true,true,false,0x8fc018e8a3704abb8777ae3cd82f55ef6998e6e3ca12693547d146f3fbd32294,1066,207604,1789654182302,1789654184125,1823,
978,0xdD2FD4581271e230360230F9337D5c0430Bf44C0,0x8626f6940E2eb28930eFb4CeF49B2d1F2C9C1199,true,true,false,0xe0cddcb3e74e3704f16d599c5e7bb429804a677196444664f8de8aa95796c9a3,1066,207628,1789654182303,1789654184125,1822,
979,0x8626f6940E2eb28930eFb4CeF49B2d1F2C9C1199,0x09DB0a93B389bEF724429898f539AEB7ac2Dd55f,true,true,false,0xbfdac19900b230182b0c14b4798c7f2d64ef98496876ca3c2dd736cefcff392d,1066,207628,1789654182303,1789654184125,1822,
980,0x09DB0a93B389bEF724429898f539AEB7ac2Dd55f,0x70997970C51812dc3A010C7d01b50e0d17dc79C8,true,true,false,0xed957cf19491a8a8c57ccdc55a0607bb9beef7c14ea7b4de08f116bced4db62f,1066,207616,1789654182303,1789654184126,1823,
981,0x70997970C51812dc3A010C7d01b50e0d17dc79C8,0x3C44CdDdB6a900fa2b585dd299e03d12FA4293BC,true,true,false,0xf0906541620bc460842943bba218aaeaf7cd141d62407e6b554ca988a578b7ed,1066,207616,1789654182304,1789654184126,1822,
982,0x3C44CdDdB6a900fa2b585dd299e03d12FA4293BC,0x90F79bf6EB2c4f870365E785982E1f101E93b906,true,true,false,0x62707f96eadafa48021de4018748033713f6ed3ae27992589a19aa626b3da26c,1066,207604,1789654182304,1789654184126,1822,
983,0x90F79bf6EB2c4f870365E785982E1f101E93b906,0x15d34AAf54267DB7D7c367839AAf71A00a2C6A65,true,true,false,0x3af19aec22dfeb301af2aefb487019fea9be270e419fbb1958f1bd5688089ff5,1066,207628,1789654182304,1789654184126,1822,
984,0x15d34AAf54267DB7D7c367839AAf71A00a2C6A65,0x9965507D1a55bcC2695C58ba16FB37d819B0A4dc,true,true,false,0x2315359012f757f99c8b9011e32310bdd58b031cd161154fddf84b0d86c5f4a9,1066,207616,1789654182304,1789654184126,1822,
985,0x9965507D1a55bcC2695C58ba16FB37d819B0A4dc,0x976EA74026E726554dB657fA54763abd0C3a0aa9,true,true,false,0xbac4534f32ec2e9ec759ffad4a2e5dbecf07b799051753f9dbdff80243661050,1066,207628,1789654182305,1789654184126,1821,
1897,0xbDA5747bFD65F08deb54cb465eB87D40e51B197E,0xdD2FD4581271e230360230F9337D5c0430Bf44C0,true,true,false,0xc0824922f6801efe08208ed59aea5892457aab966dd54c811b88890392a9f5e1,1067,207628,1789654184185,1789654186180,1995,
1898,0xdD2FD4581271e230360230F9337D5c0430Bf44C0,0x8626f6940E2eb28930eFb4CeF49B2d1F2C9C1199,true,true,false,0xd2f20682d2195d382a23711a04999f1bf5383265a331aedcf601c99982037d54,1067,207628,1789654184186,1789654186180,1994,
1876,0x2546BcD3c84621e976D8185a91A922aE77ECEc30,0xbDA5747bFD65F08deb54cb465eB87D40e51B197E,true,true,false,0xe8491a97da7b27271b88af73913f93a13875dc9432a2f1c4901642308f280025,1067,207628,1789654184186,1789654186181,1995,
1877,0xbDA5747bFD65F08deb54cb465eB87D40e51B197E,0xdD2FD4581271e230360230F9337D5c0430Bf44C0,true,true,false,0x32e0fdbfd04eb8680b8a97e28a6c58116962f00cb45964bc21f64a98ea149370,1067,207628,1789654184186,1789654186181,1995,
1837,0xbDA5747bFD65F08deb54cb465eB87D40e51B197E,0xdD2FD4581271e230360230F9337D5c0430Bf44C0,true,true,false,0x805dd29b53e4d5dc21e87807d5b5e56347bb1b6ba6a21c267ec4acd8a80adb6d,1067,207616,1789654184187,1789654186190,2003,
1818,0xdD2FD4581271e230360230F9337D5c0430Bf44C0,0x8626f6940E2eb28930eFb4CeF49B2d1F2C9C1199,true,true,false,0x669f991fbc073fa3d6d40a1ddeb664f23661eedfd7f348e2e468f9f0e856eed3,1067,207628,1789654184187,1789654186191,2004,
1752,0xFABB0ac9d68B0B445fB7357272Ff202C5651694a,0x1CBd3b2770909D4e10f157cABC84C7264073C9Ec,true,true,false,0x5d4807df1e905aa2fe3296d3ca707a2513514e94630d071be9a475a7d1befcbf,1067,207628,1789654184187,1789654186191,2004,
1753,0x1CBd3b2770909D4e10f157cABC84C7264073C9Ec,0xdF3e18d64BC6A983f673Ab319CCaE4f1a57C7097,true,true,false,0x075077d4d58ea5bf3c2a4c3dfa6852ae79063cbb1e22e1e3abe5d09398167f22,1067,207628,1789654184188,1789654186191,2003,
986,0x976EA74026E726554dB657fA54763abd0C3a0aa9,0x14dC79964da2C08b23698B3D3cc7Ca32193d9955,true,true,false,0x8881864795e0b7c4f11e8548739a24f9a6910b8838ebcf63c8ce6fc7ad91835c,1067,207616,1789654184188,1789654186191,2003,
987,0x14dC79964da2C08b23698B3D3cc7Ca32193d9955,0x23618e81E3f5cdF7f54C3d65f7FBc0aBf5B21E8f,true,true,false,0xc765adea081fe222e26b4799e50090ec5b51f8c056054990b1642f87604896e6,1067,207628,1789654184188,1789654186212,2024,
988,0x23618e81E3f5cdF7f54C3d65f7FBc0aBf5B21E8f,0xa0Ee7A142d267C1f36714E4a8F75612F20a79720,true,true,false,0xa1fd898d267fe3257cc4c32473440226c6f13c93311f060862058e735d02b374,1067,207628,1789654184188,1789654186213,2025,
1910,0xBcd4042DE499D14e55001CcbB24a551F3b954096,0x71bE63f3384f5fb98995898A86B02Fb2426c5788,true,true,false,0x27d82659a1df871ef7acd32ddaa30d6502f7859706c68e52344bb5db7fb8f297,1067,207616,1789654184189,1789654186213,2024,
1911,0x71bE63f3384f5fb98995898A86B02Fb2426c5788,0xFABB0ac9d68B0B445fB7357272Ff202C5651694a,true,true,false,0x6a1b9eef3db656fb0e16715a4cb3865eb85fd2b148b85fa64145c211e81de29a,1067,207628,1789654184189,1789654186213,2024,
989,0xa0Ee7A142d267C1f36714E4a8F75612F20a79720,0xBcd4042DE499D14e55001CcbB24a551F3b954096,true,true,false,0x8269277a3f0ac32c1afc7868613f8e8a092f645e0e65c2382aa02133fb829a82,1067,207616,1789654184189,1789654186069,1880,
990,0xBcd4042DE499D14e55001CcbB24a551F3b954096,0x71bE63f3384f5fb98995898A86B02Fb2426c5788,true,true,false,0x3adfb98c633ef5808e50ba3ae68bb5072ae866939de2b943c8d5d3abf8c43af3,1067,207616,1789654184190,1789654186071,1881,
991,0x71bE63f3384f5fb98995898A86B02Fb2426c5788,0xFABB0ac9d68B0B445fB7357272Ff202C5651694a,true,true,false,0x7153820f96bec1e8a70a6e192476e31419c7f0840adb6343971b747ed63d4cba,1067,207616,1789654184190,1789654186072,1882,
992,0xFABB0ac9d68B0B445fB7357272Ff202C5651694a,0x1CBd3b2770909D4e10f157cABC84C7264073C9Ec,true,true,false,0x1974670361e6eb1220a2909bdf9c0af0f5dc5f9a7da7cf04fa460e2a942e2f1c,1067,207628,1789654184190,1789654186072,1882,
993,0x1CBd3b2770909D4e10f157cABC84C7264073C9Ec,0xdF3e18d64BC6A983f673Ab319CCaE4f1a57C7097,true,true,false,0x69678e3ef931cb5bc9d05ef1a31b8ad3589b1f8e6c9eaf91aa11b4543a2f3098,1067,207628,1789654184190,1789654186072,1882,
994,0xdF3e18d64BC6A983f673Ab319CCaE4f1a57C7097,0xcd3B766CCDd6AE721141F452C550Ca635964ce71,true,true,false,0xb92d2eadff73e9e60eff216891267fee088cd75955bd9ee122459ede2cd0e062,1067,207628,1789654184191,1789654186074,1883,
995,0xcd3B766CCDd6AE721141F452C550Ca635964ce71,0x2546BcD3c84621e976D8185a91A922aE77ECEc30,true,true,false,0xb2ce83696ac360ee956c27888afdaa08e2938f34afe0a275362c1e482d1007e1,1067,207616,1789654184191,1789654186074,1883,
996,0x2546BcD3c84621e976D8185a91A922aE77ECEc30,0xbDA5747bFD65F08deb54cb465eB87D40e51B197E,true,true,false,0xbb963f0285f2c54939629edf14350bdc51febdb44b6fb1ac69addc510c39fbd1,1067,207616,1789654184191,1789654186074,1883,
997,0xbDA5747bFD65F08deb54cb465eB87D40e51B197E,0xdD2FD4581271e230360230F9337D5c0430Bf44C0,true,true,false,0x180ec74f79a97a53a5163ec53ae279b65897ad66df591bcb4da8b576531af83f,1067,207628,1789654184192,1789654186075,1883,
998,0xdD2FD4581271e230360230F9337D5c0430Bf44C0,0x8626f6940E2eb28930eFb4CeF49B2d1F2C9C1199,true,true,false,0x5683e5c4acfc8e5b304b9eb3d83a4fa1b4613005b6876ff9f48e99499e7a087c,1067,207616,1789654184192,1789654186075,1883,
1001,0x70997970C51812dc3A010C7d01b50e0d17dc79C8,0x3C44CdDdB6a900fa2b585dd299e03d12FA4293BC,true,true,false,0xd63e7f117047f0fa810769c9dee7b35556e387516771e9adc2a84ff531c55504,1067,207616,1789654184192,1789654186075,1883,
1002,0x3C44CdDdB6a900fa2b585dd299e03d12FA4293BC,0x90F79bf6EB2c4f870365E785982E1f101E93b906,true,true,false,0x99c327f03c87ef026217c0090cebaec59da8909a9d0142c0385cf3fb89ec05f6,1067,207616,1789654184192,1789654186075,1883,
1003,0x90F79bf6EB2c4f870365E785982E1f101E93b906,0x15d34AAf54267DB7D7c367839AAf71A00a2C6A65,true,true,false,0x3f50d088517200c69f4385aa3abc9cbb916d3336bee285a5bad3ab9e7232b82f,1067,207628,1789654184193,1789654186075,1882,
1004,0x15d34AAf54267DB7D7c367839AAf71A00a2C6A65,0x9965507D1a55bcC2695C58ba16FB37d819B0A4dc,true,true,false,0x74a5ff100f8fb3bfd21185976e0a20b6071cfd07841c6277e0dcc9d4a551b73c,1067,207616,1789654184193,1789654186086,1893,
1005,0x9965507D1a55bcC2695C58ba16FB37d819B0A4dc,0x976EA74026E726554dB657fA54763abd0C3a0aa9,true,true,false,0x01f1b4de3162b9b269bf2f52d325b0ffdf3c956a9f5d6a53a1894ff1b528a850,1067,207628,1789654184193,1789654186086,1893,
1006,0x976EA74026E726554dB657fA54763abd0C3a0aa9,0x14dC79964da2C08b23698B3D3cc7Ca32193d9955,true,true,false,0x80f6f131b3defa6511f584cd3e6ae73f0abe73ef7ea73db86bc1dc250413cb57,1067,207616,1789654184194,1789654186087,1893,
1010,0xBcd4042DE499D14e55001CcbB24a551F3b954096,0x71bE63f3384f5fb98995898A86B02Fb2426c5788,true,true,false,0x2334fe4787568dbbfa7ddf1ce008963b004f092ecea10147af4dc5a052b74265,1067,207616,1789654184194,1789654186087,1893,
1011,0x71bE63f3384f5fb98995898A86B02Fb2426c5788,0xFABB0ac9d68B0B445fB7357272Ff202C5651694a,true,true,false,0x477b1549c57e5610db7e1ce6cd37c7fb717c151bb99751aac1b8bef11a26ac98,1067,207616,1789654184194,1789654186087,1893,
1012,0xFABB0ac9d68B0B445fB7357272Ff202C5651694a,0x1CBd3b2770909D4e10f157cABC84C7264073C9Ec,true,true,false,0xb7b60b0b44624eb32cf4bd71723e22b39b73f5019b74192d08d596a8e112c645,1067,207628,1789654184194,1789654186087,1893,
1013,0x1CBd3b2770909D4e10f157cABC84C7264073C9Ec,0xdF3e18d64BC6A983f673Ab319CCaE4f1a57C7097,true,true,false,0x5a4c23509e17933a688ed1e5e69f50860e405b8b10f9d466a402345677970bb4,1067,207628,1789654184195,1789654186087,1892,
1014,0xdF3e18d64BC6A983f673Ab319CCaE4f1a57C7097,0xcd3B766CCDd6AE721141F452C550Ca635964ce71,true,true,false,0x7144aee0710622ec3d439a5ebf1343f0f1d0c8a7f258945c1cbc264f628abc22,1067,207628,1789654184195,1789654186087,1892,
1015,0xcd3B766CCDd6AE721141F452C550Ca635964ce71,0x2546BcD3c84621e976D8185a91A922aE77ECEc30,true,true,false,0x364d67b98229317be7ff3192373298ba1308c62539b70a004ccc9f77fec0a4c8,1067,207628,1789654184195,1789654186088,1893,
1016,0x2546BcD3c84621e976D8185a91A922aE77ECEc30,0xbDA5747bFD65F08deb54cb465eB87D40e51B197E,true,true,false,0x58869a33f796171cd13ca4a22e7895665b8fb80f147be4e6a0caa1b26ca35c0a,1067,207628,1789654184196,1789654186088,1892,
1017,0xbDA5747bFD65F08deb54cb465eB87D40e51B197E,0xdD2FD4581271e230360230F9337D5c0430Bf44C0,true,true,false,0xdeb5e35670f4ca12807fe898a85b43709b977ed422510a0fdf87dfda184086b4,1067,207616,1789654184196,1789654186088,1892,
1018,0xdD2FD4581271e230360230F9337D5c0430Bf44C0,0x8626f6940E2eb28930eFb4CeF49B2d1F2C9C1199,true,true,false,0xc90cd8db7399e933fdeec24f8cd88de9b4f1173ed6d53a8643f0eaee628685b9,1067,207628,1789654184196,1789654186088,1892,
1019,0x8626f6940E2eb28930eFb4CeF49B2d1F2C9C1199,0x09DB0a93B389bEF724429898f539AEB7ac2Dd55f,true,true,false,0x74c2d8ed94ba86674334857dadc0fcabc31f977d486820960422c4c536a5c418,1067,207628,1789654184196,1789654186088,1892,
1020,0x09DB0a93B389bEF724429898f539AEB7ac2Dd55f,0x70997970C51812dc3A010C7d01b50e0d17dc79C8,true,true,false,0x74540ede2666e92d0c521e6b999e29ecdf72606c761c487a4f2622699b02fc5b,1067,207628,1789654184197,1789654186088,1891,
1021,0x70997970C51812dc3A010C7d01b50e0d17dc79C8,0x3C44CdDdB6a900fa2b585dd299e03d12FA4293BC,true,true,false,0x689163f66b50e610619a77c74da8de5371ca66aa2d2ca4e594a1c25b3fe447ed,1067,207616,1789654184198,1789654186089,1891,
1022,0x3C44CdDdB6a900fa2b585dd299e03d12FA4293BC,0x90F79bf6EB2c4f870365E785982E1f101E93b906,true,true,false,0xdf18d89b1a265cc85e0122be3ca519d240ff625f0695eaa869f09aeaf022f12d,1067,207604,1789654184198,1789654186089,1891,
1023,0x90F79bf6EB2c4f870365E785982E1f101E93b906,0x15d34AAf54267DB7D7c367839AAf71A00a2C6A65,true,true,false,0xb08a910f955f960b87f38cd82d05973d3921346b640fb12551c8090e80458381,1067,207628,1789654184199,1789654186089,1890,
1024,0x15d34AAf54267DB7D7c367839AAf71A00a2C6A65,0x9965507D1a55bcC2695C58ba16FB37d819B0A4dc,true,true,false,0x0619d69110944ca28809b31e0c1dbf32ac36ffcdf21057d36b53e9ffa1f8de43,1067,207628,1789654184199,1789654186089,1890,
1025,0x9965507D1a55bcC2695C58ba16FB37d819B0A4dc,0x976EA74026E726554dB657fA54763abd0C3a0aa9,true,true,false,0xcd412ae07c96ba33f4ef8c2c4ac5531f3d88223a39b516e80421313970081182,1067,207616,1789654184200,1789654186089,1889,
1026,0x976EA74026E726554dB657fA54763abd0C3a0aa9,0x14dC79964da2C08b23698B3D3cc7Ca32193d9955,true,true,false,0x2196c5b28b13f3af3eae385856bcdd99e11f173ac989090b244bd1afc48116ce,1067,207628,1789654184203,1789654186089,1886,
1027,0x14dC79964da2C08b23698B3D3cc7Ca32193d9955,0x23618e81E3f5cdF7f54C3d65f7FBc0aBf5B21E8f,true,true,false,0x7b902786237c0707f0ee06fcd61bb88f30b12d614ef16999da6c0179eca5747c,1067,207628,1789654184204,1789654186090,1886,
1028,0x23618e81E3f5cdF7f54C3d65f7FBc0aBf5B21E8f,0xa0Ee7A142d267C1f36714E4a8F75612F20a79720,true,true,false,0xedfd33b9d32f1d9a95358b32ffe7cdc3af1646f46412940e9d7693163c118c5f,1067,207628,1789654184204,1789654186090,1886,
1029,0xa0Ee7A142d267C1f36714E4a8F75612F20a79720,0xBcd4042DE499D14e55001CcbB24a551F3b954096,true,true,false,0xefa5b566df8315e482a35848d1db902dfa323049beacff514a80ff0b47bf8a32,1067,207592,1789654184205,1789654186090,1885,
1030,0xBcd4042DE499D14e55001CcbB24a551F3b954096,0x71bE63f3384f5fb98995898A86B02Fb2426c5788,true,true,false,0xb87c281ab1e5f23c3cd1ebd7dd699081d76c412fa3d00a39e4cc575992367a35,1067,207616,1789654184206,1789654186090,1884,
1031,0x71bE63f3384f5fb98995898A86B02Fb2426c5788,0xFABB0ac9d68B0B445fB7357272Ff202C5651694a,true,true,false,0x6655919363895e74730642483b1d1a3e40fd7d915fc9b15e1f05c14f845c9b12,1067,207628,1789654184206,1789654186090,1884,
1032,0xFABB0ac9d68B0B445fB7357272Ff202C5651694a,0x1CBd3b2770909D4e10f157cABC84C7264073C9Ec,true,true,false,0xf38391e5cd26e6803343b77d32f293b00f180674a107486f8248a887a879d161,1067,207628,1789654184207,1789654186090,1883,
1033,0x1CBd3b2770909D4e10f157cABC84C7264073C9Ec,0xdF3e18d64BC6A983f673Ab319CCaE4f1a57C7097,true,true,false,0x6e12951a4a85afc4153df8ba8f4bb99fa10bf04084373a1ad3e0c8fde0338ed0,1067,207628,1789654184207,1789654186091,1884,
1034,0xdF3e18d64BC6A983f673Ab319CCaE4f1a57C7097,0xcd3B766CCDd6AE721141F452C550Ca635964ce71,true,true,false,0x099734ad390beefc4ee4445ebec27ff860142bbb369a4f8ac789bb5e8637f55d,1067,207628,1789654184207,1789654186091,1884,
1036,0x2546BcD3c84621e976D8185a91A922aE77ECEc30,0xbDA5747bFD65F08deb54cb465eB87D40e51B197E,true,true,false,0x08940b30baef7284ef689cd979c3b25f19acd24e0c7b65b1d6f2ae87c0f057b4,1067,207628,1789654184208,1789654186091,1883,
1037,0xbDA5747bFD65F08deb54cb465eB87D40e51B197E,0xdD2FD4581271e230360230F9337D5c0430Bf44C0,true,true,false,0x06fe6b88cd0a459eb0641928d3d28564612dc3b08c5030adc2846acde14450e0,1067,207628,1789654184208,1789654186091,1883,
1038,0xdD2FD4581271e230360230F9337D5c0430Bf44C0,0x8626f6940E2eb28930eFb4CeF49B2d1F2C9C1199,true,true,false,0x3eefbb9990f92ce040e0e6c1ff470d4504860033faca5f0e3ce9f142d2a635f3,1067,207628,1789654184208,1789654186091,1883,
1039,0x8626f6940E2eb28930eFb4CeF49B2d1F2C9C1199,0x09DB0a93B389bEF724429898f539AEB7ac2Dd55f,true,true,false,0xf7fbe074175949ad911a2e077c18089fb4a14e6e6ea40437b81afbef2cccb0af,1067,207628,1789654184209,1789654186091,1882,
1040,0x09DB0a93B389bEF724429898f539AEB7ac2Dd55f,0x70997970C51812dc3A010C7d01b50e0d17dc79C8,true,true,false,0xf0ca33ee9f5972cd7bfa0ef3106be46e0538954bde93adf00967c9fd3eb06f49,1067,207628,1789654184209,1789654186092,1883,
1041,0x70997970C51812dc3A010C7d01b50e0d17dc79C8,0x3C44CdDdB6a900fa2b585dd299e03d12FA4293BC,true,true,false,0x1df34a02551b4262ee8b3a7912f7292beaf12fea456b0633933bda896a8bf02b,1067,207616,1789654184209,1789654186092,1883,
1042,0x3C44CdDdB6a900fa2b585dd299e03d12FA4293BC,0x90F79bf6EB2c4f870365E785982E1f101E93b906,true,true,false,0x300f2804b9a80df4771845fcb57bf95d02aad4252752402bf11f04666073c174,1067,207616,1789654184210,1789654186092,1882,
1043,0x90F79bf6EB2c4f870365E785982E1f101E93b906,0x15d34AAf54267DB7D7c367839AAf71A00a2C6A65,true,true,false,0x4384ffb0c126b76560cc541fa90e79880f464dec0b0f78770728bb43ed9356a1,1067,207616,1789654184210,1789654186092,1882,
1044,0x15d34AAf54267DB7D7c367839AAf71A00a2C6A65,0x9965507D1a55bcC2695C58ba16FB37d819B0A4dc,true,true,false,0x20a9133a376e775614eebc44e90af430fa1d76c44fe998cecd710138b8e81789,1067,207628,1789654184210,1789654186092,1882,
1045,0x9965507D1a55bcC2695C58ba16FB37d819B0A4dc,0x976EA74026E726554dB657fA54763abd0C3a0aa9,true,true,false,0xbed8ceb6041a96a5ffc7c1ab2ed9e6303803e548f724fff133a4d3504202b25b,1067,207616,1789654184211,1789654186092,1881,
1046,0x976EA74026E726554dB657fA54763abd0C3a0aa9,0x14dC79964da2C08b23698B3D3cc7Ca32193d9955,true,true,false,0x888bdaee379618b670289ae5192872db80f6b511d94a0966fa6e0fcc7221df5a,1067,207628,1789654184211,1789654186093,1882,
1052,0xFABB0ac9d68B0B445fB7357272Ff202C5651694a,0x1CBd3b2770909D4e10f157cABC84C7264073C9Ec,true,true,false,0xd808016d02889f0e039f7310be6ebd97639235ed0a64df7298426576bae6bdc3,1067,207628,1789654184212,1789654186093,1881,
1053,0x1CBd3b2770909D4e10f157cABC84C7264073C9Ec,0xdF3e18d64BC6A983f673Ab319CCaE4f1a57C7097,true,true,false,0x236cd17039c7fde969cedcf14280c57d62e19be5cfa57041fbeb9bcbb790c95a,1067,207628,1789654184212,1789654186093,1881,
1054,0xdF3e18d64BC6A983f673Ab319CCaE4f1a57C7097,0xcd3B766CCDd6AE721141F452C550Ca635964ce71,true,true,false,0xa7f6f19f753b756d579b8b282442426c2b49d454fa851b422395bd03f9f05e7e,1067,207628,1789654184213,1789654186093,1880,
1055,0xcd3B766CCDd6AE721141F452C550Ca635964ce71,0x2546BcD3c84621e976D8185a91A922aE77ECEc30,true,true,false,0xcb63596360a2d6cd7864fabb936f01c8bb343df261efb2d389ebf6b8ffad2298,1067,207628,1789654184213,1789654186093,1880,
1056,0x2546BcD3c84621e976D8185a91A922aE77ECEc30,0xbDA5747bFD65F08deb54cb465eB87D40e51B197E,true,true,false,0x3fb880a6e2d0af6e49f9246af2b1e1df82237abd9987a50ce8ff70f93abe30ee,1067,207628,1789654184214,1789654186093,1879,
1057,0xbDA5747bFD65F08deb54cb465eB87D40e51B197E,0xdD2FD4581271e230360230F9337D5c0430Bf44C0,true,true,false,0x92a8ce471b8e0c1e356b7a19f7a18f470ca3342d88b7e475e275da3ed0b31546,1067,207616,1789654184215,1789654186094,1879,
1912,0xFABB0ac9d68B0B445fB7357272Ff202C5651694a,0x1CBd3b2770909D4e10f157cABC84C7264073C9Ec,true,true,false,0x0e1e40aef494148e81f875db587c64ef895d2d0408d6176d70df99e550a55197,1067,207628,1789654184225,1789654186094,1869,
1913,0x1CBd3b2770909D4e10f157cABC84C7264073C9Ec,0xdF3e18d64BC6A983f673Ab319CCaE4f1a57C7097,true,true,false,0xd2021f3e041b10f173c2b332f7cf61699a8e62717b1e4a72e1c3e459176c4ed6,1067,207628,1789654184225,1789654186094,1869,
1058,0xdD2FD4581271e230360230F9337D5c0430Bf44C0,0x8626f6940E2eb28930eFb4CeF49B2d1F2C9C1199,true,true,false,0xd2d15f14b8d50276acf0f08b14f3709fb89a166a87778e2e981ca742e4cad8c9,1067,207628,1789654184226,1789654186094,1868,
1059,0x8626f6940E2eb28930eFb4CeF49B2d1F2C9C1199,0x09DB0a93B389bEF724429898f539AEB7ac2Dd55f,true,true,false,0x86c44424ca9e7449f1958b5c419fd995121a7e1c7c9c6b29e4296e018d4462cc,1067,207628,1789654184226,1789654186094,1868,
1060,0x09DB0a93B389bEF724429898f539AEB7ac2Dd55f,0x70997970C51812dc3A010C7d01b50e0d17dc79C8,true,true,false,0xebc8eaa17008ab1a0b2f538b6939fd33389c41ea6c280f3218b93a6a19233f18,1067,207628,1789654184226,1789654186094,1868,
1061,0x70997970C51812dc3A010C7d01b50e0d17dc79C8,0x3C44CdDdB6a900fa2b585dd299e03d12FA4293BC,true,true,false,0x1ae7c3edf2523c2ff087fab3d33f346387f8f4996dddfd8335fea049d76509be,1067,207616,1789654184227,1789654186095,1868,
1062,0x3C44CdDdB6a900fa2b585dd299e03d12FA4293BC,0x90F79bf6EB2c4f870365E785982E1f101E93b906,true,true,false,0xe6492b9f23695a0906759757f51644ffe359bca87cb253382ad0a73394dee5d3,1067,207616,1789654184227,1789654186095,1868,
1064,0x15d34AAf54267DB7D7c367839AAf71A00a2C6A65,0x9965507D1a55bcC2695C58ba16FB37d819B0A4dc,true,true,false,0xceeb95a6b11b60536939ad08a27e52f9f931383045cc872b55b51643a480a79a,1067,207616,1789654184227,1789654186095,1868,
1065,0x9965507D1a55bcC2695C58ba16FB37d819B0A4dc,0x976EA74026E726554dB657fA54763abd0C3a0aa9,true,true,false,0x4747521299140f91d50df862820952a703004fce9c7790a723a0184e6e310919,1067,207628,1789654184228,1789654186095,1867,
1066,0x976EA74026E726554dB657fA54763abd0C3a0aa9,0x14dC79964da2C08b23698B3D3cc7Ca32193d9955,true,true,false,0x91f3f057425764631789ef1cc17c080adf7a03c25155790b29e6abc68347e77c,1067,207628,1789654184228,1789654186095,1867,
1067,0x14dC79964da2C08b23698B3D3cc7Ca32193d9955,0x23618e81E3f5cdF7f54C3d65f7FBc0aBf5B21E8f,true,true,false,0x01016736cc1cbda7088cb0c95b509f9dd3498b0b9a48340f40b6ae7cc26f243a,1067,207628,1789654184228,1789654186095,1867,
1069,0xa0Ee7A142d267C1f36714E4a8F75612F20a79720,0xBcd4042DE499D14e55001CcbB24a551F3b954096,true,true,false,0x9b77e4d775fea2d23e574a9383da0d1cf36c4b963c768534bd01a13ffcdbbd4c,1067,207616,1789654184228,1789654186095,1867,
1070,0xBcd4042DE499D14e55001CcbB24a551F3b954096,0x71bE63f3384f5fb98995898A86B02Fb2426c5788,true,true,false,0x799208628583b0dfaf02c6035831c081a4eb4ad05a87717897b7a580bd2f9dec,1067,207616,1789654184229,1789654186096,1867,
1071,0x71bE63f3384f5fb98995898A86B02Fb2426c5788,0xFABB0ac9d68B0B445fB7357272Ff202C5651694a,true,true,false,0x87f733b70b463ddaee5868669ebcd5b8c9dea313d4e2161bd4e3bfb6fb07bf4e,1067,207628,1789654184229,1789654186096,1867,
1072,0xFABB0ac9d68B0B445fB7357272Ff202C5651694a,0x1CBd3b2770909D4e10f157cABC84C7264073C9Ec,true,true,false,0xc751e988070a278f62876c9d72714cb5a39aa981fb458dd0d048e8c541dd7145,1067,207628,1789654184229,1789654186096,1867,
1074,0xdF3e18d64BC6A983f673Ab319CCaE4f1a57C7097,0xcd3B766CCDd6AE721141F452C550Ca635964ce71,true,true,false,0x4bd203c95c6ce35907c0b918b0091a3ab22444473114546e71c795aeac656541,1067,207616,1789654184231,1789654186096,1865,
1075,0xcd3B766CCDd6AE721141F452C550Ca635964ce71,0x2546BcD3c84621e976D8185a91A922aE77ECEc30,true,true,false,0xadc8626ca87831e888903090240687411bb6b20cb66a1c0fbe43734a91ccc48b,1067,207616,1789654184232,1789654186096,1864,
1077,0xbDA5747bFD65F08deb54cb465eB87D40e51B197E,0xdD2FD4581271e230360230F9337D5c0430Bf44C0,true,true,false,0xc989f5c1408122123a9680281eaeacab124edfeb6ce5ca55e8c102f33ab58bf6,1067,207616,1789654184233,1789654186097,1864,
1078,0xdD2FD4581271e230360230F9337D5c0430Bf44C0,0x8626f6940E2eb28930eFb4CeF49B2d1F2C9C1199,true,true,false,0xd5746b776155a3482486cc08c3406924e4a71d9bc095ead12045cec265d7287b,1067,207628,1789654184233,1789654186097,1864,
1914,0xdF3e18d64BC6A983f673Ab319CCaE4f1a57C7097,0xcd3B766CCDd6AE721141F452C550Ca635964ce71,true,true,false,0x896db2e2c60a4c8e97444a041d4ff5d9e5f220681b4fcb84b6a688e6b61ad9c9,1067,207628,1789654184237,1789654186097,1860,
1915,0xcd3B766CCDd6AE721141F452C550Ca635964ce71,0x2546BcD3c84621e976D8185a91A922aE77ECEc30,true,true,false,0xce29ad2cac1caca5bebbc8d35236bf3027c5ac7939691e3142e4b99191cdbd02,1067,207628,1789654184238,1789654186098,1860,
1079,0x8626f6940E2eb28930eFb4CeF49B2d1F2C9C1199,0x09DB0a93B389bEF724429898f539AEB7ac2Dd55f,true,true,false,0x5a4cf62aea73a932dfa97f91a68c89cf5ba1eb3d8af648b45f4a0f27e26faa79,1067,207628,1789654184238,1789654186098,1860,
1080,0x09DB0a93B389bEF724429898f539AEB7ac2Dd55f,0x70997970C51812dc3A010C7d01b50e0d17dc79C8,true,true,false,0x5b02322b190abc4bce983e44488a434ef37e75b9b567f4d129ddb2c8e23ead59,1067,207628,1789654184238,1789654186098,1860,
1081,0x70997970C51812dc3A010C7d01b50e0d17dc79C8,0x3C44CdDdB6a900fa2b585dd299e03d12FA4293BC,true,true,false,0xe7bf8fd19e2a2f6f60886e3ea4df0bebfeba6db937156fe1472558b37fa5ac99,1067,207616,1789654184239,1789654186099,1860,
1082,0x3C44CdDdB6a900fa2b585dd299e03d12FA4293BC,0x90F79bf6EB2c4f870365E785982E1f101E93b906,true,true,false,0x3875e8a13e46195d2ca25a1712800a7a950405e0951e9b92355f8a3560b2e913,1067,207592,1789654184239,1789654186099,1860,
1083,0x90F79bf6EB2c4f870365E785982E1f101E93b906,0x15d34AAf54267DB7D7c367839AAf71A00a2C6A65,true,true,false,0x6f38bd0676fd7ccf165f84428f154c069ca05cb80f5eff4fd3740ce76d77aeb2,1067,207628,1789654184240,1789654186099,1859,
1086,0x976EA74026E726554dB657fA54763abd0C3a0aa9,0x14dC79964da2C08b23698B3D3cc7Ca32193d9955,true,true,false,0x43b3801fbadba3e704c1ec4c979986d4249bd3248b91b7472021fc9e27b09195,1067,207628,1789654184240,1789654186099,1859,
1087,0x14dC79964da2C08b23698B3D3cc7Ca32193d9955,0x23618e81E3f5cdF7f54C3d65f7FBc0aBf5B21E8f,true,true,false,0xb63d73d56b9f581e20b6eb02d11d296cda9b45e2b07641c1d69edd342f0991a5,1067,207628,1789654184240,1789654186099,1859,
1088,0x23618e81E3f5cdF7f54C3d65f7FBc0aBf5B21E8f,0xa0Ee7A142d267C1f36714E4a8F75612F20a79720,true,true,false,0x86b8f28e07ef39c40fb6a5aa63cf58040d9db145aa17bb2e79bce356cc3f54c9,1067,207616,1789654184241,1789654186100,1859,
2080,0x09DB0a93B389bEF724429898f539AEB7ac2Dd55f,0x70997970C51812dc3A010C7d01b50e0d17dc79C8,true,true,false,0xf941ccd24b1aa5280c8473b74f7fe16bb80388d83f6da5bd5f5a0268ba845e43,1068,207628,1789654186192,1789654188210,2018,
2079,0x8626f6940E2eb28930eFb4CeF49B2d1F2C9C1199,0x09DB0a93B389bEF724429898f539AEB7ac2Dd55f,true,true,false,0xa062ecd452ec20c7ed09948c759915b11d1f53ada5c02ebd7da65c74cdd14e77,1068,207628,1789654186192,1789654188210,2018,
2075,0xcd3B766CCDd6AE721141F452C550Ca635964ce71,0x2546BcD3c84621e976D8185a91A922aE77ECEc30,true,true,false,0x9d9fccd96416f66e1746de0e447a26253b50637efe5db879785a3954ea2b01f2,1068,207628,1789654186193,1789654188210,2017,
2076,0x2546BcD3c84621e976D8185a91A922aE77ECEc30,0xbDA5747bFD65F08deb54cb465eB87D40e51B197E,true,true,false,0x9af8a202386a8eacf96402b7e677d92131f0ad041dede6b8d330357f67763815,1068,207628,1789654186193,1789654188210,2017,
2070,0xBcd4042DE499D14e55001CcbB24a551F3b954096,0x71bE63f3384f5fb98995898A86B02Fb2426c5788,true,true,false,0xcca8ac723a375ec56895ff0472bd8c7d7bdb9c0208bfa996047f55996ebd5a4e,1068,207616,1789654186193,1789654188211,2018,
2066,0x976EA74026E726554dB657fA54763abd0C3a0aa9,0x14dC79964da2C08b23698B3D3cc7Ca32193d9955,true,true,false,0x4fec0b2f10ab85bdef1dcfef96f8d42c473a5af19c032c27fae0710f8810a7f2,1068,207628,1789654186194,1789654188211,2017,
2067,0x14dC79964da2C08b23698B3D3cc7Ca32193d9955,0x23618e81E3f5cdF7f54C3d65f7FBc0aBf5B21E8f,true,true,false,0x1868479cf08246e4de44e97fe82020a5610879f3bb3c035709d825359bd6d1cf,1068,207628,1789654186194,1789654188211,2017,
2054,0xdF3e18d64BC6A983f673Ab319CCaE4f1a57C7097,0xcd3B766CCDd6AE721141F452C550Ca635964ce71,true,true,false,0x8f9d2ba52eccd29e4d9d40e39f3104481d357e0c96e2a091f5da51b5fe3cebb7,1068,207628,1789654186216,1789654188119,1903,
2042,0x3C44CdDdB6a900fa2b585dd299e03d12FA4293BC,0x90F79bf6EB2c4f870365E785982E1f101E93b906,true,true,false,0xe2077636bb7ed2cd4af4718f0cec34129f30851edde1086660ebac15b2b86676,1068,207616,1789654186216,1789654188122,1906,
2043,0x90F79bf6EB2c4f870365E785982E1f101E93b906,0x15d34AAf54267DB7D7c367839AAf71A00a2C6A65,true,true,false,0x5c62a24f94b1990a14f393cc50fbbfa7be2a20730c756dce657802f43d802678,1068,207628,1789654186217,1789654188122,1905,
2015,0xcd3B766CCDd6AE721141F452C550Ca635964ce71,0x2546BcD3c84621e976D8185a91A922aE77ECEc30,true,true,false,0x3743baad62d938f3aa51761cf216ae55c36380c8cd901654dd19a66e34277ff2,1068,207628,1789654186217,1789654188123,1906,
2013,0x1CBd3b2770909D4e10f157cABC84C7264073C9Ec,0xdF3e18d64BC6A983f673Ab319CCaE4f1a57C7097,true,true,false,0x55519c10cc425e15751918e73a6b9dc5e0609d1f20fc8aa6ee9a6c1779c28fb8,1068,207628,1789654186218,1789654188123,1905,
2014,0xdF3e18d64BC6A983f673Ab319CCaE4f1a57C7097,0xcd3B766CCDd6AE721141F452C550Ca635964ce71,true,true,false,0x8a4491b50fbaff8eee2fba608b81269a070cbe48583ac742d8bc9fe4a53e86c0,1068,207628,1789654186218,1789654188123,1905,
2002,0x3C44CdDdB6a900fa2b585dd299e03d12FA4293BC,0x90F79bf6EB2c4f870365E785982E1f101E93b906,true,true,false,0x9d256634ddcadca5bfcdec533a5bf9bc222a27829ed83a400a1f79f9586059c5,1068,207604,1789654186219,1789654188123,1904,
2003,0x90F79bf6EB2c4f870365E785982E1f101E93b906,0x15d34AAf54267DB7D7c367839AAf71A00a2C6A65,true,true,false,0xb9c32b6e30218f56980a2a81623c346abf548291d8fd5730726fef7232a3bbfe,1068,207628,1789654186219,1789654188124,1905,
2001,0x70997970C51812dc3A010C7d01b50e0d17dc79C8,0x3C44CdDdB6a900fa2b585dd299e03d12FA4293BC,true,true,false,0x054d615a88a6149401f5d6287adfad2f59f071e50917d068509dbc7ef41d9415,1068,207604,1789654186220,1789654188124,1904,
1995,0xcd3B766CCDd6AE721141F452C550Ca635964ce71,0x2546BcD3c84621e976D8185a91A922aE77ECEc30,true,true,false,0x1234bfc5d73882356de8d1233d13ab3af20535092414e86d481398fddf23e7ca,1068,207628,1789654186220,1789654188124,1904,
1996,0x2546BcD3c84621e976D8185a91A922aE77ECEc30,0xbDA5747bFD65F08deb54cb465eB87D40e51B197E,true,true,false,0xc4ff4d42b36a5a990f03d7a0fabcaa20d07ad7ac4450c9bc6c6548a7053df9cb,1068,207628,1789654186220,1789654188125,1905,
1980,0x09DB0a93B389bEF724429898f539AEB7ac2Dd55f,0x70997970C51812dc3A010C7d01b50e0d17dc79C8,true,true,false,0x3902ad378c8b73a153f2c702e47d39654a4cd45bc491450b0bc91424b27d2271,1068,207628,1789654186221,1789654188125,1904,
1981,0x70997970C51812dc3A010C7d01b50e0d17dc79C8,0x3C44CdDdB6a900fa2b585dd299e03d12FA4293BC,true,true,false,0xa7d777abcd2ee0c3823ea37bb9180147a39662bf431e26238aa95472613992c8,1068,207616,1789654186221,1789654188125,1904,
1973,0x1CBd3b2770909D4e10f157cABC84C7264073C9Ec,0xdF3e18d64BC6A983f673Ab319CCaE4f1a57C7097,true,true,false,0xeece1b0536b101557cc1a4cebc9390596f039cab9f8be917caf6f24d18f83acf,1068,207616,1789654186221,1789654188125,1904,
1956,0x2546BcD3c84621e976D8185a91A922aE77ECEc30,0xbDA5747bFD65F08deb54cb465eB87D40e51B197E,true,true,false,0x840937e21f48e68ca1bd6456c2aeb98010b2e5acf404379886f46c6e1c051cf0,1068,207616,1789654186222,1789654188125,1903,
1955,0xcd3B766CCDd6AE721141F452C550Ca635964ce71,0x2546BcD3c84621e976D8185a91A922aE77ECEc30,true,true,false,0xf6286c884162c37ce915262a118d74be33902eac712377121758c1a1305f31a4,1068,207628,1789654186222,1789654188125,1903,
1949,0xa0Ee7A142d267C1f36714E4a8F75612F20a79720,0xBcd4042DE499D14e55001CcbB24a551F3b954096,true,true,false,0x56945e2c5c4860e2a7967cb8576075d3a23334da9a38c6e5379c0578c8ab7d43,1068,207616,1789654186222,1789654188126,1904,
1947,0x14dC79964da2C08b23698B3D3cc7Ca32193d9955,0x23618e81E3f5cdF7f54C3d65f7FBc0aBf5B21E8f,true,true,false,0x1c60779b7f6d78f77b61627931d01d9fdc94f423e63e326e68af88fa81a3f937,1068,207628,1789654186223,1789654188144,1921,
1948,0x23618e81E3f5cdF7f54C3d65f7FBc0aBf5B21E8f,0xa0Ee7A142d267C1f36714E4a8F75612F20a79720,true,true,false,0xf94684620d09b089752b48497b99a45db189f5224a96a268b3802c879a4ad763,1068,207616,1789654186223,1789654188144,1921,
1919,0x8626f6940E2eb28930eFb4CeF49B2d1F2C9C1199,0x09DB0a93B389bEF724429898f539AEB7ac2Dd55f,true,true,false,0x4284ef34846bff513ac4bbf73de55ae1d3ae7c5a7d136181d0ba4739744bfd6e,1068,207628,1789654186224,1789654188144,1920,
1918,0xdD2FD4581271e230360230F9337D5c0430Bf44C0,0x8626f6940E2eb28930eFb4CeF49B2d1F2C9C1199,true,true,false,0xc360bab2f2de1b7cd8504adb9c2a81f160baf035af3e764ac57249e097615133,1068,207628,1789654186224,1789654188144,1920,
1916,0x2546BcD3c84621e976D8185a91A922aE77ECEc30,0xbDA5747bFD65F08deb54cb465eB87D40e51B197E,true,true,false,0x8cf3d8228b20ed0e4d3c003520e60b536f7305ca4f8e37a3f469fbd1e4666938,1068,207628,1789654186225,1789654188144,1919,
1917,0xbDA5747bFD65F08deb54cb465eB87D40e51B197E,0xdD2FD4581271e230360230F9337D5c0430Bf44C0,true,true,false,0x41eec8e881da313549000194c4abf56ecd4a74814223d1e7c2537365b9cf3948,1068,207628,1789654186225,1789654188145,1920,
1089,0xa0Ee7A142d267C1f36714E4a8F75612F20a79720,0xBcd4042DE499D14e55001CcbB24a551F3b954096,true,true,false,0x61e2a972196ebe9db7e49dad4945744bb47bd22e9f14f38842626650f243459b,1068,207604,1789654186225,1789654188145,1920,
1090,0xBcd4042DE499D14e55001CcbB24a551F3b954096,0x71bE63f3384f5fb98995898A86B02Fb2426c5788,true,true,false,0x16016c226fedb9525c6439cb395966d2aa505ec142c5656341467583e1c20f71,1068,207604,1789654186226,1789654188145,1919,
1091,0x71bE63f3384f5fb98995898A86B02Fb2426c5788,0xFABB0ac9d68B0B445fB7357272Ff202C5651694a,true,true,false,0x0c24306a57094f1d57ecced8b8a922ea15e64b795b73b73f853df44419ed5f42,1068,207628,1789654186226,1789654188145,1919,
1092,0xFABB0ac9d68B0B445fB7357272Ff202C5651694a,0x1CBd3b2770909D4e10f157cABC84C7264073C9Ec,true,true,false,0x9fe01a50af62939fd65fa6772a2163d92de0e8fcfa4d6173585e3f91c418cc57,1068,207628,1789654186226,1789654188145,1919,
1095,0xcd3B766CCDd6AE721141F452C550Ca635964ce71,0x2546BcD3c84621e976D8185a91A922aE77ECEc30,true,true,false,0xa9bfbcc6698d3b0b4c6bfd775529ac7ee41b7fecde8041a2656fe1548a6027bb,1068,207628,1789654186226,1789654188145,1919,
1096,0x2546BcD3c84621e976D8185a91A922aE77ECEc30,0xbDA5747bFD65F08deb54cb465eB87D40e51B197E,true,true,false,0xf5e5a5286f11c1bb6c5567e265638ebfe11c31cfa963031127f5e6a16203271c,1068,207604,1789654186227,1789654188146,1919,
1099,0x8626f6940E2eb28930eFb4CeF49B2d1F2C9C1199,0x09DB0a93B389bEF724429898f539AEB7ac2Dd55f,true,true,false,0x81fcc52411bef357434484c7bc1606e163f4add252d870e96d0d2222b3573174,1068,207628,1789654186227,1789654188146,1919,
1100,0x09DB0a93B389bEF724429898f539AEB7ac2Dd55f,0x70997970C51812dc3A010C7d01b50e0d17dc79C8,true,true,false,0xb5fca0dade0a4a7b6a9739188c40c924a89f4d6c92ae6373b1ea993a2042a4be,1068,207616,1789654186227,1789654188146,1919,
1101,0x70997970C51812dc3A010C7d01b50e0d17dc79C8,0x3C44CdDdB6a900fa2b585dd299e03d12FA4293BC,true,true,false,0x45b10b824f4de8e51d5a4a2424261c5ed5af192be4ad26657bf42d1191604aed,1068,207616,1789654186228,1789654188146,1918,
1104,0x15d34AAf54267DB7D7c367839AAf71A00a2C6A65,0x9965507D1a55bcC2695C58ba16FB37d819B0A4dc,true,true,false,0xad3fc5aa85d190ba418412a3e03817a2983a4e1794eee2b77662bb0a03451578,1068,207628,1789654186228,1789654188147,1919,
1105,0x9965507D1a55bcC2695C58ba16FB37d819B0A4dc,0x976EA74026E726554dB657fA54763abd0C3a0aa9,true,true,false,0xbd412fadb824375c4e7c4e8e6ab380bf8c6313a7997654825e9f5a3eafc1f010,1068,207628,1789654186228,1789654188147,1919,
1106,0x976EA74026E726554dB657fA54763abd0C3a0aa9,0x14dC79964da2C08b23698B3D3cc7Ca32193d9955,true,true,false,0x5e31d8453d64dddc3ef56e7848cc7afd2655a652f1da89cd8700dc28520a332c,1068,207628,1789654186229,1789654188147,1918,
1107,0x14dC79964da2C08b23698B3D3cc7Ca32193d9955,0x23618e81E3f5cdF7f54C3d65f7FBc0aBf5B21E8f,true,true,false,0x34257cb449e4cec479e53b8cb7acad75dc54eb160fe4c33624a2b7113eebf5ee,1068,207616,1789654186229,1789654188148,1919,
1108,0x23618e81E3f5cdF7f54C3d65f7FBc0aBf5B21E8f,0xa0Ee7A142d267C1f36714E4a8F75612F20a79720,true,true,false,0x73b95f43c0ea39d57e770838265ae4efd360aa8c7f71e203b7edf4d5df9498b0,1068,207628,1789654186229,1789654188148,1919,
1109,0xa0Ee7A142d267C1f36714E4a8F75612F20a79720,0xBcd4042DE499D14e55001CcbB24a551F3b954096,true,true,false,0x22f74ee842cd631637b09f8ab932b61fb5efeedbc4e9cce9a0a4e7a53b231c90,1068,207616,1789654186230,1789654188148,1918,
1110,0xBcd4042DE499D14e55001CcbB24a551F3b954096,0x71bE63f3384f5fb98995898A86B02Fb2426c5788,true,true,false,0x4f389cc34f2d11ee83a5dd170bba174f82702472d23b050b3d3c63cd226a6fb8,1068,207616,1789654186230,1789654188148,1918,
1111,0x71bE63f3384f5fb98995898A86B02Fb2426c5788,0xFABB0ac9d68B0B445fB7357272Ff202C5651694a,true,true,false,0xc3dbccfad619958d5868a88fae668cfa4ef48762b24e4215da51bb44eb77a55b,1068,207628,1789654186231,1789654188148,1917,
1112,0xFABB0ac9d68B0B445fB7357272Ff202C5651694a,0x1CBd3b2770909D4e10f157cABC84C7264073C9Ec,true,true,false,0x5e70b66c3cd9b4311beec5c301b4e0998d7737c2332a0164277abad2d241ea22,1068,207628,1789654186232,1789654188148,1916,
1113,0x1CBd3b2770909D4e10f157cABC84C7264073C9Ec,0xdF3e18d64BC6A983f673Ab319CCaE4f1a57C7097,true,true,false,0x9343d2cf85cfe449f319da3ea573736debf49eb25a5a28df773656c1076b4884,1068,207628,1789654186233,1789654188149,1916,
1115,0xcd3B766CCDd6AE721141F452C550Ca635964ce71,0x2546BcD3c84621e976D8185a91A922aE77ECEc30,true,true,false,0x2e919014dac0aefc6306221ac01be31d682f36c46524f97e84fbdc5d95bd47e3,1068,207628,1789654186233,1789654188149,1916,
1116,0x2546BcD3c84621e976D8185a91A922aE77ECEc30,0xbDA5747bFD65F08deb54cb465eB87D40e51B197E,true,true,false,0x685e85bd4c107761141f552e2e55b98cadf67fb5ff6df8c6a1b00f89f3496bca,1068,207616,1789654186234,1789654188153,1919,
1117,0xbDA5747bFD65F08deb54cb465eB87D40e51B197E,0xdD2FD4581271e230360230F9337D5c0430Bf44C0,true,true,false,0x065612e65ab93fb05712258f64d15b5d003ae3c9ac743537e4a67c9b7824925d,1068,207628,1789654186234,1789654188153,1919,
1118,0xdD2FD4581271e230360230F9337D5c0430Bf44C0,0x8626f6940E2eb28930eFb4CeF49B2d1F2C9C1199,true,true,false,0xbd329a81116372c4ea1ddc196036e892a29653c1155c0f811bea58e242fe56bc,1068,207628,1789654186235,1789654188153,1918,
1119,0x8626f6940E2eb28930eFb4CeF49B2d1F2C9C1199,0x09DB0a93B389bEF724429898f539AEB7ac2Dd55f,true,true,false,0x47e2482e6ea6dbc0ce69b5fc40f9ba52dd19b993b79591cb9bd18e2528a9b458,1068,207628,1789654186235,1789654188154,1919,
1120,0x09DB0a93B389bEF724429898f539AEB7ac2Dd55f,0x70997970C51812dc3A010C7d01b50e0d17dc79C8,true,true,false,0x0d66e8ace978fdc7f52f47aecd2946d8165af3d84a70beb9956616cc8f284593,1068,207628,1789654186236,1789654188154,1918,
1121,0x70997970C51812dc3A010C7d01b50e0d17dc79C8,0x3C44CdDdB6a900fa2b585dd299e03d12FA4293BC,true,true,false,0x16ed06ac5807c0729ee1e6bbb6e5b9bfd2abd9ec379bf435a9a05b11382a51e2,1068,207604,1789654186236,1789654188154,1918,
1122,0x3C44CdDdB6a900fa2b585dd299e03d12FA4293BC,0x90F79bf6EB2c4f870365E785982E1f101E93b906,true,true,false,0x9b82a45b24e0009d59bd1d9c8618241475b8d4ea024b523279e001fcf24d95cd,1068,207616,1789654186237,1789654188154,1917,
1123,0x90F79bf6EB2c4f870365E785982E1f101E93b906,0x15d34AAf54267DB7D7c367839AAf71A00a2C6A65,true,true,false,0xa468554bf43e81ac9871645287ccb03867b024632b5d7281b629c05411d5f058,1068,207628,1789654186237,1789654188154,1917,
1124,0x15d34AAf54267DB7D7c367839AAf71A00a2C6A65,0x9965507D1a55bcC2695C58ba16FB37d819B0A4dc,true,true,false,0x34d5a2b5c265582a7e512554959948dc7115a9cf538ed346b4a2cf7b3c0dde6a,1068,207628,1789654186238,1789654188154,1916,
1126,0x976EA74026E726554dB657fA54763abd0C3a0aa9,0x14dC79964da2C08b23698B3D3cc7Ca32193d9955,true,true,false,0xf1737f3092584546898b7fe55675042a2af629d35b941bac6381ac8c3244647b,1068,207628,1789654186239,1789654188155,1916,
1127,0x14dC79964da2C08b23698B3D3cc7Ca32193d9955,0x23618e81E3f5cdF7f54C3d65f7FBc0aBf5B21E8f,true,true,false,0x768d21bd7e934dbc30b87a7988f5a9a6b8dacab5b3a3713b313fce4a58f817ec,1068,207628,1789654186240,1789654188155,1915,
1128,0x23618e81E3f5cdF7f54C3d65f7FBc0aBf5B21E8f,0xa0Ee7A142d267C1f36714E4a8F75612F20a79720,true,true,false,0x688f74f28c0ec90e4efb07aeb81429ebf967d676357778ed487f20f481dcda1f,1068,207628,1789654186240,1789654188155,1915,
1129,0xa0Ee7A142d267C1f36714E4a8F75612F20a79720,0xBcd4042DE499D14e55001CcbB24a551F3b954096,true,true,false,0x5ae6a375c89e650d8e1f3208f4a9c4ab1b01f3c5778709e15a0f0f7da932871d,1068,207616,1789654186241,1789654188155,1914,
1130,0xBcd4042DE499D14e55001CcbB24a551F3b954096,0x71bE63f3384f5fb98995898A86B02Fb2426c5788,true,true,false,0x8d23e96b720964390a7c5e509f22f1bb57aae8dd6af068713e1ac8e29e023dec,1068,207604,1789654186241,1789654188155,1914,
1131,0x71bE63f3384f5fb98995898A86B02Fb2426c5788,0xFABB0ac9d68B0B445fB7357272Ff202C5651694a,true,true,false,0x7c8e3ff8a20f50093bb1cd2dac2075b3c68302ab4b41f81fedb7d325d4410ad6,1068,207628,1789654186241,1789654188196,1955,
1132,0xFABB0ac9d68B0B445fB7357272Ff202C5651694a,0x1CBd3b2770909D4e10f157cABC84C7264073C9Ec,true,true,false,0xd34c41d3fa6b9d057c6095b54a1416794bc375a55dd244cb6faf55ca4f106918,1068,207628,1789654186242,1789654188196,1954,
1135,0xcd3B766CCDd6AE721141F452C550Ca635964ce71,0x2546BcD3c84621e976D8185a91A922aE77ECEc30,true,true,false,0xff312b8c2dd7dbc89c906430c7ca8aab3827fd292b02fc16cdee238795e90003,1068,207616,1789654186242,1789654188196,1954,
1136,0x2546BcD3c84621e976D8185a91A922aE77ECEc30,0xbDA5747bFD65F08deb54cb465eB87D40e51B197E,true,true,false,0xc4ef1fa0c13fb0976f7324d83227b5a2708288cbf3d88ebbddba5f65c842ed22,1068,207628,1789654186243,1789654188197,1954,
1137,0xbDA5747bFD65F08deb54cb465eB87D40e51B197E,0xdD2FD4581271e230360230F9337D5c0430Bf44C0,true,true,false,0xa5cbf4bac0033a4fc31299d04a5dd53139e931545c34337ed1f03cbc3ddcb398,1068,207628,1789654186243,1789654188197,1954,
1138,0xdD2FD4581271e230360230F9337D5c0430Bf44C0,0x8626f6940E2eb28930eFb4CeF49B2d1F2C9C1199,true,true,false,0x7e992e394676b2538cc54ad27f0df8b35ed2cdae7be041cb686bf30dd80c7abb,1068,207628,1789654186244,1789654188197,1953,
1139,0x8626f6940E2eb28930eFb4CeF49B2d1F2C9C1199,0x09DB0a93B389bEF724429898f539AEB7ac2Dd55f,true,true,false,0x7504696846a6181de8de534e9e49b01df2c77a21796205ba3d8bdf56846d3d7a,1068,207628,1789654186244,1789654188198,1954,
1140,0x09DB0a93B389bEF724429898f539AEB7ac2Dd55f,0x70997970C51812dc3A010C7d01b50e0d17dc79C8,true,true,false,0xa394891c55b3229474e3a59973b738b5436ad197b4a61ceadf1f00414707f014,1068,207628,1789654186245,1789654188198,1953,
1141,0x70997970C51812dc3A010C7d01b50e0d17dc79C8,0x3C44CdDdB6a900fa2b585dd299e03d12FA4293BC,true,true,false,0x690688c93f8b411151a53dd24b16e0ab6bd59431657474c3b21d9ab13d27c596,1068,207616,1789654186253,1789654188199,1946,
1142,0x3C44CdDdB6a900fa2b585dd299e03d12FA4293BC,0x90F79bf6EB2c4f870365E785982E1f101E93b906,true,true,false,0x6d6af9153937d694f3ce95dd651675e41b3ff8938fea3d3c70f0b62f981422d7,1068,207616,1789654186253,1789654188199,1946,
1144,0x15d34AAf54267DB7D7c367839AAf71A00a2C6A65,0x9965507D1a55bcC2695C58ba16FB37d819B0A4dc,true,true,false,0x457815f53c623daa1ce3f4591662b195d9878b99d8c3bf628aa0fcade7dc7259,1068,207616,1789654186253,1789654188200,1947,
1145,0x9965507D1a55bcC2695C58ba16FB37d819B0A4dc,0x976EA74026E726554dB657fA54763abd0C3a0aa9,true,true,false,0xf5bb9afb121dc8bc6057d0cba2060ac6f23a4502f68b16ea4e0ebaac18826c91,1068,207616,1789654186254,1789654188201,1947,
1146,0x976EA74026E726554dB657fA54763abd0C3a0aa9,0x14dC79964da2C08b23698B3D3cc7Ca32193d9955,true,true,false,0xed8f25c770b1f342778003bf0714d5f333a42557582aa8949339ec59455d53f5,1068,207628,1789654186254,1789654188201,1947,
1147,0x14dC79964da2C08b23698B3D3cc7Ca32193d9955,0x23618e81E3f5cdF7f54C3d65f7FBc0aBf5B21E8f,true,true,false,0xc9d29009be4efbc1382742913d865d42d275c6be2301a9a32a0f0c4f7417b69c,1068,207628,1789654186255,1789654188201,1946,
1149,0xa0Ee7A142d267C1f36714E4a8F75612F20a79720,0xBcd4042DE499D14e55001CcbB24a551F3b954096,true,true,false,0x51416b23e8115c6b54550c169d03fedc472b2f01072f78a1eaeec58d599f028e,1068,207604,1789654186255,1789654188202,1947,
1150,0xBcd4042DE499D14e55001CcbB24a551F3b954096,0x71bE63f3384f5fb98995898A86B02Fb2426c5788,true,true,false,0x8da417d19e1ea2aea5eff2198c445d4f1142989de4807b9f3389a51751380be0,1068,207616,1789654186255,1789654188202,1947,
1151,0x71bE63f3384f5fb98995898A86B02Fb2426c5788,0xFABB0ac9d68B0B445fB7357272Ff202C5651694a,true,true,false,0xea5e6df6bd11e60fe703017de669cff31b89337f8638da772d8fdecd035c1803,1068,207628,1789654186256,1789654188206,1950,
1152,0xFABB0ac9d68B0B445fB7357272Ff202C5651694a,0x1CBd3b2770909D4e10f157cABC84C7264073C9Ec,true,true,false,0x94bfb73dad498845914973463fde283aba913d2c3d2506c646f9f9c3c4cd74b2,1068,207628,1789654186256,1789654188206,1950,
1153,0x1CBd3b2770909D4e10f157cABC84C7264073C9Ec,0xdF3e18d64BC6A983f673Ab319CCaE4f1a57C7097,true,true,false,0xf74cb633d84f9f01b471db642d040d9440dc82671a466a7762c601740182faee,1068,207628,1789654186256,1789654188206,1950,
1154,0xdF3e18d64BC6A983f673Ab319CCaE4f1a57C7097,0xcd3B766CCDd6AE721141F452C550Ca635964ce71,true,true,false,0x12f22fd28b204f120e33654825b39d61166b12f7b2a27c6f15225606f438842f,1068,207628,1789654186257,1789654188206,1949,
1155,0xcd3B766CCDd6AE721141F452C550Ca635964ce71,0x2546BcD3c84621e976D8185a91A922aE77ECEc30,true,true,false,0x30b573be45fe3a8d66ea47a0e734c105ff4da1205e094d477a33b8602167f37f,1068,207628,1789654186257,1789654188207,1950,
1156,0x2546BcD3c84621e976D8185a91A922aE77ECEc30,0xbDA5747bFD65F08deb54cb465eB87D40e51B197E,true,true,false,0x457160f610e6fcacdf45dc3eb29b51268a53ae5a53180097ca1cd4cd76cc2d65,1068,207628,1789654186257,1789654188207,1950,
1157,0xbDA5747bFD65F08deb54cb465eB87D40e51B197E,0xdD2FD4581271e230360230F9337D5c0430Bf44C0,true,true,false,0x2a66c4f1ca4c40544daa1012268a7845dda3239de59e357224c088e56120c831,1068,207616,1789654186259,1789654188207,1948,
1158,0xdD2FD4581271e230360230F9337D5c0430Bf44C0,0x8626f6940E2eb28930eFb4CeF49B2d1F2C9C1199,true,true,false,0xcecbb5453d54859c70748b6a32905d5fa753f5d611f6517134f38b64d50f8881,1068,207628,1789654186267,1789654188207,1940,
1159,0x8626f6940E2eb28930eFb4CeF49B2d1F2C9C1199,0x09DB0a93B389bEF724429898f539AEB7ac2Dd55f,true,true,false,0xb1c27864c9c2a7f03d09ec852e903c2d4fba697b4b9efc86a05d8e34b2bd8046,1068,207628,1789654186268,1789654188208,1940,
1160,0x09DB0a93B389bEF724429898f539AEB7ac2Dd55f,0x70997970C51812dc3A010C7d01b50e0d17dc79C8,true,true,false,0x289226036a9ca3f45399e6da0a1f47c629352914fbbfe8f87b7177a6eb8cc811,1068,207628,1789654186268,1789654188208,1940,
1161,0x70997970C51812dc3A010C7d01b50e0d17dc79C8,0x3C44CdDdB6a900fa2b585dd299e03d12FA4293BC,true,true,false,0x9672bf895c59a62bddf5e8de8c58bda499b51cce42f8b2385fd1c8dba7085680,1068,207616,1789654186268,1789654188208,1940,
1162,0x3C44CdDdB6a900fa2b585dd299e03d12FA4293BC,0x90F79bf6EB2c4f870365E785982E1f101E93b906,true,true,false,0x15e0cecf8368e257a4fba3f454fe216260170235229c63ab4200b6533c86fa4e,1068,207616,1789654186270,1789654188208,1938,
1163,0x90F79bf6EB2c4f870365E785982E1f101E93b906,0x15d34AAf54267DB7D7c367839AAf71A00a2C6A65,true,true,false,0x7bd837586a95cf4219e637606eacedc98c628f1af4ebdd05208ad234e05a142d,1068,207628,1789654186270,1789654188208,1938,
1164,0x15d34AAf54267DB7D7c367839AAf71A00a2C6A65,0x9965507D1a55bcC2695C58ba16FB37d819B0A4dc,true,true,false,0xf46af43260f848f480c43909103b022908e10efa6b2c469eab9cd42d3c447f72,1068,207628,1789654186271,1789654188209,1938,
1165,0x9965507D1a55bcC2695C58ba16FB37d819B0A4dc,0x976EA74026E726554dB657fA54763abd0C3a0aa9,true,true,false,0x8de642aa521216fa2694e9b4d5f0fae8a3afe6d704b0df4a0572cd1e8fb489c7,1068,207628,1789654186271,1789654188209,1938,
1166,0x976EA74026E726554dB657fA54763abd0C3a0aa9,0x14dC79964da2C08b23698B3D3cc7Ca32193d9955,true,true,false,0x76e6be794ab9ef5144ce3699c24e26eccf0cd70e5d58ed15618b6bc850984278,1068,207628,1789654186271,1789654188209,1938,
1168,0x23618e81E3f5cdF7f54C3d65f7FBc0aBf5B21E8f,0xa0Ee7A142d267C1f36714E4a8F75612F20a79720,true,true,false,0x0aad6f12bfc9a4fc677ca037fe851ce118194138220ad62a91f864cb6b16d63a,1068,207628,1789654186272,1789654188209,1937,
1169,0xa0Ee7A142d267C1f36714E4a8F75612F20a79720,0xBcd4042DE499D14e55001CcbB24a551F3b954096,true,true,false,0x4e728e9d399ba30a530ddb5a49eded371ec35360ce2e3bbdda70293d0d6609dd,1068,207616,1789654186272,1789654188209,1937,
1170,0xBcd4042DE499D14e55001CcbB24a551F3b954096,0x71bE63f3384f5fb98995898A86B02Fb2426c5788,true,true,false,0x38cce96d04b95c016840e181dc97289e90ed0b7013529809d1afed102879c92a,1068,207604,1789654186272,1789654188209,1937,
1171,0x71bE63f3384f5fb98995898A86B02Fb2426c5788,0xFABB0ac9d68B0B445fB7357272Ff202C5651694a,true,true,false,0x97961b066d56d04447ddc2d66a43374db26e268a582ad424211851315aaf6a3f,1068,207628,1789654186273,1789654188210,1937,
2249,0xa0Ee7A142d267C1f36714E4a8F75612F20a79720,0xBcd4042DE499D14e55001CcbB24a551F3b954096,true,true,false,0x78077da2c15ab99068cfdc608448104d78cd81b80cf552acdcaa0e153ef65fd0,1069,207604,1789654188267,1789654190165,1898,
2254,0xdF3e18d64BC6A983f673Ab319CCaE4f1a57C7097,0xcd3B766CCDd6AE721141F452C550Ca635964ce71,true,true,false,0xf3e3caa92104cf115c045097f478724d6e12e55bb89a9317f032518ee6af93a6,1069,207628,1789654188268,1789654190166,1898,
2250,0xBcd4042DE499D14e55001CcbB24a551F3b954096,0x71bE63f3384f5fb98995898A86B02Fb2426c5788,true,true,false,0xdfb3edd2b5e1d85942b15911098320524ff041264bbfc065f7b4f62c7e2506bb,1069,207616,1789654188268,1789654190166,1898,
2236,0x2546BcD3c84621e976D8185a91A922aE77ECEc30,0xbDA5747bFD65F08deb54cb465eB87D40e51B197E,true,true,false,0x8d9a745d19790fc8fb6babebc338f66a8c2f798b8e719cda35cb4c9d3135b9b5,1069,207616,1789654188268,1789654190166,1898,
2226,0x976EA74026E726554dB657fA54763abd0C3a0aa9,0x14dC79964da2C08b23698B3D3cc7Ca32193d9955,true,true,false,0xb58ebfb19a0313d4f64df1a8322539609ecec4c0067f52265320bb2ddf836569,1069,207616,1789654188269,1789654190166,1897,
2227,0x14dC79964da2C08b23698B3D3cc7Ca32193d9955,0x23618e81E3f5cdF7f54C3d65f7FBc0aBf5B21E8f,true,true,false,0x36be87521f83fe958704502c7d9b9710d699197dd251f4c5a87b43a6134b2b00,1069,207628,1789654188269,1789654190166,1897,
2213,0x1CBd3b2770909D4e10f157cABC84C7264073C9Ec,0xdF3e18d64BC6A983f673Ab319CCaE4f1a57C7097,true,true,false,0xbdabb79d22bea1ca4db03e552022de5741778391a237404c75646c9b93af3048,1069,207628,1789654188269,1789654190167,1898,
2214,0xdF3e18d64BC6A983f673Ab319CCaE4f1a57C7097,0xcd3B766CCDd6AE721141F452C550Ca635964ce71,true,true,false,0xa26a790e2d0fc4a0950ea06253aaae4e94dc6d74ec2fb1fb48d6bfa154b9d3d3,1069,207628,1789654188269,1789654190167,1898,
2193,0x1CBd3b2770909D4e10f157cABC84C7264073C9Ec,0xdF3e18d64BC6A983f673Ab319CCaE4f1a57C7097,true,true,false,0x42de0c6a04c07339c2ace2990d38f19693ce4f464de05733493dc43383cfcce3,1069,207628,1789654188270,1789654190167,1897,
2194,0xdF3e18d64BC6A983f673Ab319CCaE4f1a57C7097,0xcd3B766CCDd6AE721141F452C550Ca635964ce71,true,true,false,0xc7f04053c40e99f206a2ec6b98179d077fafafab29c9e313af7b8858ce5e7be4,1069,207616,1789654188270,1789654190167,1897,
2180,0x09DB0a93B389bEF724429898f539AEB7ac2Dd55f,0x70997970C51812dc3A010C7d01b50e0d17dc79C8,true,true,false,0xd38192e8dcf82e2094b94af1c1b430c21100ca69e137b8b96fffa50f9136eca0,1069,207616,1789654188270,1789654190168,1898,
2181,0x70997970C51812dc3A010C7d01b50e0d17dc79C8,0x3C44CdDdB6a900fa2b585dd299e03d12FA4293BC,true,true,false,0x78de27c05240e74f50265036c3ea906f986366428c394a418c348f0331e76096,1069,207616,1789654188271,1789654190168,1897,
2157,0xbDA5747bFD65F08deb54cb465eB87D40e51B197E,0xdD2FD4581271e230360230F9337D5c0430Bf44C0,true,true,false,0x6484ba27d14522dd2cf7f031d81733fb9204149f37574a6d57bb946bf06f79a3,1069,207628,1789654188271,1789654190168,1897,
2158,0xdD2FD4581271e230360230F9337D5c0430Bf44C0,0x8626f6940E2eb28930eFb4CeF49B2d1F2C9C1199,true,true,false,0x1b4bee61b449be274a18de7863295f9722f01e552ab25dac7489ed3ff932bdc1,1069,207628,1789654188271,1789654190168,1897,
2155,0xcd3B766CCDd6AE721141F452C550Ca635964ce71,0x2546BcD3c84621e976D8185a91A922aE77ECEc30,true,true,false,0xf65f1f7dc4add73fed7caf6cb19594d72c8740c1b86aa84357481a8e7db4bda5,1069,207628,1789654188273,1789654190243,1970,
2156,0x2546BcD3c84621e976D8185a91A922aE77ECEc30,0xbDA5747bFD65F08deb54cb465eB87D40e51B197E,true,true,false,0x29df6268bc45814cd293a87b269e1d22290038aa2d4553a996b6f01bc1a8ecae,1069,207628,1789654188273,1789654190243,1970,
2148,0x23618e81E3f5cdF7f54C3d65f7FBc0aBf5B21E8f,0xa0Ee7A142d267C1f36714E4a8F75612F20a79720,true,true,false,0x76d5561590b81ab8d4a3c9c58144895c7c2011cf4db56b25ffe420454c9b43ff,1069,207628,1789654188274,1789654190243,1969,
2255,0xcd3B766CCDd6AE721141F452C550Ca635964ce71,0x2546BcD3c84621e976D8185a91A922aE77ECEc30,true,true,false,0x864d7e955cd34703b3df5ae701a04c167f35ae06b3c84230b6e56ed8f79c5305,1069,207616,1789654188292,1789654190243,1951,
2256,0x2546BcD3c84621e976D8185a91A922aE77ECEc30,0xbDA5747bFD65F08deb54cb465eB87D40e51B197E,true,true,false,0x043cb0b0749c0cb3e45a0a73ce620e7dae3ac2488476e121c06a0ab2a6dce2c4,1069,207628,1789654188293,1789654190244,1951,
2149,0xa0Ee7A142d267C1f36714E4a8F75612F20a79720,0xBcd4042DE499D14e55001CcbB24a551F3b954096,true,true,false,0x573e247f617395b90d505d8d17ad7929eb9cc69465e89273e8bac476f55c0392,1069,207604,1789654188293,1789654190244,1951,
2139,0x8626f6940E2eb28930eFb4CeF49B2d1F2C9C1199,0x09DB0a93B389bEF724429898f539AEB7ac2Dd55f,true,true,false,0x02e4447e64651ba3793ffdae3519142b9641b938f8d931736d3f18f25ec1d848,1069,207628,1789654188293,1789654190244,1951,
2140,0x09DB0a93B389bEF724429898f539AEB7ac2Dd55f,0x70997970C51812dc3A010C7d01b50e0d17dc79C8,true,true,false,0x6f547777792a1230d8273f1a7c45129c48bae6d4c6f31ce7ecee3fd4e1fdda2b,1069,207628,1789654188294,1789654190075,1781,
2132,0xFABB0ac9d68B0B445fB7357272Ff202C5651694a,0x1CBd3b2770909D4e10f157cABC84C7264073C9Ec,true,true,false,0xb52e11fc2077bc50fc7e47045ccc2dc425284805b3df7a58afac26fa9b97a4e3,1069,207628,1789654188294,1789654190078,1784,
1172,0xFABB0ac9d68B0B445fB7357272Ff202C5651694a,0x1CBd3b2770909D4e10f157cABC84C7264073C9Ec,true,true,false,0xc6119fbb8b8db9f3d895a9dc20e4e5210288909c6dd97f8162e009968f26bb8c,1069,207628,1789654188295,1789654190078,1783,
1173,0x1CBd3b2770909D4e10f157cABC84C7264073C9Ec,0xdF3e18d64BC6A983f673Ab319CCaE4f1a57C7097,true,true,false,0xe5ab1592baea3d754f7c0929d73307c07bb9109478326100d21d5bcc335a726a,1069,207628,1789654188295,1789654190078,1783,
1174,0xdF3e18d64BC6A983f673Ab319CCaE4f1a57C7097,0xcd3B766CCDd6AE721141F452C550Ca635964ce71,true,true,false,0xc1cc16cc19eeb40f433eb3729593119899fcb363f0b1b8b9109fbeec1ddb2e02,1069,207628,1789654188295,1789654190078,1783,
1175,0xcd3B766CCDd6AE721141F452C550Ca635964ce71,0x2546BcD3c84621e976D8185a91A922aE77ECEc30,true,true,false,0x0e7842d0f79d85d2d29889e2b4b0607c2c8e38b03cfd72437894ed2c3c62d2bb,1069,207628,1789654188296,1789654190079,1783,
1176,0x2546BcD3c84621e976D8185a91A922aE77ECEc30,0xbDA5747bFD65F08deb54cb465eB87D40e51B197E,true,true,false,0x529e7700e21b0cc1131a173e117d4e87c453565d6d085a04c00604ff3ac9c5fe,1069,207628,1789654188296,1789654190079,1783,
1177,0xbDA5747bFD65F08deb54cb465eB87D40e51B197E,0xdD2FD4581271e230360230F9337D5c0430Bf44C0,true,true,false,0x5ba6a0325c349699f43a753160c47aaa312a61169cd90d014c377e321dfdfb0b,1069,207628,1789654188296,1789654190079,1783,
1178,0xdD2FD4581271e230360230F9337D5c0430Bf44C0,0x8626f6940E2eb28930eFb4CeF49B2d1F2C9C1199,true,true,false,0xe3878af0ee51748b2ed029261d9f352d29fec09cffcc600f8418bbb49f45deee,1069,207628,1789654188297,1789654190080,1783,
1179,0x8626f6940E2eb28930eFb4CeF49B2d1F2C9C1199,0x09DB0a93B389bEF724429898f539AEB7ac2Dd55f,true,true,false,0x0a2e33694efd3ab1430c5e4d2754823417fd10743004af49cadb59872c82123d,1069,207628,1789654188298,1789654190092,1794,
1180,0x09DB0a93B389bEF724429898f539AEB7ac2Dd55f,0x70997970C51812dc3A010C7d01b50e0d17dc79C8,true,true,false,0xf70c5978110d1137240c6c96b2600037eb40763e2e41377cdedfe570ad7b6348,1069,207628,1789654188298,1789654190092,1794,
1181,0x70997970C51812dc3A010C7d01b50e0d17dc79C8,0x3C44CdDdB6a900fa2b585dd299e03d12FA4293BC,true,true,false,0xf12a577d24c42fb7ac796056efb5f99b97508088caaaae31b9c87ebef91b3960,1069,207616,1789654188299,1789654190092,1793,
1182,0x3C44CdDdB6a900fa2b585dd299e03d12FA4293BC,0x90F79bf6EB2c4f870365E785982E1f101E93b906,true,true,false,0xc545f607c6606c2acd07537bb7058445c3374aa37a05ff7f5643c8190031b77b,1069,207616,1789654188299,1789654190092,1793,
1185,0x9965507D1a55bcC2695C58ba16FB37d819B0A4dc,0x976EA74026E726554dB657fA54763abd0C3a0aa9,true,true,false,0x6786dd48187f18f1d9939394645ad45c346270aabc0fa69124ca09009f840d26,1069,207628,1789654188300,1789654190093,1793,
1186,0x976EA74026E726554dB657fA54763abd0C3a0aa9,0x14dC79964da2C08b23698B3D3cc7Ca32193d9955,true,true,false,0xa909de28d96c5039db0f69d7785c487c741f81452c4ea275d11a90a658c67cc9,1069,207616,1789654188300,1789654190093,1793,
1187,0x14dC79964da2C08b23698B3D3cc7Ca32193d9955,0x23618e81E3f5cdF7f54C3d65f7FBc0aBf5B21E8f,true,true,false,0x1b4ae7423285d51a5b66f9b24b6c1385a4b73540d005e79988e50f2181c24457,1069,207628,1789654188300,1789654190093,1793,
1188,0x23618e81E3f5cdF7f54C3d65f7FBc0aBf5B21E8f,0xa0Ee7A142d267C1f36714E4a8F75612F20a79720,true,true,false,0x12fe06bfc0100d749db6826e093a16e919b5fedd65205deca18cc3ac47d510f5,1069,207628,1789654188301,1789654190094,1793,
1189,0xa0Ee7A142d267C1f36714E4a8F75612F20a79720,0xBcd4042DE499D14e55001CcbB24a551F3b954096,true,true,false,0x9c27feafe9d1965d1b3fadf581d834e4337fdeafaf90a124d5473be4ddec9f5a,1069,207604,1789654188301,1789654190094,1793,
1190,0xBcd4042DE499D14e55001CcbB24a551F3b954096,0x71bE63f3384f5fb98995898A86B02Fb2426c5788,true,true,false,0x3cf44ebd240658674136cd6785bc829e8cc5d3f78a13b5dfb233b1d2d56a9b21,1069,207616,1789654188301,1789654190094,1793,
1191,0x71bE63f3384f5fb98995898A86B02Fb2426c5788,0xFABB0ac9d68B0B445fB7357272Ff202C5651694a,true,true,false,0x5b7a4e6421f1edbe522d3c8e8e0b4a8742dbce225971707cc67957e27c5881c0,1069,207628,1789654188301,1789654190095,1794,
1192,0xFABB0ac9d68B0B445fB7357272Ff202C5651694a,0x1CBd3b2770909D4e10f157cABC84C7264073C9Ec,true,true,false,0xa59639dea874d7d7af9ed281b8f3f919a6ea8422ce829de5fca2727441502bf6,1069,207628,1789654188302,1789654190095,1793,
1193,0x1CBd3b2770909D4e10f157cABC84C7264073C9Ec,0xdF3e18d64BC6A983f673Ab319CCaE4f1a57C7097,true,true,false,0xb284e5c4c5faaf6d639a9dd839c6445e102af78574613d069e2020d0067f7699,1069,207616,1789654188302,1789654190095,1793,
1194,0xdF3e18d64BC6A983f673Ab319CCaE4f1a57C7097,0xcd3B766CCDd6AE721141F452C550Ca635964ce71,true,true,false,0x96d2d36c951857039af767f8c29d9ebdd83b9ac317c370807766fee9feb3e3a3,1069,207628,1789654188302,1789654190096,1794,
1195,0xcd3B766CCDd6AE721141F452C550Ca635964ce71,0x2546BcD3c84621e976D8185a91A922aE77ECEc30,true,true,false,0x239b31d82d9f6273258ef5c1df210ac2006c22bcba0ad835b799c542885d6385,1069,207604,1789654188303,1789654190096,1793,
1196,0x2546BcD3c84621e976D8185a91A922aE77ECEc30,0xbDA5747bFD65F08deb54cb465eB87D40e51B197E,true,true,false,0xde4d8eeef70460004d491b143febbc25f0dc734dba227c0089392e58b6039b71,1069,207628,1789654188303,1789654190096,1793,
1197,0xbDA5747bFD65F08deb54cb465eB87D40e51B197E,0xdD2FD4581271e230360230F9337D5c0430Bf44C0,true,true,false,0x043283f54805125a47c112476e7c32794eb9c3b6e0ba15690f03cc79ab68241b,1069,207628,1789654188303,1789654190097,1794,
1198,0xdD2FD4581271e230360230F9337D5c0430Bf44C0,0x8626f6940E2eb28930eFb4CeF49B2d1F2C9C1199,true,true,false,0xf8652ca3386319cc76d8b079aa84a835a3e058c8912df1b6efe424d6b0bcc6a6,1069,207628,1789654188303,1789654190097,1794,
1199,0x8626f6940E2eb28930eFb4CeF49B2d1F2C9C1199,0x09DB0a93B389bEF724429898f539AEB7ac2Dd55f,true,true,false,0x47b45a3286a31646b50cc46dd83875b5982728716e0aa7785ac539e23640efdd,1069,207616,1789654188304,1789654190098,1794,
1200,0x09DB0a93B389bEF724429898f539AEB7ac2Dd55f,0x70997970C51812dc3A010C7d01b50e0d17dc79C8,true,true,false,0x5aee2f87152be0103f11eb1c2267c9ee20e6162d88dc5d538c3d1817859b8263,1069,207628,1789654188304,1789654190098,1794,
1201,0x70997970C51812dc3A010C7d01b50e0d17dc79C8,0x3C44CdDdB6a900fa2b585dd299e03d12FA4293BC,true,true,false,0x5fb061c44e4568593e1ccfde7647587b6a7babad96e920940c51fdb2eda2e98e,1069,207616,1789654188304,1789654190098,1794,
1202,0x3C44CdDdB6a900fa2b585dd299e03d12FA4293BC,0x90F79bf6EB2c4f870365E785982E1f101E93b906,true,true,false,0x8b6f181ecd076d24d80210fbd96d2ef6ebde66f5bc9284f0ad73d9e820eead19,1069,207616,1789654188305,1789654190099,1794,
1203,0x90F79bf6EB2c4f870365E785982E1f101E93b906,0x15d34AAf54267DB7D7c367839AAf71A00a2C6A65,true,true,false,0x832ed7b8bb73161e9e3e758d3ac0b496d22e49259b5d73665d7a0b5abda1eb88,1069,207628,1789654188305,1789654190099,1794,
1204,0x15d34AAf54267DB7D7c367839AAf71A00a2C6A65,0x9965507D1a55bcC2695C58ba16FB37d819B0A4dc,true,true,false,0x812e2e6e9eb2fa71d937d8dac0871741670eb13d47ff50c7454c3f91de5d8c2f,1069,207628,1789654188305,1789654190099,1794,
1205,0x9965507D1a55bcC2695C58ba16FB37d819B0A4dc,0x976EA74026E726554dB657fA54763abd0C3a0aa9,true,true,false,0x8678e502dded464aa1370ffb7bb96fafe63643566f7a37897c897b9a36e51e87,1069,207628,1789654188306,1789654190100,1794,
1206,0x976EA74026E726554dB657fA54763abd0C3a0aa9,0x14dC79964da2C08b23698B3D3cc7Ca32193d9955,true,true,false,0x95b4c9eeb440395592d5511ab2072d3b137969cf75b6bc46cecb44ff81767cb0,1069,207628,1789654188306,1789654190100,1794,
1207,0x14dC79964da2C08b23698B3D3cc7Ca32193d9955,0x23618e81E3f5cdF7f54C3d65f7FBc0aBf5B21E8f,true,true,false,0xbcddc19faf79710b7810fdd72a8416bc765d01965fcddd087eb2cddb3c453e48,1069,207616,1789654188306,1789654190100,1794,
2257,0xbDA5747bFD65F08deb54cb465eB87D40e51B197E,0xdD2FD4581271e230360230F9337D5c0430Bf44C0,true,true,false,0x3b81ed60cf89412bee3ac88c2b2fbf957c187c3bde3ba2095319e1123734014b,1069,207628,1789654188314,1789654190100,1786,
2258,0xdD2FD4581271e230360230F9337D5c0430Bf44C0,0x8626f6940E2eb28930eFb4CeF49B2d1F2C9C1199,true,true,false,0x5c74bfc0a9a7745c05c56f943a9c3326ded787733b9a1f861e0ed2604879b2fc,1069,207628,1789654188315,1789654190101,1786,
1208,0x23618e81E3f5cdF7f54C3d65f7FBc0aBf5B21E8f,0xa0Ee7A142d267C1f36714E4a8F75612F20a79720,true,true,false,0x4f690e854c27d3ef37f884788d2cbc617ffe0a983cbb8d11a76170abdfb667af,1069,207628,1789654188316,1789654190101,1785,
1209,0xa0Ee7A142d267C1f36714E4a8F75612F20a79720,0xBcd4042DE499D14e55001CcbB24a551F3b954096,true,true,false,0x1e3893b95bbc5abfd835da9ba0eadb11153ef3724605c568f22bbafe76981c8c,1069,207604,1789654188316,1789654190101,1785,
1210,0xBcd4042DE499D14e55001CcbB24a551F3b954096,0x71bE63f3384f5fb98995898A86B02Fb2426c5788,true,true,false,0x170de4a3b028f238390cc89077f9964445d6922ff49ac950789ff458859e2e62,1069,207616,1789654188317,1789654190101,1784,
1211,0x71bE63f3384f5fb98995898A86B02Fb2426c5788,0xFABB0ac9d68B0B445fB7357272Ff202C5651694a,true,true,false,0x63a0dcadd6cbd5a5d6d7ffcf895ea52b740853527ed5180af76fd9ad6d1be5a2,1069,207628,1789654188317,1789654190102,1785,
1212,0xFABB0ac9d68B0B445fB7357272Ff202C5651694a,0x1CBd3b2770909D4e10f157cABC84C7264073C9Ec,true,true,false,0x6a0371b00742d590415290f61048b7900a7af1e668371b58e62d7f139e199be6,1069,207628,1789654188317,1789654190102,1785,
1213,0x1CBd3b2770909D4e10f157cABC84C7264073C9Ec,0xdF3e18d64BC6A983f673Ab319CCaE4f1a57C7097,true,true,false,0x2b5616b38663651446bc626c38be43cf75f3e31803652af6ed54f62e594891e5,1069,207616,1789654188318,1789654190102,1784,
1214,0xdF3e18d64BC6A983f673Ab319CCaE4f1a57C7097,0xcd3B766CCDd6AE721141F452C550Ca635964ce71,true,true,false,0xd94057cf9484cda4e94dff6640d4c72e738f2bf7d81fe57dfe6846fb6099daef,1069,207628,1789654188318,1789654190102,1784,
1215,0xcd3B766CCDd6AE721141F452C550Ca635964ce71,0x2546BcD3c84621e976D8185a91A922aE77ECEc30,true,true,false,0xb4f7a89c1dbaa79c31b459c012cbc5a637675ef71cb12e8998865660f8cb6040,1069,207616,1789654188318,1789654190103,1785,
1216,0x2546BcD3c84621e976D8185a91A922aE77ECEc30,0xbDA5747bFD65F08deb54cb465eB87D40e51B197E,true,true,false,0x7812e44f053e6cd02fbdb61622f7f07320d77c7ca0dc49564fefece8a3cb775f,1069,207628,1789654188318,1789654190103,1785,
1217,0xbDA5747bFD65F08deb54cb465eB87D40e51B197E,0xdD2FD4581271e230360230F9337D5c0430Bf44C0,true,true,false,0xd71cb430d47437f33ea7f93be4cc35417bb8c31585e8cd036676637c0f50cb6b,1069,207616,1789654188319,1789654190103,1784,
1218,0xdD2FD4581271e230360230F9337D5c0430Bf44C0,0x8626f6940E2eb28930eFb4CeF49B2d1F2C9C1199,true,true,false,0x41cd5a1a5c054d80fd1a90387ef5e0827c67a934eb4a5f38465161c7fbe6363e,1069,207616,1789654188320,1789654190104,1784,
1223,0x90F79bf6EB2c4f870365E785982E1f101E93b906,0x15d34AAf54267DB7D7c367839AAf71A00a2C6A65,true,true,false,0x048b9dd70f737a60cad2357945c7f3dcd650679b5cf2d04cf6d7adc0526d5169,1069,207628,1789654188320,1789654190104,1784,
1225,0x9965507D1a55bcC2695C58ba16FB37d819B0A4dc,0x976EA74026E726554dB657fA54763abd0C3a0aa9,true,true,false,0x266f863c320823cc2f903a81436bb84de6b23dfbc09a5d88288245cd23ebfd2f,1069,207628,1789654188320,1789654190104,1784,
1229,0xa0Ee7A142d267C1f36714E4a8F75612F20a79720,0xBcd4042DE499D14e55001CcbB24a551F3b954096,true,true,false,0xde7fada5e607a02676c84dda38d79d53f0da5601f74424ebf3f153d387615d0c,1069,207616,1789654188321,1789654190104,1783,
1236,0x2546BcD3c84621e976D8185a91A922aE77ECEc30,0xbDA5747bFD65F08deb54cb465eB87D40e51B197E,true,true,false,0x82c3b9e485a9b0e5562ae7fb08abbd5b056101477c0a75ca100d942c1ba44c60,1069,207628,1789654188321,1789654190104,1783,
1237,0xbDA5747bFD65F08deb54cb465eB87D40e51B197E,0xdD2FD4581271e230360230F9337D5c0430Bf44C0,true,true,false,0xe3db5a05806ff72ba51894b195219c1bff0ba760b2ad0e1b13dc794ea41b69c3,1069,207628,1789654188321,1789654190105,1784,
1238,0xdD2FD4581271e230360230F9337D5c0430Bf44C0,0x8626f6940E2eb28930eFb4CeF49B2d1F2C9C1199,true,true,false,0x7a4222f2b2dc76c6bf6575d10099981ac445dab63717ad2e42eece3dfa6e7d34,1069,207628,1789654188321,1789654190105,1784,
1239,0x8626f6940E2eb28930eFb4CeF49B2d1F2C9C1199,0x09DB0a93B389bEF724429898f539AEB7ac2Dd55f,true,true,false,0xa77c446fc585eca1e9db0b220e5b2ddfe01bbca50587d60b382be9a52b72286e,1069,207628,1789654188322,1789654190105,1783,
1240,0x09DB0a93B389bEF724429898f539AEB7ac2Dd55f,0x70997970C51812dc3A010C7d01b50e0d17dc79C8,true,true,false,0xad3dc9e67ee55de72ee4b4a28d71f8f583be3b53214260c1a169a875cab217f9,1069,207628,1789654188322,1789654190105,1783,
1243,0x90F79bf6EB2c4f870365E785982E1f101E93b906,0x15d34AAf54267DB7D7c367839AAf71A00a2C6A65,true,true,false,0x15593635e96ab443e9ca6ea7380ee90b505e6436f759a5ec380e3b51507e46f2,1069,207628,1789654188322,1789654190105,1783,
1244,0x15d34AAf54267DB7D7c367839AAf71A00a2C6A65,0x9965507D1a55bcC2695C58ba16FB37d819B0A4dc,true,true,false,0xabbd1892ade9586bb329b6ea91d554663a80d4eb7298db0c67db113d7902146d,1069,207628,1789654188323,1789654190106,1783,
1245,0x9965507D1a55bcC2695C58ba16FB37d819B0A4dc,0x976EA74026E726554dB657fA54763abd0C3a0aa9,true,true,false,0x56a32fa5360b6af5f07ffd8cf7acc8dd6e9ef9df5741e16b3d015b5230c96b68,1069,207628,1789654188323,1789654190160,1837,
1246,0x976EA74026E726554dB657fA54763abd0C3a0aa9,0x14dC79964da2C08b23698B3D3cc7Ca32193d9955,true,true,false,0x59a22e59ca942b161c97f8c8efe30c5afe396e6b48ef96d513b6b1e5a8ed1276,1069,207628,1789654188323,1789654190161,1838,
1247,0x14dC79964da2C08b23698B3D3cc7Ca32193d9955,0x23618e81E3f5cdF7f54C3d65f7FBc0aBf5B21E8f,true,true,false,0x3dd4a80db4c65bcc817e2c6d82f43224ae37f41011e8291824e06e05d6baa38b,1069,207628,1789654188323,1789654190161,1838,
1248,0x23618e81E3f5cdF7f54C3d65f7FBc0aBf5B21E8f,0xa0Ee7A142d267C1f36714E4a8F75612F20a79720,true,true,false,0x7ae8b322532d0bd1184bdd6ed8ce031b8e5b0091e1bddd2cced2a815e1ddbf07,1069,207628,1789654188324,1789654190161,1837,
1249,0xa0Ee7A142d267C1f36714E4a8F75612F20a79720,0xBcd4042DE499D14e55001CcbB24a551F3b954096,true,true,false,0x0178dd066797f320c1e65a4471d7fc08913d70fbedd714031d23a070992ca358,1069,207616,1789654188324,1789654190161,1837,
1250,0xBcd4042DE499D14e55001CcbB24a551F3b954096,0x71bE63f3384f5fb98995898A86B02Fb2426c5788,true,true,false,0xcf4fc48577ab230f1fbaf4fc8aa1e7602667dd48c7fee576b85f73979d72aff9,1069,207616,1789654188324,1789654190162,1838,
1251,0x71bE63f3384f5fb98995898A86B02Fb2426c5788,0xFABB0ac9d68B0B445fB7357272Ff202C5651694a,true,true,false,0x5ff03c5326518e665a7cd4ca624becdc3b84ed67151572dde4bde98edba941d9,1069,207628,1789654188325,1789654190162,1837,
1252,0xFABB0ac9d68B0B445fB7357272Ff202C5651694a,0x1CBd3b2770909D4e10f157cABC84C7264073C9Ec,true,true,false,0xd0a967f39a1603c64e4660c8719457beeac7d4653fbffee2feea98ee53d9aee8,1069,207628,1789654188325,1789654190162,1837,
1253,0x1CBd3b2770909D4e10f157cABC84C7264073C9Ec,0xdF3e18d64BC6A983f673Ab319CCaE4f1a57C7097,true,true,false,0x4d9b8bc05b0a2c5b9b3e73444b8de740927bd186b680d98b8b300a6836f69fe2,1069,207628,1789654188325,1789654190162,1837,
1255,0xcd3B766CCDd6AE721141F452C550Ca635964ce71,0x2546BcD3c84621e976D8185a91A922aE77ECEc30,true,true,false,0x7c9d67857039cbf4e8827f62af066546670d30f04913fb4f9de9f8678eaf5bb2,1069,207628,1789654188325,1789654190162,1837,
1256,0x2546BcD3c84621e976D8185a91A922aE77ECEc30,0xbDA5747bFD65F08deb54cb465eB87D40e51B197E,true,true,false,0xc876b20634fde54262daa8f56b1516a3fa46a9f208caf7fa34d25a38d04e769f,1069,207616,1789654188326,1789654190163,1837,
1257,0xbDA5747bFD65F08deb54cb465eB87D40e51B197E,0xdD2FD4581271e230360230F9337D5c0430Bf44C0,true,true,false,0xc9df7dc021f1bceccfb2c3abb1298b13bc498503905fd9ed2ba2c0c86f3082ac,1069,207628,1789654188326,1789654190163,1837,
1258,0xdD2FD4581271e230360230F9337D5c0430Bf44C0,0x8626f6940E2eb28930eFb4CeF49B2d1F2C9C1199,true,true,false,0xbbccf3357d54b2ff8e95144cb6c6f66d724fdb9b6f83ac88c5b9c00c3cd9c222,1069,207628,1789654188326,1789654190163,1837,
1259,0x8626f6940E2eb28930eFb4CeF49B2d1F2C9C1199,0x09DB0a93B389bEF724429898f539AEB7ac2Dd55f,true,true,false,0x52632a0fdca233fb4f52468e876906e9dab327d5bd6b53e8d88d06bb4c6fd5c5,1069,207628,1789654188327,1789654190163,1836,
1260,0x09DB0a93B389bEF724429898f539AEB7ac2Dd55f,0x70997970C51812dc3A010C7d01b50e0d17dc79C8,true,true,false,0x161772fa2d12a8199d908c4b24c3138de689eaa39fd90e7f93bc4c2735291df1,1069,207628,1789654188327,1789654190164,1837,
1261,0x70997970C51812dc3A010C7d01b50e0d17dc79C8,0x3C44CdDdB6a900fa2b585dd299e03d12FA4293BC,true,true,false,0x8cc294517a8b3e25077a65533c4cd493a250a369e3b85bdcab7b450814efaa7b,1069,207616,1789654188327,1789654190164,1837,
1262,0x3C44CdDdB6a900fa2b585dd299e03d12FA4293BC,0x90F79bf6EB2c4f870365E785982E1f101E93b906,true,true,false,0xf9ec5adbdb1e1a86144cee62063f0962cfefc77de92199525708fe6dcf0f3d6d,1069,207604,1789654188329,1789654190164,1835,
1263,0x90F79bf6EB2c4f870365E785982E1f101E93b906,0x15d34AAf54267DB7D7c367839AAf71A00a2C6A65,true,true,false,0x3639d34cc795198a7aef6e1bd53fa63d166ff07439ea54b78ece36bbc97a8a7c,1069,207616,1789654188330,1789654190165,1835,
1264,0x15d34AAf54267DB7D7c367839AAf71A00a2C6A65,0x9965507D1a55bcC2695C58ba16FB37d819B0A4dc,true,true,false,0xbd7333be41aedaabd0f854379cdaf5be698d7b5f9d4e3af9edb546d6fbf3905e,1069,207604,1789654188330,1789654190165,1835,
1265,0x9965507D1a55bcC2695C58ba16FB37d819B0A4dc,0x976EA74026E726554dB657fA54763abd0C3a0aa9,true,true,false,0xbedf9c7b998383c0842a8daab5119a0bd22cb052f2c8a255d86449de5df94ab4,1069,207628,1789654188331,1789654190165,1834,
2403,0x90F79bf6EB2c4f870365E785982E1f101E93b906,0x15d34AAf54267DB7D7c367839AAf71A00a2C6A65,true,true,false,0xd21b59613c7e85d88daec63a9502c46bec58f7c45c7fb3db2bbe3a422676d40d,1070,207628,1789654190267,1789654192145,1878,
2404,0x15d34AAf54267DB7D7c367839AAf71A00a2C6A65,0x9965507D1a55bcC2695C58ba16FB37d819B0A4dc,true,true,false,0x236afcdef9f156b694336a0af1af894af34d3ee226d9239408c6ee162df99dd0,1070,207628,1789654190268,1789654192145,1877,
2386,0x976EA74026E726554dB657fA54763abd0C3a0aa9,0x14dC79964da2C08b23698B3D3cc7Ca32193d9955,true,true,false,0xb214e4cd2c3921271c765c128398e1a56333f668f4ba7440cb87a0c98850c87c,1070,207616,1789654190268,1789654192145,1877,
2387,0x14dC79964da2C08b23698B3D3cc7Ca32193d9955,0x23618e81E3f5cdF7f54C3d65f7FBc0aBf5B21E8f,true,true,false,0xb8be9220d088679915f18fdf0ec46857dd634cfb055e53beb0b679e7b06b4767,1070,207628,1789654190269,1789654192145,1876,
2374,0xdF3e18d64BC6A983f673Ab319CCaE4f1a57C7097,0xcd3B766CCDd6AE721141F452C550Ca635964ce71,true,true,false,0x6708af95d2ebc60b5b56338444e6a7b537522da7f51682a284d9056cb69b815d,1070,207616,1789654190269,1789654192145,1876,
2375,0xcd3B766CCDd6AE721141F452C550Ca635964ce71,0x2546BcD3c84621e976D8185a91A922aE77ECEc30,true,true,false,0xc9a43888ceccd2d5f1d35c923ccaf3912b40934cd9ea31dc4ed25830b8e7d347,1070,207628,1789654190270,1789654192146,1876,
2369,0xa0Ee7A142d267C1f36714E4a8F75612F20a79720,0xBcd4042DE499D14e55001CcbB24a551F3b954096,true,true,false,0xe5526ff58a4454b4e96df38138d07a4dcec8c87591b5d0dee0e74198b1bab128,1070,207616,1789654190271,1789654192146,1875,
2370,0xBcd4042DE499D14e55001CcbB24a551F3b954096,0x71bE63f3384f5fb98995898A86B02Fb2426c5788,true,true,false,0x0504b29da6f64b77e67f5a64a8db73fa6280d4daa74f1bf97d3b645cf34fb096,1070,207616,1789654190271,1789654192146,1875,
2361,0x70997970C51812dc3A010C7d01b50e0d17dc79C8,0x3C44CdDdB6a900fa2b585dd299e03d12FA4293BC,true,true,false,0xe5fe9df42c805ce27b0d277597da817dfb793ed33121ebeec1878241af412c38,1070,207604,1789654190272,1789654192146,1874,
2345,0x9965507D1a55bcC2695C58ba16FB37d819B0A4dc,0x976EA74026E726554dB657fA54763abd0C3a0aa9,true,true,false,0x127f5e0ab791bc838153ada9569ee838ca829468e0a848d1e873ee61fc5ef533,1070,207616,1789654190272,1789654192146,1874,
2346,0x976EA74026E726554dB657fA54763abd0C3a0aa9,0x14dC79964da2C08b23698B3D3cc7Ca32193d9955,true,true,false,0x64b2f742a69d5771b90f73a266d72b773c3ec703db2c39aeaf399d1c6b72618c,1070,207616,1789654190273,1789654192146,1873,
2315,0xcd3B766CCDd6AE721141F452C550Ca635964ce71,0x2546BcD3c84621e976D8185a91A922aE77ECEc30,true,true,false,0x55fdc32a96a698a4bdfe86a9e8dc6968d911ac241f77d7797c30c5d4f93fee65,1070,207628,1789654190273,1789654192147,1874,
2316,0x2546BcD3c84621e976D8185a91A922aE77ECEc30,0xbDA5747bFD65F08deb54cb465eB87D40e51B197E,true,true,false,0x7c6f7a51dd0860367b29b57dd034ce8810b68bc0e56554d7cc59103f0a3b98fa,1070,207628,1789654190273,1789654192147,1874,
2290,0xBcd4042DE499D14e55001CcbB24a551F3b954096,0x71bE63f3384f5fb98995898A86B02Fb2426c5788,true,true,false,0xf9cad95553defd2f443316b13c5480d97e38b073682aecb60ee78e2b12e57199,1070,207616,1789654190274,1789654192147,1873,
2291,0x71bE63f3384f5fb98995898A86B02Fb2426c5788,0xFABB0ac9d68B0B445fB7357272Ff202C5651694a,true,true,false,0x571ac12dfa31667f59c04571e480d5b9d686ea84f764d0e4814922da88f4ee7e,1070,207628,1789654190274,1789654192148,1874,
2284,0x15d34AAf54267DB7D7c367839AAf71A00a2C6A65,0x9965507D1a55bcC2695C58ba16FB37d819B0A4dc,true,true,false,0x6fef926473c3b4d8cf9d46f091ae58067d956938a52e2ee9cf16664aa81e02ab,1070,207628,1789654190275,1789654192148,1873,
2259,0x8626f6940E2eb28930eFb4CeF49B2d1F2C9C1199,0x09DB0a93B389bEF724429898f539AEB7ac2Dd55f,true,true,false,0x19a5566a2a4603854719d1e5cf8c70a9d65d531a2f49c5b87815ea1bcd44cf21,1070,207628,1789654190275,1789654192148,1873,
2260,0x09DB0a93B389bEF724429898f539AEB7ac2Dd55f,0x70997970C51812dc3A010C7d01b50e0d17dc79C8,true,true,false,0xa6d4255faf73ac640320841db051b1c9d487b8e4c5282f704c6aefa3c3857b34,1070,207616,1789654190276,1789654192148,1872,
1266,0x976EA74026E726554dB657fA54763abd0C3a0aa9,0x14dC79964da2C08b23698B3D3cc7Ca32193d9955,true,true,false,0x1e6df7cdc05e49ca8ffdd561f354a36c06938532f01ded9bb729d1ac86782a26,1070,207628,1789654190276,1789654192149,1873,
1269,0xa0Ee7A142d267C1f36714E4a8F75612F20a79720,0xBcd4042DE499D14e55001CcbB24a551F3b954096,true,true,false,0x5b28205cbac304c5bb9ff8fe0f5f0cc442b0f784950480838baebccd94851107,1070,207616,1789654190277,1789654192149,1872,
1270,0xBcd4042DE499D14e55001CcbB24a551F3b954096,0x71bE63f3384f5fb98995898A86B02Fb2426c5788,true,true,false,0x8dab5f30562ed645098e9800b751cc63b81fbb8737d10bcd63cbec49a0be35a9,1070,207616,1789654190277,1789654192149,1872,
1271,0x71bE63f3384f5fb98995898A86B02Fb2426c5788,0xFABB0ac9d68B0B445fB7357272Ff202C5651694a,true,true,false,0x2d1e8641e2f9c77306036459f4bbd848e51957f723b6982d434f3d48ca008cf8,1070,207616,1789654190278,1789654192149,1871,
1272,0xFABB0ac9d68B0B445fB7357272Ff202C5651694a,0x1CBd3b2770909D4e10f157cABC84C7264073C9Ec,true,true,false,0xc05dc9b36b4fff10917410edbe4e17d0322be76ae79f6f072a9ab341e40679f3,1070,207628,1789654190280,1789654192149,1869,
1273,0x1CBd3b2770909D4e10f157cABC84C7264073C9Ec,0xdF3e18d64BC6A983f673Ab319CCaE4f1a57C7097,true,true,false,0xf4e73c3f581848bde19e7f094f36ecf7e9aad9aacf3283ca2e885b6fe0b9d81f,1070,207628,1789654190281,1789654192150,1869,
1274,0xdF3e18d64BC6A983f673Ab319CCaE4f1a57C7097,0xcd3B766CCDd6AE721141F452C550Ca635964ce71,true,true,false,0x8373e552957999ecf9436d0c1b927dce2b89e57bb8e5a2982a58a70c87aa706d,1070,207616,1789654190282,1789654192150,1868,
1275,0xcd3B766CCDd6AE721141F452C550Ca635964ce71,0x2546BcD3c84621e976D8185a91A922aE77ECEc30,true,true,false,0x77e3eb1d73b2b98effb21c7758feedb010ee10bba8f68d9bf2cc43979413062a,1070,207628,1789654190283,1789654192150,1867,
1276,0x2546BcD3c84621e976D8185a91A922aE77ECEc30,0xbDA5747bFD65F08deb54cb465eB87D40e51B197E,true,true,false,0x43ef2f9e35b6801a018923bb008aaf4ac80ebafe205521e72065b9c898f76580,1070,207616,1789654190283,1789654192150,1867,
1277,0xbDA5747bFD65F08deb54cb465eB87D40e51B197E,0xdD2FD4581271e230360230F9337D5c0430Bf44C0,true,true,false,0xd272656b030cec9e0626f670881d130d89fa06f44c88bd12e0990f2d3607da52,1070,207628,1789654190284,1789654192150,1866,
1278,0xdD2FD4581271e230360230F9337D5c0430Bf44C0,0x8626f6940E2eb28930eFb4CeF49B2d1F2C9C1199,true,true,false,0x378b9c30ddee193556d450dd279f43ddbf7b50aa02daaa601d41cfbf2e6bc111,1070,207628,1789654190284,1789654192150,1866,
1279,0x8626f6940E2eb28930eFb4CeF49B2d1F2C9C1199,0x09DB0a93B389bEF724429898f539AEB7ac2Dd55f,true,true,false,0x1fe1aee273e1e48c460c39b0bedf0f8b2dc63c71998d3bc31cd4b436e65920f7,1070,207628,1789654190284,1789654192151,1867,
1280,0x09DB0a93B389bEF724429898f539AEB7ac2Dd55f,0x70997970C51812dc3A010C7d01b50e0d17dc79C8,true,true,false,0x4fa6ae10a1664709a5e35ec62b0b75062c2a293a68be1e23f2c6e06ef0d6ff56,1070,207616,1789654190285,1789654192151,1866,
1281,0x70997970C51812dc3A010C7d01b50e0d17dc79C8,0x3C44CdDdB6a900fa2b585dd299e03d12FA4293BC,true,true,false,0xf50fd5f64f5b3d422fedce331281ab483d93efd279c18a3bb7c10d1d34760286,1070,207616,1789654190285,1789654192151,1866,
1282,0x3C44CdDdB6a900fa2b585dd299e03d12FA4293BC,0x90F79bf6EB2c4f870365E785982E1f101E93b906,true,true,false,0x64ef61493813a64e75ea8168f9407b848a1cd4b8ed14767514ffca110e21ae71,1070,207616,1789654190285,1789654192151,1866,
1283,0x90F79bf6EB2c4f870365E785982E1f101E93b906,0x15d34AAf54267DB7D7c367839AAf71A00a2C6A65,true,true,false,0x21065eb3eb850079ebd156b1d249f75452c964171a9ada83ed64973f51371b20,1070,207616,1789654190286,1789654192151,1865,
1284,0x15d34AAf54267DB7D7c367839AAf71A00a2C6A65,0x9965507D1a55bcC2695C58ba16FB37d819B0A4dc,true,true,false,0xc8390f01a60f5840f1875eaa852d759491b21198d766d66b33acc0784a0602c7,1070,207616,1789654190287,1789654192151,1864,
1285,0x9965507D1a55bcC2695C58ba16FB37d819B0A4dc,0x976EA74026E726554dB657fA54763abd0C3a0aa9,true,true,false,0x25718a52c2cda6d4580755af07f95a15d02eefa34e209b0ad849093a99819a2f,1070,207628,1789654190287,1789654192152,1865,
1286,0x976EA74026E726554dB657fA54763abd0C3a0aa9,0x14dC79964da2C08b23698B3D3cc7Ca32193d9955,true,true,false,0x86fd4f2e1c90c8e94d65b840a07e09b7d60464c627d43b01219bf3eb1229f3af,1070,207628,1789654190288,1789654192152,1864,
1287,0x14dC79964da2C08b23698B3D3cc7Ca32193d9955,0x23618e81E3f5cdF7f54C3d65f7FBc0aBf5B21E8f,true,true,false,0x4161b3e19d2d318d76f7595fb018cd32a1d0a7797ffc1ebb835ca6ebebdb7de3,1070,207628,1789654190288,1789654192152,1864,
1288,0x23618e81E3f5cdF7f54C3d65f7FBc0aBf5B21E8f,0xa0Ee7A142d267C1f36714E4a8F75612F20a79720,true,true,false,0x668f02f05c3fbe343dbb885f7121bdaaadcea0040c4ab1e6f7ac75afc338180f,1070,207628,1789654190289,1789654192152,1863,
1289,0xa0Ee7A142d267C1f36714E4a8F75612F20a79720,0xBcd4042DE499D14e55001CcbB24a551F3b954096,true,true,false,0xdaf65e70784a9cac73ac30695ad0ed8b95be368fe37a6a31e94ea0f30c7529b6,1070,207616,1789654190289,1789654192152,1863,
1290,0xBcd4042DE499D14e55001CcbB24a551F3b954096,0x71bE63f3384f5fb98995898A86B02Fb2426c5788,true,true,false,0x337830ea70acf2a37dcbc1a60387d6c9b71506c29a2b32edfc947ee3d225bc67,1070,207616,1789654190289,1789654192152,1863,
1291,0x71bE63f3384f5fb98995898A86B02Fb2426c5788,0xFABB0ac9d68B0B445fB7357272Ff202C5651694a,true,true,false,0xf5c886c9c604dbdf5f0c85c45d0185e8234d6729bf37c7145f3d7b5b72f737fe,1070,207628,1789654190290,1789654192153,1863,
1292,0xFABB0ac9d68B0B445fB7357272Ff202C5651694a,0x1CBd3b2770909D4e10f157cABC84C7264073C9Ec,true,true,false,0x4108c410a5e432d5abd2483fee7317d11e43dfd17a468d558da393a7e629856c,1070,207628,1789654190290,1789654192153,1863,
1293,0x1CBd3b2770909D4e10f157cABC84C7264073C9Ec,0xdF3e18d64BC6A983f673Ab319CCaE4f1a57C7097,true,true,false,0x0772579e4bcdcc1b2b3b9124e73c4151578ac79b9fa7acc001cc7edcbda011c1,1070,207628,1789654190291,1789654192153,1862,
1294,0xdF3e18d64BC6A983f673Ab319CCaE4f1a57C7097,0xcd3B766CCDd6AE721141F452C550Ca635964ce71,true,true,false,0xdcdc81f4987de3f12de168f1c55c7a2f88431f9aadb17c4aedbf81885080c2aa,1070,207628,1789654190291,1789654192189,1898,
1295,0xcd3B766CCDd6AE721141F452C550Ca635964ce71,0x2546BcD3c84621e976D8185a91A922aE77ECEc30,true,true,false,0xe2dbf48040a99df29a939205a13ba83119232f2d599d315ea6be8bf4f2c06327,1070,207616,1789654190292,1789654192189,1897,
1296,0x2546BcD3c84621e976D8185a91A922aE77ECEc30,0xbDA5747bFD65F08deb54cb465eB87D40e51B197E,true,true,false,0x86bbda62b6d575662135c7f1c88dd145b58cb2172f26502c39fa452217ac20a1,1070,207628,1789654190292,1789654192190,1898,
1297,0xbDA5747bFD65F08deb54cb465eB87D40e51B197E,0xdD2FD4581271e230360230F9337D5c0430Bf44C0,true,true,false,0xdaae01a74f44ad36c86f1cfc6fe9244e5bf286034cc0c818b9e644f709ba6c00,1070,207628,1789654190293,1789654192190,1897,
1298,0xdD2FD4581271e230360230F9337D5c0430Bf44C0,0x8626f6940E2eb28930eFb4CeF49B2d1F2C9C1199,true,true,false,0xcd56cd23a94b9af98ccab85694b0b1bb5176b125f39687973504ee7f90579a5d,1070,207616,1789654190293,1789654192190,1897,
1299,0x8626f6940E2eb28930eFb4CeF49B2d1F2C9C1199,0x09DB0a93B389bEF724429898f539AEB7ac2Dd55f,true,true,false,0xdb591605a7ebf463780973a25595a354d002d7fd726e2877050fdddd4ce926cf,1070,207628,1789654190294,1789654192190,1896,
1302,0x3C44CdDdB6a900fa2b585dd299e03d12FA4293BC,0x90F79bf6EB2c4f870365E785982E1f101E93b906,true,true,false,0x24f6b946070ea0aa56e8c1b55aacdfb42fab7a590a7a3b4b10786ebddf058457,1070,207616,1789654190294,1789654192190,1896,
1303,0x90F79bf6EB2c4f870365E785982E1f101E93b906,0x15d34AAf54267DB7D7c367839AAf71A00a2C6A65,true,true,false,0xc55ff4856307bc5c8d32ed955e4831e4e859dc921db1d3e002e0ab10bbd9876b,1070,207628,1789654190295,1789654192190,1895,
1304,0x15d34AAf54267DB7D7c367839AAf71A00a2C6A65,0x9965507D1a55bcC2695C58ba16FB37d819B0A4dc,true,true,false,0x0fbd913f889fe59587acdd02fa2b15c981bfd9c93dfd2eb6f4a98c5cbe3bf4a8,1070,207628,1789654190295,1789654192191,1896,
1305,0x9965507D1a55bcC2695C58ba16FB37d819B0A4dc,0x976EA74026E726554dB657fA54763abd0C3a0aa9,true,true,false,0x43b0751cd607a4bfee899167c7b425c07f3c04bc75f4a7b4b19a401207c27e62,1070,207628,1789654190296,1789654192191,1895,
1306,0x976EA74026E726554dB657fA54763abd0C3a0aa9,0x14dC79964da2C08b23698B3D3cc7Ca32193d9955,true,true,false,0xadf6b7b9e2564c979e757d336d47b0c1f27759bc19abbd5dc30a555a49d6a20f,1070,207628,1789654190296,1789654192191,1895,
1307,0x14dC79964da2C08b23698B3D3cc7Ca32193d9955,0x23618e81E3f5cdF7f54C3d65f7FBc0aBf5B21E8f,true,true,false,0xa10237a3d071a0f1f84ae042a2ee5d0b0aedb7a994951e0cfde81a0357aedf4a,1070,207616,1789654190297,1789654192191,1894,
1308,0x23618e81E3f5cdF7f54C3d65f7FBc0aBf5B21E8f,0xa0Ee7A142d267C1f36714E4a8F75612F20a79720,true,true,false,0xc270dfc807043cccb78e744477a2dbbca2819d5ac471d05b81ddd6842cd02ebd,1070,207628,1789654190298,1789654192191,1893,
1311,0x71bE63f3384f5fb98995898A86B02Fb2426c5788,0xFABB0ac9d68B0B445fB7357272Ff202C5651694a,true,true,false,0x5e788af5b3fff20fba883b8397149dc6aadfa370af30bd4927829d1e5ec1641c,1070,207628,1789654190299,1789654192191,1892,
1312,0xFABB0ac9d68B0B445fB7357272Ff202C5651694a,0x1CBd3b2770909D4e10f157cABC84C7264073C9Ec,true,true,false,0x7f62e91de9c3e613359e7ec5afd82778b52d9c01548ed6b4a9ec125e321bb4ba,1070,207628,1789654190300,1789654192191,1891,
1313,0x1CBd3b2770909D4e10f157cABC84C7264073C9Ec,0xdF3e18d64BC6A983f673Ab319CCaE4f1a57C7097,true,true,false,0x8301c33cc37856fc0a97e1028795c301f144059367e82d973369c9feed51831d,1070,207628,1789654190324,1789654192192,1868,
1314,0xdF3e18d64BC6A983f673Ab319CCaE4f1a57C7097,0xcd3B766CCDd6AE721141F452C550Ca635964ce71,true,true,false,0xdf22bb95a3acff48f95bcb960d6cbbdc2951e1f2699dc9c50ff21773d5044a7d,1070,207628,1789654190324,1789654192192,1868,
1315,0xcd3B766CCDd6AE721141F452C550Ca635964ce71,0x2546BcD3c84621e976D8185a91A922aE77ECEc30,true,true,false,0x599cb961ec631406c16be431d44a2ac8ef0f3ccac081396533f1655a18def9ee,1070,207628,1789654190325,1789654192192,1867,
1316,0x2546BcD3c84621e976D8185a91A922aE77ECEc30,0xbDA5747bFD65F08deb54cb465eB87D40e51B197E,true,true,false,0x7fcc10529fcdc8b3ef55ffcee62c00cebab10ad718756adcab52c7015bb85792,1070,207628,1789654190325,1789654192192,1867,
1317,0xbDA5747bFD65F08deb54cb465eB87D40e51B197E,0xdD2FD4581271e230360230F9337D5c0430Bf44C0,true,true,false,0x7167cb981a8b08f62e86e0ee52f782f9fef2c0767c0e7458478b6239a1f5e937,1070,207628,1789654190326,1789654192192,1866,
1318,0xdD2FD4581271e230360230F9337D5c0430Bf44C0,0x8626f6940E2eb28930eFb4CeF49B2d1F2C9C1199,true,true,false,0x7d017131439b2a488496144e7597e9daf68f7aff71065ce30854718dd00154cd,1070,207628,1789654190326,1789654192192,1866,
1319,0x8626f6940E2eb28930eFb4CeF49B2d1F2C9C1199,0x09DB0a93B389bEF724429898f539AEB7ac2Dd55f,true,true,false,0x552489c03b9fc1a0721b1192471665ef61dd15d18ecc6db80585a361cc4b6682,1070,207628,1789654190326,1789654192193,1867,
1320,0x09DB0a93B389bEF724429898f539AEB7ac2Dd55f,0x70997970C51812dc3A010C7d01b50e0d17dc79C8,true,true,false,0x526d2513d002f13f36acab1a58a86a65044e867d461140eaffe4644173e185ae,1070,207628,1789654190327,1789654192193,1866,
1321,0x70997970C51812dc3A010C7d01b50e0d17dc79C8,0x3C44CdDdB6a900fa2b585dd299e03d12FA4293BC,true,true,false,0xf10340b96f0f8751807693623381f464f4210ee91c86e3518e1dfb19cb58a272,1070,207604,1789654190327,1789654192193,1866,
1322,0x3C44CdDdB6a900fa2b585dd299e03d12FA4293BC,0x90F79bf6EB2c4f870365E785982E1f101E93b906,true,true,false,0x12d737b6ce8833e1b66d4781b304243ad4bd2b47b472c511fcf195a4580d285c,1070,207604,1789654190328,1789654192193,1865,
1324,0x15d34AAf54267DB7D7c367839AAf71A00a2C6A65,0x9965507D1a55bcC2695C58ba16FB37d819B0A4dc,true,true,false,0xa5ff9c19dc99fd4dfe392a8df9f43a3b4887c48fdef4fb6e06342736de9f0aa0,1070,207628,1789654190333,1789654192193,1860,
1325,0x9965507D1a55bcC2695C58ba16FB37d819B0A4dc,0x976EA74026E726554dB657fA54763abd0C3a0aa9,true,true,false,0x796fa228ba2300f6ac3efca36cc437447a63ff93522ae35dc87bc805be06d058,1070,207616,1789654190334,1789654192193,1859,
1326,0x976EA74026E726554dB657fA54763abd0C3a0aa9,0x14dC79964da2C08b23698B3D3cc7Ca32193d9955,true,true,false,0x6354f37863ea07b72f67ce6d14083e8bf3f77b41bf3a5312202ed41151002a43,1070,207616,1789654190335,1789654192194,1859,
1327,0x14dC79964da2C08b23698B3D3cc7Ca32193d9955,0x23618e81E3f5cdF7f54C3d65f7FBc0aBf5B21E8f,true,true,false,0x6b8763ea6aa201b6eac5943007b6d335cc1156d5ec2f1177af67b16655eb315c,1070,207616,1789654190335,1789654192194,1859,
1328,0x23618e81E3f5cdF7f54C3d65f7FBc0aBf5B21E8f,0xa0Ee7A142d267C1f36714E4a8F75612F20a79720,true,true,false,0x8e098532d5e7771638f697da0011ab66b6db6b1cde17d8265c7f97185215316b,1070,207628,1789654190336,1789654192194,1858,
1329,0xa0Ee7A142d267C1f36714E4a8F75612F20a79720,0xBcd4042DE499D14e55001CcbB24a551F3b954096,true,true,false,0x3945a4a15a1ad70be0d3d5ab4e5048aa053125a321149522d46eaa58657e09a1,1070,207616,1789654190336,1789654192194,1858,
1330,0xBcd4042DE499D14e55001CcbB24a551F3b954096,0x71bE63f3384f5fb98995898A86B02Fb2426c5788,true,true,false,0xe4ca7e635c051fcda3a56de8ed44f8fb8081af9d0f5deb249a630b9c62b28261,1070,207616,1789654190337,1789654192194,1857,
1331,0x71bE63f3384f5fb98995898A86B02Fb2426c5788,0xFABB0ac9d68B0B445fB7357272Ff202C5651694a,true,true,false,0x595e6ca80e9913b1e38604ac7ea941a7540d7cb091a7c5a3ea621c0082aa08f0,1070,207628,1789654190337,1789654192194,1857,
1332,0xFABB0ac9d68B0B445fB7357272Ff202C5651694a,0x1CBd3b2770909D4e10f157cABC84C7264073C9Ec,true,true,false,0xec64bfce93a7acc1ce1d3ba2409d6ee21542bcef9341917392273f8ad92f6848,1070,207628,1789654190338,1789654192194,1856,
1333,0x1CBd3b2770909D4e10f157cABC84C7264073C9Ec,0xdF3e18d64BC6A983f673Ab319CCaE4f1a57C7097,true,true,false,0x6e8c8979547bdba04f3acde52581adcbc29adc24ad44495b931f2cde0ad9b562,1070,207628,1789654190338,1789654192195,1857,
1334,0xdF3e18d64BC6A983f673Ab319CCaE4f1a57C7097,0xcd3B766CCDd6AE721141F452C550Ca635964ce71,true,true,false,0xa9a49781df61fd3b3ce5c48328446ff1b055bc2b2aa1d41c2dfa0496b4282d47,1070,207628,1789654190339,1789654192195,1856,
1335,0xcd3B766CCDd6AE721141F452C550Ca635964ce71,0x2546BcD3c84621e976D8185a91A922aE77ECEc30,true,true,false,0x0c1d95f6583ef56bdeefcf76ddd633194e8cf376cc79bde52560ff0934750718,1070,207616,1789654190340,1789654192195,1855,
1336,0x2546BcD3c84621e976D8185a91A922aE77ECEc30,0xbDA5747bFD65F08deb54cb465eB87D40e51B197E,true,true,false,0xb407111aa8670617efdc2f6e48b9e06edbb15a99a28a904b3517c978768a1d2c,1070,207628,1789654190341,1789654192195,1854,
1337,0xbDA5747bFD65F08deb54cb465eB87D40e51B197E,0xdD2FD4581271e230360230F9337D5c0430Bf44C0,true,true,false,0xbe2d162d5b2ffa21226e29a44bc626740b084fe8ba7b69c36747392f24564fc0,1070,207628,1789654190341,1789654192195,1854,
1338,0xdD2FD4581271e230360230F9337D5c0430Bf44C0,0x8626f6940E2eb28930eFb4CeF49B2d1F2C9C1199,true,true,false,0x08ba79af269c33ebd1d4b4cc77362c8d62d4b7920d900012252c5462f9e9ab43,1070,207628,1789654190341,1789654192195,1854,
1339,0x8626f6940E2eb28930eFb4CeF49B2d1F2C9C1199,0x09DB0a93B389bEF724429898f539AEB7ac2Dd55f,true,true,false,0xf1c53b1db323e6d25a184e00c7bb46d02ad65ff10ac7f086bbaaa6bed5fd4d21,1070,207628,1789654190342,1789654192196,1854,
1343,0x90F79bf6EB2c4f870365E785982E1f101E93b906,0x15d34AAf54267DB7D7c367839AAf71A00a2C6A65,true,true,false,0xa03f2934351a8937a3f2a09c7c266da1cb2b0c9b9cfae60b2525dad1d8fef3c0,1070,207628,1789654190342,1789654192196,1854,
1344,0x15d34AAf54267DB7D7c367839AAf71A00a2C6A65,0x9965507D1a55bcC2695C58ba16FB37d819B0A4dc,true,true,false,0xad34c6f9264305a0a968898d41e75d808975596e3f3cdf07fe2a30ee0fdac2d2,1070,207628,1789654190343,1789654192196,1853,
1345,0x9965507D1a55bcC2695C58ba16FB37d819B0A4dc,0x976EA74026E726554dB657fA54763abd0C3a0aa9,true,true,false,0x3825f4f417eae110f5fdf0e98804f11a3b96c6683c2ec62ba95ad927ec4f7b81,1070,207628,1789654190343,1789654192196,1853,
1346,0x976EA74026E726554dB657fA54763abd0C3a0aa9,0x14dC79964da2C08b23698B3D3cc7Ca32193d9955,true,true,false,0x81131580bb935dae5b051a2710da853d4b6a7c32da0b499208c88dd7906ef128,1070,207628,1789654190344,1789654192196,1852,
1347,0x14dC79964da2C08b23698B3D3cc7Ca32193d9955,0x23618e81E3f5cdF7f54C3d65f7FBc0aBf5B21E8f,true,true,false,0x98aa607714350170ac60b72d2e81f065a7f038527c6d933633c7c495ee7b5886,1070,207628,1789654190344,1789654192196,1852,
1348,0x23618e81E3f5cdF7f54C3d65f7FBc0aBf5B21E8f,0xa0Ee7A142d267C1f36714E4a8F75612F20a79720,true,true,false,0xe380feda18456f678d92037832f66b59a3025df8183b7d74d4e3ca1ed8060dca,1070,207628,1789654190345,1789654192196,1851,
1349,0xa0Ee7A142d267C1f36714E4a8F75612F20a79720,0xBcd4042DE499D14e55001CcbB24a551F3b954096,true,true,false,0xa726e50239ca833bc2591825386caaff6c85381b5792149ae2a1d6c94b531a47,1070,207616,1789654190345,1789654192197,1852,
1350,0xBcd4042DE499D14e55001CcbB24a551F3b954096,0x71bE63f3384f5fb98995898A86B02Fb2426c5788,true,true,false,0x8f58fafc5abb7ae68454c2ed7e304f7f61185f78e40fb154a4ec04782d9fbd7e,1070,207616,1789654190346,1789654192197,1851,
1351,0x71bE63f3384f5fb98995898A86B02Fb2426c5788,0xFABB0ac9d68B0B445fB7357272Ff202C5651694a,true,true,false,0xdc3a3519f3710156fb8e2934d417b7f2e3ec07006747f2570ac43937ba0bac76,1070,207616,1789654190353,1789654192197,1844,
1352,0xFABB0ac9d68B0B445fB7357272Ff202C5651694a,0x1CBd3b2770909D4e10f157cABC84C7264073C9Ec,true,true,false,0xd6c6f631eb987305fc823f31b5314015cd6dc662c8731541e910afd1faf6d7aa,1070,207628,1789654190354,1789654192198,1844,
1353,0x1CBd3b2770909D4e10f157cABC84C7264073C9Ec,0xdF3e18d64BC6A983f673Ab319CCaE4f1a57C7097,true,true,false,0xc7140a7e9b7ecf11473519c522b321c8be7053acb8369735afdda3eb647aadcc,1070,207628,1789654190354,1789654192198,1844,
1354,0xdF3e18d64BC6A983f673Ab319CCaE4f1a57C7097,0xcd3B766CCDd6AE721141F452C550Ca635964ce71,true,true,false,0xa96c800e074344faca2e3e6df83231c3592c671dac91dce17c8a599852dab8a9,1070,207628,1789654190355,1789654192198,1843,
1355,0xcd3B766CCDd6AE721141F452C550Ca635964ce71,0x2546BcD3c84621e976D8185a91A922aE77ECEc30,true,true,false,0xa87aaff14ecc842a659a4aa8c1a4ffc90578630af6ccf408c288ec7df3197eb6,1070,207628,1789654190355,1789654192198,1843,
1356,0x2546BcD3c84621e976D8185a91A922aE77ECEc30,0xbDA5747bFD65F08deb54cb465eB87D40e51B197E,true,true,false,0x2747d94800359dfc43798c510fe7a2aabdb748564dc12c1a2b3c7c67569d23c5,1070,207628,1789654190356,1789654192198,1842,
1357,0xbDA5747bFD65F08deb54cb465eB87D40e51B197E,0xdD2FD4581271e230360230F9337D5c0430Bf44C0,true,true,false,0xb11e6356a63b370715bdc7056c7e3c6950cad9220271ee7371443e25efd0d3e8,1070,207616,1789654190356,1789654192198,1842,
2581,0x70997970C51812dc3A010C7d01b50e0d17dc79C8,0x3C44CdDdB6a900fa2b585dd299e03d12FA4293BC,true,true,false,0x4021bd51fddaa40c0b74da97f2f04569d1d00b58afeeb55ecb80d49b5b46b9e3,1071,207616,1789654192287,1789654194090,1803,
2582,0x3C44CdDdB6a900fa2b585dd299e03d12FA4293BC,0x90F79bf6EB2c4f870365E785982E1f101E93b906,true,true,false,0x37fb8cc53601a59f5e1e02dab1c7deb25b77672063594ab54100d241313057ef,1071,207616,1789654192287,1789654194092,1805,
2532,0xFABB0ac9d68B0B445fB7357272Ff202C5651694a,0x1CBd3b2770909D4e10f157cABC84C7264073C9Ec,true,true,false,0xd3bf61bd230963c79609840647f0a5c688d9cf519290c2cbaa54c47872acc38b,1071,207628,1789654192288,1789654194093,1805,
2533,0x1CBd3b2770909D4e10f157cABC84C7264073C9Ec,0xdF3e18d64BC6A983f673Ab319CCaE4f1a57C7097,true,true,false,0x62305f63484d54a95bc2765448967020307379249ea116382222bb549fef073d,1071,207616,1789654192288,1789654194093,1805,
2524,0x15d34AAf54267DB7D7c367839AAf71A00a2C6A65,0x9965507D1a55bcC2695C58ba16FB37d819B0A4dc,true,true,false,0x8609690e1a05c414733f3644c4a586b15bce83edccca74257a0a3399ac494214,1071,207616,1789654192288,1789654194093,1805,
2448,0x23618e81E3f5cdF7f54C3d65f7FBc0aBf5B21E8f,0xa0Ee7A142d267C1f36714E4a8F75612F20a79720,true,true,false,0x6e65420be5429560cc2bab7098c19a189fba07ecfb70cd26d97658cd28e25894,1071,207628,1789654192289,1789654194094,1805,
2449,0xa0Ee7A142d267C1f36714E4a8F75612F20a79720,0xBcd4042DE499D14e55001CcbB24a551F3b954096,true,true,false,0x72431edb5a6c8619929fb5682b2f1a6b51e092a2a68d77be219a6319356d5f3a,1071,207616,1789654192289,1789654194094,1805,
2446,0x976EA74026E726554dB657fA54763abd0C3a0aa9,0x14dC79964da2C08b23698B3D3cc7Ca32193d9955,true,true,false,0x1d9f27882cd5fd20697016bc2f704be15837ae3ea82f8769eb88f7d276c384f0,1071,207616,1789654192290,1789654194096,1806,
2447,0x14dC79964da2C08b23698B3D3cc7Ca32193d9955,0x23618e81E3f5cdF7f54C3d65f7FBc0aBf5B21E8f,true,true,false,0x0bbc4dc0ff3a8f7fced0bc867f2d33a08a723f0e658d568169f47536eb92c607,1071,207628,1789654192290,1789654194109,1819,
2428,0x23618e81E3f5cdF7f54C3d65f7FBc0aBf5B21E8f,0xa0Ee7A142d267C1f36714E4a8F75612F20a79720,true,true,false,0x88ee0be2b288e247a5ce17aad0d47a0f49954f59e5e0d98e8169914fbba0b204,1071,207628,1789654192290,1789654194192,1902,
1358,0xdD2FD4581271e230360230F9337D5c0430Bf44C0,0x8626f6940E2eb28930eFb4CeF49B2d1F2C9C1199,true,true,false,0x1420ca15a65985156fc597f6434f29715c47cdbee0566fbd1622451c9acb8741,1071,207628,1789654192291,1789654194192,1901,
1359,0x8626f6940E2eb28930eFb4CeF49B2d1F2C9C1199,0x09DB0a93B389bEF724429898f539AEB7ac2Dd55f,true,true,false,0x225464203fae6639fa6ce5c8c53d34a01aeac283081bcad56dc432b390b33d2b,1071,207628,1789654192291,1789654194193,1902,
1360,0x09DB0a93B389bEF724429898f539AEB7ac2Dd55f,0x70997970C51812dc3A010C7d01b50e0d17dc79C8,true,true,false,0xa3304f62ad567f1c42d643df6acde55d467226e22c191adc6aa06a071a818d22,1071,207616,1789654192292,1789654194193,1901,
1361,0x70997970C51812dc3A010C7d01b50e0d17dc79C8,0x3C44CdDdB6a900fa2b585dd299e03d12FA4293BC,true,true,false,0xfa970ef35a1489cfbd1d3556aeefe96750ad1ddd34aa49811223fc4d1851b1af,1071,207616,1789654192292,1789654194193,1901,
1365,0x9965507D1a55bcC2695C58ba16FB37d819B0A4dc,0x976EA74026E726554dB657fA54763abd0C3a0aa9,true,true,false,0xdfda38b0f4654cead3d9c6fdbdc85b283fd31711384234f06db29cba46231b2e,1071,207628,1789654192292,1789654194193,1901,
1366,0x976EA74026E726554dB657fA54763abd0C3a0aa9,0x14dC79964da2C08b23698B3D3cc7Ca32193d9955,true,true,false,0x8c74b6467dcc0f0aebab97ac52fd1b5ef652fc07ee529dae4b449af44375e04a,1071,207628,1789654192293,1789654194194,1901,
1367,0x14dC79964da2C08b23698B3D3cc7Ca32193d9955,0x23618e81E3f5cdF7f54C3d65f7FBc0aBf5B21E8f,true,true,false,0x27ed5ac6f5992abbbb7273b6d4f61087bf367391166eab9608c6aca437ad7838,1071,207628,1789654192293,1789654194194,1901,
1368,0x23618e81E3f5cdF7f54C3d65f7FBc0aBf5B21E8f,0xa0Ee7A142d267C1f36714E4a8F75612F20a79720,true,true,false,0x095fa90436c0576cf692b2a9776e92722dd1df847101c31a5a9365d3fde2c9d6,1071,207628,1789654192294,1789654194194,1900,
1369,0xa0Ee7A142d267C1f36714E4a8F75612F20a79720,0xBcd4042DE499D14e55001CcbB24a551F3b954096,true,true,false,0xe42ca3b0a54799f75eafb1aa4ec29f6fd7ffd0b6ed99b3698bd738f9cfead79a,1071,207616,1789654192294,1789654194194,1900,
1371,0x71bE63f3384f5fb98995898A86B02Fb2426c5788,0xFABB0ac9d68B0B445fB7357272Ff202C5651694a,true,true,false,0xd59185f300f66da8c90fd1744ccc1d48a926c6704c5652703208e4266e5d94f0,1071,207616,1789654192294,1789654194195,1901,
1372,0xFABB0ac9d68B0B445fB7357272Ff202C5651694a,0x1CBd3b2770909D4e10f157cABC84C7264073C9Ec,true,true,false,0x995bc6552d650d359f36a87f1474a069ecac219b24d4cdb3f6197fc416dbf799,1071,207628,1789654192295,1789654194195,1900,
1373,0x1CBd3b2770909D4e10f157cABC84C7264073C9Ec,0xdF3e18d64BC6A983f673Ab319CCaE4f1a57C7097,true,true,false,0x4f740a2ca88a85c5a5681e1d02d6be5972e335bfef335d93796d281d277c6471,1071,207628,1789654192295,1789654194195,1900,
1374,0xdF3e18d64BC6A983f673Ab319CCaE4f1a57C7097,0xcd3B766CCDd6AE721141F452C550Ca635964ce71,true,true,false,0x570a480ecafe444d02b5af0aa2a03b2c4464c38360e6ff9b58fc42c809adc725,1071,207616,1789654192296,1789654194195,1899,
1375,0xcd3B766CCDd6AE721141F452C550Ca635964ce71,0x2546BcD3c84621e976D8185a91A922aE77ECEc30,true,true,false,0x46854e859d7b88cce35ea5d23662a4cf366497ab64a4dd886d077d26668971f2,1071,207628,1789654192296,1789654194195,1899,
1376,0x2546BcD3c84621e976D8185a91A922aE77ECEc30,0xbDA5747bFD65F08deb54cb465eB87D40e51B197E,true,true,false,0xbebffb8880b226341da693b8038c910a8fe04ef7f1b877822177e096e29107ad,1071,207628,1789654192296,1789654194196,1900,
1377,0xbDA5747bFD65F08deb54cb465eB87D40e51B197E,0xdD2FD4581271e230360230F9337D5c0430Bf44C0,true,true,false,0x1245c335ce6c5c41fd430d857cdf398931656f416eff630a6d4566ae958582f9,1071,207616,1789654192296,1789654194196,1900,
1378,0xdD2FD4581271e230360230F9337D5c0430Bf44C0,0x8626f6940E2eb28930eFb4CeF49B2d1F2C9C1199,true,true,false,0xdcba30ae338afefe029b3b3dcc3ff22ba7f4e62df65dd2c633bd038904371a9b,1071,207628,1789654192297,1789654194196,1899,
1379,0x8626f6940E2eb28930eFb4CeF49B2d1F2C9C1199,0x09DB0a93B389bEF724429898f539AEB7ac2Dd55f,true,true,false,0xa6ca8a1cd346983952f6b8ab685e6d9894c17fb6648b3e2a6f23884c6aec4009,1071,207628,1789654192298,1789654194196,1898,
1380,0x09DB0a93B389bEF724429898f539AEB7ac2Dd55f,0x70997970C51812dc3A010C7d01b50e0d17dc79C8,true,true,false,0xa2d12535d205a0c5fdde8bafe3a55a9e3af1b8beb8238864f8127aa186dad2be,1071,207628,1789654192299,1789654194197,1898,
1381,0x70997970C51812dc3A010C7d01b50e0d17dc79C8,0x3C44CdDdB6a900fa2b585dd299e03d12FA4293BC,true,true,false,0x563e1f0c276b3a61eeb28cc89d93162d8510779709752de2d8325efdc7e52a6d,1071,207616,1789654192299,1789654194197,1898,
1382,0x3C44CdDdB6a900fa2b585dd299e03d12FA4293BC,0x90F79bf6EB2c4f870365E785982E1f101E93b906,true,true,false,0x5e7105d72806cdf7438aae93280b6fcafb1b1f352ecbb1e19132373141375641,1071,207616,1789654192300,1789654194197,1897,
1383,0x90F79bf6EB2c4f870365E785982E1f101E93b906,0x15d34AAf54267DB7D7c367839AAf71A00a2C6A65,true,true,false,0x6dd73480db3c9df1db0b7c95fa3325aa878a7914c233875ea09188a543090173,1071,207628,1789654192300,1789654194198,1898,
1386,0x976EA74026E726554dB657fA54763abd0C3a0aa9,0x14dC79964da2C08b23698B3D3cc7Ca32193d9955,true,true,false,0x1acef38d5054e705ab19d9d27631244816fe7ff94cb6875b4b26e6b0c5674c7c,1071,207628,1789654192301,1789654194198,1897,
1387,0x14dC79964da2C08b23698B3D3cc7Ca32193d9955,0x23618e81E3f5cdF7f54C3d65f7FBc0aBf5B21E8f,true,true,false,0xce01ad498d0e76e296e5fca46279ebc21778212b819547363b22f269628c61fb,1071,207628,1789654192301,1789654194198,1897,
1388,0x23618e81E3f5cdF7f54C3d65f7FBc0aBf5B21E8f,0xa0Ee7A142d267C1f36714E4a8F75612F20a79720,true,true,false,0x0c18cccf8d8d6449f803cc772a414a72319a704655b57dab1ce012c05bff87cc,1071,207628,1789654192301,1789654194199,1898,
1389,0xa0Ee7A142d267C1f36714E4a8F75612F20a79720,0xBcd4042DE499D14e55001CcbB24a551F3b954096,true,true,false,0xe8d2b2eee82515084a9a0926c4918055dbea3a65579d079ca976600b63a459b2,1071,207604,1789654192302,1789654194199,1897,
1390,0xBcd4042DE499D14e55001CcbB24a551F3b954096,0x71bE63f3384f5fb98995898A86B02Fb2426c5788,true,true,false,0x0f2da2fe3d694abfa0160dc61a98eff875097b0e88e8ca66eca32724f2d542a4,1071,207616,1789654192302,1789654194200,1898,
1391,0x71bE63f3384f5fb98995898A86B02Fb2426c5788,0xFABB0ac9d68B0B445fB7357272Ff202C5651694a,true,true,false,0x6eff6e5f3a961c74e0f77eab393eca18e419f066ca2ee344fc7cf202f69de996,1071,207628,1789654192302,1789654194200,1898,
1392,0xFABB0ac9d68B0B445fB7357272Ff202C5651694a,0x1CBd3b2770909D4e10f157cABC84C7264073C9Ec,true,true,false,0x1fd3d1521e32165697788e4812737d6c7d38e13dfa3bdf7be067478ece35aa2b,1071,207628,1789654192303,1789654194200,1897,
1395,0xcd3B766CCDd6AE721141F452C550Ca635964ce71,0x2546BcD3c84621e976D8185a91A922aE77ECEc30,true,true,false,0x55772b11972dccf79705ae86b3d373f19fe154f8bf67de11d8a4efcca31a1334,1071,207628,1789654192303,1789654194201,1898,
1396,0x2546BcD3c84621e976D8185a91A922aE77ECEc30,0xbDA5747bFD65F08deb54cb465eB87D40e51B197E,true,true,false,0x311171bc5ba85b0e155afe3a6d50355d06497605bb2526de684996a709cbcaa1,1071,207628,1789654192303,1789654194201,1898,
1397,0xbDA5747bFD65F08deb54cb465eB87D40e51B197E,0xdD2FD4581271e230360230F9337D5c0430Bf44C0,true,true,false,0x4ce4aab53c840096d79a58789f79ab36c489b1a269ca7566127d2e763f6b0590,1071,207628,1789654192303,1789654194201,1898,
1398,0xdD2FD4581271e230360230F9337D5c0430Bf44C0,0x8626f6940E2eb28930eFb4CeF49B2d1F2C9C1199,true,true,false,0x04190ff44c0c50369e24e23592cc274f1dde0768084150b2546d882d05f52887,1071,207628,1789654192304,1789654194202,1898,
1399,0x8626f6940E2eb28930eFb4CeF49B2d1F2C9C1199,0x09DB0a93B389bEF724429898f539AEB7ac2Dd55f,true,true,false,0xa01b9172b824a4561ef7c03c6e9d1dc6fd5f8a861c841e80625f79a420da1935,1071,207628,1789654192304,1789654194202,1898,
2586,0x976EA74026E726554dB657fA54763abd0C3a0aa9,0x14dC79964da2C08b23698B3D3cc7Ca32193d9955,true,true,false,0x833276e8612ae58b590e0e9abefc1ec3d15b41bd87c4e2a4423f9b4e40b424d4,1071,207628,1789654192314,1789654194203,1889,
2587,0x14dC79964da2C08b23698B3D3cc7Ca32193d9955,0x23618e81E3f5cdF7f54C3d65f7FBc0aBf5B21E8f,true,true,false,0x84a2aeda0c90e6f186670f25a77af0d8a89ace4aadb0ae591fea24dae0ce4c04,1071,207616,1789654192315,1789654194203,1888,
1400,0x09DB0a93B389bEF724429898f539AEB7ac2Dd55f,0x70997970C51812dc3A010C7d01b50e0d17dc79C8,true,true,false,0xa1765ec44231f27054fa9c88226bd888eb3cd544f235776e1ca718c5060f083f,1071,207616,1789654192316,1789654194204,1888,
1401,0x70997970C51812dc3A010C7d01b50e0d17dc79C8,0x3C44CdDdB6a900fa2b585dd299e03d12FA4293BC,true,true,false,0x63cc786e366186092fc9555261c646dd7280803479306eb00bbce61f5acd0e0b,1071,207616,1789654192316,1789654194204,1888,
1402,0x3C44CdDdB6a900fa2b585dd299e03d12FA4293BC,0x90F79bf6EB2c4f870365E785982E1f101E93b906,true,true,false,0xa39c7654403d9998688cd74e99093dcf77db4dbe57ff93e51a0ca083d23efd75,1071,207616,1789654192316,1789654194204,1888,
1403,0x90F79bf6EB2c4f870365E785982E1f101E93b906,0x15d34AAf54267DB7D7c367839AAf71A00a2C6A65,true,true,false,0x81b0023e417e0863ae1494700a38c410cb5195f486cd9b727c22c38deed36a28,1071,207628,1789654192317,1789654194205,1888,
1404,0x15d34AAf54267DB7D7c367839AAf71A00a2C6A65,0x9965507D1a55bcC2695C58ba16FB37d819B0A4dc,true,true,false,0x7adb9d6cf397fa5e57cc28039c39359e5a576750263837ad5e2b2f44dcc00fe6,1071,207616,1789654192317,1789654194207,1890,
1405,0x9965507D1a55bcC2695C58ba16FB37d819B0A4dc,0x976EA74026E726554dB657fA54763abd0C3a0aa9,true,true,false,0x71ca22113770af224a6d673327841292985d661c950b15c938dfbf1fe8eb2b83,1071,207628,1789654192318,1789654194207,1889,
1406,0x976EA74026E726554dB657fA54763abd0C3a0aa9,0x14dC79964da2C08b23698B3D3cc7Ca32193d9955,true,true,false,0x155de74e47a3e19c3c66c005b9e740cbd63d09fd76bf43e3bbb9018ed00cf6e2,1071,207628,1789654192318,1789654194207,1889,
1407,0x14dC79964da2C08b23698B3D3cc7Ca32193d9955,0x23618e81E3f5cdF7f54C3d65f7FBc0aBf5B21E8f,true,true,false,0x89289bd5da7f5a9242fa739cef35b598a13f919358c9e26c0e5c2b0ec713a40f,1071,207604,1789654192318,1789654194208,1890,
1408,0x23618e81E3f5cdF7f54C3d65f7FBc0aBf5B21E8f,0xa0Ee7A142d267C1f36714E4a8F75612F20a79720,true,true,false,0xba8e2de3acec42e6261de63bb0819d5a63401f06f22687ca18d3179ad13b09e9,1071,207628,1789654192318,1789654194208,1890,
1409,0xa0Ee7A142d267C1f36714E4a8F75612F20a79720,0xBcd4042DE499D14e55001CcbB24a551F3b954096,true,true,false,0x7d4bbbd349d1fb1c59b0b140e6bc722c52f193f572f02c79274a64571b9c34e7,1071,207616,1789654192319,1789654194208,1889,
1410,0xBcd4042DE499D14e55001CcbB24a551F3b954096,0x71bE63f3384f5fb98995898A86B02Fb2426c5788,true,true,false,0x7803af343ded407db6e18e165735065d9069637af4e6801d6664355ba32ab674,1071,207616,1789654192320,1789654194209,1889,
1411,0x71bE63f3384f5fb98995898A86B02Fb2426c5788,0xFABB0ac9d68B0B445fB7357272Ff202C5651694a,true,true,false,0x4f66ec6967ede63ebcd266e830a0d43803f755bfcbb04e2b035cb8e422c336e7,1071,207616,1789654192320,1789654194209,1889,
1416,0x2546BcD3c84621e976D8185a91A922aE77ECEc30,0xbDA5747bFD65F08deb54cb465eB87D40e51B197E,true,true,false,0x47f4613f044125bdb2af5a798f4887a98903e995ff33a815afbe15d1b4d83ea3,1071,207628,1789654192322,1789654194209,1887,
1417,0xbDA5747bFD65F08deb54cb465eB87D40e51B197E,0xdD2FD4581271e230360230F9337D5c0430Bf44C0,true,true,false,0x3440c09a6e26718531056ca8543597ea1a2cb6b2fb1ffb68c6064f064ff38cc8,1071,207628,1789654192323,1789654194209,1886,
1418,0xdD2FD4581271e230360230F9337D5c0430Bf44C0,0x8626f6940E2eb28930eFb4CeF49B2d1F2C9C1199,true,true,false,0x456d6dcd52462443c01d8c1fe603129bcbea40bae1686bcc18b5776728a1171c,1071,207628,1789654192323,1789654194209,1886,
1419,0x8626f6940E2eb28930eFb4CeF49B2d1F2C9C1199,0x09DB0a93B389bEF724429898f539AEB7ac2Dd55f,true,true,false,0xb101f9bc31566b37555ffa4642a69b2c3ef646fa9a90cf13cf64b21bf3731325,1071,207616,1789654192323,1789654194210,1887,
1420,0x09DB0a93B389bEF724429898f539AEB7ac2Dd55f,0x70997970C51812dc3A010C7d01b50e0d17dc79C8,true,true,false,0x6a107e01c3dc7c024b8d32a2333761298762ae3ebc6466697bab4212f37deb09,1071,207628,1789654192324,1789654194210,1886,
1421,0x70997970C51812dc3A010C7d01b50e0d17dc79C8,0x3C44CdDdB6a900fa2b585dd299e03d12FA4293BC,true,true,false,0xc7b1b13f72314cb880278fc020c5c0da36e521776e2cc5978be615392d5a63ba,1071,207616,1789654192324,1789654194210,1886,
1422,0x3C44CdDdB6a900fa2b585dd299e03d12FA4293BC,0x90F79bf6EB2c4f870365E785982E1f101E93b906,true,true,false,0x14bacdbdd4796f80a7f1d4fc6b25a169dee57e12e2b4482c38aaf4538794638c,1071,207604,1789654192324,1789654194385,2061,
1423,0x90F79bf6EB2c4f870365E785982E1f101E93b906,0x15d34AAf54267DB7D7c367839AAf71A00a2C6A65,true,true,false,0x9955a381f36ec75358a62322b4886b155b572bb762d5a50e0e68ce6cd8b15338,1071,207616,1789654192325,1789654194210,1885,
1424,0x15d34AAf54267DB7D7c367839AAf71A00a2C6A65,0x9965507D1a55bcC2695C58ba16FB37d819B0A4dc,true,true,false,0xba6338ed0852bf473154e1abcb58c53bb97cca1e4515e7004566192b1f50f825,1071,207628,1789654192325,1789654194385,2060,
1425,0x9965507D1a55bcC2695C58ba16FB37d819B0A4dc,0x976EA74026E726554dB657fA54763abd0C3a0aa9,true,true,false,0xa4b4567decbf22ebb9d6aef461e876e1a8c169d5e54791dd874f8254a1b01eac,1071,207616,1789654192325,1789654194386,2061,
1426,0x976EA74026E726554dB657fA54763abd0C3a0aa9,0x14dC79964da2C08b23698B3D3cc7Ca32193d9955,true,true,false,0x8e0bd564c969bc8d5df58151eb458cdd76a4e4d7aa02a0fde2d14bcf183eaa06,1071,207616,1789654192325,1789654194386,2061,
1427,0x14dC79964da2C08b23698B3D3cc7Ca32193d9955,0x23618e81E3f5cdF7f54C3d65f7FBc0aBf5B21E8f,true,true,false,0x6bde7e929a7db9758fba609ebce0a0357f966d3d4cf57cd300cbec6479290912,1071,207616,1789654192326,1789654194387,2061,
1428,0x23618e81E3f5cdF7f54C3d65f7FBc0aBf5B21E8f,0xa0Ee7A142d267C1f36714E4a8F75612F20a79720,true,true,false,0x72f5d5db3c6100f02f53729a38ed86b53b15eddff7200c4a3b0476252cca4255,1071,207628,1789654192326,1789654194387,2061,
1429,0xa0Ee7A142d267C1f36714E4a8F75612F20a79720,0xBcd4042DE499D14e55001CcbB24a551F3b954096,true,true,false,0x08c18e1eed6235ecc3ebe083720e6fa4ff269a18c63b93bf4f1705dba7ca0f20,1071,207616,1789654192326,1789654194387,2061,
1430,0xBcd4042DE499D14e55001CcbB24a551F3b954096,0x71bE63f3384f5fb98995898A86B02Fb2426c5788,true,true,false,0x673dcae230db40f1f4cea1c301d223245fc103b759f8f4634ab7c819a27e529f,1071,207616,1789654192327,1789654194388,2061,
1431,0x71bE63f3384f5fb98995898A86B02Fb2426c5788,0xFABB0ac9d68B0B445fB7357272Ff202C5651694a,true,true,false,0xfbc3939082c8a189d100ed0d536801548ad7f4c59afee51f0e2a0ab3ecefe0e4,1071,207628,1789654192327,1789654194388,2061,
1432,0xFABB0ac9d68B0B445fB7357272Ff202C5651694a,0x1CBd3b2770909D4e10f157cABC84C7264073C9Ec,true,true,false,0x03b2df4d4324041ee375a7c3efcc09c9d4a24cf3b4aecaa6191c816139cabe55,1071,207628,1789654192327,1789654194388,2061,
1433,0x1CBd3b2770909D4e10f157cABC84C7264073C9Ec,0xdF3e18d64BC6A983f673Ab319CCaE4f1a57C7097,true,true,false,0x3117c369006f700c0b86f132dd46785081f968955ed3ecff0bda82ae5fa3fa1e,1071,207628,1789654192327,1789654194388,2061,
1434,0xdF3e18d64BC6A983f673Ab319CCaE4f1a57C7097,0xcd3B766CCDd6AE721141F452C550Ca635964ce71,true,true,false,0x84e10a5c450b0ed9c31ee1d2fb9d73dcd0e1cbc3c6d6f4cbec0f39209243973f,1071,207628,1789654192328,1789654194388,2060,
1435,0xcd3B766CCDd6AE721141F452C550Ca635964ce71,0x2546BcD3c84621e976D8185a91A922aE77ECEc30,true,true,false,0xd1a16a32cb6d69ca6e7ba91901c08688d861afea1018a08ce5da40ac9e72aac9,1071,207628,1789654192328,1789654194389,2061,
1436,0x2546BcD3c84621e976D8185a91A922aE77ECEc30,0xbDA5747bFD65F08deb54cb465eB87D40e51B197E,true,true,false,0xba4b840373a0d706af97355ba16569ad27fd383677db857da5e6105385ae70c8,1071,207628,1789654192328,1789654194389,2061,
1437,0xbDA5747bFD65F08deb54cb465eB87D40e51B197E,0xdD2FD4581271e230360230F9337D5c0430Bf44C0,true,true,false,0xb55c97ee3cfb47d4d61e463a98c9ad67479a22145e5c2d06bbfd6d02f21162fa,1071,207628,1789654192329,1789654194389,2060,
1438,0xdD2FD4581271e230360230F9337D5c0430Bf44C0,0x8626f6940E2eb28930eFb4CeF49B2d1F2C9C1199,true,true,false,0xff017a46b91a1ec1cc4a8036b1b59382aaf292564084f76c219b14083276ed2b,1071,207628,1789654192329,1789654194389,2060,
1439,0x8626f6940E2eb28930eFb4CeF49B2d1F2C9C1199,0x09DB0a93B389bEF724429898f539AEB7ac2Dd55f,true,true,false,0xd713215401147ecc6afbf140670fc7b2a1979d6170906eccea5cc12618b05ac3,1071,207628,1789654192329,1789654194389,2060,
1440,0x09DB0a93B389bEF724429898f539AEB7ac2Dd55f,0x70997970C51812dc3A010C7d01b50e0d17dc79C8,true,true,false,0x7ad64a99b3670164213289f7987bc6d736568a08c9cf449565ad554c3dd72fe9,1071,207628,1789654192329,1789654194390,2061,
1441,0x70997970C51812dc3A010C7d01b50e0d17dc79C8,0x3C44CdDdB6a900fa2b585dd299e03d12FA4293BC,true,true,false,0x07553dfb94b474f2588c22e54a29086e53e382d4e54abd54b59f9351effd5c32,1071,207592,1789654192330,1789654194390,2060,
1442,0x3C44CdDdB6a900fa2b585dd299e03d12FA4293BC,0x90F79bf6EB2c4f870365E785982E1f101E93b906,true,true,false,0x2dd7a8e94740a99b068eb242b92f15ef3d1cdcba5d8aa77d21c29f52a1e8ffa0,1071,207616,1789654192330,1789654194390,2060,
1443,0x90F79bf6EB2c4f870365E785982E1f101E93b906,0x15d34AAf54267DB7D7c367839AAf71A00a2C6A65,true,true,false,0xe0fcc2630aa68ffca2655c3fc486668842b3937f4e4249df2f3b37bfada78b02,1071,207628,1789654192331,1789654194390,2059,
1444,0x15d34AAf54267DB7D7c367839AAf71A00a2C6A65,0x9965507D1a55bcC2695C58ba16FB37d819B0A4dc,true,true,false,0xcaebe937d0f3860d9befea84f3c4fa4c97f165e9b1fb1a9a1f2c65969e07a9dd,1071,207628,1789654192331,1789654194390,2059,
1445,0x9965507D1a55bcC2695C58ba16FB37d819B0A4dc,0x976EA74026E726554dB657fA54763abd0C3a0aa9,true,true,false,0x489c519b584cbb56c7becf38610dae5fc6a781a83c82b3280ceab091e996d4fe,1071,207628,1789654192332,1789654194391,2059,
1446,0x976EA74026E726554dB657fA54763abd0C3a0aa9,0x14dC79964da2C08b23698B3D3cc7Ca32193d9955,true,true,false,0xbdab18e4e0b5b3c9c913380ba2b479b9b0054cebe4be9288b0019ba46f04b1c5,1071,207616,1789654192332,1789654194391,2059,
1448,0x23618e81E3f5cdF7f54C3d65f7FBc0aBf5B21E8f,0xa0Ee7A142d267C1f36714E4a8F75612F20a79720,true,true,false,0x62bad023a389845c3519ed9735bcca46bf643398f99e08cf8cc5ddaf717f22b6,1071,207616,1789654192333,1789654194391,2058,
1449,0xa0Ee7A142d267C1f36714E4a8F75612F20a79720,0xBcd4042DE499D14e55001CcbB24a551F3b954096,true,true,false,0x434e892b524b353464cdee74654331a8aeaa999452dca0c9fdbdfda172e5ffb7,1071,207616,1789654192333,1789654194391,2058,
1450,0xBcd4042DE499D14e55001CcbB24a551F3b954096,0x71bE63f3384f5fb98995898A86B02Fb2426c5788,true,true,false,0x5e29a1edcd17b9eff40e6ac4745fc1fd4aa7aef0c92233f9986aa93157d33d6d,1071,207616,1789654192333,1789654194391,2058,
1451,0x71bE63f3384f5fb98995898A86B02Fb2426c5788,0xFABB0ac9d68B0B445fB7357272Ff202C5651694a,true,true,false,0xa38c00a23bef611d00bced3f744415812f7287b744fd12de473d4734bfb2c075,1071,207628,1789654192334,1789654194392,2058,
1452,0xFABB0ac9d68B0B445fB7357272Ff202C5651694a,0x1CBd3b2770909D4e10f157cABC84C7264073C9Ec,true,true,false,0x6b533e8fe21e2d555b18f5bb1849f80e00b4a1189cd1d0bee6abbf9516032e40,1071,207604,1789654192334,1789654194392,2058,
1454,0xdF3e18d64BC6A983f673Ab319CCaE4f1a57C7097,0xcd3B766CCDd6AE721141F452C550Ca635964ce71,true,true,false,0x4b4d427bb1c09a8e115b6740895c9fe38bf0086b302df52a3ac429f4af5f33d7,1071,207616,1789654192334,1789654194392,2058,
1455,0xcd3B766CCDd6AE721141F452C550Ca635964ce71,0x2546BcD3c84621e976D8185a91A922aE77ECEc30,true,true,false,0x3aef5719b63a12b5625537b7edab07ab4401bd12f4e962cc8eda81d86ed1cc8f,1071,207628,1789654192334,1789654194392,2058,
1456,0x2546BcD3c84621e976D8185a91A922aE77ECEc30,0xbDA5747bFD65F08deb54cb465eB87D40e51B197E,true,true,false,0xd090a5ba6d402b1f4bad5d5eda2d4680d9ab497dc2e34aa984a323683b8a88cf,1071,207628,1789654192335,1789654194392,2057,
1457,0xbDA5747bFD65F08deb54cb465eB87D40e51B197E,0xdD2FD4581271e230360230F9337D5c0430Bf44C0,true,true,false,0x0e00f547f68d349b2630bcb75308e38fe1d28dd366bacaa89edac0dc38359d3b,1071,207628,1789654192335,1789654194393,2058,
1458,0xdD2FD4581271e230360230F9337D5c0430Bf44C0,0x8626f6940E2eb28930eFb4CeF49B2d1F2C9C1199,true,true,false,0xf0a97a064213969207c251707fbfd6b9c806c9b6c2e2cbf103c83a0704c7a5c7,1071,207616,1789654192335,1789654194393,2058,
1459,0x8626f6940E2eb28930eFb4CeF49B2d1F2C9C1199,0x09DB0a93B389bEF724429898f539AEB7ac2Dd55f,true,true,false,0x326eb6ce4a7ebe7c32333f878517d450f3b5e05608143916331a5f9fbd36b7b5,1071,207616,1789654192336,1789654194393,2057,
2743,0x90F79bf6EB2c4f870365E785982E1f101E93b906,0x15d34AAf54267DB7D7c367839AAf71A00a2C6A65,true,true,false,0x228015e4fe1efa76a01d92e32404ae4ed37f64b5fb16b625be65ddd38269a156,1072,207628,1789654194126,1789654196163,2037,
2744,0x15d34AAf54267DB7D7c367839AAf71A00a2C6A65,0x9965507D1a55bcC2695C58ba16FB37d819B0A4dc,true,true,false,0xfbeeff3c2344cd52aa325ad3c13c58665637a4390f5ca9fabe28e75580dfef5d,1072,207628,1789654194127,1789654196170,2043,
2716,0x2546BcD3c84621e976D8185a91A922aE77ECEc30,0xbDA5747bFD65F08deb54cb465eB87D40e51B197E,true,true,false,0x77f122867d4533f49f5ff52443a76b4caa062db960aea6afebeb0454f7c34061,1072,207628,1789654194127,1789654196171,2044,
2668,0x23618e81E3f5cdF7f54C3d65f7FBc0aBf5B21E8f,0xa0Ee7A142d267C1f36714E4a8F75612F20a79720,true,true,false,0x53c3eb6c77c7bdc213a0b2cc6f7065d52e2fd20ed461827e075b573a54baff46,1072,207604,1789654194128,1789654196171,2043,
2669,0xa0Ee7A142d267C1f36714E4a8F75612F20a79720,0xBcd4042DE499D14e55001CcbB24a551F3b954096,true,true,false,0xac2a972a2ff685828807652513d5aa58afd511ccbad3d64f3602bd59ee29d6ce,1072,207616,1789654194128,1789654196171,2043,
2667,0x14dC79964da2C08b23698B3D3cc7Ca32193d9955,0x23618e81E3f5cdF7f54C3d65f7FBc0aBf5B21E8f,true,true,false,0x79d5c6a6a9783280e5dc9a7e4feb23fccbc51ebae47ea244d3c6ee7fa0a434fa,1072,207628,1789654194130,1789654196172,2042,
2647,0x14dC79964da2C08b23698B3D3cc7Ca32193d9955,0x23618e81E3f5cdF7f54C3d65f7FBc0aBf5B21E8f,true,true,false,0x2919a20e48057b371193563af24fd731d3d4cbf07b72b9ba25c65117f31ee24f,1072,207628,1789654194130,1789654196172,2042,
2644,0x15d34AAf54267DB7D7c367839AAf71A00a2C6A65,0x9965507D1a55bcC2695C58ba16FB37d819B0A4dc,true,true,false,0x47034987bdb8a857aafb8e4c9456179efd7ddfa38b0c229439df189d9d041b2c,1072,207628,1789654194132,1789654196173,2041,
2750,0xBcd4042DE499D14e55001CcbB24a551F3b954096,0x71bE63f3384f5fb98995898A86B02Fb2426c5788,true,true,false,0xf587bee3b90edadad669a38057063b108ecc021c77573697f4758662c54aac07,1072,207604,1789654194136,1789654196173,2037,
2751,0x71bE63f3384f5fb98995898A86B02Fb2426c5788,0xFABB0ac9d68B0B445fB7357272Ff202C5651694a,true,true,false,0xf189cddbd5d8633c03c837adb7825bc3556698b142b3823e171f28e1dc64d0d0,1072,207628,1789654194136,1789654196174,2038,
2752,0xFABB0ac9d68B0B445fB7357272Ff202C5651694a,0x1CBd3b2770909D4e10f157cABC84C7264073C9Ec,true,true,false,0x4adabff543eafa27b0aaed7bc10b3db4580d29271b0fe4a60c095f5226f34e58,1072,207628,1789654194776,1789654196190,1414,
2645,0x9965507D1a55bcC2695C58ba16FB37d819B0A4dc,0x976EA74026E726554dB657fA54763abd0C3a0aa9,true,true,false,0xccf9c6fcf1f5554b958652ed3294d60e8cf8b5773d50679d511ba1199db21478,1072,207628,1789654194778,1789654196191,1413,
2646,0x976EA74026E726554dB657fA54763abd0C3a0aa9,0x14dC79964da2C08b23698B3D3cc7Ca32193d9955,true,true,false,0x1d1c198ba85a752ad160ef3297c1af036091f510c5eb423f14b2c4bc4b265f8f,1072,207616,1789654194778,1789654196191,1413,
2642,0x3C44CdDdB6a900fa2b585dd299e03d12FA4293BC,0x90F79bf6EB2c4f870365E785982E1f101E93b906,true,true,false,0x3b14c2fb57eed3dadebda385deb6b9700495a2c6fc8781675a847568ca80258d,1072,207604,1789654194778,1789654196191,1413,
2617,0xbDA5747bFD65F08deb54cb465eB87D40e51B197E,0xdD2FD4581271e230360230F9337D5c0430Bf44C0,true,true,false,0xce503d8cbd00f1688d326998dff4e213afb490b4533290108d1a73852059d2f5,1072,207616,1789654194779,1789654196192,1413,
2618,0xdD2FD4581271e230360230F9337D5c0430Bf44C0,0x8626f6940E2eb28930eFb4CeF49B2d1F2C9C1199,true,true,false,0x39347e48f146b8b74c673795d980f55151efbd28e01e43df5c194be71cffd70c,1072,207628,1789654194779,1789654196192,1413,
2614,0xdF3e18d64BC6A983f673Ab319CCaE4f1a57C7097,0xcd3B766CCDd6AE721141F452C550Ca635964ce71,true,true,false,0x4e5192242841d8f7b3b5bee6100041a21406dfd74f798b002a5d05bb60c79d67,1072,207616,1789654194780,1789654196192,1412,
2615,0xcd3B766CCDd6AE721141F452C550Ca635964ce71,0x2546BcD3c84621e976D8185a91A922aE77ECEc30,true,true,false,0xe0de7e0a667d27164a2b52537140e2b8b272f299e46739897f6dbc3f15b1aaa9,1072,207628,1789654194781,1789654196193,1412,
2613,0x1CBd3b2770909D4e10f157cABC84C7264073C9Ec,0xdF3e18d64BC6A983f673Ab319CCaE4f1a57C7097,true,true,false,0x870adaf94a0d08d13450ff66ec8688bc317f9151a52053c6e48ccf501e1a042b,1072,207628,1789654194781,1789654196193,1412,
2606,0x976EA74026E726554dB657fA54763abd0C3a0aa9,0x14dC79964da2C08b23698B3D3cc7Ca32193d9955,true,true,false,0x3b4acf4774b944192a65af2055649be56dbcc97aa853edbcbab7028fcd335fd3,1072,207628,1789654194782,1789654196194,1412,
2588,0x23618e81E3f5cdF7f54C3d65f7FBc0aBf5B21E8f,0xa0Ee7A142d267C1f36714E4a8F75612F20a79720,true,true,false,0xca238b8bfbfc2b0bbe95e037b2df43e2c0f131c664ede88274f6d80395d0febe,1072,207628,1789654194783,1789654196194,1411,
2589,0xa0Ee7A142d267C1f36714E4a8F75612F20a79720,0xBcd4042DE499D14e55001CcbB24a551F3b954096,true,true,false,0x31c2c9b6197a54508bd7c85672ad99aa8354cf7cf4d675b39ccc665cc2523831,1072,207604,1789654194783,1789654196194,1411,
1460,0x09DB0a93B389bEF724429898f539AEB7ac2Dd55f,0x70997970C51812dc3A010C7d01b50e0d17dc79C8,true,true,false,0x74f7af8b6e4e7739d6df2346bbcc72a7f4ff76056e8212b50c66602037328cdf,1072,207628,1789654194784,1789654196195,1411,
1461,0x70997970C51812dc3A010C7d01b50e0d17dc79C8,0x3C44CdDdB6a900fa2b585dd299e03d12FA4293BC,true,true,false,0xc88ec65ed6c0836d00c364627d8e652aafe79d9888d411e6ea351ebd60103fa0,1072,207616,1789654194784,1789654196195,1411,
1462,0x3C44CdDdB6a900fa2b585dd299e03d12FA4293BC,0x90F79bf6EB2c4f870365E785982E1f101E93b906,true,true,false,0x0a07108019da1cf908898491e71384ee73d327ccabc451f0df9f79ed0c682a82,1072,207604,1789654194785,1789654196195,1410,
1463,0x90F79bf6EB2c4f870365E785982E1f101E93b906,0x15d34AAf54267DB7D7c367839AAf71A00a2C6A65,true,true,false,0xc88ddbf849d3412d396be74fdfbb5b85b8c8446eeb4144800e2267be31e2b6c9,1072,207628,1789654194785,1789654196196,1411,
1464,0x15d34AAf54267DB7D7c367839AAf71A00a2C6A65,0x9965507D1a55bcC2695C58ba16FB37d819B0A4dc,true,true,false,0x52e4685391882d2d9548c1e49be5f449bb4cd201fb0df0981f83dc2ad779d0af,1072,207628,1789654194786,1789654196202,1416,
1465,0x9965507D1a55bcC2695C58ba16FB37d819B0A4dc,0x976EA74026E726554dB657fA54763abd0C3a0aa9,true,true,false,0xd05fcfa190250e5df5c09b3ff9f0f2c20dd93850b7a91c3d42e3292c9e269bf9,1072,207628,1789654194786,1789654196196,1410,
1466,0x976EA74026E726554dB657fA54763abd0C3a0aa9,0x14dC79964da2C08b23698B3D3cc7Ca32193d9955,true,true,false,0xdff7a4b99f084321127e0649cca2e54b98a4b129f79966978c7a2ae40b98af87,1072,207628,1789654194787,1789654196196,1409,
1467,0x14dC79964da2C08b23698B3D3cc7Ca32193d9955,0x23618e81E3f5cdF7f54C3d65f7FBc0aBf5B21E8f,true,true,false,0xdc4d68ccdf72154c1b921a56eaf4ee44eadb0a88e6625a918dea8286d3e54ca9,1072,207616,1789654194787,1789654196196,1409,
1468,0x23618e81E3f5cdF7f54C3d65f7FBc0aBf5B21E8f,0xa0Ee7A142d267C1f36714E4a8F75612F20a79720,true,true,false,0x41f4e219d0f8ce2c847f2b25b6c2d6cdc55684174186ed6f31ac35e3538122fc,1072,207616,1789654194788,1789654196197,1409,
1469,0xa0Ee7A142d267C1f36714E4a8F75612F20a79720,0xBcd4042DE499D14e55001CcbB24a551F3b954096,true,true,false,0x2e792e0708a394bd30b71b88987c19b069c5d23101cf473e17bf04dd159b8abc,1072,207616,1789654194788,1789654196199,1411,
1471,0x71bE63f3384f5fb98995898A86B02Fb2426c5788,0xFABB0ac9d68B0B445fB7357272Ff202C5651694a,true,true,false,0xa0aadeb135b3a6bef587c2407d4d4cf92947686389ddc358175647004a6d232a,1072,207628,1789654194789,1789654196197,1408,
1473,0x1CBd3b2770909D4e10f157cABC84C7264073C9Ec,0xdF3e18d64BC6A983f673Ab319CCaE4f1a57C7097,true,true,false,0xa46829ac8cd96daa710d3e52db5f818ee215bdefb1b4e3e799efccfe2fc8b4df,1072,207616,1789654194789,1789654196198,1409,
1474,0xdF3e18d64BC6A983f673Ab319CCaE4f1a57C7097,0xcd3B766CCDd6AE721141F452C550Ca635964ce71,true,true,false,0x859381dda5a65959a1e9ec319ef84910a84afd3c4055fbc445e2cbf05f1a334a,1072,207628,1789654194790,1789654196199,1409,
1475,0xcd3B766CCDd6AE721141F452C550Ca635964ce71,0x2546BcD3c84621e976D8185a91A922aE77ECEc30,true,true,false,0xe7dac420d609b64d831a487587c632a824ff67f96a028016cc54a074835c66b9,1072,207616,1789654194790,1789654196203,1413,
1476,0x2546BcD3c84621e976D8185a91A922aE77ECEc30,0xbDA5747bFD65F08deb54cb465eB87D40e51B197E,true,true,false,0x90b92d2c2d468062108015d84d97afca0bc11eef40631b00041efd42db4bbebd,1072,207616,1789654194794,1789654196203,1409,
1477,0xbDA5747bFD65F08deb54cb465eB87D40e51B197E,0xdD2FD4581271e230360230F9337D5c0430Bf44C0,true,true,false,0x0ba89f891b8349e15cdf353aba58b8dc4938258055708ff70f6e334214d62ef9,1072,207604,1789654194795,1789654196202,1407,
1478,0xdD2FD4581271e230360230F9337D5c0430Bf44C0,0x8626f6940E2eb28930eFb4CeF49B2d1F2C9C1199,true,true,false,0x5793cf99a1406de039fa551d59b81dda73a42ebe05a878cbf079984335ee7f5a,1072,207628,1789654194795,1789654196200,1405,
1479,0x8626f6940E2eb28930eFb4CeF49B2d1F2C9C1199,0x09DB0a93B389bEF724429898f539AEB7ac2Dd55f,true,true,false,0x87d2aa1ea823d816a15abf2852747a428f8b2edf8050259ca227a4bbe6606705,1072,207616,1789654194796,1789654196201,1405,
1480,0x09DB0a93B389bEF724429898f539AEB7ac2Dd55f,0x70997970C51812dc3A010C7d01b50e0d17dc79C8,true,true,false,0x27f8b4be4ec13aec7120cb46478ca924cfaa92f5064ee02df55d7a27ee0724ec,1072,207616,1789654194796,1789654196200,1404,
1481,0x70997970C51812dc3A010C7d01b50e0d17dc79C8,0x3C44CdDdB6a900fa2b585dd299e03d12FA4293BC,true,true,false,0xef3894d1fd7753a2b2881e6ca5c67dd2e110da6dba8282455b2785abdaeffad6,1072,207616,1789654194798,1789654196201,1403,
1482,0x3C44CdDdB6a900fa2b585dd299e03d12FA4293BC,0x90F79bf6EB2c4f870365E785982E1f101E93b906,true,true,false,0x153cd1a950f9342aca2ae3def42c7167dbdadef30809bceea2804e80ffb4a86f,1072,207616,1789654194799,1789654196204,1405,
1483,0x90F79bf6EB2c4f870365E785982E1f101E93b906,0x15d34AAf54267DB7D7c367839AAf71A00a2C6A65,true,true,false,0x9187665df3de3f6a92276eb9371c44bbca2bb14dbf9fa5550910e26fdc3809a9,1072,207628,1789654194799,1789654196202,1403,
1484,0x15d34AAf54267DB7D7c367839AAf71A00a2C6A65,0x9965507D1a55bcC2695C58ba16FB37d819B0A4dc,true,true,false,0xb238ebad11f046b50868f7ea0c2455df73e235340283144dd84f21c0f9b9511b,1072,207628,1789654194800,1789654196203,1403,
1485,0x9965507D1a55bcC2695C58ba16FB37d819B0A4dc,0x976EA74026E726554dB657fA54763abd0C3a0aa9,true,true,false,0x132563bcd04850e21768a76d13f95a6fc1eef12c275d3f4cea8c7544a55b1da6,1072,207604,1789654194863,1789654196204,1341,
1486,0x976EA74026E726554dB657fA54763abd0C3a0aa9,0x14dC79964da2C08b23698B3D3cc7Ca32193d9955,true,true,false,0x53705a41a41d4122aa3c1ab06112f701d421c5caf61ec9fd9fbffd0a631dcbee,1072,207628,1789654194868,1789654196204,1336,
1487,0x14dC79964da2C08b23698B3D3cc7Ca32193d9955,0x23618e81E3f5cdF7f54C3d65f7FBc0aBf5B21E8f,true,true,false,0x1595addd34111946a67717cad6713c4f21c6c252f44782ee0aa83a399912d99f,1072,207628,1789654194870,1789654196205,1335,
1489,0xa0Ee7A142d267C1f36714E4a8F75612F20a79720,0xBcd4042DE499D14e55001CcbB24a551F3b954096,true,true,false,0xf405bce39968cfef6d1a079ca0b588b1ba2d6e0af179d1d3f67d3359f8f7dd84,1072,207616,1789654194872,1789654196205,1333,
1492,0xFABB0ac9d68B0B445fB7357272Ff202C5651694a,0x1CBd3b2770909D4e10f157cABC84C7264073C9Ec,true,true,false,0x4683ee5726df33c04280b96e516ea3eb6fae0e676d04a945142abac50d92b646,1072,207628,1789654194876,1789654196205,1329,
1493,0x1CBd3b2770909D4e10f157cABC84C7264073C9Ec,0xdF3e18d64BC6A983f673Ab319CCaE4f1a57C7097,true,true,false,0xeea66a39188664f72d39320a65bb6f55b1cb457734bff13da335ed2e6c8f32bc,1072,207616,1789654194884,1789654196206,1322,
1494,0xdF3e18d64BC6A983f673Ab319CCaE4f1a57C7097,0xcd3B766CCDd6AE721141F452C550Ca635964ce71,true,true,false,0xb1e1598638aad610881de4676d436bca51061d259dccfe6fdf5a620021386405,1072,207616,1789654194885,1789654196206,1321,
1495,0xcd3B766CCDd6AE721141F452C550Ca635964ce71,0x2546BcD3c84621e976D8185a91A922aE77ECEc30,true,true,false,0xd42ad00f88638d59b9e4ad6725602d59a0d6045e349cf278247887412c95534c,1072,207628,1789654194888,1789654196206,1318,
1496,0x2546BcD3c84621e976D8185a91A922aE77ECEc30,0xbDA5747bFD65F08deb54cb465eB87D40e51B197E,true,true,false,0x91a31c65864952e6b700262abe4ead88daf76b3b31b6c3ae92b1834382ba800e,1072,207628,1789654194889,1789654196207,1318,
1497,0xbDA5747bFD65F08deb54cb465eB87D40e51B197E,0xdD2FD4581271e230360230F9337D5c0430Bf44C0,true,true,false,0x70f894a22c72b134add104508de03bd3151481d5e48e0b3b9a6568a2828d47d0,1072,207628,1789654194891,1789654196207,1316,
1498,0xdD2FD4581271e230360230F9337D5c0430Bf44C0,0x8626f6940E2eb28930eFb4CeF49B2d1F2C9C1199,true,true,false,0x19f1bd6ee53786c94e7d069c4a4f2e258bc2d047b78d82a2a89bfb9db7428065,1072,207628,1789654194892,1789654196207,1315,
1499,0x8626f6940E2eb28930eFb4CeF49B2d1F2C9C1199,0x09DB0a93B389bEF724429898f539AEB7ac2Dd55f,true,true,false,0x8592408e04478563a52b65987c821ae412fc32d872815d63882e97c3a64bd925,1072,207628,1789654194893,1789654196207,1314,
1500,0x09DB0a93B389bEF724429898f539AEB7ac2Dd55f,0x70997970C51812dc3A010C7d01b50e0d17dc79C8,true,true,false,0x241fc0691003b79c9a3cf42f1cde72f761f5ecd6f5ff3884042e3b4bc47fbf61,1072,207628,1789654194894,1789654196208,1314,
1501,0x70997970C51812dc3A010C7d01b50e0d17dc79C8,0x3C44CdDdB6a900fa2b585dd299e03d12FA4293BC,true,true,false,0x3afcff5f2d5dcb58923e0649a077d36e828372a23b92466d2203f75c5e66c66f,1072,207616,1789654194895,1789654196208,1313,
1502,0x3C44CdDdB6a900fa2b585dd299e03d12FA4293BC,0x90F79bf6EB2c4f870365E785982E1f101E93b906,true,true,false,0x31ae53785be6c3920119a9b94fc133580e746544718524b5a78e1176f0b28a9e,1072,207616,1789654194896,1789654196209,1313,
1503,0x90F79bf6EB2c4f870365E785982E1f101E93b906,0x15d34AAf54267DB7D7c367839AAf71A00a2C6A65,true,true,false,0x3599efd27f7a1d7241e087049172312e563c38ae4032980879f339996379b3c6,1072,207628,1789654194898,1789654196209,1311,
1505,0x9965507D1a55bcC2695C58ba16FB37d819B0A4dc,0x976EA74026E726554dB657fA54763abd0C3a0aa9,true,true,false,0x21a3105bb0d8c30d6c07d34838dc95c8a4c8978938f58585562eeb57a5bdecf8,1072,207616,1789654194899,1789654196209,1310,
1506,0x976EA74026E726554dB657fA54763abd0C3a0aa9,0x14dC79964da2C08b23698B3D3cc7Ca32193d9955,true,true,false,0x8dd24e89e7db850b581892356ca976d3254e0d578a3c59880849178201426f67,1072,207628,1789654194901,1789654196209,1308,
1508,0x23618e81E3f5cdF7f54C3d65f7FBc0aBf5B21E8f,0xa0Ee7A142d267C1f36714E4a8F75612F20a79720,true,true,false,0x2dc24964abb84c54fa63eea58375e2679d248e15677cf1fc278bcd9633ac5f75,1072,207628,1789654194903,1789654196210,1307,
1509,0xa0Ee7A142d267C1f36714E4a8F75612F20a79720,0xBcd4042DE499D14e55001CcbB24a551F3b954096,true,true,false,0xcfd4f2740b8c5bc97d61e586b73411e629fc3f86f77dfbd5ea771609dc43dc5d,1072,207604,1789654194904,1789654196210,1306,
1510,0xBcd4042DE499D14e55001CcbB24a551F3b954096,0x71bE63f3384f5fb98995898A86B02Fb2426c5788,true,true,false,0x03fab447e199e8f726cd6b93b68d55d838871a09c5a2b14853a121c003b250b5,1072,207616,1789654194989,1789654196211,1222,
1511,0x71bE63f3384f5fb98995898A86B02Fb2426c5788,0xFABB0ac9d68B0B445fB7357272Ff202C5651694a,true,true,false,0xd8620e492df2a81a8979e1b47d4892ca02674da48487dad1086695182888c665,1072,207616,1789654194990,1789654196211,1221,
1512,0xFABB0ac9d68B0B445fB7357272Ff202C5651694a,0x1CBd3b2770909D4e10f157cABC84C7264073C9Ec,true,true,false,0x0f32790c2192f25801c63f93156f52ed6f3b91b91b1a189425bddd0b0ec90501,1072,207616,1789654194991,1789654196211,1220,
1513,0x1CBd3b2770909D4e10f157cABC84C7264073C9Ec,0xdF3e18d64BC6A983f673Ab319CCaE4f1a57C7097,true,true,false,0xd6eec763d06a1e28593298cff7030753cc993312f5af61288ba801c1deb60de7,1072,207628,1789654194993,1789654196333,1340,
1514,0xdF3e18d64BC6A983f673Ab319CCaE4f1a57C7097,0xcd3B766CCDd6AE721141F452C550Ca635964ce71,true,true,false,0xe228efdeb61747b5366bc4b69fe3f8740274e8b4a0c998c8af647982d1a6f7ea,1072,207628,1789654194994,1789654196333,1339,
1515,0xcd3B766CCDd6AE721141F452C550Ca635964ce71,0x2546BcD3c84621e976D8185a91A922aE77ECEc30,true,true,false,0x15d3c7a4169c2a58f352b05e3a1f0ee18dfcaae5993d966446023a2e20937e23,1072,207628,1789654194996,1789654196334,1338,
1516,0x2546BcD3c84621e976D8185a91A922aE77ECEc30,0xbDA5747bFD65F08deb54cb465eB87D40e51B197E,true,true,false,0xec52b24d0da92172fe50571b44052b1cc1dca2f4fd5eb470cd4492fd3cb818f2,1072,207628,1789654194998,1789654196334,1336,
1517,0xbDA5747bFD65F08deb54cb465eB87D40e51B197E,0xdD2FD4581271e230360230F9337D5c0430Bf44C0,true,true,false,0x6ed60b9d21c93ca04f742ae8c6037251880d2ffeca169d2fcc156f1df53ec645,1072,207628,1789654195000,1789654196334,1334,
1518,0xdD2FD4581271e230360230F9337D5c0430Bf44C0,0x8626f6940E2eb28930eFb4CeF49B2d1F2C9C1199,true,true,false,0x75704538d2181e5e40bc0d00444815b76b787366763aeb1753537af4e5711226,1072,207628,1789654195001,1789654196335,1334,
1519,0x8626f6940E2eb28930eFb4CeF49B2d1F2C9C1199,0x09DB0a93B389bEF724429898f539AEB7ac2Dd55f,true,true,false,0x878c357b96a876d887c81c943ce75d16d3fff93f938d7c60f2e17531c82610f5,1072,207628,1789654195004,1789654196335,1331,
1520,0x09DB0a93B389bEF724429898f539AEB7ac2Dd55f,0x70997970C51812dc3A010C7d01b50e0d17dc79C8,true,true,false,0x6b9741a6fc0dc855ed5b84e29a754fbac7bdb7533a75d46e5a2d72406fab3981,1072,207616,1789654195005,1789654196335,1330,
1521,0x70997970C51812dc3A010C7d01b50e0d17dc79C8,0x3C44CdDdB6a900fa2b585dd299e03d12FA4293BC,true,true,false,0x0456bb83c3c6c75ec1eb615c2f4dd3cec292968263a05eb6819fc6df01ad1424,1072,207616,1789654195006,1789654196336,1330,
1522,0x3C44CdDdB6a900fa2b585dd299e03d12FA4293BC,0x90F79bf6EB2c4f870365E785982E1f101E93b906,true,true,false,0x7608825fe20edf203eaab0050af7569400af1c4c52c1be3d1cfcd6f8dbc53a66,1072,207616,1789654195007,1789654196336,1329,
1523,0x90F79bf6EB2c4f870365E785982E1f101E93b906,0x15d34AAf54267DB7D7c367839AAf71A00a2C6A65,true,true,false,0x4e519bc50f9c3c63f2b161af134379cebb7dda4bc955d051d762b1583bc92c1e,1072,207628,1789654195008,1789654196336,1328,
1524,0x15d34AAf54267DB7D7c367839AAf71A00a2C6A65,0x9965507D1a55bcC2695C58ba16FB37d819B0A4dc,true,true,false,0x3aac768fb9b21fbfef887a4fdb64f6f4d17bcd0c6b519b31188cc764734c1a4d,1072,207616,1789654195009,1789654196339,1330,
1525,0x9965507D1a55bcC2695C58ba16FB37d819B0A4dc,0x976EA74026E726554dB657fA54763abd0C3a0aa9,true,true,false,0xd5a60a91c038af32565f45e39f59bc6ea9c2895442d5b7db7bc5f8130dd46fe6,1072,207628,1789654195010,1789654196339,1329,
1526,0x976EA74026E726554dB657fA54763abd0C3a0aa9,0x14dC79964da2C08b23698B3D3cc7Ca32193d9955,true,true,false,0x2a3518bf684a36ba658c3277670b93260b68e07ecb21684fc130666d5a41fa58,1072,207604,1789654195011,1789654196340,1329,
1531,0x71bE63f3384f5fb98995898A86B02Fb2426c5788,0xFABB0ac9d68B0B445fB7357272Ff202C5651694a,true,true,false,0x67240a37f89221b4f1e50af73db96c911c72ac3f7bbc3c963c5b99c6c31b0ef4,1072,207628,1789654195012,1789654196340,1328,
1532,0xFABB0ac9d68B0B445fB7357272Ff202C5651694a,0x1CBd3b2770909D4e10f157cABC84C7264073C9Ec,true,true,false,0x0af37a5fe8fec0000a869afc447716347451b16b9468fd5d191bee2e7b82f0fc,1072,207628,1789654195017,1789654196340,1323,
1533,0x1CBd3b2770909D4e10f157cABC84C7264073C9Ec,0xdF3e18d64BC6A983f673Ab319CCaE4f1a57C7097,true,true,false,0x5a5ca94bdecc258ac122716b715e79c46b2641fa6667ccd65ac6ce7b8975776f,1072,207628,1789654195018,1789654196340,1322,
1534,0xdF3e18d64BC6A983f673Ab319CCaE4f1a57C7097,0xcd3B766CCDd6AE721141F452C550Ca635964ce71,true,true,false,0x8724b333560722e2260502e9f003b91f49d7879bf0bb89c51aeaccdb1d72c0b9,1072,207628,1789654195019,1789654196341,1322,
1535,0xcd3B766CCDd6AE721141F452C550Ca635964ce71,0x2546BcD3c84621e976D8185a91A922aE77ECEc30,true,true,false,0x00c87eb210bda0e854bcc924f4321e817f68e9ce8d20adac37e4fc484b7aefb7,1072,207628,1789654195020,1789654196341,1321,
1536,0x2546BcD3c84621e976D8185a91A922aE77ECEc30,0xbDA5747bFD65F08deb54cb465eB87D40e51B197E,true,true,false,0xc0cff213188810090041648c8b42d4d66ca996e67d88f4bd345646d99ea5b262,1072,207628,1789654195021,1789654196341,1320,
1537,0xbDA5747bFD65F08deb54cb465eB87D40e51B197E,0xdD2FD4581271e230360230F9337D5c0430Bf44C0,true,true,false,0x5baaac140e78e942fdd476882ee2c083987bbeccaebadf406da8b96d8f3449cd,1072,207628,1789654195023,1789654196342,1319,
1538,0xdD2FD4581271e230360230F9337D5c0430Bf44C0,0x8626f6940E2eb28930eFb4CeF49B2d1F2C9C1199,true,true,false,0x620a121ca080a8efb4391d074a3d707843d745356f0cb9a4f99eeb45d18b2fb4,1072,207628,1789654195024,1789654196342,1318,
1539,0x8626f6940E2eb28930eFb4CeF49B2d1F2C9C1199,0x09DB0a93B389bEF724429898f539AEB7ac2Dd55f,true,true,false,0xa4445e785022e2cef59adf5428006e065da15b0504237a6a96de2f3bec3210dd,1072,207628,1789654195025,1789654196342,1317,
1540,0x09DB0a93B389bEF724429898f539AEB7ac2Dd55f,0x70997970C51812dc3A010C7d01b50e0d17dc79C8,true,true,false,0xfcba9c217b02502305300eb6640fb6d3441e353900fedd23943f95a6aa8f1809,1072,207628,1789654195025,1789654196342,1317,
1541,0x70997970C51812dc3A010C7d01b50e0d17dc79C8,0x3C44CdDdB6a900fa2b585dd299e03d12FA4293BC,true,true,false,0x59fd873e7a57a3a81ee8bd97756e522a35e3eabd0ffa525df6488cdead3ae593,1072,207616,1789654195026,1789654196343,1317,
1542,0x3C44CdDdB6a900fa2b585dd299e03d12FA4293BC,0x90F79bf6EB2c4f870365E785982E1f101E93b906,true,true,false,0xeab1a3bbd01d57ffce9c67403c1660fab91a7d5662be51558c6c611e5c67cfbd,1072,207616,1789654195027,1789654196343,1316,
1543,0x90F79bf6EB2c4f870365E785982E1f101E93b906,0x15d34AAf54267DB7D7c367839AAf71A00a2C6A65,true,true,false,0x6ad49e8a027fc710e7e48bbfd4f18d758a0bbba3928197ca7abfc208363a6fa7,1072,207628,1789654195028,1789654196343,1315,
1544,0x15d34AAf54267DB7D7c367839AAf71A00a2C6A65,0x9965507D1a55bcC2695C58ba16FB37d819B0A4dc,true,true,false,0x64675219badcf195e38b0fa2a4c4d14bcf8f2113acdb8b5c776886e1543088b1,1072,207628,1789654195028,1789654196343,1315,
1547,0x14dC79964da2C08b23698B3D3cc7Ca32193d9955,0x23618e81E3f5cdF7f54C3d65f7FBc0aBf5B21E8f,true,true,false,0x3a853358537e507e558de779097c4ca5022e3664d243fe96408db16404003f17,1072,207628,1789654195029,1789654196344,1315,
1548,0x23618e81E3f5cdF7f54C3d65f7FBc0aBf5B21E8f,0xa0Ee7A142d267C1f36714E4a8F75612F20a79720,true,true,false,0xde302f7316c470f40da5cc5f6d702b07d0396debd9abebedfa581441b6227cd4,1072,207628,1789654195030,1789654196344,1314,
1549,0xa0Ee7A142d267C1f36714E4a8F75612F20a79720,0xBcd4042DE499D14e55001CcbB24a551F3b954096,true,true,false,0x30d258350071c840a62ec767b4516fb79ad4a730fe2383c2628a982dfadf7502,1072,207604,1789654195032,1789654196344,1312,
1550,0xBcd4042DE499D14e55001CcbB24a551F3b954096,0x71bE63f3384f5fb98995898A86B02Fb2426c5788,true,true,false,0xa56404960e6db8f2d7f294b77267d1f7235cac3731897692548ee67d70527f60,1072,207604,1789654195033,1789654196344,1311,
2865,0x9965507D1a55bcC2695C58ba16FB37d819B0A4dc,0x976EA74026E726554dB657fA54763abd0C3a0aa9,true,true,false,0x582c2f6f923aced8eed584b1f2905cba117040674faf893eaaa4b38bf9d38f1b,1073,207628,1789654196457,1789654198109,1652,
2863,0x90F79bf6EB2c4f870365E785982E1f101E93b906,0x15d34AAf54267DB7D7c367839AAf71A00a2C6A65,true,true,false,0x76185424a037eeabb2b6f5fd18165c78168e90a547243f17195e0062e8307559,1073,207628,1789654196458,1789654198112,1654,
2864,0x15d34AAf54267DB7D7c367839AAf71A00a2C6A65,0x9965507D1a55bcC2695C58ba16FB37d819B0A4dc,true,true,false,0x4fafa8fc1a124829b133cb56ac224b284f143f24cdb52675585bfb293b8ab68e,1073,207628,1789654196458,1789654198112,1654,
2815,0xcd3B766CCDd6AE721141F452C550Ca635964ce71,0x2546BcD3c84621e976D8185a91A922aE77ECEc30,true,true,false,0xea4bc22b9fbe2acb3b73fc967412a55bcaf064eed745f5abdf6db3599bde2f2a,1073,207628,1789654196459,1789654198112,1653,
2816,0x2546BcD3c84621e976D8185a91A922aE77ECEc30,0xbDA5747bFD65F08deb54cb465eB87D40e51B197E,true,true,false,0x5f076074c8a6b372bee857751c9817476abd44a2fac3dbe52cd6f6386c88d331,1073,207628,1789654196459,1789654198112,1653,
2814,0xdF3e18d64BC6A983f673Ab319CCaE4f1a57C7097,0xcd3B766CCDd6AE721141F452C550Ca635964ce71,true,true,false,0xde6382b81f62c3fbfcfc38b9d1c681e33a129da91727551d4dd379834c23dc45,1073,207628,1789654196460,1789654198112,1652,
2796,0x2546BcD3c84621e976D8185a91A922aE77ECEc30,0xbDA5747bFD65F08deb54cb465eB87D40e51B197E,true,true,false,0xca6c672083396b3409123a00cf4e6ed504b66792a6e912c533123a3940d63cc7,1073,207616,1789654196460,1789654198112,1652,
2784,0x15d34AAf54267DB7D7c367839AAf71A00a2C6A65,0x9965507D1a55bcC2695C58ba16FB37d819B0A4dc,true,true,false,0x3a115f27532ba8557977f0656ac4d9aca471266ad0cb8bb3a972af9e286ebe9a,1073,207616,1789654196461,1789654198113,1652,
2785,0x9965507D1a55bcC2695C58ba16FB37d819B0A4dc,0x976EA74026E726554dB657fA54763abd0C3a0aa9,true,true,false,0x5afbc4f517d00c5e07a5ef1bf6cc8d605d47dea8225f8d80f2de97f0a9f0d45a,1073,207616,1789654196461,1789654198113,1652,
2779,0x8626f6940E2eb28930eFb4CeF49B2d1F2C9C1199,0x09DB0a93B389bEF724429898f539AEB7ac2Dd55f,true,true,false,0xc7765349edf7f6cecddabc63d6af26f05bd1cd29873b148beae504315cb0fcf1,1073,207628,1789654196462,1789654198113,1651,
2882,0x3C44CdDdB6a900fa2b585dd299e03d12FA4293BC,0x90F79bf6EB2c4f870365E785982E1f101E93b906,true,true,false,0xf4b940bb888e12079465e6f33cef4aad6be72481a449ddc93ae309c3601562b5,1073,207616,1789654196462,1789654198113,1651,
2883,0x90F79bf6EB2c4f870365E785982E1f101E93b906,0x15d34AAf54267DB7D7c367839AAf71A00a2C6A65,true,true,false,0xd6ad42aa007cb1ee785baed2ae5b9e8c859a8ac94665f453cd646b20d5e60366,1073,207628,1789654196463,1789654198113,1650,
2775,0xcd3B766CCDd6AE721141F452C550Ca635964ce71,0x2546BcD3c84621e976D8185a91A922aE77ECEc30,true,true,false,0xe5b1c3d41fd09fe6a5970c505e124d358973d14069397113df4cc961492167f4,1073,207628,1789654196463,1789654198124,1661,
1551,0x71bE63f3384f5fb98995898A86B02Fb2426c5788,0xFABB0ac9d68B0B445fB7357272Ff202C5651694a,true,true,false,0xb4f69b256351c473d4e332b37a91ac4eded07ae01e5a6960b5e2bcc1c19713b4,1073,207628,1789654196464,1789654198124,1660,
1552,0xFABB0ac9d68B0B445fB7357272Ff202C5651694a,0x1CBd3b2770909D4e10f157cABC84C7264073C9Ec,true,true,false,0x23de536bd72304da3a46a317af543c90fcb2cbb89db0f1a90de3f2bb762bd592,1073,207616,1789654196466,1789654198124,1658,
1553,0x1CBd3b2770909D4e10f157cABC84C7264073C9Ec,0xdF3e18d64BC6A983f673Ab319CCaE4f1a57C7097,true,true,false,0xc352f3b54e913f8b14de885d30fa637bcea229ed4f2d38f6f783f518e0d57bb1,1073,207628,1789654196466,1789654198125,1659,
1554,0xdF3e18d64BC6A983f673Ab319CCaE4f1a57C7097,0xcd3B766CCDd6AE721141F452C550Ca635964ce71,true,true,false,0xae47dc051f0d07523670c291969ef38b72ccb1be502c1ddbcc93dbb4ab3b1edf,1073,207628,1789654196467,1789654198125,1658,
1555,0xcd3B766CCDd6AE721141F452C550Ca635964ce71,0x2546BcD3c84621e976D8185a91A922aE77ECEc30,true,true,false,0x15baf25ab167a3c88153fc3aa93e9ef465d3ec39208dfa0c4638eacac552cb44,1073,207628,1789654196468,1789654198125,1657,
1558,0xdD2FD4581271e230360230F9337D5c0430Bf44C0,0x8626f6940E2eb28930eFb4CeF49B2d1F2C9C1199,true,true,false,0x18a509460126a0222bc0d488c748c3a1422c360f1035669d8b6f76e17f4585e1,1073,207628,1789654196468,1789654198125,1657,
1559,0x8626f6940E2eb28930eFb4CeF49B2d1F2C9C1199,0x09DB0a93B389bEF724429898f539AEB7ac2Dd55f,true,true,false,0x0e7536f47c2ae941cac8ed4b01d0ea90d76a855be5ea9d53fd5019b8bf8c7bfb,1073,207628,1789654196469,1789654198125,1656,
1560,0x09DB0a93B389bEF724429898f539AEB7ac2Dd55f,0x70997970C51812dc3A010C7d01b50e0d17dc79C8,true,true,false,0x5166d767b031331d9b6e8f98f5912e890792aedf8cbf7659d5f513e200ee3ee7,1073,207628,1789654196469,1789654198125,1656,
1561,0x70997970C51812dc3A010C7d01b50e0d17dc79C8,0x3C44CdDdB6a900fa2b585dd299e03d12FA4293BC,true,true,false,0xcb737ef198b211db85578fcbcc7efd37dc5605c6668ae18eaa45314068f350fc,1073,207616,1789654196470,1789654198126,1656,
1562,0x3C44CdDdB6a900fa2b585dd299e03d12FA4293BC,0x90F79bf6EB2c4f870365E785982E1f101E93b906,true,true,false,0x0ed90551b927db5f4dfba5ff45ef92ceb586ea92099ea8686b77ac52ceb1321c,1073,207616,1789654196470,1789654198126,1656,
1563,0x90F79bf6EB2c4f870365E785982E1f101E93b906,0x15d34AAf54267DB7D7c367839AAf71A00a2C6A65,true,true,false,0x2a743735a65d48696c656439c88fb9c53bd64240769570df742395bf7d8c15b8,1073,207628,1789654196471,1789654198126,1655,
1565,0x9965507D1a55bcC2695C58ba16FB37d819B0A4dc,0x976EA74026E726554dB657fA54763abd0C3a0aa9,true,true,false,0xca4380a6f9f455968e2c1f60e4b6b383140bbac0980a416c9f04a1da98719afd,1073,207628,1789654196471,1789654198126,1655,
1566,0x976EA74026E726554dB657fA54763abd0C3a0aa9,0x14dC79964da2C08b23698B3D3cc7Ca32193d9955,true,true,false,0x2f5755fc9ead444113aafee7b62ed5ae14e5e51ff358be622491218363a8079d,1073,207628,1789654196472,1789654198126,1654,
1567,0x14dC79964da2C08b23698B3D3cc7Ca32193d9955,0x23618e81E3f5cdF7f54C3d65f7FBc0aBf5B21E8f,true,true,false,0xbb21d48e97c48fd17e21523e2a1b85eecf5f6a625e56d4b653a525959fe299ed,1073,207616,1789654196472,1789654198126,1654,
1569,0xa0Ee7A142d267C1f36714E4a8F75612F20a79720,0xBcd4042DE499D14e55001CcbB24a551F3b954096,true,true,false,0x7e45edb4781eee3c83fb1b4c335546495a740104b8de19f922e2a0799a5a69a1,1073,207604,1789654196473,1789654198127,1654,
1570,0xBcd4042DE499D14e55001CcbB24a551F3b954096,0x71bE63f3384f5fb98995898A86B02Fb2426c5788,true,true,false,0xe2b6f7ef79eea01eff2514be520accf2dca7feee1db34504279db9b427909089,1073,207616,1789654196473,1789654198127,1654,
1573,0x1CBd3b2770909D4e10f157cABC84C7264073C9Ec,0xdF3e18d64BC6A983f673Ab319CCaE4f1a57C7097,true,true,false,0x2c7132089e2cc2de8b5aec5939b4f95c56bcf8128b9711e142b6652c8b4dbd13,1073,207628,1789654196474,1789654198156,1682,
1581,0x70997970C51812dc3A010C7d01b50e0d17dc79C8,0x3C44CdDdB6a900fa2b585dd299e03d12FA4293BC,true,true,false,0x58e54f8b0a649eb44e1532e83cb35d7c696e5ef7019929f810086fcaa4db1795,1073,207616,1789654196475,1789654198156,1681,
1582,0x3C44CdDdB6a900fa2b585dd299e03d12FA4293BC,0x90F79bf6EB2c4f870365E785982E1f101E93b906,true,true,false,0x1cd08701078e0ddc3468c48d52e43190deee86e2f90271db849241dda8c0111d,1073,207604,1789654196475,1789654198156,1681,
1583,0x90F79bf6EB2c4f870365E785982E1f101E93b906,0x15d34AAf54267DB7D7c367839AAf71A00a2C6A65,true,true,false,0x1e943d2713927118e6e66193a5461fd6616ec18a27a84d42850bcc1458c0be92,1073,207628,1789654196476,1789654198156,1680,
1584,0x15d34AAf54267DB7D7c367839AAf71A00a2C6A65,0x9965507D1a55bcC2695C58ba16FB37d819B0A4dc,true,true,false,0x75488826c140053fdaa41612c39b4dce1a5b58660f7d9df2182cfb459506bc9f,1073,207616,1789654196476,1789654198157,1681,
1585,0x9965507D1a55bcC2695C58ba16FB37d819B0A4dc,0x976EA74026E726554dB657fA54763abd0C3a0aa9,true,true,false,0x84f8b4549f66a982e0822022486cec5aa9a79710abd761492c12fc1e5f339d99,1073,207628,1789654196477,1789654198157,1680,
1586,0x976EA74026E726554dB657fA54763abd0C3a0aa9,0x14dC79964da2C08b23698B3D3cc7Ca32193d9955,true,true,false,0xb557b490d14f2dfe3900b8a1efb3ead7547c18d1227aa7f00d625c3018675493,1073,207628,1789654196477,1789654198157,1680,
1587,0x14dC79964da2C08b23698B3D3cc7Ca32193d9955,0x23618e81E3f5cdF7f54C3d65f7FBc0aBf5B21E8f,true,true,false,0x01c89d30de6d31258797fe072d0bfdc2c17184492574f483a95ef11b8336a664,1073,207628,1789654196477,1789654198157,1680,
1588,0x23618e81E3f5cdF7f54C3d65f7FBc0aBf5B21E8f,0xa0Ee7A142d267C1f36714E4a8F75612F20a79720,true,true,false,0xc4e1fafc2d426724bb554ba447afc6323d084dc072cca4c3ad493042d0bb0122,1073,207628,1789654196478,1789654198157,1679,
1589,0xa0Ee7A142d267C1f36714E4a8F75612F20a79720,0xBcd4042DE499D14e55001CcbB24a551F3b954096,true,true,false,0x60c59aa2c2e21c264524b954a2cab306098564449b0714de56c612ab9fb56543,1073,207604,1789654196478,1789654198157,1679,
1590,0xBcd4042DE499D14e55001CcbB24a551F3b954096,0x71bE63f3384f5fb98995898A86B02Fb2426c5788,true,true,false,0x5a4c208a0d0b95656da98d7c99c9e7b3266ed47e5550f5e7dbbe38122f75e8ce,1073,207604,1789654196479,1789654198158,1679,
1591,0x71bE63f3384f5fb98995898A86B02Fb2426c5788,0xFABB0ac9d68B0B445fB7357272Ff202C5651694a,true,true,false,0xcc95bdaa0ea80dd90875c968e5040319c8532e4fe4132b5c3fa6e1472970f5e0,1073,207628,1789654196479,1789654198158,1679,
1592,0xFABB0ac9d68B0B445fB7357272Ff202C5651694a,0x1CBd3b2770909D4e10f157cABC84C7264073C9Ec,true,true,false,0x4bcc110d1c532e80d8ff4708c2a3aa053c94802f7e20a25f421d2c5ba368a0ba,1073,207604,1789654196480,1789654198158,1678,
1593,0x1CBd3b2770909D4e10f157cABC84C7264073C9Ec,0xdF3e18d64BC6A983f673Ab319CCaE4f1a57C7097,true,true,false,0x480574b2e1e0745a4089673bd0c57e84b0af13cffa6bf5b47d9c04c6110986db,1073,207628,1789654196481,1789654198158,1677,
1594,0xdF3e18d64BC6A983f673Ab319CCaE4f1a57C7097,0xcd3B766CCDd6AE721141F452C550Ca635964ce71,true,true,false,0xbf6db370a45d4f8acfec4039bf746a68183345eb6c88ede0396fe5abd5ed208d,1073,207628,1789654196482,1789654198158,1676,
1595,0xcd3B766CCDd6AE721141F452C550Ca635964ce71,0x2546BcD3c84621e976D8185a91A922aE77ECEc30,true,true,false,0x923aa1b746fded23396b74e9f16fec4e19126728ded38fc9562040c9da034d81,1073,207628,1789654196483,1789654198159,1676,
1596,0x2546BcD3c84621e976D8185a91A922aE77ECEc30,0xbDA5747bFD65F08deb54cb465eB87D40e51B197E,true,true,false,0xcb41ed5c78c2a5c2c60659ba2399cf8e29fb6cd980daccdab8431c53f7596aa4,1073,207628,1789654196483,1789654198159,1676,
1597,0xbDA5747bFD65F08deb54cb465eB87D40e51B197E,0xdD2FD4581271e230360230F9337D5c0430Bf44C0,true,true,false,0xf2eecdfffb2ee467c0455bb61aa28563d1f16362be5316a6a072a15e4657960f,1073,207628,1789654196484,1789654198159,1675,
1598,0xdD2FD4581271e230360230F9337D5c0430Bf44C0,0x8626f6940E2eb28930eFb4CeF49B2d1F2C9C1199,true,true,false,0xafcee04c84de7bb05d7e76f1a7876fdbd7dd2999c40a8a4fbbef0b249cfa92c2,1073,207616,1789654196485,1789654198159,1674,
1599,0x8626f6940E2eb28930eFb4CeF49B2d1F2C9C1199,0x09DB0a93B389bEF724429898f539AEB7ac2Dd55f,true,true,false,0x69900f2952836b5050553646d0bb6d723b2a009cd1397f19e499fd15d61dc5c2,1073,207628,1789654196485,1789654198159,1674,
1600,0x09DB0a93B389bEF724429898f539AEB7ac2Dd55f,0x70997970C51812dc3A010C7d01b50e0d17dc79C8,true,true,false,0x608bbbb328172e312f3bf98dd6a95b739ca6649cbfd01b7525e8304ee369f173,1073,207628,1789654196487,1789654198159,1672,
1601,0x70997970C51812dc3A010C7d01b50e0d17dc79C8,0x3C44CdDdB6a900fa2b585dd299e03d12FA4293BC,true,true,false,0x473817a762648e90e4988a15825eb41d2c482738b230ac04c1a3332790627772,1073,207616,1789654196487,1789654198160,1673,
1602,0x3C44CdDdB6a900fa2b585dd299e03d12FA4293BC,0x90F79bf6EB2c4f870365E785982E1f101E93b906,true,true,false,0xcfb38c997a706b26262dfdb02459f2f3a39fe79cd2061b96f1f519338f410838,1073,207616,1789654196488,1789654198160,1672,
1603,0x90F79bf6EB2c4f870365E785982E1f101E93b906,0x15d34AAf54267DB7D7c367839AAf71A00a2C6A65,true,true,false,0xd4e1895179046479764450c1e28e2f6d46f6b9996218e5292cd5a05ca4293d86,1073,207616,1789654196488,1789654198160,1672,
1604,0x15d34AAf54267DB7D7c367839AAf71A00a2C6A65,0x9965507D1a55bcC2695C58ba16FB37d819B0A4dc,true,true,false,0x66de42f32512a61c37edf241dd1ea65a7871995a8d88a861787972140f50b7df,1073,207628,1789654196489,1789654198160,1671,
1607,0x14dC79964da2C08b23698B3D3cc7Ca32193d9955,0x23618e81E3f5cdF7f54C3d65f7FBc0aBf5B21E8f,true,true,false,0xe815a5f6daad0e47d6f4cf0cf584227dbde9900c3516d0502f979c41958fbd8f,1073,207616,1789654196489,1789654198213,1724,
1608,0x23618e81E3f5cdF7f54C3d65f7FBc0aBf5B21E8f,0xa0Ee7A142d267C1f36714E4a8F75612F20a79720,true,true,false,0x97d716f733ed845ea5b9d26d5d8b8c1bc09b8395c1427e8030f04c7f552a5956,1073,207616,1789654196490,1789654198213,1723,
1609,0xa0Ee7A142d267C1f36714E4a8F75612F20a79720,0xBcd4042DE499D14e55001CcbB24a551F3b954096,true,true,false,0xcfd3cb34d88d7d4bad340d91f08f280ef93e05cb686c2023904dd72be901339a,1073,207616,1789654196490,1789654198214,1724,
1610,0xBcd4042DE499D14e55001CcbB24a551F3b954096,0x71bE63f3384f5fb98995898A86B02Fb2426c5788,true,true,false,0xa18114d8f4605c6b882227b567f739754442f616bd31898650d56410d7a883eb,1073,207616,1789654196491,1789654198214,1723,
1611,0x71bE63f3384f5fb98995898A86B02Fb2426c5788,0xFABB0ac9d68B0B445fB7357272Ff202C5651694a,true,true,false,0xcda0fdcbea1fc94d6ec8d9af5585d79ab6fad47e408a0ddcd189ba8ec0b016f5,1073,207628,1789654196491,1789654198214,1723,
1612,0xFABB0ac9d68B0B445fB7357272Ff202C5651694a,0x1CBd3b2770909D4e10f157cABC84C7264073C9Ec,true,true,false,0x48df3cd16b1c81cefc0bdca892e364366c75dbfada394379783fa540af15448e,1073,207628,1789654196492,1789654198215,1723,
1613,0x1CBd3b2770909D4e10f157cABC84C7264073C9Ec,0xdF3e18d64BC6A983f673Ab319CCaE4f1a57C7097,true,true,false,0xd1bf42c381b9155e88f6c9bcd93f56b7458eb87a7eec9c077214109c27b7c4aa,1073,207628,1789654196492,1789654198215,1723,
1614,0xdF3e18d64BC6A983f673Ab319CCaE4f1a57C7097,0xcd3B766CCDd6AE721141F452C550Ca635964ce71,true,true,false,0xe539a071a6a1da04db4ee73b0cae25b0c57df37f23eabe0949f44e4364e86ad7,1073,207628,1789654196493,1789654198215,1722,
1615,0xcd3B766CCDd6AE721141F452C550Ca635964ce71,0x2546BcD3c84621e976D8185a91A922aE77ECEc30,true,true,false,0x885a013e0b2ffda0c1e256ebc505d47c1486070f8fe2388fb3d1d732d282533f,1073,207628,1789654196494,1789654198220,1726,
1616,0x2546BcD3c84621e976D8185a91A922aE77ECEc30,0xbDA5747bFD65F08deb54cb465eB87D40e51B197E,true,true,false,0x120cf84be28791213cc759a10d77cd11c6753a4308f8600532a8957ede05ccad,1073,207628,1789654196494,1789654198221,1727,
1617,0xbDA5747bFD65F08deb54cb465eB87D40e51B197E,0xdD2FD4581271e230360230F9337D5c0430Bf44C0,true,true,false,0x0eb9180741db0cb38fd38b612be4ee4faa7adf243f3635c5d0dae187e1ac961e,1073,207628,1789654196495,1789654198221,1726,
1618,0xdD2FD4581271e230360230F9337D5c0430Bf44C0,0x8626f6940E2eb28930eFb4CeF49B2d1F2C9C1199,true,true,false,0x77a037d3b8c42ab2cb4f195ae361ad89b3dec44834d454e2ba8372914b7c1b2b,1073,207616,1789654196495,1789654198221,1726,
1619,0x8626f6940E2eb28930eFb4CeF49B2d1F2C9C1199,0x09DB0a93B389bEF724429898f539AEB7ac2Dd55f,true,true,false,0xb0cc6dd29546296777e0b9a94d1fb013ad85aa09ef4ecbaad3befd49cbfd6f52,1073,207628,1789654196496,1789654198221,1725,
1620,0x09DB0a93B389bEF724429898f539AEB7ac2Dd55f,0x70997970C51812dc3A010C7d01b50e0d17dc79C8,true,true,false,0x0440665c9750c404a3548da25b41e3f029eea9280a38cf0db9d263c2784b867b,1073,207616,1789654196496,1789654198221,1725,
2884,0x15d34AAf54267DB7D7c367839AAf71A00a2C6A65,0x9965507D1a55bcC2695C58ba16FB37d819B0A4dc,true,true,false,0x61ba40d88639256cafe792d1049140adc5440e7629e8e6d90d02e352e06e3cce,1073,207628,1789654196515,1789654198222,1707,
2885,0x9965507D1a55bcC2695C58ba16FB37d819B0A4dc,0x976EA74026E726554dB657fA54763abd0C3a0aa9,true,true,false,0xee02f817f49fde94fa2dae4c4250acd09b5271adde090591961e0296982b6f37,1073,207628,1789654196516,1789654198222,1706,
1621,0x70997970C51812dc3A010C7d01b50e0d17dc79C8,0x3C44CdDdB6a900fa2b585dd299e03d12FA4293BC,true,true,false,0xe4a002741e9dfeb6a42d5464648d7448ba9859c3b2fe1a58fbcf6396da696386,1073,207604,1789654196517,1789654198222,1705,
1622,0x3C44CdDdB6a900fa2b585dd299e03d12FA4293BC,0x90F79bf6EB2c4f870365E785982E1f101E93b906,true,true,false,0x2f4a4ee31a4ddeb82b92943e019648280f84c6d4d50e63ce478dd578fa94fd17,1073,207616,1789654196517,1789654198222,1705,
1623,0x90F79bf6EB2c4f870365E785982E1f101E93b906,0x15d34AAf54267DB7D7c367839AAf71A00a2C6A65,true,true,false,0x0440cac8770c42c069c962e4577c56dd2aa0e964c7d4cb8d5eb5829358431c00,1073,207628,1789654196518,1789654198222,1704,
1624,0x15d34AAf54267DB7D7c367839AAf71A00a2C6A65,0x9965507D1a55bcC2695C58ba16FB37d819B0A4dc,true,true,false,0x0e564c45014513f6508f66d753462122ec05005fed3b1ac13cb4fc9bcb735959,1073,207628,1789654196518,1789654198222,1704,
1625,0x9965507D1a55bcC2695C58ba16FB37d819B0A4dc,0x976EA74026E726554dB657fA54763abd0C3a0aa9,true,true,false,0xf6aaae8bd8297a611a2bba93ad2b977a58b67284da8ce65a7a64b303a09d6ad1,1073,207616,1789654196519,1789654198223,1704,
1626,0x976EA74026E726554dB657fA54763abd0C3a0aa9,0x14dC79964da2C08b23698B3D3cc7Ca32193d9955,true,true,false,0x4ce6e38162c0a845cbbe889e47320ca68af0fe73dae9b5a8c6db72183e7eb3c5,1073,207616,1789654196519,1789654198223,1704,
1627,0x14dC79964da2C08b23698B3D3cc7Ca32193d9955,0x23618e81E3f5cdF7f54C3d65f7FBc0aBf5B21E8f,true,true,false,0x195f58955c823c5eb7a7918b8d41e52c3a002fb435d7b8bc789b56440a16da22,1073,207628,1789654196520,1789654198223,1703,
1628,0x23618e81E3f5cdF7f54C3d65f7FBc0aBf5B21E8f,0xa0Ee7A142d267C1f36714E4a8F75612F20a79720,true,true,false,0x58c097d44c068999dbe3ce3d17e602bd650c882eb30ac6ecc8489a1fda1b6267,1073,207628,1789654196520,1789654198223,1703,
1629,0xa0Ee7A142d267C1f36714E4a8F75612F20a79720,0xBcd4042DE499D14e55001CcbB24a551F3b954096,true,true,false,0xe352eba7917f5bec163f3f27816f8adb5486098ff186414c766605416f629f1e,1073,207616,1789654196521,1789654198223,1702,
1630,0xBcd4042DE499D14e55001CcbB24a551F3b954096,0x71bE63f3384f5fb98995898A86B02Fb2426c5788,true,true,false,0xe6bcedab52e5932aa01602d8b3569e88b39115ff4bbdaa42f717a35753202641,1073,207616,1789654196521,1789654198223,1702,
1631,0x71bE63f3384f5fb98995898A86B02Fb2426c5788,0xFABB0ac9d68B0B445fB7357272Ff202C5651694a,true,true,false,0xb122a1870e5ab3b2e2c3628a3454ee7de654f3ea95a6a8e3ca157ec985bf5b71,1073,207628,1789654196522,1789654198224,1702,
1632,0xFABB0ac9d68B0B445fB7357272Ff202C5651694a,0x1CBd3b2770909D4e10f157cABC84C7264073C9Ec,true,true,false,0x02fb6f9cb64fc282295c70633905764e5de605b7e2458a8ee00a2dcf1e3026da,1073,207628,1789654196522,1789654198224,1702,
1633,0x1CBd3b2770909D4e10f157cABC84C7264073C9Ec,0xdF3e18d64BC6A983f673Ab319CCaE4f1a57C7097,true,true,false,0x91f6a327426b4e12ca3b584635b21b3123dcf21e7702400315de3c00b2fa2de1,1073,207628,1789654196522,1789654198224,1702,
1634,0xdF3e18d64BC6A983f673Ab319CCaE4f1a57C7097,0xcd3B766CCDd6AE721141F452C550Ca635964ce71,true,true,false,0x154293a4c55c5b3371f21b1eaafeeeeb8bff97bdf1c9785e973de5c0e3bb333b,1073,207628,1789654196523,1789654198224,1701,
1635,0xcd3B766CCDd6AE721141F452C550Ca635964ce71,0x2546BcD3c84621e976D8185a91A922aE77ECEc30,true,true,false,0x783e8b2f05249841bb3cba498d19222240b4e761b41c6fb6a5037a8d9961ab4b,1073,207628,1789654196523,1789654198224,1701,
1636,0x2546BcD3c84621e976D8185a91A922aE77ECEc30,0xbDA5747bFD65F08deb54cb465eB87D40e51B197E,true,true,false,0x4736889ac05c976b9ecc8092eab81ab498371e5d96948ac5a572b1e57c34d122,1073,207628,1789654196524,1789654198224,1700,
1637,0xbDA5747bFD65F08deb54cb465eB87D40e51B197E,0xdD2FD4581271e230360230F9337D5c0430Bf44C0,true,true,false,0x23b4466603ab5b637cb5084b09de8e934a9e9d64b30c1634d493b8edd5a0f70c,1073,207628,1789654196524,1789654198225,1701,
1638,0xdD2FD4581271e230360230F9337D5c0430Bf44C0,0x8626f6940E2eb28930eFb4CeF49B2d1F2C9C1199,true,true,false,0x794d272bfccc77b086cd0ee161fd6a898c2dfe2e9075e71f77fbd989505796a4,1073,207628,1789654196525,1789654198225,1700,
1639,0x8626f6940E2eb28930eFb4CeF49B2d1F2C9C1199,0x09DB0a93B389bEF724429898f539AEB7ac2Dd55f,true,true,false,0xa70d7f97031a8df59c4dc804aa581275604dcf3b358baace9e1838f39291d401,1073,207628,1789654196525,1789654198225,1700,
1640,0x09DB0a93B389bEF724429898f539AEB7ac2Dd55f,0x70997970C51812dc3A010C7d01b50e0d17dc79C8,true,true,false,0x57a56695b5b290ac9eb9ed2eb00d64940f2ea221623ba51bd65f07b3c951668b,1073,207628,1789654196526,1789654198225,1699,
1641,0x70997970C51812dc3A010C7d01b50e0d17dc79C8,0x3C44CdDdB6a900fa2b585dd299e03d12FA4293BC,true,true,false,0xeea6adea787498b52347461c140fe053acad6972060a388e22d6735585542070,1073,207616,1789654196526,1789654198225,1699,
1642,0x3C44CdDdB6a900fa2b585dd299e03d12FA4293BC,0x90F79bf6EB2c4f870365E785982E1f101E93b906,true,true,false,0x83d7c438723ecb2050d79692511fe619254dbe7dc599707dfa7731c5532e8d0b,1073,207616,1789654196527,1789654198225,1698,
1643,0x90F79bf6EB2c4f870365E785982E1f101E93b906,0x15d34AAf54267DB7D7c367839AAf71A00a2C6A65,true,true,false,0xf3ad7238ff4f5df9f466468f632db4bca68d68aac16fdcdf9dcd4627ec49fd42,1073,207616,1789654196527,1789654198225,1698,
1644,0x15d34AAf54267DB7D7c367839AAf71A00a2C6A65,0x9965507D1a55bcC2695C58ba16FB37d819B0A4dc,true,true,false,0xdf14b4202c628c629c7389c74c2784820574b0aaebc7cf6a03e66233e74bae0b,1073,207628,1789654196528,1789654198226,1698,
1645,0x9965507D1a55bcC2695C58ba16FB37d819B0A4dc,0x976EA74026E726554dB657fA54763abd0C3a0aa9,true,true,false,0xd535fd5b49c7eb99162bdc58439656a4f166490fce328df8646b80aae727768c,1073,207628,1789654196528,1789654198226,1698,
1646,0x976EA74026E726554dB657fA54763abd0C3a0aa9,0x14dC79964da2C08b23698B3D3cc7Ca32193d9955,true,true,false,0xb8f6a005e7e4bc5efe9c3be6c8009351810cc76b65a144fb17fb5c26f886403b,1073,207628,1789654196529,1789654198226,1697,
1647,0x14dC79964da2C08b23698B3D3cc7Ca32193d9955,0x23618e81E3f5cdF7f54C3d65f7FBc0aBf5B21E8f,true,true,false,0xcac26f907e52b0162154a0892af9a4d88afa7a88ae785ecaef1a425ad5fe92b5,1073,207628,1789654196529,1789654198226,1697,
1648,0x23618e81E3f5cdF7f54C3d65f7FBc0aBf5B21E8f,0xa0Ee7A142d267C1f36714E4a8F75612F20a79720,true,true,false,0x07216d2a652c9ef64c7f4ed68e5aaba5df0cb69db5947365fbb0d12d7f7080cb,1073,207616,1789654196530,1789654198226,1696,
1649,0xa0Ee7A142d267C1f36714E4a8F75612F20a79720,0xBcd4042DE499D14e55001CcbB24a551F3b954096,true,true,false,0x14729adaef4580a956493b60683660b6cb26542be34cd04edd66e98f311295a5,1073,207592,1789654196531,1789654198226,1695,
1650,0xBcd4042DE499D14e55001CcbB24a551F3b954096,0x71bE63f3384f5fb98995898A86B02Fb2426c5788,true,true,false,0xab15d820a12851f7980e7480f9cca3f067a4ca615cd5b0f69c3c3668f2098c19,1073,207616,1789654196532,1789654198227,1695,
2986,0x976EA74026E726554dB657fA54763abd0C3a0aa9,0x14dC79964da2C08b23698B3D3cc7Ca32193d9955,true,true,false,0x4cc170dccc8b50fc4fac64668bf508bd075e7a403f8b170f4bfa4e89dbf5220e,1074,207628,1789654198207,1789654200153,1946,
2987,0x14dC79964da2C08b23698B3D3cc7Ca32193d9955,0x23618e81E3f5cdF7f54C3d65f7FBc0aBf5B21E8f,true,true,false,0x2fa9eba0aafc3b658a4eb1c1ae2419964f39485335dbabea0b2e2d234273edb4,1074,207616,1789654198207,1789654200155,1948,
2965,0x9965507D1a55bcC2695C58ba16FB37d819B0A4dc,0x976EA74026E726554dB657fA54763abd0C3a0aa9,true,true,false,0x0c054c58cafe5875b376198c076dc5f3ef9bcf3ff435a571200f313d5d9ef6b5,1074,207628,1789654198208,1789654200153,1945,
2934,0xdF3e18d64BC6A983f673Ab319CCaE4f1a57C7097,0xcd3B766CCDd6AE721141F452C550Ca635964ce71,true,true,false,0x82cb099e6d610c80dacd672ccda67c5afe00584fe7f963f83975ddcf3916eadb,1074,207628,1789654198208,1789654200153,1945,
2913,0x1CBd3b2770909D4e10f157cABC84C7264073C9Ec,0xdF3e18d64BC6A983f673Ab319CCaE4f1a57C7097,true,true,false,0x71589c2fbda7650d1eac145de92b5781c446de7d196ce4572036217128ab5f2e,1074,207604,1789654198208,1789654200153,1945,
2905,0x9965507D1a55bcC2695C58ba16FB37d819B0A4dc,0x976EA74026E726554dB657fA54763abd0C3a0aa9,true,true,false,0x114e3e3a0d723ac2f64171e0dcb63f290ddf51e4e3b6089250efef58c820c1be,1074,207628,1789654198209,1789654200154,1945,
2886,0x976EA74026E726554dB657fA54763abd0C3a0aa9,0x14dC79964da2C08b23698B3D3cc7Ca32193d9955,true,true,false,0x9ca9dbbfe7d428238b3ba58b417a8e5d25657bb6edcd6fa92838f6118a91649b,1074,207628,1789654198209,1789654200154,1945,
2887,0x14dC79964da2C08b23698B3D3cc7Ca32193d9955,0x23618e81E3f5cdF7f54C3d65f7FBc0aBf5B21E8f,true,true,false,0x9acc7f86633fecbbfbc09b58fa1a89fb66820335ef32a859dbd1f7ed40dcaeb5,1074,207628,1789654198210,1789654200154,1944,
1651,0x71bE63f3384f5fb98995898A86B02Fb2426c5788,0xFABB0ac9d68B0B445fB7357272Ff202C5651694a,true,true,false,0x2e5106df8514105a818d0ceb06404b804895e6f179a4569f5a65e38f25575011,1074,207604,1789654198210,1789654200154,1944,
1652,0xFABB0ac9d68B0B445fB7357272Ff202C5651694a,0x1CBd3b2770909D4e10f157cABC84C7264073C9Ec,true,true,false,0xb320d039c372dced8db6b2d029e3ee5915fdf59abdfaf2f434e7f302ed93c5e8,1074,207628,1789654198210,1789654200154,1944,
1653,0x1CBd3b2770909D4e10f157cABC84C7264073C9Ec,0xdF3e18d64BC6A983f673Ab319CCaE4f1a57C7097,true,true,false,0x0e118e56397a4a6574bf58fff0e693e8408141af0862730191b3b2bc36a9ffd0,1074,207628,1789654198210,1789654200154,1944,
1654,0xdF3e18d64BC6A983f673Ab319CCaE4f1a57C7097,0xcd3B766CCDd6AE721141F452C550Ca635964ce71,true,true,false,0x3d6d1d74d6334afb23aadbea21ad22058505db22538be34b08f53b44e87d0944,1074,207628,1789654198211,1789654200155,1944,
1655,0xcd3B766CCDd6AE721141F452C550Ca635964ce71,0x2546BcD3c84621e976D8185a91A922aE77ECEc30,true,true,false,0xa29bced56c726172c526aa5fea361078508c2ef16d3b854bc3e612033b3a2943,1074,207616,1789654198295,1789654200155,1860,
1656,0x2546BcD3c84621e976D8185a91A922aE77ECEc30,0xbDA5747bFD65F08deb54cb465eB87D40e51B197E,true,true,false,0x8141ab70e66e4140c33e482f672f7cc6c249d47ea04a8054932294edacfe58f6,1074,207628,1789654198295,1789654200155,1860,
1657,0xbDA5747bFD65F08deb54cb465eB87D40e51B197E,0xdD2FD4581271e230360230F9337D5c0430Bf44C0,true,true,false,0x8970a540a86cb498f3c36769c0c918768b74cef32609f71d78ada34cac8c8a49,1074,207616,1789654198295,1789654200204,1909,
1658,0xdD2FD4581271e230360230F9337D5c0430Bf44C0,0x8626f6940E2eb28930eFb4CeF49B2d1F2C9C1199,true,true,false,0xd46eba17aca409866a35d4ec3ea52edcca0e0105fdb3e2879092bb79c431adf6,1074,207628,1789654198296,1789654200204,1908,
1659,0x8626f6940E2eb28930eFb4CeF49B2d1F2C9C1199,0x09DB0a93B389bEF724429898f539AEB7ac2Dd55f,true,true,false,0xeaf48fdd11a5b68777b64c10e2f8d6c5c87129c94c4b57aa344a78028277192c,1074,207616,1789654198296,1789654200204,1908,
1660,0x09DB0a93B389bEF724429898f539AEB7ac2Dd55f,0x70997970C51812dc3A010C7d01b50e0d17dc79C8,true,true,false,0x5201e18a9e9790686a2724f6005e51db44804999b7eb86c141bfd8c713f406e9,1074,207628,1789654198296,1789654200204,1908,
1661,0x70997970C51812dc3A010C7d01b50e0d17dc79C8,0x3C44CdDdB6a900fa2b585dd299e03d12FA4293BC,true,true,false,0xd3f8959ad64d4a801569b14e1892c83c2ec05a6c51d45d135cf56148dc2d42d8,1074,207616,1789654198297,1789654200204,1907,
1662,0x3C44CdDdB6a900fa2b585dd299e03d12FA4293BC,0x90F79bf6EB2c4f870365E785982E1f101E93b906,true,true,false,0xd37c7aaf9e2ac9753a25d0e347a4b718db22256295e59e5c6333515b5d8c82b1,1074,207604,1789654198299,1789654200204,1905,
1663,0x90F79bf6EB2c4f870365E785982E1f101E93b906,0x15d34AAf54267DB7D7c367839AAf71A00a2C6A65,true,true,false,0x150f1cd3c8c3c6b2aa8ee41cbb3f155edba4637dc8ff3b808318377a391689fd,1074,207628,1789654198300,1789654200205,1905,
1664,0x15d34AAf54267DB7D7c367839AAf71A00a2C6A65,0x9965507D1a55bcC2695C58ba16FB37d819B0A4dc,true,true,false,0x9cf1689488a08e326a129dbf66a31efb6cbc9721664c843d4022b52b2e7d6a0c,1074,207628,1789654198300,1789654200205,1905,
1665,0x9965507D1a55bcC2695C58ba16FB37d819B0A4dc,0x976EA74026E726554dB657fA54763abd0C3a0aa9,true,true,false,0x861c73f69f20eedba0244271476e3fcfd87468465ce28a5b26cf37f7dd35dd8f,1074,207616,1789654198301,1789654200205,1904,
1666,0x976EA74026E726554dB657fA54763abd0C3a0aa9,0x14dC79964da2C08b23698B3D3cc7Ca32193d9955,true,true,false,0x4c7692d13bc07c2e984c9ae5522e162722cc0057a6d8748b3b4e1fe0a9ed95aa,1074,207628,1789654198301,1789654200205,1904,
1668,0x23618e81E3f5cdF7f54C3d65f7FBc0aBf5B21E8f,0xa0Ee7A142d267C1f36714E4a8F75612F20a79720,true,true,false,0x42b9a6d2314f2b35ed988d8a95bd2c0d8c0937fb6f0856ae59e684e67470ad39,1074,207628,1789654198302,1789654200205,1903,
1669,0xa0Ee7A142d267C1f36714E4a8F75612F20a79720,0xBcd4042DE499D14e55001CcbB24a551F3b954096,true,true,false,0x88e6cee157607309f8c79ed4984d37847027d550c12b4e25eceed95e5847dc25,1074,207604,1789654198302,1789654200205,1903,
1670,0xBcd4042DE499D14e55001CcbB24a551F3b954096,0x71bE63f3384f5fb98995898A86B02Fb2426c5788,true,true,false,0xf3c31f434ae118a63c80e06344a0eb780697d2e86a2b9f7244b09b90b50519b8,1074,207616,1789654198303,1789654200206,1903,
1671,0x71bE63f3384f5fb98995898A86B02Fb2426c5788,0xFABB0ac9d68B0B445fB7357272Ff202C5651694a,true,true,false,0x74d744c22156244eb76d52fb64010e93c461aaaa6952a39d03c6a1cc75a95adb,1074,207628,1789654198303,1789654200206,1903,
1672,0xFABB0ac9d68B0B445fB7357272Ff202C5651694a,0x1CBd3b2770909D4e10f157cABC84C7264073C9Ec,true,true,false,0xe366f17c6979a8674289fae291a9bca1762d81819510e3c5e9d141fdaf625a19,1074,207628,1789654198304,1789654200206,1902,
1673,0x1CBd3b2770909D4e10f157cABC84C7264073C9Ec,0xdF3e18d64BC6A983f673Ab319CCaE4f1a57C7097,true,true,false,0x4ac9c45353ff7eae45008146354e2e5ea0071b5e90d1f0a7ef307d56111df66a,1074,207616,1789654198332,1789654200206,1874,
1674,0xdF3e18d64BC6A983f673Ab319CCaE4f1a57C7097,0xcd3B766CCDd6AE721141F452C550Ca635964ce71,true,true,false,0xe13320d10d0c99f335b4e6809fd4caaaa9f0bf4d8e4693eff33f349208c4d10a,1074,207628,1789654198333,1789654200206,1873,
1675,0xcd3B766CCDd6AE721141F452C550Ca635964ce71,0x2546BcD3c84621e976D8185a91A922aE77ECEc30,true,true,false,0xb3effbdc36b6c3ae83de1fd53a321f52d05d0a8462e842e511ea6ad42dbdfda0,1074,207628,1789654198333,1789654200206,1873,
1676,0x2546BcD3c84621e976D8185a91A922aE77ECEc30,0xbDA5747bFD65F08deb54cb465eB87D40e51B197E,true,true,false,0x37b5cc9ac5d67e457f6479f8efdc828eae072fe058bd3f19df1b73de1eaec73c,1074,207628,1789654198334,1789654200207,1873,
1677,0xbDA5747bFD65F08deb54cb465eB87D40e51B197E,0xdD2FD4581271e230360230F9337D5c0430Bf44C0,true,true,false,0x91e7dafc9886bda8d914aec12a63cbba8aa3c90e5a4f7872f74c136bb2e9df81,1074,207628,1789654198334,1789654200207,1873,
1678,0xdD2FD4581271e230360230F9337D5c0430Bf44C0,0x8626f6940E2eb28930eFb4CeF49B2d1F2C9C1199,true,true,false,0x785c5713a3d9148a13e8757a1ac5b17cd31e8f2c4dffbcd2d14e3676d52e9563,1074,207616,1789654198335,1789654200207,1872,
1679,0x8626f6940E2eb28930eFb4CeF49B2d1F2C9C1199,0x09DB0a93B389bEF724429898f539AEB7ac2Dd55f,true,true,false,0x3ea8f47d601841acb107c0da435e2894029e7d663f652255bd55bbe98ef2c5d3,1074,207628,1789654198335,1789654200207,1872,
1680,0x09DB0a93B389bEF724429898f539AEB7ac2Dd55f,0x70997970C51812dc3A010C7d01b50e0d17dc79C8,true,true,false,0xb65874b903d57042eb1edb5daa8dc113737fdd153a41b3a0d6921a81bd93013c,1074,207628,1789654198336,1789654200207,1871,
1681,0x70997970C51812dc3A010C7d01b50e0d17dc79C8,0x3C44CdDdB6a900fa2b585dd299e03d12FA4293BC,true,true,false,0x410da1507cdb4d533b3fd839a5aa6f816cf83cf8744ac9ab1f2e8c261d0347b4,1074,207604,1789654198336,1789654200207,1871,
1682,0x3C44CdDdB6a900fa2b585dd299e03d12FA4293BC,0x90F79bf6EB2c4f870365E785982E1f101E93b906,true,true,false,0x90371641c8615257bcda4cbd9b610dd098901b517c32cc06a7b4534c80a54a82,1074,207616,1789654198336,1789654200207,1871,
1683,0x90F79bf6EB2c4f870365E785982E1f101E93b906,0x15d34AAf54267DB7D7c367839AAf71A00a2C6A65,true,true,false,0x660327bddd08a91bb3f9080e59677671d48cbdad2ec2116eb855c97a8cd3e77c,1074,207628,1789654198337,1789654200208,1871,
1684,0x15d34AAf54267DB7D7c367839AAf71A00a2C6A65,0x9965507D1a55bcC2695C58ba16FB37d819B0A4dc,true,true,false,0xcb700fb84ba4c0afa8a75d78aace9ecac6e888e9a73f65e4b22e17780eb7e406,1074,207628,1789654198337,1789654200208,1871,
1685,0x9965507D1a55bcC2695C58ba16FB37d819B0A4dc,0x976EA74026E726554dB657fA54763abd0C3a0aa9,true,true,false,0xf879a0a5faf200e193bf09ef06e47bd5c288ef48a0e20f24db2c8f162c46c9c7,1074,207616,1789654198337,1789654200208,1871,
1686,0x976EA74026E726554dB657fA54763abd0C3a0aa9,0x14dC79964da2C08b23698B3D3cc7Ca32193d9955,true,true,false,0x53f7024dc49ef64cc84d11571ba60c89179e92dcda5e7e5ef333d372140c3104,1074,207628,1789654198337,1789654200208,1871,
1687,0x14dC79964da2C08b23698B3D3cc7Ca32193d9955,0x23618e81E3f5cdF7f54C3d65f7FBc0aBf5B21E8f,true,true,false,0x056452494c336df8508349104a1ac1fe83ee8fbe319aeb57880b8c44e76ee80a,1074,207616,1789654198338,1789654200208,1870,
1688,0x23618e81E3f5cdF7f54C3d65f7FBc0aBf5B21E8f,0xa0Ee7A142d267C1f36714E4a8F75612F20a79720,true,true,false,0x87127e1aec2eb234e5b802bf492918aa2b186b6a1ab60da2736ec13b902edac9,1074,207628,1789654198338,1789654200208,1870,
1689,0xa0Ee7A142d267C1f36714E4a8F75612F20a79720,0xBcd4042DE499D14e55001CcbB24a551F3b954096,true,true,false,0xce92b2e120381790307ea4ff8115d1c26216b48f320425899e4bacc14818bc6b,1074,207616,1789654198338,1789654200209,1871,
1690,0xBcd4042DE499D14e55001CcbB24a551F3b954096,0x71bE63f3384f5fb98995898A86B02Fb2426c5788,true,true,false,0x12c43ba22a7d5402b7dae2535587ac34a11db0858b1446a5dfd84a6f0a969276,1074,207616,1789654198339,1789654200209,1870,
1691,0x71bE63f3384f5fb98995898A86B02Fb2426c5788,0xFABB0ac9d68B0B445fB7357272Ff202C5651694a,true,true,false,0x2d444d862ab9ea4157a405141cdb9a455eff473b81def1fb5d99b2ef93adcbcd,1074,207616,1789654198339,1789654200209,1870,
1692,0xFABB0ac9d68B0B445fB7357272Ff202C5651694a,0x1CBd3b2770909D4e10f157cABC84C7264073C9Ec,true,true,false,0x430dda069ad603c9a0f4ce3a7bbac6ca38050c3acab41ff75845185e480bd916,1074,207628,1789654198339,1789654200209,1870,
1693,0x1CBd3b2770909D4e10f157cABC84C7264073C9Ec,0xdF3e18d64BC6A983f673Ab319CCaE4f1a57C7097,true,true,false,0xef5d10d65532213faa797b7d44814eca0646481fa0799a7cc7039bc8107eacc3,1074,207628,1789654198340,1789654200209,1869,
1694,0xdF3e18d64BC6A983f673Ab319CCaE4f1a57C7097,0xcd3B766CCDd6AE721141F452C550Ca635964ce71,true,true,false,0xe8e0903fff6baa1ce3d813e772b6e88b9aac11b360cfe559b4c9552e521f5e9d,1074,207616,1789654198340,1789654200209,1869,
1695,0xcd3B766CCDd6AE721141F452C550Ca635964ce71,0x2546BcD3c84621e976D8185a91A922aE77ECEc30,true,true,false,0x86443e5bd75eb00a6b273ed0f3299ad2ad6a651a2c9c1b74dd4480c90871f74a,1074,207616,1789654198340,1789654200209,1869,
1696,0x2546BcD3c84621e976D8185a91A922aE77ECEc30,0xbDA5747bFD65F08deb54cb465eB87D40e51B197E,true,true,false,0xbc31727de1da8fa521e956c840ee34b53a051c2dab4b508c6c7285c57a7c82b9,1074,207628,1789654198341,1789654200210,1869,
1697,0xbDA5747bFD65F08deb54cb465eB87D40e51B197E,0xdD2FD4581271e230360230F9337D5c0430Bf44C0,true,true,false,0xc3d55a8164e833f9f13d7bc134eb8739814d3c55bc029a930dc0a34834647a84,1074,207628,1789654198341,1789654200210,1869,
1698,0xdD2FD4581271e230360230F9337D5c0430Bf44C0,0x8626f6940E2eb28930eFb4CeF49B2d1F2C9C1199,true,true,false,0xf8633fd6d7a93ed3608c36113e9d9c107d9a7525c6ff00a28d1e6a8007f5b6a4,1074,207628,1789654198355,1789654200132,1777,
1699,0x8626f6940E2eb28930eFb4CeF49B2d1F2C9C1199,0x09DB0a93B389bEF724429898f539AEB7ac2Dd55f,true,true,false,0xf7b27c94587cfa6bb61e47596774c962110f6ba7895e11d91b49cb973964cb55,1074,207628,1789654198355,1789654200135,1780,
1703,0x90F79bf6EB2c4f870365E785982E1f101E93b906,0x15d34AAf54267DB7D7c367839AAf71A00a2C6A65,true,true,false,0xf0cf2c234834f710f2660bf2a3b0e916ca1368a93718ab8bdfd08454c1eb219c,1074,207616,1789654198356,1789654200135,1779,
1704,0x15d34AAf54267DB7D7c367839AAf71A00a2C6A65,0x9965507D1a55bcC2695C58ba16FB37d819B0A4dc,true,true,false,0x285bfaa3c3befdb473257dfabaa7beffd914dcca67c22226dfe9833eb3e2c314,1074,207628,1789654198356,1789654200135,1779,
1705,0x9965507D1a55bcC2695C58ba16FB37d819B0A4dc,0x976EA74026E726554dB657fA54763abd0C3a0aa9,true,true,false,0xb3e2fcdb3aefc45a711a2560900c855500a542130088ae5d9d728948c9c85122,1074,207628,1789654198357,1789654200135,1778,
1706,0x976EA74026E726554dB657fA54763abd0C3a0aa9,0x14dC79964da2C08b23698B3D3cc7Ca32193d9955,true,true,false,0xf9a3d19b766a8eb2873fee55e249b736f86adddff4248222902a55d0f59a12d3,1074,207628,1789654198358,1789654200136,1778,
1707,0x14dC79964da2C08b23698B3D3cc7Ca32193d9955,0x23618e81E3f5cdF7f54C3d65f7FBc0aBf5B21E8f,true,true,false,0xbe752b454e9ed2f97db04e3394ba75666a516d6a92963c99e0eda0a644384a6b,1074,207628,1789654198358,1789654200136,1778,
1708,0x23618e81E3f5cdF7f54C3d65f7FBc0aBf5B21E8f,0xa0Ee7A142d267C1f36714E4a8F75612F20a79720,true,true,false,0xdc6edddd4aa8bcdfb3ac25dbdcca689e5f019c239e600dc69363afcc27c86bf6,1074,207628,1789654198360,1789654200136,1776,
1709,0xa0Ee7A142d267C1f36714E4a8F75612F20a79720,0xBcd4042DE499D14e55001CcbB24a551F3b954096,true,true,false,0x21da558693273c584f24302196c6e504ca98690867d1ef143770ff4570ee32bb,1074,207616,1789654198361,1789654200136,1775,
1710,0xBcd4042DE499D14e55001CcbB24a551F3b954096,0x71bE63f3384f5fb98995898A86B02Fb2426c5788,true,true,false,0x1bcc127f4c2efaf768a90b88e3cfda10838c18d7c15ed55ab75e6e1956d66242,1074,207616,1789654198363,1789654200145,1782,
1711,0x71bE63f3384f5fb98995898A86B02Fb2426c5788,0xFABB0ac9d68B0B445fB7357272Ff202C5651694a,true,true,false,0xb8d4aff22271afce95813ee807969ae378b3729c612e2484e16e556500f11b46,1074,207628,1789654198366,1789654200145,1779,
1712,0xFABB0ac9d68B0B445fB7357272Ff202C5651694a,0x1CBd3b2770909D4e10f157cABC84C7264073C9Ec,true,true,false,0xbc1a063a37947c87215e146e5e6ff8455ac455e3e00dae22e4c58e69f6a24043,1074,207628,1789654198368,1789654200145,1777,
1713,0x1CBd3b2770909D4e10f157cABC84C7264073C9Ec,0xdF3e18d64BC6A983f673Ab319CCaE4f1a57C7097,true,true,false,0xfd6748240ec06c9e242979e78e14eb5c822477e21d9df4f510a76692e8ba1977,1074,207616,1789654198369,1789654200145,1776,
1714,0xdF3e18d64BC6A983f673Ab319CCaE4f1a57C7097,0xcd3B766CCDd6AE721141F452C550Ca635964ce71,true,true,false,0xe5d9d5758adda839ae96f2f9bac68c65f7899fd0bb3350b37e2f900433d0f064,1074,207628,1789654198371,1789654200146,1775,
1715,0xcd3B766CCDd6AE721141F452C550Ca635964ce71,0x2546BcD3c84621e976D8185a91A922aE77ECEc30,true,true,false,0x55015885f9f4c7f092d7b664cd113e274c466db4ba97954035dd3388e2e8bd37,1074,207616,1789654198371,1789654200146,1775,
1716,0x2546BcD3c84621e976D8185a91A922aE77ECEc30,0xbDA5747bFD65F08deb54cb465eB87D40e51B197E,true,true,false,0x304d8703dc03dbaaae06d6f4f4716b6bc5c88f5cc21149723810823f68ef4e0a,1074,207628,1789654198372,1789654200146,1774,
1717,0xbDA5747bFD65F08deb54cb465eB87D40e51B197E,0xdD2FD4581271e230360230F9337D5c0430Bf44C0,true,true,false,0xd48ef98ad03d7ab7a0dc45ed1cf4c3840da77c05dcb329011d48ed1d6834d614,1074,207616,1789654198373,1789654200146,1773,
1718,0xdD2FD4581271e230360230F9337D5c0430Bf44C0,0x8626f6940E2eb28930eFb4CeF49B2d1F2C9C1199,true,true,false,0x8a3c1c3a1a80f15b2a95ba60453ad1f05d733732c8b5f44d5282d8e02ad05f72,1074,207628,1789654198374,1789654200146,1772,
1719,0x8626f6940E2eb28930eFb4CeF49B2d1F2C9C1199,0x09DB0a93B389bEF724429898f539AEB7ac2Dd55f,true,true,false,0xb20315d6267fc242f1afbe8b1da971cd7455c4e4fa0b7d23eadbd206ae21dfed,1074,207628,1789654198375,1789654200146,1771,
1720,0x09DB0a93B389bEF724429898f539AEB7ac2Dd55f,0x70997970C51812dc3A010C7d01b50e0d17dc79C8,true,true,false,0x3e8003b8c40560d26de7098cb4d6e0f5662d4d154cbc8b6d899cbb6013562f23,1074,207628,1789654198377,1789654200147,1770,
1721,0x70997970C51812dc3A010C7d01b50e0d17dc79C8,0x3C44CdDdB6a900fa2b585dd299e03d12FA4293BC,true,true,false,0x62b1ffd783bda8229757cdd6f4b878f942b42d2460a976644f4a0439346dcf05,1074,207604,1789654198377,1789654200147,1770,
1724,0x15d34AAf54267DB7D7c367839AAf71A00a2C6A65,0x9965507D1a55bcC2695C58ba16FB37d819B0A4dc,true,true,false,0xaa131fda081ef58c8cac4ceb5676c4634215cb61e26e151eee73fb3fee007a8a,1074,207628,1789654198378,1789654200147,1769,
1725,0x9965507D1a55bcC2695C58ba16FB37d819B0A4dc,0x976EA74026E726554dB657fA54763abd0C3a0aa9,true,true,false,0x98b83c4c0dac04487654b575ed8e23184f0c2ad45d3afdf3e77e846bdcc299a7,1074,207628,1789654198379,1789654200148,1769,
1726,0x976EA74026E726554dB657fA54763abd0C3a0aa9,0x14dC79964da2C08b23698B3D3cc7Ca32193d9955,true,true,false,0x9ba47ea46bf57f6f34cda69008b92516fc2c1cf02318c8a8b83917d65ce7bdd4,1074,207628,1789654198380,1789654200148,1768,
1727,0x14dC79964da2C08b23698B3D3cc7Ca32193d9955,0x23618e81E3f5cdF7f54C3d65f7FBc0aBf5B21E8f,true,true,false,0x0f795205caf9a7c15feff3daee9fe749edea0b6c52aee6c8a6af32026af55339,1074,207628,1789654198381,1789654200148,1767,
1730,0xBcd4042DE499D14e55001CcbB24a551F3b954096,0x71bE63f3384f5fb98995898A86B02Fb2426c5788,true,true,false,0x2d407857624cd502cb08af8225d96bc7bb5999d012115e09a75cec39cae236aa,1074,207616,1789654198383,1789654200149,1766,
1731,0x71bE63f3384f5fb98995898A86B02Fb2426c5788,0xFABB0ac9d68B0B445fB7357272Ff202C5651694a,true,true,false,0x685a80d1845eb43b4a94a8115cee8280118e0412e7d828ac191caf3ebec6fefd,1074,207628,1789654198385,1789654200149,1764,
1732,0xFABB0ac9d68B0B445fB7357272Ff202C5651694a,0x1CBd3b2770909D4e10f157cABC84C7264073C9Ec,true,true,false,0xe4186502667c21150822632f188d8023fb15806c2c07ef5f450f241fb1cabadb,1074,207628,1789654198387,1789654200149,1762,
1733,0x1CBd3b2770909D4e10f157cABC84C7264073C9Ec,0xdF3e18d64BC6A983f673Ab319CCaE4f1a57C7097,true,true,false,0x6c66f5366806ea6d8e1821119420ce6547abf4ac32ddb71d8592bdae463d5a22,1074,207628,1789654198388,1789654200150,1762,
1734,0xdF3e18d64BC6A983f673Ab319CCaE4f1a57C7097,0xcd3B766CCDd6AE721141F452C550Ca635964ce71,true,true,false,0xf279b703caceb58b27e0865003695b3593d33b573cf95c7ee654da730e2f3596,1074,207628,1789654198389,1789654200150,1761,
1735,0xcd3B766CCDd6AE721141F452C550Ca635964ce71,0x2546BcD3c84621e976D8185a91A922aE77ECEc30,true,true,false,0xbb87f2dd97e0ea4359307e4974ca89e9db5b2affe188ac9559e66efd23b0ae23,1074,207628,1789654198391,1789654200150,1759,
1736,0x2546BcD3c84621e976D8185a91A922aE77ECEc30,0xbDA5747bFD65F08deb54cb465eB87D40e51B197E,true,true,false,0x68b821506f3a6df38065518c653b4224b0aef5f66ebe1fe997aab64599bd44fe,1074,207616,1789654198394,1789654200150,1756,
1737,0xbDA5747bFD65F08deb54cb465eB87D40e51B197E,0xdD2FD4581271e230360230F9337D5c0430Bf44C0,true,true,false,0x11aea53943f980968bd82254e25efb9b74325855fbb737a24dd5f657a1332711,1074,207628,1789654198401,1789654200151,1750,
1738,0xdD2FD4581271e230360230F9337D5c0430Bf44C0,0x8626f6940E2eb28930eFb4CeF49B2d1F2C9C1199,true,true,false,0x5af586e53cef65e264e931b462a2c3c84b08ff58507d66fe63cc6abf9a6197ee,1074,207628,1789654198405,1789654200151,1746,
1739,0x8626f6940E2eb28930eFb4CeF49B2d1F2C9C1199,0x09DB0a93B389bEF724429898f539AEB7ac2Dd55f,true,true,false,0x184b762a42d51eb6a62412160d97d7af8d690052116e97b5607f21f1d7bf81ea,1074,207616,1789654198409,1789654200151,1742,
1740,0x09DB0a93B389bEF724429898f539AEB7ac2Dd55f,0x70997970C51812dc3A010C7d01b50e0d17dc79C8,true,true,false,0x80dacdb3d360e1f27963d3b880548b52087617742783b7fb5a156b4cb30a4059,1074,207628,1789654198412,1789654200151,1739,
1741,0x70997970C51812dc3A010C7d01b50e0d17dc79C8,0x3C44CdDdB6a900fa2b585dd299e03d12FA4293BC,true,true,false,0x7279b2c64513c58c71cb862fed5da029d68780eef4cafa4a0933d1e946091187,1074,207604,1789654198416,1789654200151,1735,
1742,0x3C44CdDdB6a900fa2b585dd299e03d12FA4293BC,0x90F79bf6EB2c4f870365E785982E1f101E93b906,true,true,false,0xcbe2da963f8b54e6b0da2de9c79b24c07e6623698efda7f777c570772943dac5,1074,207616,1789654198418,1789654200151,1733,
1743,0x90F79bf6EB2c4f870365E785982E1f101E93b906,0x15d34AAf54267DB7D7c367839AAf71A00a2C6A65,true,true,false,0x747361436464ae43168dd3f8daceb074bd50675663fbb7fe9bfb569da1c3922d,1074,207628,1789654198421,1789654200152,1731,
1744,0x15d34AAf54267DB7D7c367839AAf71A00a2C6A65,0x9965507D1a55bcC2695C58ba16FB37d819B0A4dc,true,true,false,0xdf72618051625dddd6dec88c1cc39ad38ab238a2d3e5b4c2d65fe3a0aa83ad32,1074,207628,1789654198427,1789654200152,1725,
1747,0x14dC79964da2C08b23698B3D3cc7Ca32193d9955,0x23618e81E3f5cdF7f54C3d65f7FBc0aBf5B21E8f,true,true,false,0xedde9f90f87829a29b0fe57cab28e773b59b711316538418accfab6ce328a0d7,1074,207628,1789654198430,1789654200152,1722,
1754,0xdF3e18d64BC6A983f673Ab319CCaE4f1a57C7097,0xcd3B766CCDd6AE721141F452C550Ca635964ce71,true,true,false,0x36b034e2883c3755c479b7a32e25e456731db6db04fd31de05ba46f2d253f9b9,1074,207616,1789654198433,1789654200152,1719,
1755,0xcd3B766CCDd6AE721141F452C550Ca635964ce71,0x2546BcD3c84621e976D8185a91A922aE77ECEc30,true,true,false,0x3a4edc24a968a7c5691172c2a7fecde4f583722512c060561ae3e23d38e2099e,1074,207616,1789654198434,1789654200152,1718,
1756,0x2546BcD3c84621e976D8185a91A922aE77ECEc30,0xbDA5747bFD65F08deb54cb465eB87D40e51B197E,true,true,false,0xe884302c6f187d0dc7ae32ba09c3ae52373fd49328acdbeaf1623cd02563cfb2,1074,207628,1789654198435,1789654200152,1717,
1757,0xbDA5747bFD65F08deb54cb465eB87D40e51B197E,0xdD2FD4581271e230360230F9337D5c0430Bf44C0,true,true,false,0xa62534ad54bbdf43afe7acb220cc31970c74a6087ba1f1e1e6f7c5571132fbb2,1074,207628,1789654198437,1789654200153,1716,
1758,0xdD2FD4581271e230360230F9337D5c0430Bf44C0,0x8626f6940E2eb28930eFb4CeF49B2d1F2C9C1199,true,true,false,0xe1a22049d82e7d3c675983bdae78f74220f943361c91b9c94d9e95676afd26f1,1074,207628,1789654198440,1789654200153,1713,
3000,0x09DB0a93B389bEF724429898f539AEB7ac2Dd55f,0x70997970C51812dc3A010C7d01b50e0d17dc79C8,true,true,false,0xe2da029f59d6f6510884ffc3ec2f437cbf2f3e7bc31d45fcaeebe642672b82f6,1075,207616,1789654200293,1789654202140,1847,
1759,0x8626f6940E2eb28930eFb4CeF49B2d1F2C9C1199,0x09DB0a93B389bEF724429898f539AEB7ac2Dd55f,true,true,false,0x4df8f255738bb2fa33f565c583d31d49bf1601c8934676680e46c7730b5ddc0d,1075,207616,1789654200294,1789654202143,1849,
1760,0x09DB0a93B389bEF724429898f539AEB7ac2Dd55f,0x70997970C51812dc3A010C7d01b50e0d17dc79C8,true,true,false,0xa06900da328fce003a7ee41a50eac652f707203433e2117f77e11a6b649116d6,1075,207604,1789654200295,1789654202143,1848,
1761,0x70997970C51812dc3A010C7d01b50e0d17dc79C8,0x3C44CdDdB6a900fa2b585dd299e03d12FA4293BC,true,true,false,0x9cb05469ec3ffab437fe846b5e23333529042559abecd82eae2c90d24f5193ad,1075,207616,1789654200295,1789654202143,1848,
1762,0x3C44CdDdB6a900fa2b585dd299e03d12FA4293BC,0x90F79bf6EB2c4f870365E785982E1f101E93b906,true,true,false,0x12323b8cf1c62c43a40d9290701e00765716e4b1e69dce72bd4c3f294aafa808,1075,207616,1789654200295,1789654202143,1848,
1763,0x90F79bf6EB2c4f870365E785982E1f101E93b906,0x15d34AAf54267DB7D7c367839AAf71A00a2C6A65,true,true,false,0x8134d37a69b2d16675564a6ea65c89abb1c44e34a40282141116a497a0a750ee,1075,207616,1789654200296,1789654202144,1848,
1764,0x15d34AAf54267DB7D7c367839AAf71A00a2C6A65,0x9965507D1a55bcC2695C58ba16FB37d819B0A4dc,true,true,false,0x2a3e167fd72ad7de418fc91d469f2efa0137ec3ddbc183e7bb27912e57eaebaa,1075,207628,1789654200296,1789654202144,1848,
1765,0x9965507D1a55bcC2695C58ba16FB37d819B0A4dc,0x976EA74026E726554dB657fA54763abd0C3a0aa9,true,true,false,0xaf7ad61327f004dd38ed71a482297a9832a13f548e9d0e13546e8936fa9eaf3a,1075,207628,1789654200297,1789654202144,1847,
1766,0x976EA74026E726554dB657fA54763abd0C3a0aa9,0x14dC79964da2C08b23698B3D3cc7Ca32193d9955,true,true,false,0xa142db6d86dcb7df14a1195b860b113d1422c4870c0d0e35829981a1a60dd18b,1075,207628,1789654200298,1789654202145,1847,
1767,0x14dC79964da2C08b23698B3D3cc7Ca32193d9955,0x23618e81E3f5cdF7f54C3d65f7FBc0aBf5B21E8f,true,true,false,0xaeb7dc22375f166e932076123bc1d13c39e295a6b33b5b0af7d1297ff9eaeee6,1075,207628,1789654200299,1789654202145,1846,
1768,0x23618e81E3f5cdF7f54C3d65f7FBc0aBf5B21E8f,0xa0Ee7A142d267C1f36714E4a8F75612F20a79720,true,true,false,0x154bb06b7986594dbc2414a4c93baeee14d0eed9b97d7e02ef792f93b264dfa9,1075,207616,1789654200300,1789654202145,1845,
1769,0xa0Ee7A142d267C1f36714E4a8F75612F20a79720,0xBcd4042DE499D14e55001CcbB24a551F3b954096,true,true,false,0xb33b79a92c90cb0ca02a6cf2731650b9034ef10c085d7b4c138e3e08c67bbea2,1075,207604,1789654200300,1789654202154,1854,
1770,0xBcd4042DE499D14e55001CcbB24a551F3b954096,0x71bE63f3384f5fb98995898A86B02Fb2426c5788,true,true,false,0x3516e8d6cc620fd8d57434c69b3f05a47f327de69637f6a130548ee0d1f0ee52,1075,207616,1789654200301,1789654202155,1854,
1771,0x71bE63f3384f5fb98995898A86B02Fb2426c5788,0xFABB0ac9d68B0B445fB7357272Ff202C5651694a,true,true,false,0x086f029ebae238049e19fefd365e14e5f2453114bf94e539ed8741b2e8aa499a,1075,207628,1789654200301,1789654202155,1854,
1772,0xFABB0ac9d68B0B445fB7357272Ff202C5651694a,0x1CBd3b2770909D4e10f157cABC84C7264073C9Ec,true,true,false,0xb39883fa6ce2599e81ebc9f74c88b26096ba91df2034a6740af75f0fecd9e54c,1075,207628,1789654200302,1789654202155,1853,
1773,0x1CBd3b2770909D4e10f157cABC84C7264073C9Ec,0xdF3e18d64BC6A983f673Ab319CCaE4f1a57C7097,true,true,false,0xcfba311c880923865459e57cf7c642a8db5ae0bd437942a6d2827beb7525d199,1075,207628,1789654200302,1789654202155,1853,
1774,0xdF3e18d64BC6A983f673Ab319CCaE4f1a57C7097,0xcd3B766CCDd6AE721141F452C550Ca635964ce71,true,true,false,0xcc5656503bf06b5fc62ac958cd5d52cdd9325a929bbed86c0fab19c46d0b70fb,1075,207628,1789654200303,1789654202155,1852,
1775,0xcd3B766CCDd6AE721141F452C550Ca635964ce71,0x2546BcD3c84621e976D8185a91A922aE77ECEc30,true,true,false,0xf8fb1142cafacb820e41863d3d998733a37491142d98147e13dc46e38f96ff50,1075,207628,1789654200304,1789654202155,1851,
1776,0x2546BcD3c84621e976D8185a91A922aE77ECEc30,0xbDA5747bFD65F08deb54cb465eB87D40e51B197E,true,true,false,0x1e191617511290464efa39b21cf6dc1ee0e597fcec3eaeef6f1b8a54cbc4e44e,1075,207628,1789654200305,1789654202156,1851,
1777,0xbDA5747bFD65F08deb54cb465eB87D40e51B197E,0xdD2FD4581271e230360230F9337D5c0430Bf44C0,true,true,false,0x76538ad8179d6d59344f4e071b2517b35e3efeeb72896eb25077e5cecdcca17f,1075,207616,1789654200305,1789654202156,1851,
1778,0xdD2FD4581271e230360230F9337D5c0430Bf44C0,0x8626f6940E2eb28930eFb4CeF49B2d1F2C9C1199,true,true,false,0x6d8bc902cc75bc6b93f1d1fe8a702ca184a1f62dd72185e6f30305d1bf5da98a,1075,207628,1789654200306,1789654202156,1850,
1779,0x8626f6940E2eb28930eFb4CeF49B2d1F2C9C1199,0x09DB0a93B389bEF724429898f539AEB7ac2Dd55f,true,true,false,0xfdb3cc562b25ca3c14f3c919b62cddbab2e5352b9bdd7581e58f554b9aa70fab,1075,207628,1789654200306,1789654202156,1850,
1780,0x09DB0a93B389bEF724429898f539AEB7ac2Dd55f,0x70997970C51812dc3A010C7d01b50e0d17dc79C8,true,true,false,0x6a85707c8fec47f34a0456f28f24c23043c784ce7e453abf03a078e062549014,1075,207628,1789654200306,1789654202156,1850,
1781,0x70997970C51812dc3A010C7d01b50e0d17dc79C8,0x3C44CdDdB6a900fa2b585dd299e03d12FA4293BC,true,true,false,0xe6a32223291e783b9390abb9fa69e61f284cf05df061b6d92806c634aeab6344,1075,207616,1789654200307,1789654202156,1849,
1782,0x3C44CdDdB6a900fa2b585dd299e03d12FA4293BC,0x90F79bf6EB2c4f870365E785982E1f101E93b906,true,true,false,0x17c880461caafd73e50eab51b25132c700faa603bd9f7c3c55f0ac13a679c58b,1075,207616,1789654200307,1789654202192,1885,
1783,0x90F79bf6EB2c4f870365E785982E1f101E93b906,0x15d34AAf54267DB7D7c367839AAf71A00a2C6A65,true,true,false,0x5e868c343c1e099b3f6efdc8636e277b4eaf2119304d0fabf9e6798cfbd7f218,1075,207628,1789654200307,1789654202192,1885,
1784,0x15d34AAf54267DB7D7c367839AAf71A00a2C6A65,0x9965507D1a55bcC2695C58ba16FB37d819B0A4dc,true,true,false,0xe94c3e50cc1a4e57186fc026f318b4b6fe0147b73576cf6c71b9deb98e6c79a9,1075,207628,1789654200308,1789654202192,1884,
1785,0x9965507D1a55bcC2695C58ba16FB37d819B0A4dc,0x976EA74026E726554dB657fA54763abd0C3a0aa9,true,true,false,0x3266536e326d4fc8990a829f694e44c24a2f804ab4713e7d76f25d4d14a3a479,1075,207628,1789654200308,1789654202193,1885,
1786,0x976EA74026E726554dB657fA54763abd0C3a0aa9,0x14dC79964da2C08b23698B3D3cc7Ca32193d9955,true,true,false,0xa5628f647639e5e2cd21c327a7ea64c024ee8109ac3b000187e7571881493675,1075,207616,1789654200309,1789654202193,1884,
1787,0x14dC79964da2C08b23698B3D3cc7Ca32193d9955,0x23618e81E3f5cdF7f54C3d65f7FBc0aBf5B21E8f,true,true,false,0x2eaa1760fea67e314a96bad6f5c992c4c49a5705dfa6dbabc7262b4af48fbc2d,1075,207628,1789654200309,1789654202193,1884,
1788,0x23618e81E3f5cdF7f54C3d65f7FBc0aBf5B21E8f,0xa0Ee7A142d267C1f36714E4a8F75612F20a79720,true,true,false,0xb5576a65d57657dad2bf9d48a3cdd41acb3dffa191cdd63ab067c07cec3724d5,1075,207628,1789654200310,1789654202193,1883,
1789,0xa0Ee7A142d267C1f36714E4a8F75612F20a79720,0xBcd4042DE499D14e55001CcbB24a551F3b954096,true,true,false,0x650b7864348245ef36c57ef91da53299e2280fd15dce4a21ca55baaa0ace4de3,1075,207616,1789654200310,1789654202193,1883,
1790,0xBcd4042DE499D14e55001CcbB24a551F3b954096,0x71bE63f3384f5fb98995898A86B02Fb2426c5788,true,true,false,0xc2a1ec827e66fd72473133512436b648fc3222c2fbe34df7c1c001f78dfd07f3,1075,207604,1789654200310,1789654202194,1884,
1791,0x71bE63f3384f5fb98995898A86B02Fb2426c5788,0xFABB0ac9d68B0B445fB7357272Ff202C5651694a,true,true,false,0x86ec66455ca3871774067ae60b68dea83abd4085558e90d38ba04d1c3321d1e0,1075,207628,1789654200311,1789654202194,1883,
1792,0xFABB0ac9d68B0B445fB7357272Ff202C5651694a,0x1CBd3b2770909D4e10f157cABC84C7264073C9Ec,true,true,false,0xcf08f2c914ce55c8b53074730c8b3dd259d3efc90113b66e1a1d1cc5acfb68ba,1075,207628,1789654200311,1789654202194,1883,
1793,0x1CBd3b2770909D4e10f157cABC84C7264073C9Ec,0xdF3e18d64BC6A983f673Ab319CCaE4f1a57C7097,true,true,false,0x086be3c0c63fce29f893b4e1e957aa1563f49ed45a9e269199463711a3686f2f,1075,207628,1789654200312,1789654202194,1882,
1794,0xdF3e18d64BC6A983f673Ab319CCaE4f1a57C7097,0xcd3B766CCDd6AE721141F452C550Ca635964ce71,true,true,false,0x0b9439c70ee96a34a205118a525be8b6c82ae2efb5706cbc1d0da2cfcd5031af,1075,207616,1789654200312,1789654202194,1882,
1795,0xcd3B766CCDd6AE721141F452C550Ca635964ce71,0x2546BcD3c84621e976D8185a91A922aE77ECEc30,true,true,false,0x0b7f84adcf3db0d3de5f5e048d6bec7f0c208658de0a07bf308f6d810a40df54,1075,207628,1789654200313,1789654202195,1882,
1796,0x2546BcD3c84621e976D8185a91A922aE77ECEc30,0xbDA5747bFD65F08deb54cb465eB87D40e51B197E,true,true,false,0xa533c6c795cb0ae02c06e1ab7ba7f49274a01c38c39479614c3a8b52f3cab7b4,1075,207628,1789654200313,1789654202195,1882,
1797,0xbDA5747bFD65F08deb54cb465eB87D40e51B197E,0xdD2FD4581271e230360230F9337D5c0430Bf44C0,true,true,false,0x988efbb413d47757230a09b2ccb72a767a7bb57f083a0ebb8351b55793836add,1075,207628,1789654200314,1789654202195,1881,
1798,0xdD2FD4581271e230360230F9337D5c0430Bf44C0,0x8626f6940E2eb28930eFb4CeF49B2d1F2C9C1199,true,true,false,0x11083feb3c49a7f1a59d3852776737cae38ae4b4fbd5affb352af73f774dbf92,1075,207628,1789654200315,1789654202195,1880,
1799,0x8626f6940E2eb28930eFb4CeF49B2d1F2C9C1199,0x09DB0a93B389bEF724429898f539AEB7ac2Dd55f,true,true,false,0xc9ac27aa8fd7283c9cb58638fc7ec54b700f5e95d81173036a47a71331176a25,1075,207628,1789654200316,1789654202195,1879,
1800,0x09DB0a93B389bEF724429898f539AEB7ac2Dd55f,0x70997970C51812dc3A010C7d01b50e0d17dc79C8,true,true,false,0xb44ebd4b2f6417c31a8e39d9cb25588f6e39787ad3d22661fbcad675f325799c,1075,207616,1789654200317,1789654202195,1878,
1801,0x70997970C51812dc3A010C7d01b50e0d17dc79C8,0x3C44CdDdB6a900fa2b585dd299e03d12FA4293BC,true,true,false,0x4b59e88995a0cfff5a1b6c8970e23a0efeba9e3d94b3a6717f7448f3e26a5c61,1075,207616,1789654200317,1789654202196,1879,
1802,0x3C44CdDdB6a900fa2b585dd299e03d12FA4293BC,0x90F79bf6EB2c4f870365E785982E1f101E93b906,true,true,false,0x4ca602a34d28d87f72ae930fd15bed69a87151ba379b34185165432e9d46312b,1075,207616,1789654200318,1789654202196,1878,
1803,0x90F79bf6EB2c4f870365E785982E1f101E93b906,0x15d34AAf54267DB7D7c367839AAf71A00a2C6A65,true,true,false,0x097ae3b15bf021cd354a942739ee800e12842a608ab7325037877b74cb51935f,1075,207628,1789654200318,1789654202196,1878,
1804,0x15d34AAf54267DB7D7c367839AAf71A00a2C6A65,0x9965507D1a55bcC2695C58ba16FB37d819B0A4dc,true,true,false,0x39daac31be15368984b2695ae774f023c4ed79cdaf7fcc6e786d1bbb41bf1764,1075,207616,1789654200319,1789654202196,1877,
1805,0x9965507D1a55bcC2695C58ba16FB37d819B0A4dc,0x976EA74026E726554dB657fA54763abd0C3a0aa9,true,true,false,0xd24bbc1762fc8a3edb9bca75cee4412ebdd8857d128bc11c24513f8c14c73232,1075,207616,1789654200319,1789654202196,1877,
1806,0x976EA74026E726554dB657fA54763abd0C3a0aa9,0x14dC79964da2C08b23698B3D3cc7Ca32193d9955,true,true,false,0x02afefcaf348d7e3736f920f66c5e53c720ee76d38641511736240cebde19931,1075,207616,1789654200319,1789654202196,1877,
1807,0x14dC79964da2C08b23698B3D3cc7Ca32193d9955,0x23618e81E3f5cdF7f54C3d65f7FBc0aBf5B21E8f,true,true,false,0xffad3fba42e59e13abfd45b59ae79e3b9483d750f4072cf81a1e285ab07d9f16,1075,207628,1789654200320,1789654202197,1877,
1808,0x23618e81E3f5cdF7f54C3d65f7FBc0aBf5B21E8f,0xa0Ee7A142d267C1f36714E4a8F75612F20a79720,true,true,false,0x0fe1a89b9d67d133d3f7583a65d4d47ab5614f3b7a5626ab2b8cf26b23d1c7f3,1075,207628,1789654200320,1789654202197,1877,
1809,0xa0Ee7A142d267C1f36714E4a8F75612F20a79720,0xBcd4042DE499D14e55001CcbB24a551F3b954096,true,true,false,0x51109ffe6d98fda78407b2b957dd35ff924ca3f9d7e3c5e06b2bf01e16cd1a15,1075,207616,1789654200321,1789654202197,1876,
1810,0xBcd4042DE499D14e55001CcbB24a551F3b954096,0x71bE63f3384f5fb98995898A86B02Fb2426c5788,true,true,false,0x6dfd5614a1f0fc33dcbfa3b082acac70312d074532d660d243bf123ed7283d03,1075,207592,1789654200321,1789654202197,1876,
1811,0x71bE63f3384f5fb98995898A86B02Fb2426c5788,0xFABB0ac9d68B0B445fB7357272Ff202C5651694a,true,true,false,0xa54946c641f0a1872ad12a20dd43c109448724b7e6c550c1a2c1c9ff148f54e6,1075,207628,1789654200321,1789654202198,1877,
1812,0xFABB0ac9d68B0B445fB7357272Ff202C5651694a,0x1CBd3b2770909D4e10f157cABC84C7264073C9Ec,true,true,false,0xc517294763f76ed4ff09b2c5a7b7419df8d9c5b6166761f8a177fd51914dcce0,1075,207628,1789654200322,1789654202198,1876,
1813,0x1CBd3b2770909D4e10f157cABC84C7264073C9Ec,0xdF3e18d64BC6A983f673Ab319CCaE4f1a57C7097,true,true,false,0x7894749f7af7ebd9744996f3af4190cb8bf7b336a40fcafdb421b7195f7c64f3,1075,207616,1789654200322,1789654202198,1876,
1814,0xdF3e18d64BC6A983f673Ab319CCaE4f1a57C7097,0xcd3B766CCDd6AE721141F452C550Ca635964ce71,true,true,false,0xd928a18a85de7b5382bdc8c4ccf68c07528f559939a50f55fac65666be7ecc6f,1075,207628,1789654200322,1789654202198,1876,
1815,0xcd3B766CCDd6AE721141F452C550Ca635964ce71,0x2546BcD3c84621e976D8185a91A922aE77ECEc30,true,true,false,0xa01eac8af8ea653b478154f73a1eedf94411c3719afbcfe0f7b95f15f19cff56,1075,207628,1789654200323,1789654202236,1913,
1816,0x2546BcD3c84621e976D8185a91A922aE77ECEc30,0xbDA5747bFD65F08deb54cb465eB87D40e51B197E,true,true,false,0xf9efefc766df7fb0ed2d12fe229bf4155347a328075f5c84e48ed62687283d34,1075,207628,1789654200323,1789654202237,1914,
1817,0xbDA5747bFD65F08deb54cb465eB87D40e51B197E,0xdD2FD4581271e230360230F9337D5c0430Bf44C0,true,true,false,0x86c45b5235d54c61775163fc896be4593b94eddd73904d705371dbba15106296,1075,207628,1789654200326,1789654202237,1911,
1819,0x8626f6940E2eb28930eFb4CeF49B2d1F2C9C1199,0x09DB0a93B389bEF724429898f539AEB7ac2Dd55f,true,true,false,0xdbf5cefd6a532969182af8a1c960f22f584136b07c8a26ec50c30a78bcfb2fae,1075,207628,1789654200338,1789654202237,1899,
1820,0x09DB0a93B389bEF724429898f539AEB7ac2Dd55f,0x70997970C51812dc3A010C7d01b50e0d17dc79C8,true,true,false,0x040b875bb515e9b80ecdee3799f74471b59544ed3638beb9349521d37f55c319,1075,207616,1789654200339,1789654202237,1898,
1821,0x70997970C51812dc3A010C7d01b50e0d17dc79C8,0x3C44CdDdB6a900fa2b585dd299e03d12FA4293BC,true,true,false,0x37e92ce657a282ad5c79b8846627dfd51032495cf9aec5c817aa2b23579a627b,1075,207604,1789654200339,1789654202238,1899,
1822,0x3C44CdDdB6a900fa2b585dd299e03d12FA4293BC,0x90F79bf6EB2c4f870365E785982E1f101E93b906,true,true,false,0xcbf6f83c79e5556d8591032bdfda5682587e2dd26962017610f44410d0caabe0,1075,207616,1789654200340,1789654202238,1898,
1823,0x90F79bf6EB2c4f870365E785982E1f101E93b906,0x15d34AAf54267DB7D7c367839AAf71A00a2C6A65,true,true,false,0x22bba273801f8c152a765a46a41e428eb481a2d40c2031f755be496216559671,1075,207628,1789654200340,1789654202238,1898,
1824,0x15d34AAf54267DB7D7c367839AAf71A00a2C6A65,0x9965507D1a55bcC2695C58ba16FB37d819B0A4dc,true,true,false,0xd33791b7f6d4724b747c91c506b532507e701d053bd6342d3961a98b338aa4f6,1075,207628,1789654200340,1789654202238,1898,
1825,0x9965507D1a55bcC2695C58ba16FB37d819B0A4dc,0x976EA74026E726554dB657fA54763abd0C3a0aa9,true,true,false,0x2b0abc7ccc5c68a5b8d9f0c69c90b6413d3098458c6ee18cb179f71e1c635269,1075,207628,1789654200341,1789654202239,1898,
1826,0x976EA74026E726554dB657fA54763abd0C3a0aa9,0x14dC79964da2C08b23698B3D3cc7Ca32193d9955,true,true,false,0x3f55ca76e00566bc4c0352111ba1580b145bc6926909c5decf9b29462f075a0a,1075,207616,1789654200341,1789654202239,1898,
1827,0x14dC79964da2C08b23698B3D3cc7Ca32193d9955,0x23618e81E3f5cdF7f54C3d65f7FBc0aBf5B21E8f,true,true,false,0x1db0b4c427a08e1f86790bb27bd3b987cd7df79801b22afd1ed7f7c4429d6281,1075,207616,1789654200341,1789654202239,1898,
1828,0x23618e81E3f5cdF7f54C3d65f7FBc0aBf5B21E8f,0xa0Ee7A142d267C1f36714E4a8F75612F20a79720,true,true,false,0x430e6bb240ca4fa383f1222d228727f0323f27a580b4f98bb12795a34537ef69,1075,207628,1789654200342,1789654202239,1897,
1829,0xa0Ee7A142d267C1f36714E4a8F75612F20a79720,0xBcd4042DE499D14e55001CcbB24a551F3b954096,true,true,false,0x25a66df1fcba5ce4ea777aaa1a1c1a99c6c37ed9f3ac9a6edfad03f82c7c4313,1075,207616,1789654200342,1789654202239,1897,
1830,0xBcd4042DE499D14e55001CcbB24a551F3b954096,0x71bE63f3384f5fb98995898A86B02Fb2426c5788,true,true,false,0x06e670ef9dc2c6a42a586746e48ce33823641d3321ab29bbf9fd5dbd6e6838b2,1075,207616,1789654200343,1789654202240,1897,
1831,0x71bE63f3384f5fb98995898A86B02Fb2426c5788,0xFABB0ac9d68B0B445fB7357272Ff202C5651694a,true,true,false,0x7992d65f40da29f3561658ffc20816912d3e831162352b9d83dc722e81edd979,1075,207628,1789654200343,1789654202240,1897,
1832,0xFABB0ac9d68B0B445fB7357272Ff202C5651694a,0x1CBd3b2770909D4e10f157cABC84C7264073C9Ec,true,true,false,0x5bcd651b75d38bd6ed55f4d73d32e169a888778c41f3ceb93d9255353e6646a9,1075,207628,1789654200343,1789654202240,1897,
1833,0x1CBd3b2770909D4e10f157cABC84C7264073C9Ec,0xdF3e18d64BC6A983f673Ab319CCaE4f1a57C7097,true,true,false,0x4cb4bccbba493d7ccd7088599c46d29228016a96357417f5ec4441b362878353,1075,207628,1789654200344,1789654202240,1896,
1834,0xdF3e18d64BC6A983f673Ab319CCaE4f1a57C7097,0xcd3B766CCDd6AE721141F452C550Ca635964ce71,true,true,false,0x0d632411d5ab2f2049544a3c6b7cbdb165a29622e09087ce65aba72d49f72c07,1075,207628,1789654200344,1789654202240,1896,
1835,0xcd3B766CCDd6AE721141F452C550Ca635964ce71,0x2546BcD3c84621e976D8185a91A922aE77ECEc30,true,true,false,0x14a3cf3a94978a5759e855dcc1622f8e80988e826ae0a3b3ece99b93724e67ba,1075,207616,1789654200344,1789654202241,1897,
1836,0x2546BcD3c84621e976D8185a91A922aE77ECEc30,0xbDA5747bFD65F08deb54cb465eB87D40e51B197E,true,true,false,0xc18618dc754fdf902de56c71d6862016bea197af181cef9a9c6a5757a476104f,1075,207604,1789654200345,1789654202241,1896,
1838,0xdD2FD4581271e230360230F9337D5c0430Bf44C0,0x8626f6940E2eb28930eFb4CeF49B2d1F2C9C1199,true,true,false,0x941d29f8e3cfe5ba314d64da2457263fd39a887a0b77a1881dbc32ab94b63ffb,1075,207628,1789654200345,1789654202241,1896,
1839,0x8626f6940E2eb28930eFb4CeF49B2d1F2C9C1199,0x09DB0a93B389bEF724429898f539AEB7ac2Dd55f,true,true,false,0x69928c59dc37eb07a22631f531466755d6818985940391f3ccb55a88dddb979b,1075,207628,1789654200345,1789654202241,1896,
1840,0x09DB0a93B389bEF724429898f539AEB7ac2Dd55f,0x70997970C51812dc3A010C7d01b50e0d17dc79C8,true,true,false,0x002d37e56a4e7c7596a2d9fa3c3aa89dc4f04c6c455fd3afdf2539dfe9341e61,1075,207628,1789654200346,1789654202242,1896,
1841,0x70997970C51812dc3A010C7d01b50e0d17dc79C8,0x3C44CdDdB6a900fa2b585dd299e03d12FA4293BC,true,true,false,0xade54aabade3b089a735bae41c4fa1549c780662e1d1d87e7f9c6c892c4dac8e,1075,207616,1789654200346,1789654202242,1896,
1842,0x3C44CdDdB6a900fa2b585dd299e03d12FA4293BC,0x90F79bf6EB2c4f870365E785982E1f101E93b906,true,true,false,0x678c3482820beb5e6ae6f2c873a2f4da687c3c488ac89658fa54844ba27580ce,1075,207616,1789654200346,1789654202242,1896,
1843,0x90F79bf6EB2c4f870365E785982E1f101E93b906,0x15d34AAf54267DB7D7c367839AAf71A00a2C6A65,true,true,false,0x73e89ad7e17bdb1345ab097634d15f65845e42a222bda3a4a6f8f9d6fa46eaa4,1075,207628,1789654200347,1789654202242,1895,
1844,0x15d34AAf54267DB7D7c367839AAf71A00a2C6A65,0x9965507D1a55bcC2695C58ba16FB37d819B0A4dc,true,true,false,0xfe8125497212dc5f7afccb4cea0ff58d749a8d27b18618afdd28b2220f2fd21c,1075,207628,1789654200347,1789654202242,1895,
1845,0x9965507D1a55bcC2695C58ba16FB37d819B0A4dc,0x976EA74026E726554dB657fA54763abd0C3a0aa9,true,true,false,0xd818638e2a974ff05681980f3079bf9cefa56a82029ac5ef1ff3dcc5bc875419,1075,207628,1789654200348,1789654202242,1894,
1846,0x976EA74026E726554dB657fA54763abd0C3a0aa9,0x14dC79964da2C08b23698B3D3cc7Ca32193d9955,true,true,false,0xea4725612395aefcea4066ab49562c5e24418d18713568c4bd8f569ddec1a672,1075,207628,1789654200348,1789654202243,1895,
1847,0x14dC79964da2C08b23698B3D3cc7Ca32193d9955,0x23618e81E3f5cdF7f54C3d65f7FBc0aBf5B21E8f,true,true,false,0x03b327078e712f08510a881e602f533bc310f874ad5132b5e682ccd5161977e4,1075,207628,1789654200349,1789654202253,1904,
1848,0x23618e81E3f5cdF7f54C3d65f7FBc0aBf5B21E8f,0xa0Ee7A142d267C1f36714E4a8F75612F20a79720,true,true,false,0xb8e1a95c95026356527eae9dbacfba7eb23e9ff18a98385f1a9433250720f3fa,1075,207628,1789654200350,1789654202253,1903,
1849,0xa0Ee7A142d267C1f36714E4a8F75612F20a79720,0xBcd4042DE499D14e55001CcbB24a551F3b954096,true,true,false,0x521a4ebcd8816817a98aa8f4b642752e40e254a0301816459a2f6a4faf3218a9,1075,207616,1789654200350,1789654202253,1903,
1850,0xBcd4042DE499D14e55001CcbB24a551F3b954096,0x71bE63f3384f5fb98995898A86B02Fb2426c5788,true,true,false,0x262de2cbb0a803200ef04d664658f1e3811a7af8b06382d0fc90e549b456bdc7,1075,207604,1789654200350,1789654202254,1904,
1851,0x71bE63f3384f5fb98995898A86B02Fb2426c5788,0xFABB0ac9d68B0B445fB7357272Ff202C5651694a,true,true,false,0xb0f1ab2125f733b7607fc130473568f6ea59c5bbc8bfc9576b8410b7a6e82b26,1075,207628,1789654200351,1789654202254,1903,
1852,0xFABB0ac9d68B0B445fB7357272Ff202C5651694a,0x1CBd3b2770909D4e10f157cABC84C7264073C9Ec,true,true,false,0x901461d0d90c91823d511e63588ee32fcb7d896ca3b8e15bf073ce65d8f31c8b,1075,207628,1789654200351,1789654202254,1903,
1853,0x1CBd3b2770909D4e10f157cABC84C7264073C9Ec,0xdF3e18d64BC6A983f673Ab319CCaE4f1a57C7097,true,true,false,0x0b83b365f0622bed9ba23a785002546e6dac13af4221d6e80d31e786aa2b47e8,1075,207628,1789654200351,1789654202254,1903,
1854,0xdF3e18d64BC6A983f673Ab319CCaE4f1a57C7097,0xcd3B766CCDd6AE721141F452C550Ca635964ce71,true,true,false,0xee58ca16e85ce2d63f54d1650cb64a5c2469b27dc96fecd1e546b4425da3c278,1075,207628,1789654200352,1789654202254,1902,
1855,0xcd3B766CCDd6AE721141F452C550Ca635964ce71,0x2546BcD3c84621e976D8185a91A922aE77ECEc30,true,true,false,0xbfd3ef6d008e32fb794d9671a0c43c468a5edcbd9b750652a78700a9968356e4,1075,207628,1789654200352,1789654202255,1903,
1856,0x2546BcD3c84621e976D8185a91A922aE77ECEc30,0xbDA5747bFD65F08deb54cb465eB87D40e51B197E,true,true,false,0x9acc894bba02b972ddab89e5b20d96a1a90473f36376b900402092f26e53f013,1075,207628,1789654200352,1789654202255,1903,
1857,0xbDA5747bFD65F08deb54cb465eB87D40e51B197E,0xdD2FD4581271e230360230F9337D5c0430Bf44C0,true,true,false,0x92dc88f94600d901b7e9f51757ea7ef131802d6549739cc5acc2d7bb55b0b3a2,1075,207604,1789654200353,1789654202255,1902,
1858,0xdD2FD4581271e230360230F9337D5c0430Bf44C0,0x8626f6940E2eb28930eFb4CeF49B2d1F2C9C1199,true,true,false,0x8ea5993e96888103ecb82521bde2b9923cd5b0324a37202775dde27bffc438b1,1075,207628,1789654200353,1789654202255,1902,
1859,0x8626f6940E2eb28930eFb4CeF49B2d1F2C9C1199,0x09DB0a93B389bEF724429898f539AEB7ac2Dd55f,true,true,false,0x6224ccba26a1bd9e06c5f9a3000babfee6582c2aa6344a250ab539dc86c4bddc,1075,207616,1789654200353,1789654202255,1902,
1860,0x09DB0a93B389bEF724429898f539AEB7ac2Dd55f,0x70997970C51812dc3A010C7d01b50e0d17dc79C8,true,true,false,0x7e0fdc4ff19c67040831637a3e4b5cf6c968b1b63fedc543e7a7a607e2dac64b,1076,207628,1789654202187,1789654204313,2126,
1861,0x70997970C51812dc3A010C7d01b50e0d17dc79C8,0x3C44CdDdB6a900fa2b585dd299e03d12FA4293BC,true,true,false,0xc2c6ec397ea634871cee3389787632cd85fb1f7806fa1bb3819e996d87018ff1,1076,207616,1789654202188,1789654204313,2125,
1862,0x3C44CdDdB6a900fa2b585dd299e03d12FA4293BC,0x90F79bf6EB2c4f870365E785982E1f101E93b906,true,true,false,0x32282e8fa593a50ad688ffeaa1d611792bc6a1f32e6ed0cb12512af6fb8b0a02,1076,207604,1789654202188,1789654204314,2126,
1863,0x90F79bf6EB2c4f870365E785982E1f101E93b906,0x15d34AAf54267DB7D7c367839AAf71A00a2C6A65,true,true,false,0x9d45a19d5d14fbc09d6dc842086d36b9536e70b83ce4a971e2802d44ac380abb,1076,207628,1789654202188,1789654204314,2126,
1864,0x15d34AAf54267DB7D7c367839AAf71A00a2C6A65,0x9965507D1a55bcC2695C58ba16FB37d819B0A4dc,true,true,false,0x5c60dc9b5d43729a45d3288da3fe9daaedf623d299dfda0728273b40b64d5b5e,1076,207616,1789654202189,1789654204314,2125,
1865,0x9965507D1a55bcC2695C58ba16FB37d819B0A4dc,0x976EA74026E726554dB657fA54763abd0C3a0aa9,true,true,false,0x8a2cd583f5c29410e71bbc55b826dd69ca5a79940aad18c6bef1829fa724b008,1076,207628,1789654202189,1789654204314,2125,
1866,0x976EA74026E726554dB657fA54763abd0C3a0aa9,0x14dC79964da2C08b23698B3D3cc7Ca32193d9955,true,true,false,0x0ce1cf4f3191a4acf24d1d6b57ce2592e70fb387ac962d9eed034afe6e82c13c,1076,207628,1789654202189,1789654204315,2126,
1867,0x14dC79964da2C08b23698B3D3cc7Ca32193d9955,0x23618e81E3f5cdF7f54C3d65f7FBc0aBf5B21E8f,true,true,false,0xe2bbcbb281f4b51406f83df3ce19bfbe3eb99621e515cc5924bf9bfe0f91aa98,1076,207628,1789654202189,1789654204315,2126,
1868,0x23618e81E3f5cdF7f54C3d65f7FBc0aBf5B21E8f,0xa0Ee7A142d267C1f36714E4a8F75612F20a79720,true,true,false,0x039eac92e3589c78fc58f5cfa86b41b51d93dcf72c5267f9bf69ada7f755223d,1076,207628,1789654202190,1789654204315,2125,
1869,0xa0Ee7A142d267C1f36714E4a8F75612F20a79720,0xBcd4042DE499D14e55001CcbB24a551F3b954096,true,true,false,0xe1b1edc9678e378afca407b089ccebb995c6b28aeaefd9f0d33d167a8962c306,1076,207592,1789654202190,1789654204315,2125,
1870,0xBcd4042DE499D14e55001CcbB24a551F3b954096,0x71bE63f3384f5fb98995898A86B02Fb2426c5788,true,true,false,0x119698d18178c53d8d94720bfbb81dbaefa7881104092975cc6af068c2e6d1dd,1076,207616,1789654202190,1789654204315,2125,
1871,0x71bE63f3384f5fb98995898A86B02Fb2426c5788,0xFABB0ac9d68B0B445fB7357272Ff202C5651694a,true,true,false,0x487ae6b92eda044cfa7e0a28578310668b94ce00e08a8698b4f5b27b5d06d2c1,1076,207628,1789654202243,1789654204199,1956,
1872,0xFABB0ac9d68B0B445fB7357272Ff202C5651694a,0x1CBd3b2770909D4e10f157cABC84C7264073C9Ec,true,true,false,0xb7b7ca85ab8058ecc22185ce45d96b8a2600858bff3e2736103abc22cc16821c,1076,207628,1789654202244,1789654204220,1976,
1873,0x1CBd3b2770909D4e10f157cABC84C7264073C9Ec,0xdF3e18d64BC6A983f673Ab319CCaE4f1a57C7097,true,true,false,0x98c22077f2c350c028672fd12c52bdedd015099e05644a272420c5a5977b3a21,1076,207616,1789654202244,1789654204221,1977,
1874,0xdF3e18d64BC6A983f673Ab319CCaE4f1a57C7097,0xcd3B766CCDd6AE721141F452C550Ca635964ce71,true,true,false,0xc110d315a8fe801e8493dab868157a71f429a6250cfad2bfdf392968d23448e6,1076,207628,1789654202245,1789654204221,1976,
1875,0xcd3B766CCDd6AE721141F452C550Ca635964ce71,0x2546BcD3c84621e976D8185a91A922aE77ECEc30,true,true,false,0xb96c9f0d284610711d49aec4b9b7a90e77075a87cf8a3415cabdd0a8ead2b4ed,1076,207628,1789654202245,1789654204221,1976,
1878,0xdD2FD4581271e230360230F9337D5c0430Bf44C0,0x8626f6940E2eb28930eFb4CeF49B2d1F2C9C1199,true,true,false,0x765a38d9901c061ee54b3773feac07920a4ec311f44c2766a6f7a371cac9d2c4,1076,207628,1789654202246,1789654204221,1975,
1879,0x8626f6940E2eb28930eFb4CeF49B2d1F2C9C1199,0x09DB0a93B389bEF724429898f539AEB7ac2Dd55f,true,true,false,0x34922530a2e0ce17d51cfa459b1b34c4a5f8439df8c75489f2ce80d7b3f50862,1076,207628,1789654202246,1789654204221,1975,
1880,0x09DB0a93B389bEF724429898f539AEB7ac2Dd55f,0x70997970C51812dc3A010C7d01b50e0d17dc79C8,true,true,false,0x84753c530e91203decd56e80f66ab5a26fa2c610ca749d5de1d85d6603423570,1076,207628,1789654202247,1789654204222,1975,
1881,0x70997970C51812dc3A010C7d01b50e0d17dc79C8,0x3C44CdDdB6a900fa2b585dd299e03d12FA4293BC,true,true,false,0x68345f01857d61b59af9003c0bb4964f038459a858216355223edc9f4fb8d2eb,1076,207616,1789654202249,1789654204222,1973,
1882,0x3C44CdDdB6a900fa2b585dd299e03d12FA4293BC,0x90F79bf6EB2c4f870365E785982E1f101E93b906,true,true,false,0x67b068199dbb36b7de188e5d806ef16598020cf72a13f4e0d62a0e70e122a32d,1076,207616,1789654202250,1789654204222,1972,
1883,0x90F79bf6EB2c4f870365E785982E1f101E93b906,0x15d34AAf54267DB7D7c367839AAf71A00a2C6A65,true,true,false,0xe1e6d980fc3ee93fadbfa6cb29653e9d3d2e542db2f0bdf7c1f0496324e53e75,1076,207628,1789654202251,1789654204222,1971,
1884,0x15d34AAf54267DB7D7c367839AAf71A00a2C6A65,0x9965507D1a55bcC2695C58ba16FB37d819B0A4dc,true,true,false,0x15aeca4834f1d1b206d66cc3f287b885fcfdea60330ac9a4b280a554d45884dc,1076,207628,1789654202252,1789654204222,1970,
1885,0x9965507D1a55bcC2695C58ba16FB37d819B0A4dc,0x976EA74026E726554dB657fA54763abd0C3a0aa9,true,true,false,0x24f2a773d93aac55cf76f7cbdd043497791ba0d150e4b1f61eb3a2219f0950f4,1076,207628,1789654202252,1789654204223,1971,
1886,0x976EA74026E726554dB657fA54763abd0C3a0aa9,0x14dC79964da2C08b23698B3D3cc7Ca32193d9955,true,true,false,0x2fe7efef2dbe1f8f0203e18135cdefaf9450fb128ba339965ae7e2268fabb46d,1076,207628,1789654202362,1789654204223,1861,
1887,0x14dC79964da2C08b23698B3D3cc7Ca32193d9955,0x23618e81E3f5cdF7f54C3d65f7FBc0aBf5B21E8f,true,true,false,0x082d2e62a356a7a8e9f65bd22499405aec0c3cfad00b963632e20f580a6cc9c6,1076,207628,1789654202362,1789654204223,1861,
1888,0x23618e81E3f5cdF7f54C3d65f7FBc0aBf5B21E8f,0xa0Ee7A142d267C1f36714E4a8F75612F20a79720,true,true,false,0xba32c138bd74e0d61a7df71be22df5789583e946efbda1aca1eee9907c9d165c,1076,207628,1789654202363,1789654204223,1860,
1889,0xa0Ee7A142d267C1f36714E4a8F75612F20a79720,0xBcd4042DE499D14e55001CcbB24a551F3b954096,true,true,false,0xb7d432771ebbd63d691ea338e39dff295bbca18588360565303f038c85814bbd,1076,207616,1789654202363,1789654204223,1860,
1890,0xBcd4042DE499D14e55001CcbB24a551F3b954096,0x71bE63f3384f5fb98995898A86B02Fb2426c5788,true,true,false,0xd79ca84561b0a521f572fee482d87a436770d0c7f02407250a027bca1f3f77f8,1076,207616,1789654202364,1789654204224,1860,
1891,0x71bE63f3384f5fb98995898A86B02Fb2426c5788,0xFABB0ac9d68B0B445fB7357272Ff202C5651694a,true,true,false,0x1da37953b301e498b5d251b55bb5e5157a328ce4a3d716faf4ab475f8a74d936,1076,207628,1789654202365,1789654204224,1859,
1892,0xFABB0ac9d68B0B445fB7357272Ff202C5651694a,0x1CBd3b2770909D4e10f157cABC84C7264073C9Ec,true,true,false,0x250957cd2e988b0a9ffd85ccc6cbf06aa684cb67494763f1350e1e8d5bb6b476,1076,207616,1789654202365,1789654204224,1859,
1893,0x1CBd3b2770909D4e10f157cABC84C7264073C9Ec,0xdF3e18d64BC6A983f673Ab319CCaE4f1a57C7097,true,true,false,0x354a9a2a53e12bcaff680e5d6ed499f845e838d609cf3860d7676c1649331fbb,1076,207616,1789654202366,1789654204224,1858,
1894,0xdF3e18d64BC6A983f673Ab319CCaE4f1a57C7097,0xcd3B766CCDd6AE721141F452C550Ca635964ce71,true,true,false,0xf2351ec42ddd75166a80ec0b2a5d7f1f958ab0e1da2b46d75d25e0fd57cf27ce,1076,207628,1789654202367,1789654204224,1857,
1895,0xcd3B766CCDd6AE721141F452C550Ca635964ce71,0x2546BcD3c84621e976D8185a91A922aE77ECEc30,true,true,false,0xb06a1a72805fb0b7969d86101c18ec14ee1dfdd665807a0f674c79103a387fa5,1076,207604,1789654202367,1789654204224,1857,
1896,0x2546BcD3c84621e976D8185a91A922aE77ECEc30,0xbDA5747bFD65F08deb54cb465eB87D40e51B197E,true,true,false,0xba6548ad0d8eb6631da21fc6ede36ae424ab85b78bf33fd8bcbc6805bfbddd5a,1076,207628,1789654202368,1789654204225,1857,
1899,0x8626f6940E2eb28930eFb4CeF49B2d1F2C9C1199,0x09DB0a93B389bEF724429898f539AEB7ac2Dd55f,true,true,false,0xfdf64c29064280b4a3b67729e1df64caa03672ac16bb5837f31ff9a1cdf7c143,1076,207628,1789654202368,1789654204225,1857,
1900,0x09DB0a93B389bEF724429898f539AEB7ac2Dd55f,0x70997970C51812dc3A010C7d01b50e0d17dc79C8,true,true,false,0x9ea96fa5cc87d89610dd185e880200b55f5bd5296751ca4cc217ef45465225ac,1076,207628,1789654202369,1789654204225,1856,
1901,0x70997970C51812dc3A010C7d01b50e0d17dc79C8,0x3C44CdDdB6a900fa2b585dd299e03d12FA4293BC,true,true,false,0x2b56df512b618a969f8ed18bf98bcc05078ec73356e6d614892278253b4012d3,1076,207616,1789654202369,1789654204225,1856,
1902,0x3C44CdDdB6a900fa2b585dd299e03d12FA4293BC,0x90F79bf6EB2c4f870365E785982E1f101E93b906,true,true,false,0xe50686a0a29192889a90d1092f18157e9eb89773ec08fdfca4ab8965d2842801,1076,207616,1789654202369,1789654204226,1857,
1903,0x90F79bf6EB2c4f870365E785982E1f101E93b906,0x15d34AAf54267DB7D7c367839AAf71A00a2C6A65,true,true,false,0x0b9e91a9f63cb2a0b6a5df6b4c8d6925f4311a5fbcbb47331a237ca09a08644e,1076,207628,1789654202370,1789654204226,1856,
1904,0x15d34AAf54267DB7D7c367839AAf71A00a2C6A65,0x9965507D1a55bcC2695C58ba16FB37d819B0A4dc,true,true,false,0x6596915c6abf59d1fc021ecfbf4b8d47a0ba4210a2562f9b36b5d992e93a8798,1076,207628,1789654202370,1789654204226,1856,
1905,0x9965507D1a55bcC2695C58ba16FB37d819B0A4dc,0x976EA74026E726554dB657fA54763abd0C3a0aa9,true,true,false,0xba8c0b6a2a5de735abde1f1c750200c02045d8251bbb4cb496e777ceb6fb096a,1076,207616,1789654202370,1789654204227,1857,
1906,0x976EA74026E726554dB657fA54763abd0C3a0aa9,0x14dC79964da2C08b23698B3D3cc7Ca32193d9955,true,true,false,0x44be9a80d84a77150ccf1780d6eb4b742af80579ca34008397d3757ce5b392d4,1076,207616,1789654202371,1789654204227,1856,
1907,0x14dC79964da2C08b23698B3D3cc7Ca32193d9955,0x23618e81E3f5cdF7f54C3d65f7FBc0aBf5B21E8f,true,true,false,0x3b0244cbd727a7301afcbaa41a52a8f6ddec9b497aff19e1e045ecc8bf40f6e7,1076,207628,1789654202371,1789654204227,1856,
1908,0x23618e81E3f5cdF7f54C3d65f7FBc0aBf5B21E8f,0xa0Ee7A142d267C1f36714E4a8F75612F20a79720,true,true,false,0x69a59b95dd2efdc4f4e6a7eb14d86c5b9e38bbaf73e5c75cbc46286a291805d9,1076,207628,1789654202371,1789654204227,1856,
1909,0xa0Ee7A142d267C1f36714E4a8F75612F20a79720,0xBcd4042DE499D14e55001CcbB24a551F3b954096,true,true,false,0x7773150a091cc5b3405a6c941987e5c773f5ff16a805d5355343967a1f882648,1076,207604,1789654202372,1789654204228,1856,
1920,0x09DB0a93B389bEF724429898f539AEB7ac2Dd55f,0x70997970C51812dc3A010C7d01b50e0d17dc79C8,true,true,false,0x426a0fc6d9623b4814b6da5bf110a7ed6b384efe683c28353258cf2094d2b11f,1076,207628,1789654202372,1789654204295,1923,
1921,0x70997970C51812dc3A010C7d01b50e0d17dc79C8,0x3C44CdDdB6a900fa2b585dd299e03d12FA4293BC,true,true,false,0x4052276184a1f9fbdaa16ec71ce8aca5c35a52e40f709c42709e3f64f7225f83,1076,207616,1789654202372,1789654204295,1923,
1922,0x3C44CdDdB6a900fa2b585dd299e03d12FA4293BC,0x90F79bf6EB2c4f870365E785982E1f101E93b906,true,true,false,0x9f1d7dd8d5c372305006f23755733c5daa9096f94f3d50dbed1b180fe85f0446,1076,207616,1789654202373,1789654204296,1923,
1923,0x90F79bf6EB2c4f870365E785982E1f101E93b906,0x15d34AAf54267DB7D7c367839AAf71A00a2C6A65,true,true,false,0x1431f8c61d74575fc66e21d8ed77af8ad37a59d3927069554a334c865cb4df00,1076,207628,1789654202373,1789654204296,1923,
1924,0x15d34AAf54267DB7D7c367839AAf71A00a2C6A65,0x9965507D1a55bcC2695C58ba16FB37d819B0A4dc,true,true,false,0xce639351b5b4431b3d5b4423f9a75011cdabf9f7d2b24d52962f18333ccadc34,1076,207628,1789654202373,1789654204296,1923,
1925,0x9965507D1a55bcC2695C58ba16FB37d819B0A4dc,0x976EA74026E726554dB657fA54763abd0C3a0aa9,true,true,false,0x97840bfc6d65da824969655d797269012e7b0f8690415a972605d705d595cb17,1076,207628,1789654202374,1789654204296,1922,
1926,0x976EA74026E726554dB657fA54763abd0C3a0aa9,0x14dC79964da2C08b23698B3D3cc7Ca32193d9955,true,true,false,0x8170c5ed3a928985df74d3f1878cadb5c0d4e470ed58c77c7e4ef9ce4f2c3147,1076,207628,1789654202374,1789654204297,1923,
1927,0x14dC79964da2C08b23698B3D3cc7Ca32193d9955,0x23618e81E3f5cdF7f54C3d65f7FBc0aBf5B21E8f,true,true,false,0x68fe8e8ca05f309c3e56bff71081d7ce64d12c6076c94938c96ffd17ccb091bd,1076,207628,1789654202375,1789654204297,1922,
1928,0x23618e81E3f5cdF7f54C3d65f7FBc0aBf5B21E8f,0xa0Ee7A142d267C1f36714E4a8F75612F20a79720,true,true,false,0x8b8de11ee6eb7cdee6ed122503c13e140bc86cf3dd405d13d87f2fee541f918d,1076,207628,1789654202375,1789654204298,1923,
1929,0xa0Ee7A142d267C1f36714E4a8F75612F20a79720,0xBcd4042DE499D14e55001CcbB24a551F3b954096,true,true,false,0x5b65ba4bdcc07390abacf69bd0c87ffeaced25ccf48cc9af53c11cf3bf389c5c,1076,207616,1789654202375,1789654204298,1923,
1930,0xBcd4042DE499D14e55001CcbB24a551F3b954096,0x71bE63f3384f5fb98995898A86B02Fb2426c5788,true,true,false,0xbb26afc3040c48adb3de2589004443c32da829d1c06072b9d0697417618f5622,1076,207616,1789654202376,1789654204299,1923,
1931,0x71bE63f3384f5fb98995898A86B02Fb2426c5788,0xFABB0ac9d68B0B445fB7357272Ff202C5651694a,true,true,false,0xfbb0456dd5bf12d0de23fb2f40514064b6df265c859cca949c6754a9cea3859e,1076,207616,1789654202390,1789654204300,1910,
1932,0xFABB0ac9d68B0B445fB7357272Ff202C5651694a,0x1CBd3b2770909D4e10f157cABC84C7264073C9Ec,true,true,false,0x07194982973ee5ddc6bbe3646bacbbf876bfa2e873ffd34f5d2076f06f32f616,1076,207628,1789654202390,1789654204300,1910,
1933,0x1CBd3b2770909D4e10f157cABC84C7264073C9Ec,0xdF3e18d64BC6A983f673Ab319CCaE4f1a57C7097,true,true,false,0x51220d8ae79806ec4bf235e4699823017d2b677bcdadc8810cdc242a256d09a5,1076,207628,1789654202391,1789654204300,1909,
1934,0xdF3e18d64BC6A983f673Ab319CCaE4f1a57C7097,0xcd3B766CCDd6AE721141F452C550Ca635964ce71,true,true,false,0xc32169afe938c46669655d02f4d875e0468faea6c935a76918d7283d657724b2,1076,207628,1789654202392,1789654204300,1908,
1935,0xcd3B766CCDd6AE721141F452C550Ca635964ce71,0x2546BcD3c84621e976D8185a91A922aE77ECEc30,true,true,false,0xda1d21df2a2f1dbb18c62404ea4b1b255864681bdadab5462f1d240698be36cc,1076,207628,1789654202392,1789654204301,1909,
1936,0x2546BcD3c84621e976D8185a91A922aE77ECEc30,0xbDA5747bFD65F08deb54cb465eB87D40e51B197E,true,true,false,0x7d79258e256c0792ddb3a282a0bc1375d7a87fa5537d2d4f44ce6c25f701e39b,1076,207628,1789654202393,1789654204301,1908,
1937,0xbDA5747bFD65F08deb54cb465eB87D40e51B197E,0xdD2FD4581271e230360230F9337D5c0430Bf44C0,true,true,false,0xf2549fdb02d61c0099621fe324b3fabe28fbfeb3f953b5a08ce4c6a8ce28e160,1076,207628,1789654202394,1789654204301,1907,
1938,0xdD2FD4581271e230360230F9337D5c0430Bf44C0,0x8626f6940E2eb28930eFb4CeF49B2d1F2C9C1199,true,true,false,0xd2dd4caa2a4257e1a402534b8d5f727196a71172de180f89f39d503d7b069a14,1076,207628,1789654202394,1789654204301,1907,
1939,0x8626f6940E2eb28930eFb4CeF49B2d1F2C9C1199,0x09DB0a93B389bEF724429898f539AEB7ac2Dd55f,true,true,false,0x770551cb1c297fb7a6b6696e06faf62447b297f7ad75fddc8240ac2b17688cf3,1076,207628,1789654202395,1789654204301,1906,
1940,0x09DB0a93B389bEF724429898f539AEB7ac2Dd55f,0x70997970C51812dc3A010C7d01b50e0d17dc79C8,true,true,false,0x14d8e7b4a21d103ca686da82cce4011224a6340cafefd0363f44add3f6d59571,1076,207628,1789654202395,1789654204302,1907,
1941,0x70997970C51812dc3A010C7d01b50e0d17dc79C8,0x3C44CdDdB6a900fa2b585dd299e03d12FA4293BC,true,true,false,0x30642de0f7ab7a99d5ca1478f01c176c5ce2c666a19a5f375a5cb3040b537d8c,1076,207616,1789654202396,1789654204302,1906,
1942,0x3C44CdDdB6a900fa2b585dd299e03d12FA4293BC,0x90F79bf6EB2c4f870365E785982E1f101E93b906,true,true,false,0x6e5205de3643977e30c60d30aab872205036c0938da41c526ef588021683878a,1076,207616,1789654202397,1789654204302,1905,
1943,0x90F79bf6EB2c4f870365E785982E1f101E93b906,0x15d34AAf54267DB7D7c367839AAf71A00a2C6A65,true,true,false,0xb5b542cd43d59edc40b3097b22de56e199f81d375db476c4c7ce49d08db16955,1076,207628,1789654202398,1789654204302,1904,
1944,0x15d34AAf54267DB7D7c367839AAf71A00a2C6A65,0x9965507D1a55bcC2695C58ba16FB37d819B0A4dc,true,true,false,0x53a1ddc6aa03272c52a10729cde0c3cab74ab9d549f44a5eba88b94c8b1b7d61,1076,207628,1789654202399,1789654204302,1903,
1945,0x9965507D1a55bcC2695C58ba16FB37d819B0A4dc,0x976EA74026E726554dB657fA54763abd0C3a0aa9,true,true,false,0xd29145b987a3213ba315842dc18b21d74939d19a8fb8cef18fc3b75550a1268c,1076,207628,1789654202400,1789654204303,1903,
1946,0x976EA74026E726554dB657fA54763abd0C3a0aa9,0x14dC79964da2C08b23698B3D3cc7Ca32193d9955,true,true,false,0xfa13e9b0dea9c9c0a5b330c7c7a04bb4623ce3aa98cc2a49a1716aa7146fe16d,1076,207628,1789654202400,1789654204303,1903,
1950,0xBcd4042DE499D14e55001CcbB24a551F3b954096,0x71bE63f3384f5fb98995898A86B02Fb2426c5788,true,true,false,0x8a67a7dbabaa9bcee12c4ef371f723674b2a729a526fbd9ffebbf76cae151118,1076,207616,1789654202401,1789654204303,1902,
1951,0x71bE63f3384f5fb98995898A86B02Fb2426c5788,0xFABB0ac9d68B0B445fB7357272Ff202C5651694a,true,true,false,0xfeeb6f2227b3a63622de4f509c2eebdab8cbfa2afeda5b1edb1d5a7ea785ab30,1076,207616,1789654202401,1789654204303,1902,
1952,0xFABB0ac9d68B0B445fB7357272Ff202C5651694a,0x1CBd3b2770909D4e10f157cABC84C7264073C9Ec,true,true,false,0xefe2068618fa4089b98181020e8e7ba6147fd3c8ca4d7907c7aff9ae8cd27621,1076,207628,1789654202402,1789654204303,1901,
1953,0x1CBd3b2770909D4e10f157cABC84C7264073C9Ec,0xdF3e18d64BC6A983f673Ab319CCaE4f1a57C7097,true,true,false,0xcfc83e984994cd59e2f1aeed691f6954645975113dde3e430147d1f16aedca78,1076,207628,1789654202402,1789654204304,1902,
1954,0xdF3e18d64BC6A983f673Ab319CCaE4f1a57C7097,0xcd3B766CCDd6AE721141F452C550Ca635964ce71,true,true,false,0xf0e0ea8fde427de892d0abcb649297defa0e1b38cc010dd9fa1c37dacb531f20,1076,207628,1789654202403,1789654204304,1901,
1957,0xbDA5747bFD65F08deb54cb465eB87D40e51B197E,0xdD2FD4581271e230360230F9337D5c0430Bf44C0,true,true,false,0x7411290fc2c108a88f918dca14c0573371098bf6352718cd64152a3cfb1d99f4,1076,207628,1789654202403,1789654204307,1904,
1958,0xdD2FD4581271e230360230F9337D5c0430Bf44C0,0x8626f6940E2eb28930eFb4CeF49B2d1F2C9C1199,true,true,false,0xfeef7fa767132335e1e375831cc380ec96f9bc77ee22e4db0ef3fa17feae5344,1076,207604,1789654202403,1789654204308,1905,
1959,0x8626f6940E2eb28930eFb4CeF49B2d1F2C9C1199,0x09DB0a93B389bEF724429898f539AEB7ac2Dd55f,true,true,false,0x8c4de940562c9f91dffcb227c761215665801405c9a2f39d04ac2603d202de6b,1076,207628,1789654202404,1789654204308,1904,
1960,0x09DB0a93B389bEF724429898f539AEB7ac2Dd55f,0x70997970C51812dc3A010C7d01b50e0d17dc79C8,true,true,false,0xc749a1fb1c6c13706a59431753a8197ea80673d34a9aa0e56dffa4f00c817bb3,1076,207628,1789654202404,1789654204308,1904,
1961,0x70997970C51812dc3A010C7d01b50e0d17dc79C8,0x3C44CdDdB6a900fa2b585dd299e03d12FA4293BC,true,true,false,0xda90ff4cd8ea358b6d158dcc71fb57cabaaca1a13f80179bfe6b95e17821c123,1076,207616,1789654202405,1789654204308,1903,
1962,0x3C44CdDdB6a900fa2b585dd299e03d12FA4293BC,0x90F79bf6EB2c4f870365E785982E1f101E93b906,true,true,false,0x19800fe858c614eaa7790819f88a3d1b063344df09446bb51f31876a5b4ca5e2,1076,207616,1789654202405,1789654204309,1904,
1963,0x90F79bf6EB2c4f870365E785982E1f101E93b906,0x15d34AAf54267DB7D7c367839AAf71A00a2C6A65,true,true,false,0xb75b853f49d2250c5fe5af85083ca00a528894dcf549f2000b9ecfa436c6d0d8,1076,207628,1789654202405,1789654204309,1904,
1964,0x15d34AAf54267DB7D7c367839AAf71A00a2C6A65,0x9965507D1a55bcC2695C58ba16FB37d819B0A4dc,true,true,false,0x276c6895cc9d3d6393b2b9f6cb6d71c505ebd7a946c4bba1987786404b47d9fc,1076,207628,1789654202406,1789654204309,1903,
1965,0x9965507D1a55bcC2695C58ba16FB37d819B0A4dc,0x976EA74026E726554dB657fA54763abd0C3a0aa9,true,true,false,0xfea2b07b2f8cef7d34410a79a92bfdfa64509843864ae05144678f1ba0452bfa,1076,207628,1789654202406,1789654204309,1903,
1966,0x976EA74026E726554dB657fA54763abd0C3a0aa9,0x14dC79964da2C08b23698B3D3cc7Ca32193d9955,true,true,false,0x208056686d82d0f280e4ba0d5231c6dbbf6d2e146591436883e4c45fce3042a1,1076,207628,1789654202406,1789654204310,1904,
1967,0x14dC79964da2C08b23698B3D3cc7Ca32193d9955,0x23618e81E3f5cdF7f54C3d65f7FBc0aBf5B21E8f,true,true,false,0xda6fad00573956da29d22ee9b59baa5a2ebefaa95ba7c9c31410abe0d7683714,1076,207628,1789654202407,1789654204310,1903,
1968,0x23618e81E3f5cdF7f54C3d65f7FBc0aBf5B21E8f,0xa0Ee7A142d267C1f36714E4a8F75612F20a79720,true,true,false,0xfaddae64c9173979e7de122bbf098297e53d4c0090b5bf7460119547fbffe7e5,1076,207628,1789654202407,1789654204311,1904,
1969,0xa0Ee7A142d267C1f36714E4a8F75612F20a79720,0xBcd4042DE499D14e55001CcbB24a551F3b954096,true,true,false,0x252baa38ca1678e3436c987a366f2f8fec601fb37f3e583ec092a7e81e800c9b,1076,207616,1789654202407,1789654204311,1904,
1970,0xBcd4042DE499D14e55001CcbB24a551F3b954096,0x71bE63f3384f5fb98995898A86B02Fb2426c5788,true,true,false,0xe759e3d00109cab6042fe3256a83689d13c3a848fc0798145c402de580118e4e,1076,207604,1789654202408,1789654204311,1903,
1971,0x71bE63f3384f5fb98995898A86B02Fb2426c5788,0xFABB0ac9d68B0B445fB7357272Ff202C5651694a,true,true,false,0x245fbe4783db43d6295a772c3010a063e6b73f89fa79cff8139a4b1f28fcd5f4,1076,207616,1789654202408,1789654204311,1903,
1972,0xFABB0ac9d68B0B445fB7357272Ff202C5651694a,0x1CBd3b2770909D4e10f157cABC84C7264073C9Ec,true,true,false,0xdfa2758cb9c376147fcd7c6fb8fbc22a7bc4ed9218070c6a82ef1cd689b95119,1076,207628,1789654202408,1789654204312,1904,
1974,0xdF3e18d64BC6A983f673Ab319CCaE4f1a57C7097,0xcd3B766CCDd6AE721141F452C550Ca635964ce71,true,true,false,0x6cb68c51a1239ac18e9b726d19c068c521499d78ec8311dbb86053066b1867fc,1076,207628,1789654202409,1789654204312,1903,
1975,0xcd3B766CCDd6AE721141F452C550Ca635964ce71,0x2546BcD3c84621e976D8185a91A922aE77ECEc30,true,true,false,0x1144a588d7ff255a28491fff10451f6fd167bf0fe8b52c0219b90fd121e1a5f2,1076,207628,1789654202409,1789654204312,1903,
1976,0x2546BcD3c84621e976D8185a91A922aE77ECEc30,0xbDA5747bFD65F08deb54cb465eB87D40e51B197E,true,true,false,0x45a928dcb651713fca293e35dc2ace5df7f5f496a8e2e201a5faca969e5c99e2,1076,207628,1789654202410,1789654204312,1902,
1977,0xbDA5747bFD65F08deb54cb465eB87D40e51B197E,0xdD2FD4581271e230360230F9337D5c0430Bf44C0,true,true,false,0x3ceb11d1db0e0e551f2874f05c2c4ee0235bffb9daf4f38ef5e2aefb7d98adf8,1076,207616,1789654202410,1789654204313,1903,
1978,0xdD2FD4581271e230360230F9337D5c0430Bf44C0,0x8626f6940E2eb28930eFb4CeF49B2d1F2C9C1199,true,true,false,0xfcd3505f4d914c4b2f14b49f2fe3379747582c5fcb4f1d9b2aaebdb04df706b9,1076,207628,1789654202410,1789654204313,1903,
1979,0x8626f6940E2eb28930eFb4CeF49B2d1F2C9C1199,0x09DB0a93B389bEF724429898f539AEB7ac2Dd55f,true,true,false,0x7d0e700ecf9b33c7b4e07887d8d3a09345b463a950cd28f711a13a2d704a59b7,1076,207616,1789654202411,1789654204313,1902,
2998,0xdD2FD4581271e230360230F9337D5c0430Bf44C0,0x8626f6940E2eb28930eFb4CeF49B2d1F2C9C1199,true,true,false,0x6da2e59475cb5d70b2a7fce0c2dc597bd78e7f0df54397061549e15a69c6efb0,1077,207616,1789654204424,1789654206242,1818,
2999,0x8626f6940E2eb28930eFb4CeF49B2d1F2C9C1199,0x09DB0a93B389bEF724429898f539AEB7ac2Dd55f,true,true,false,0x645a28904c407bc208c824a01c2c83c8e8b9461f84ca644ea9585508599ee5ae,1077,207628,1789654204424,1789654206242,1818,
1982,0x3C44CdDdB6a900fa2b585dd299e03d12FA4293BC,0x90F79bf6EB2c4f870365E785982E1f101E93b906,true,true,false,0x1413794b8146a7305a56a1833062da472cf7e06f6d9657656aca535a5473fe07,1077,207604,1789654204425,1789654206243,1818,
1983,0x90F79bf6EB2c4f870365E785982E1f101E93b906,0x15d34AAf54267DB7D7c367839AAf71A00a2C6A65,true,true,false,0x141b7752c595dd06a2dc23ae5a2809a6bba55fbe54e03fd9da9871f707aaf2bc,1077,207628,1789654204425,1789654206243,1818,
1984,0x15d34AAf54267DB7D7c367839AAf71A00a2C6A65,0x9965507D1a55bcC2695C58ba16FB37d819B0A4dc,true,true,false,0xa6394196eaa6e8d54c3ef0136c1bdb6a601710478ecbdc33e713285dca2f23ed,1077,207628,1789654204426,1789654206243,1817,
1985,0x9965507D1a55bcC2695C58ba16FB37d819B0A4dc,0x976EA74026E726554dB657fA54763abd0C3a0aa9,true,true,false,0x37fd33addb0be8ed073afbc9b7799f5aab3e74f906291e072c863e7eb9911f19,1077,207628,1789654204426,1789654206243,1817,
1986,0x976EA74026E726554dB657fA54763abd0C3a0aa9,0x14dC79964da2C08b23698B3D3cc7Ca32193d9955,true,true,false,0xa5acae589167e4a1909cec9066e2561c5d596f6d739cddc17f77de79a8f65055,1077,207616,1789654204427,1789654206243,1816,
1987,0x14dC79964da2C08b23698B3D3cc7Ca32193d9955,0x23618e81E3f5cdF7f54C3d65f7FBc0aBf5B21E8f,true,true,false,0x27f5d9ee4a9486a5f3a474f3b1770f0788de3a9b161d353759a6b0f77979e657,1077,207628,1789654204428,1789654206244,1816,
1988,0x23618e81E3f5cdF7f54C3d65f7FBc0aBf5B21E8f,0xa0Ee7A142d267C1f36714E4a8F75612F20a79720,true,true,false,0xd29bc456facacfa7f5efb664c3a2dc04a317afb08a37d282c6752bc53547c35d,1077,207628,1789654204428,1789654206244,1816,
1989,0xa0Ee7A142d267C1f36714E4a8F75612F20a79720,0xBcd4042DE499D14e55001CcbB24a551F3b954096,true,true,false,0x256228fba1c6504946c234dd8ad3364ff816efca09da7c5819f62c8ead92972e,1077,207616,1789654204429,1789654206244,1815,
1990,0xBcd4042DE499D14e55001CcbB24a551F3b954096,0x71bE63f3384f5fb98995898A86B02Fb2426c5788,true,true,false,0xea135704e6c6c4dbb970103e6a801cf0a06a353193dc0df0a5ff608510ead198,1077,207616,1789654204429,1789654206244,1815,
1991,0x71bE63f3384f5fb98995898A86B02Fb2426c5788,0xFABB0ac9d68B0B445fB7357272Ff202C5651694a,true,true,false,0x90d41a355ea678475fa5f7492a416f8a727c3d0e6d8abf61247dbea46117c31b,1077,207628,1789654204430,1789654206245,1815,
1992,0xFABB0ac9d68B0B445fB7357272Ff202C5651694a,0x1CBd3b2770909D4e10f157cABC84C7264073C9Ec,true,true,false,0x4de46cff83a94587884e90579ff7e7935cc10579428c657ae46831935c5f88b2,1077,207604,1789654204430,1789654206245,1815,
1993,0x1CBd3b2770909D4e10f157cABC84C7264073C9Ec,0xdF3e18d64BC6A983f673Ab319CCaE4f1a57C7097,true,true,false,0x3199b02a917a4e50b8b9385d6e4402c175e86dfc31e8203df5cd2acb1ceeed54,1077,207628,1789654204432,1789654206245,1813,
1994,0xdF3e18d64BC6A983f673Ab319CCaE4f1a57C7097,0xcd3B766CCDd6AE721141F452C550Ca635964ce71,true,true,false,0x7fcdfedbb4df281fd5cf66f1a7a4e891c5115ddac212414fd010aac724915f03,1077,207628,1789654204433,1789654206245,1812,
1997,0xbDA5747bFD65F08deb54cb465eB87D40e51B197E,0xdD2FD4581271e230360230F9337D5c0430Bf44C0,true,true,false,0x459e835ec84d94dc3e056b93219b795f5242d42db59c8294519de60a95442baf,1077,207628,1789654204434,1789654206246,1812,
1998,0xdD2FD4581271e230360230F9337D5c0430Bf44C0,0x8626f6940E2eb28930eFb4CeF49B2d1F2C9C1199,true,true,false,0xe37cbab3d611f890137351b0ef29b32842697684b380b1b78b15c2ec1f726783,1077,207616,1789654204435,1789654206246,1811,
1999,0x8626f6940E2eb28930eFb4CeF49B2d1F2C9C1199,0x09DB0a93B389bEF724429898f539AEB7ac2Dd55f,true,true,false,0x8f6655a6e7da5afa7b344aa3ea490520949b4e31b20f36311085b8a4cd10c670,1077,207628,1789654204435,1789654206246,1811,
2000,0x09DB0a93B389bEF724429898f539AEB7ac2Dd55f,0x70997970C51812dc3A010C7d01b50e0d17dc79C8,true,true,false,0x723f83bba3e95fe65531dbb935a78fdfa298c272089c294dce28a524b66f6f06,1077,207628,1789654204436,1789654206246,1810,
2004,0x15d34AAf54267DB7D7c367839AAf71A00a2C6A65,0x9965507D1a55bcC2695C58ba16FB37d819B0A4dc,true,true,false,0x54dbfe106cfd8be75c84ab25a702068c3fcd456b3a89533030aeaf1ce23d3c79,1077,207628,1789654204436,1789654206247,1811,
2005,0x9965507D1a55bcC2695C58ba16FB37d819B0A4dc,0x976EA74026E726554dB657fA54763abd0C3a0aa9,true,true,false,0x8547b296cf777c33c25083bbb0573d1497d431546281a68e973c6d28da4f937c,1077,207628,1789654204437,1789654206247,1810,
2006,0x976EA74026E726554dB657fA54763abd0C3a0aa9,0x14dC79964da2C08b23698B3D3cc7Ca32193d9955,true,true,false,0xa6e8d079a28d5bb878d53d3f2b9b95c5e7e5cdbcbc73b67449dca31ca4e71d27,1077,207628,1789654204438,1789654206248,1810,
2007,0x14dC79964da2C08b23698B3D3cc7Ca32193d9955,0x23618e81E3f5cdF7f54C3d65f7FBc0aBf5B21E8f,true,true,false,0x80fea17578c9aca80c15d355bb4f8fb4b4208b2614b0d02c42bcfc8998345780,1077,207628,1789654204438,1789654206249,1811,
2008,0x23618e81E3f5cdF7f54C3d65f7FBc0aBf5B21E8f,0xa0Ee7A142d267C1f36714E4a8F75612F20a79720,true,true,false,0xa8bf22c722a130199eaf2c50be3716d61075f3dc0a8810fa73bdd513496c4869,1077,207628,1789654204438,1789654206250,1812,
2009,0xa0Ee7A142d267C1f36714E4a8F75612F20a79720,0xBcd4042DE499D14e55001CcbB24a551F3b954096,true,true,false,0x8580963da3cd6acd4af2dc9092669b31767aeabf4e262783d3860a4eec3d016d,1077,207616,1789654204439,1789654206250,1811,
2010,0xBcd4042DE499D14e55001CcbB24a551F3b954096,0x71bE63f3384f5fb98995898A86B02Fb2426c5788,true,true,false,0x2e837c3134a9cdc8a6025a3795dece8470b1a7a064b57abf3ff847bcdaedfe74,1077,207616,1789654204439,1789654206251,1812,
2011,0x71bE63f3384f5fb98995898A86B02Fb2426c5788,0xFABB0ac9d68B0B445fB7357272Ff202C5651694a,true,true,false,0x6ee7bb2d9c0933a2c4b3e78d7e97f8221d749f2dc1507db685177ade83c5b0f8,1077,207628,1789654204440,1789654206251,1811,
2012,0xFABB0ac9d68B0B445fB7357272Ff202C5651694a,0x1CBd3b2770909D4e10f157cABC84C7264073C9Ec,true,true,false,0x0cc3de6c81bd8cb7499e1f766db5a5942fcac12cec7eaea8f50befda82532aea,1077,207628,1789654204440,1789654206250,1810,
2016,0x2546BcD3c84621e976D8185a91A922aE77ECEc30,0xbDA5747bFD65F08deb54cb465eB87D40e51B197E,true,true,false,0xe94de08bb8cb59aa247453891b9f60060c9243e591165a09df50a55374ffe8de,1077,207628,1789654204440,1789654206251,1811,
2017,0xbDA5747bFD65F08deb54cb465eB87D40e51B197E,0xdD2FD4581271e230360230F9337D5c0430Bf44C0,true,true,false,0x31a216033347d26c051f5231924378367ea3812a2d3c8e62da7f163f76736ebf,1077,207616,1789654204441,1789654206252,1811,
2018,0xdD2FD4581271e230360230F9337D5c0430Bf44C0,0x8626f6940E2eb28930eFb4CeF49B2d1F2C9C1199,true,true,false,0xc3e1085bf085fb5fe045065eb757dc2b58cd389150a0c09c60013c874a3d8a49,1077,207628,1789654204441,1789654206252,1811,
2019,0x8626f6940E2eb28930eFb4CeF49B2d1F2C9C1199,0x09DB0a93B389bEF724429898f539AEB7ac2Dd55f,true,true,false,0x8d97c9bb006f7e208447de2f979baf049314a7f37a3a130d55af908a95557b4a,1077,207628,1789654204442,1789654206252,1810,
2020,0x09DB0a93B389bEF724429898f539AEB7ac2Dd55f,0x70997970C51812dc3A010C7d01b50e0d17dc79C8,true,true,false,0xab36a7b16b14e4ae69bb45eb8032d95fc3adc7919bb6207e2b8fcb218ade35be,1077,207616,1789654204442,1789654206252,1810,
2021,0x70997970C51812dc3A010C7d01b50e0d17dc79C8,0x3C44CdDdB6a900fa2b585dd299e03d12FA4293BC,true,true,false,0xf8876f5124e317b988e38c8a3903db542b2c161aee3bdbf736ee5b783a3f4da3,1077,207616,1789654204442,1789654206253,1811,
2022,0x3C44CdDdB6a900fa2b585dd299e03d12FA4293BC,0x90F79bf6EB2c4f870365E785982E1f101E93b906,true,true,false,0x7a76f8e62033d8b220b2a48623f2b48146be878f3496454244c6bbfc816de93b,1077,207616,1789654204443,1789654206253,1810,
2023,0x90F79bf6EB2c4f870365E785982E1f101E93b906,0x15d34AAf54267DB7D7c367839AAf71A00a2C6A65,true,true,false,0x225c77f5e25a73d56649bac13b2fc42dbc905d856d17d5f2b3a94abe8977daff,1077,207604,1789654204457,1789654206253,1796,
2024,0x15d34AAf54267DB7D7c367839AAf71A00a2C6A65,0x9965507D1a55bcC2695C58ba16FB37d819B0A4dc,true,true,false,0x5df5842434e862f6663c1c8dafb86f3e1614691b6950287ee5a2c353598903f2,1077,207628,1789654204457,1789654206254,1797,
2025,0x9965507D1a55bcC2695C58ba16FB37d819B0A4dc,0x976EA74026E726554dB657fA54763abd0C3a0aa9,true,true,false,0x66ce244d6ee615f7f7d6c04343d776261a149d4327d1d3c2df8434fbfbca8e19,1077,207604,1789654204457,1789654206254,1797,
2026,0x976EA74026E726554dB657fA54763abd0C3a0aa9,0x14dC79964da2C08b23698B3D3cc7Ca32193d9955,true,true,false,0x144a37a1f09ed929b5c682ab0659c0add36297b41233fbb3f755b8b6b4ef0582,1077,207616,1789654204458,1789654206254,1796,
2027,0x14dC79964da2C08b23698B3D3cc7Ca32193d9955,0x23618e81E3f5cdF7f54C3d65f7FBc0aBf5B21E8f,true,true,false,0xc9f85e8bfdc770de9cac536d395a9585292df9aeb6ed7163d506c98737ccee50,1077,207628,1789654204458,1789654206254,1796,
2028,0x23618e81E3f5cdF7f54C3d65f7FBc0aBf5B21E8f,0xa0Ee7A142d267C1f36714E4a8F75612F20a79720,true,true,false,0x00c4f71d9d3cc850342aa417ac922235e389c72b9dd49e31804fd8be17ddbaa1,1077,207628,1789654204459,1789654206401,1942,
2029,0xa0Ee7A142d267C1f36714E4a8F75612F20a79720,0xBcd4042DE499D14e55001CcbB24a551F3b954096,true,true,false,0x9df719ef5c9ad1b41cf5aad5f5c2ffb230728545f04a893929f86feae621df6c,1077,207616,1789654204459,1789654206402,1943,
2030,0xBcd4042DE499D14e55001CcbB24a551F3b954096,0x71bE63f3384f5fb98995898A86B02Fb2426c5788,true,true,false,0xa513face390d09ddf09d2e814fb037e008b4fccf1448bd13c476a3aff70cc597,1077,207616,1789654204459,1789654206402,1943,
2031,0x71bE63f3384f5fb98995898A86B02Fb2426c5788,0xFABB0ac9d68B0B445fB7357272Ff202C5651694a,true,true,false,0x57df379f9362d2bd09ea01727e61b1a5bb25622caf67a4fb7c319395b714e7f6,1077,207616,1789654204460,1789654206402,1942,
2032,0xFABB0ac9d68B0B445fB7357272Ff202C5651694a,0x1CBd3b2770909D4e10f157cABC84C7264073C9Ec,true,true,false,0x08d15b7dfac5982d8429809bcd08bfccc16fe0179f6787435ff0a2efa55b2b33,1077,207616,1789654204460,1789654206403,1943,
2033,0x1CBd3b2770909D4e10f157cABC84C7264073C9Ec,0xdF3e18d64BC6A983f673Ab319CCaE4f1a57C7097,true,true,false,0xa4021b16979e5f758fe158f73a83cf2da9bb9ec1cd7efc1f8519de44d2b1057b,1077,207628,1789654204460,1789654206403,1943,
2034,0xdF3e18d64BC6A983f673Ab319CCaE4f1a57C7097,0xcd3B766CCDd6AE721141F452C550Ca635964ce71,true,true,false,0xd1732892c4f4bad316e0696c26a7b650957f58f234b6e99f0f4e02ec5ed31b63,1077,207628,1789654204461,1789654206201,1740,
2035,0xcd3B766CCDd6AE721141F452C550Ca635964ce71,0x2546BcD3c84621e976D8185a91A922aE77ECEc30,true,true,false,0x934494c596e899ba0d25ea6d6119edbe04b4adea546bfa119974d317ad93ce10,1077,207628,1789654204461,1789654206205,1744,
2036,0x2546BcD3c84621e976D8185a91A922aE77ECEc30,0xbDA5747bFD65F08deb54cb465eB87D40e51B197E,true,true,false,0xbe316335bb51ccce82b27611871089beeb8a033dc44daf0fe4c672260bb1beb7,1077,207628,1789654204462,1789654206205,1743,
2037,0xbDA5747bFD65F08deb54cb465eB87D40e51B197E,0xdD2FD4581271e230360230F9337D5c0430Bf44C0,true,true,false,0x60ab18215a665acd9f235307cd98e7679663a34bcb19b17f77f58c291aedab64,1077,207628,1789654204462,1789654206205,1743,
2038,0xdD2FD4581271e230360230F9337D5c0430Bf44C0,0x8626f6940E2eb28930eFb4CeF49B2d1F2C9C1199,true,true,false,0xc88df54c3e8626021cc5ff0316d3bc26902d522a15755597eb34f08a23718f9d,1077,207628,1789654204462,1789654206205,1743,
2039,0x8626f6940E2eb28930eFb4CeF49B2d1F2C9C1199,0x09DB0a93B389bEF724429898f539AEB7ac2Dd55f,true,true,false,0xb571e165acaefdf8b414f2a5192a1ac0a7ad953d6cafa0ddd2d73cb5a3785462,1077,207628,1789654204463,1789654206206,1743,
2040,0x09DB0a93B389bEF724429898f539AEB7ac2Dd55f,0x70997970C51812dc3A010C7d01b50e0d17dc79C8,true,true,false,0x941185e2ad2a7408cae5dee3c02b8687084aaaf7b2325ae8863164a4a6b571d3,1077,207628,1789654204463,1789654206206,1743,
2041,0x70997970C51812dc3A010C7d01b50e0d17dc79C8,0x3C44CdDdB6a900fa2b585dd299e03d12FA4293BC,true,true,false,0x9d85851f0ed607808ea2f0430f2a6c6a8e4e9345dc6f65992a0bffbc9a6f4283,1077,207616,1789654204463,1789654206206,1743,
2044,0x15d34AAf54267DB7D7c367839AAf71A00a2C6A65,0x9965507D1a55bcC2695C58ba16FB37d819B0A4dc,true,true,false,0x2cd7ebc6a73469ca064ddeb7f4a7af3362ab3208a649fcfab3c2caf94a8a12f3,1077,207628,1789654204464,1789654206206,1742,
2045,0x9965507D1a55bcC2695C58ba16FB37d819B0A4dc,0x976EA74026E726554dB657fA54763abd0C3a0aa9,true,true,false,0xe2abfd0914d2db653cef2bc3df42ffbcb8d0a751d594a7530fa7795d98377374,1077,207628,1789654204466,1789654206207,1741,
2046,0x976EA74026E726554dB657fA54763abd0C3a0aa9,0x14dC79964da2C08b23698B3D3cc7Ca32193d9955,true,true,false,0x6b5fe5d7a9c045d265b0a7804c84c4178c4fd86fe3adac399f8d99c49c86beb5,1077,207628,1789654204467,1789654206207,1740,
2047,0x14dC79964da2C08b23698B3D3cc7Ca32193d9955,0x23618e81E3f5cdF7f54C3d65f7FBc0aBf5B21E8f,true,true,false,0x50ada67ad331aecfa1f4d43e83341ce733010ec07b2ca10d0fe904a0b2c1a3d0,1077,207616,1789654204467,1789654206207,1740,
2048,0x23618e81E3f5cdF7f54C3d65f7FBc0aBf5B21E8f,0xa0Ee7A142d267C1f36714E4a8F75612F20a79720,true,true,false,0x772b59e606e2b0844fc39fcf0b50898fde538ccb974a73f55c65a73254876c64,1077,207616,1789654204468,1789654206207,1739,
2049,0xa0Ee7A142d267C1f36714E4a8F75612F20a79720,0xBcd4042DE499D14e55001CcbB24a551F3b954096,true,true,false,0xe38a0ed343999c27dedbc0902ef4bd118bf11aa46e1a6dca47da1734ca2fcd03,1077,207616,1789654204470,1789654206230,1760,
2050,0xBcd4042DE499D14e55001CcbB24a551F3b954096,0x71bE63f3384f5fb98995898A86B02Fb2426c5788,true,true,false,0x7145b4393085b7b86509854646d13beef49697fb9e754ed20fb633ad8559ca80,1077,207616,1789654204471,1789654206230,1759,
2051,0x71bE63f3384f5fb98995898A86B02Fb2426c5788,0xFABB0ac9d68B0B445fB7357272Ff202C5651694a,true,true,false,0x8fa599e516ab28de58a851b57c96bc66feb3cf892ce55742073a508add0bd742,1077,207628,1789654204471,1789654206231,1760,
2052,0xFABB0ac9d68B0B445fB7357272Ff202C5651694a,0x1CBd3b2770909D4e10f157cABC84C7264073C9Ec,true,true,false,0x56a31c5d3a8cf78d5e36d7e0dedf5ac620d8e0df8c9ecb1c9aeb5c23f613a24f,1077,207628,1789654204472,1789654206232,1760,
2053,0x1CBd3b2770909D4e10f157cABC84C7264073C9Ec,0xdF3e18d64BC6A983f673Ab319CCaE4f1a57C7097,true,true,false,0x6e5f7b6c5077c1239d53195a49174f85cd77832bb27152902c2b5eb45483c466,1077,207616,1789654204472,1789654206232,1760,
2055,0xcd3B766CCDd6AE721141F452C550Ca635964ce71,0x2546BcD3c84621e976D8185a91A922aE77ECEc30,true,true,false,0xc1a5381a2d1e3ba4fa0302d273202ec2e2da845fb9e6201aed1b57d7290c92e8,1077,207628,1789654204472,1789654206233,1761,
2056,0x2546BcD3c84621e976D8185a91A922aE77ECEc30,0xbDA5747bFD65F08deb54cb465eB87D40e51B197E,true,true,false,0xd2427d60e5062c122315242a48c8d05948d2f073cf75b9994207598d6371c60c,1077,207628,1789654204473,1789654206234,1761,
2057,0xbDA5747bFD65F08deb54cb465eB87D40e51B197E,0xdD2FD4581271e230360230F9337D5c0430Bf44C0,true,true,false,0xe3f97631f3efbc3ae87fb29dd34bc2a5ca5928957b148303e7574082801b3d08,1077,207628,1789654204473,1789654206234,1761,
2058,0xdD2FD4581271e230360230F9337D5c0430Bf44C0,0x8626f6940E2eb28930eFb4CeF49B2d1F2C9C1199,true,true,false,0x5e643cc8f4faba0ec84218302c10cf4934b404c99dde1242dddb9f6f5bf0ff51,1077,207628,1789654204473,1789654206234,1761,
2059,0x8626f6940E2eb28930eFb4CeF49B2d1F2C9C1199,0x09DB0a93B389bEF724429898f539AEB7ac2Dd55f,true,true,false,0xa4a878de32a939fff08ec7ee1c301617a6372255ed1ccd7f00bf8cf3df0ddc61,1077,207628,1789654204474,1789654206235,1761,
2060,0x09DB0a93B389bEF724429898f539AEB7ac2Dd55f,0x70997970C51812dc3A010C7d01b50e0d17dc79C8,true,true,false,0x7558adcba4b7048f6e929b915348b566993888ffb56c9ea668433ded8c6d4a50,1077,207616,1789654204474,1789654206235,1761,
2061,0x70997970C51812dc3A010C7d01b50e0d17dc79C8,0x3C44CdDdB6a900fa2b585dd299e03d12FA4293BC,true,true,false,0x5017c764de2c4972224058e1558225b2f1c9757351209f73022ac4eda29766c7,1077,207604,1789654204474,1789654206235,1761,
2062,0x3C44CdDdB6a900fa2b585dd299e03d12FA4293BC,0x90F79bf6EB2c4f870365E785982E1f101E93b906,true,true,false,0x0f4a76715c394453f0bf30255c1864a30548afa2ca732dec3dc3b4a7fca12681,1077,207616,1789654204475,1789654206236,1761,
2063,0x90F79bf6EB2c4f870365E785982E1f101E93b906,0x15d34AAf54267DB7D7c367839AAf71A00a2C6A65,true,true,false,0x2e93d781142324b06ac65f8a2ea52cd9622ca154792f942b1d04bff91048868a,1077,207628,1789654204475,1789654206236,1761,
2064,0x15d34AAf54267DB7D7c367839AAf71A00a2C6A65,0x9965507D1a55bcC2695C58ba16FB37d819B0A4dc,true,true,false,0x751960b0f73dd0cee4769a50eb8ff36024e0752eec6afc89599c01222442a62e,1077,207628,1789654204475,1789654206236,1761,
2065,0x9965507D1a55bcC2695C58ba16FB37d819B0A4dc,0x976EA74026E726554dB657fA54763abd0C3a0aa9,true,true,false,0x9623b427bf211f01ea8b1d50cb46d27d32b0659fbad38a3ab841df89ee43c465,1077,207628,1789654204476,1789654206236,1760,
2068,0x23618e81E3f5cdF7f54C3d65f7FBc0aBf5B21E8f,0xa0Ee7A142d267C1f36714E4a8F75612F20a79720,true,true,false,0x242bde144b8acc330a92eae59f347053645dab5f0abc8cf7e4112282516f550a,1077,207628,1789654204476,1789654206236,1760,
2069,0xa0Ee7A142d267C1f36714E4a8F75612F20a79720,0xBcd4042DE499D14e55001CcbB24a551F3b954096,true,true,false,0x78b547cd8847a1072020d9a65ce0e32be01cf16dd56d94b5de6efd2f54234886,1077,207616,1789654204476,1789654206237,1761,
2071,0x71bE63f3384f5fb98995898A86B02Fb2426c5788,0xFABB0ac9d68B0B445fB7357272Ff202C5651694a,true,true,false,0xdca2633a9204be3c58fca8956c43d668d836d7554103de5c361d9f4ba2883082,1077,207628,1789654204477,1789654206237,1760,
2072,0xFABB0ac9d68B0B445fB7357272Ff202C5651694a,0x1CBd3b2770909D4e10f157cABC84C7264073C9Ec,true,true,false,0xda67d8bf03ee07f8f3cf327c2be6618656543ece3e71d632713da5a30a718ae3,1077,207628,1789654204477,1789654206237,1760,
2073,0x1CBd3b2770909D4e10f157cABC84C7264073C9Ec,0xdF3e18d64BC6A983f673Ab319CCaE4f1a57C7097,true,true,false,0x65d84c78f4f4180550a53a2d4e3da11162f6d1dc86cab0a9e1b45bd00d8b1b8a,1077,207628,1789654204477,1789654206237,1760,
2074,0xdF3e18d64BC6A983f673Ab319CCaE4f1a57C7097,0xcd3B766CCDd6AE721141F452C550Ca635964ce71,true,true,false,0x3d841f2e80b8e7f424deaac39848aee44c399ccc7526426ca28cffc271b29648,1077,207616,1789654204478,1789654206238,1760,
2077,0xbDA5747bFD65F08deb54cb465eB87D40e51B197E,0xdD2FD4581271e230360230F9337D5c0430Bf44C0,true,true,false,0x1bf45282599dffb263f1b5e24a9ba5a2c33b517d58e8e6b16b40037429331c46,1077,207628,1789654204479,1789654206238,1759,
2078,0xdD2FD4581271e230360230F9337D5c0430Bf44C0,0x8626f6940E2eb28930eFb4CeF49B2d1F2C9C1199,true,true,false,0xa589fcc442b1f5132a16a20a4e0de26bf99d564b951050638b66a48d70f397d6,1077,207628,1789654204479,1789654206238,1759,
2081,0x70997970C51812dc3A010C7d01b50e0d17dc79C8,0x3C44CdDdB6a900fa2b585dd299e03d12FA4293BC,true,true,false,0x2f5a59ae7a348bcba69d1eda732495b7e07e2d094f801e5c32e114a7741fc86c,1077,207616,1789654204479,1789654206238,1759,
2082,0x3C44CdDdB6a900fa2b585dd299e03d12FA4293BC,0x90F79bf6EB2c4f870365E785982E1f101E93b906,true,true,false,0x9e23ed6b8c088117e3cf91e522a9062ad62ec3d3501f1ce101dc5b7fae1aa9b7,1077,207616,1789654204480,1789654206238,1758,
2083,0x90F79bf6EB2c4f870365E785982E1f101E93b906,0x15d34AAf54267DB7D7c367839AAf71A00a2C6A65,true,true,false,0x38c9b6133c71dea2a2ca23458849dd3727a2bd3a41eb634a85a121765979f668,1077,207628,1789654204480,1789654206239,1759,
2084,0x15d34AAf54267DB7D7c367839AAf71A00a2C6A65,0x9965507D1a55bcC2695C58ba16FB37d819B0A4dc,true,true,false,0x706c6b061477bd40e224f46f7924ba3beeffc639ebb4d64e5e0d111311d96ad5,1077,207628,1789654204480,1789654206239,1759,
2085,0x9965507D1a55bcC2695C58ba16FB37d819B0A4dc,0x976EA74026E726554dB657fA54763abd0C3a0aa9,true,true,false,0x1b0b412d41605c9df992fc8a57f6ac8a28fbad276cd0897cc9cc2e17ef6d1ed6,1077,207604,1789654204481,1789654206239,1758,
2086,0x976EA74026E726554dB657fA54763abd0C3a0aa9,0x14dC79964da2C08b23698B3D3cc7Ca32193d9955,true,true,false,0x6ec487c74038086b694b44e16af246497257d90a4b8a776b63abdda7797af142,1077,207616,1789654204482,1789654206239,1757,
2087,0x14dC79964da2C08b23698B3D3cc7Ca32193d9955,0x23618e81E3f5cdF7f54C3d65f7FBc0aBf5B21E8f,true,true,false,0x0d462bbc904075b5fe9dc4e99a03b6af22e73a864d2e5c06acb75790262ac8c7,1077,207628,1789654204483,1789654206240,1757,
2088,0x23618e81E3f5cdF7f54C3d65f7FBc0aBf5B21E8f,0xa0Ee7A142d267C1f36714E4a8F75612F20a79720,true,true,false,0xdacb796209ebfe62664a48e1df5775da63a1209f16c74008c8316c8d6d6ff1a8,1077,207628,1789654204483,1789654206240,1757,
2089,0xa0Ee7A142d267C1f36714E4a8F75612F20a79720,0xBcd4042DE499D14e55001CcbB24a551F3b954096,true,true,false,0x51473db7eb048cfebaf60814b95f4ec13badccd9312acd1ef4f2d138559fc4f7,1077,207616,1789654204484,1789654206240,1756,
2090,0xBcd4042DE499D14e55001CcbB24a551F3b954096,0x71bE63f3384f5fb98995898A86B02Fb2426c5788,true,true,false,0x812f6e1233c1a07559f2ac90834f68fd1fc3bdace82c9f2d772d42f9158614bc,1077,207616,1789654204484,1789654206240,1756,
2091,0x71bE63f3384f5fb98995898A86B02Fb2426c5788,0xFABB0ac9d68B0B445fB7357272Ff202C5651694a,true,true,false,0x15a7b2185b8a1beb740422b41debe486a31ac0930d713efac0c489993c377e5e,1077,207628,1789654204485,1789654206240,1755,
2092,0xFABB0ac9d68B0B445fB7357272Ff202C5651694a,0x1CBd3b2770909D4e10f157cABC84C7264073C9Ec,true,true,false,0xae53ef23741f596156a6a6b245dadebe862dc2ac49b29f9afdaed64bcb215ae5,1077,207604,1789654204485,1789654206241,1756,
2093,0x1CBd3b2770909D4e10f157cABC84C7264073C9Ec,0xdF3e18d64BC6A983f673Ab319CCaE4f1a57C7097,true,true,false,0x1c90b001c675eeb61870914199e49df9405899051ff7962f418330898db614bf,1077,207628,1789654204485,1789654206241,1756,
2094,0xdF3e18d64BC6A983f673Ab319CCaE4f1a57C7097,0xcd3B766CCDd6AE721141F452C550Ca635964ce71,true,true,false,0x8592523d5e3499754f9bf72bf98faa8e355d0f8fc27c558741dbaa4f830ddf7a,1077,207628,1789654204486,1789654206241,1755,
2095,0xcd3B766CCDd6AE721141F452C550Ca635964ce71,0x2546BcD3c84621e976D8185a91A922aE77ECEc30,true,true,false,0x074b1036763bf8ca9baa5d0bc41ef0903fcc762df9792ba1170758db6c0524bb,1077,207628,1789654204486,1789654206241,1755,
2096,0x2546BcD3c84621e976D8185a91A922aE77ECEc30,0xbDA5747bFD65F08deb54cb465eB87D40e51B197E,true,true,false,0xf3cbbd287d1dde6df970bda2b600cdaee6cb4f5c873453060a78ce1ed71ec64b,1077,207616,1789654204486,1789654206242,1756,
2097,0xbDA5747bFD65F08deb54cb465eB87D40e51B197E,0xdD2FD4581271e230360230F9337D5c0430Bf44C0,true,true,false,0xdef3596b3eb799186857c6eee6a009a05634dee9f79d18cf9e4f979d8c0a61d2,1077,207628,1789654204487,1789654206242,1755,
2996,0x2546BcD3c84621e976D8185a91A922aE77ECEc30,0xbDA5747bFD65F08deb54cb465eB87D40e51B197E,true,true,false,0x8024ad5821c1c0227437f126a32d3da73c9ff433cfc4ff4e3115f2a406b797b4,1078,207616,1789654206463,1789654208298,1835,
2997,0xbDA5747bFD65F08deb54cb465eB87D40e51B197E,0xdD2FD4581271e230360230F9337D5c0430Bf44C0,true,true,false,0x37fbb5ea84d7bb3c93a3695b80222ad9241aee337692f3ab043bca2b00e3d470,1078,207616,1789654206464,1789654208299,1835,
2098,0xdD2FD4581271e230360230F9337D5c0430Bf44C0,0x8626f6940E2eb28930eFb4CeF49B2d1F2C9C1199,true,true,false,0xecc9ac18c0806bb5639f1fecddd77524a31c421ea0a9bccf57e4c9e69f0c87ce,1078,207628,1789654206500,1789654208172,1672,
2099,0x8626f6940E2eb28930eFb4CeF49B2d1F2C9C1199,0x09DB0a93B389bEF724429898f539AEB7ac2Dd55f,true,true,false,0x5dddb0381cdf25fad2426d10526df1450191283012de598ed53a852e44a0057a,1078,207628,1789654206501,1789654208175,1674,
2100,0x09DB0a93B389bEF724429898f539AEB7ac2Dd55f,0x70997970C51812dc3A010C7d01b50e0d17dc79C8,true,true,false,0xc46075e55e41134f8c66c4f574a688c085e57be9803c4136aeacda3160ddc367,1078,207616,1789654206503,1789654208175,1672,
2101,0x70997970C51812dc3A010C7d01b50e0d17dc79C8,0x3C44CdDdB6a900fa2b585dd299e03d12FA4293BC,true,true,false,0x0a9d3328b39a7d32b59f1cf01e6a15755ce572730a125ed9d3db55b664ac2ce8,1078,207616,1789654206504,1789654208175,1671,
2102,0x3C44CdDdB6a900fa2b585dd299e03d12FA4293BC,0x90F79bf6EB2c4f870365E785982E1f101E93b906,true,true,false,0x430101e2d613098b3998fe7050aae4b1f51e38d5ca565ea078a477438cea6c53,1078,207604,1789654206505,1789654208176,1671,
2103,0x90F79bf6EB2c4f870365E785982E1f101E93b906,0x15d34AAf54267DB7D7c367839AAf71A00a2C6A65,true,true,false,0x046bf62c90b3975e44f43ca43c8ec14d1eb00415744caf1eb79a2e3447950b29,1078,207628,1789654206506,1789654208176,1670,
2104,0x15d34AAf54267DB7D7c367839AAf71A00a2C6A65,0x9965507D1a55bcC2695C58ba16FB37d819B0A4dc,true,true,false,0x0a9f8d39743a7651441e332273fa55500ad7bb60d8038bde8c927e6c461c7fcb,1078,207628,1789654206507,1789654208176,1669,
2105,0x9965507D1a55bcC2695C58ba16FB37d819B0A4dc,0x976EA74026E726554dB657fA54763abd0C3a0aa9,true,true,false,0xf9411e66a3de2509891778de14d44589abee51ce2840c995eecfb0e84d731cbc,1078,207616,1789654206508,1789654208177,1669,
2106,0x976EA74026E726554dB657fA54763abd0C3a0aa9,0x14dC79964da2C08b23698B3D3cc7Ca32193d9955,true,true,false,0x9b22849ac31bec53160b3996610322a405b5119d63510132a2065d3b4965f769,1078,207628,1789654206509,1789654208177,1668,
2107,0x14dC79964da2C08b23698B3D3cc7Ca32193d9955,0x23618e81E3f5cdF7f54C3d65f7FBc0aBf5B21E8f,true,true,false,0x8cd7bbeaace4bc00e7b4408831e2fa9f7a2bc5fc4a13c70e1baf6fa6c50a210d,1078,207628,1789654206510,1789654208177,1667,
2108,0x23618e81E3f5cdF7f54C3d65f7FBc0aBf5B21E8f,0xa0Ee7A142d267C1f36714E4a8F75612F20a79720,true,true,false,0xe9c7ce6161b8b08ac24be4ffdabb3517a02e644bd65f1acfe416483caec78829,1078,207616,1789654206511,1789654208195,1684,
2109,0xa0Ee7A142d267C1f36714E4a8F75612F20a79720,0xBcd4042DE499D14e55001CcbB24a551F3b954096,true,true,false,0x41ea53833cab18b62c7d45c7970d139e6a7adbc91f8c6520f841ca2fb30f343a,1078,207616,1789654206512,1789654208195,1683,
2110,0xBcd4042DE499D14e55001CcbB24a551F3b954096,0x71bE63f3384f5fb98995898A86B02Fb2426c5788,true,true,false,0x85c0cf869e6996ac90f4c634e83d469eb6cf7f8615c0dbe179a7b0f28fb08bb5,1078,207604,1789654206513,1789654208195,1682,
2111,0x71bE63f3384f5fb98995898A86B02Fb2426c5788,0xFABB0ac9d68B0B445fB7357272Ff202C5651694a,true,true,false,0xc96d045fb2bd1df4e6a39f01a9c235c1d6e6f96de9be1ff7d0337383d2c3a7ea,1078,207628,1789654206515,1789654208196,1681,
2112,0xFABB0ac9d68B0B445fB7357272Ff202C5651694a,0x1CBd3b2770909D4e10f157cABC84C7264073C9Ec,true,true,false,0xa89f9e01cf3f5564cbc76f9ab3e242e2f2d97ebfca31a47d28b1f9fac16815fa,1078,207628,1789654206517,1789654208196,1679,
2113,0x1CBd3b2770909D4e10f157cABC84C7264073C9Ec,0xdF3e18d64BC6A983f673Ab319CCaE4f1a57C7097,true,true,false,0x353660675c944714849fc73ad4ca443203a40e814370f4fb8f91075e3128fc90,1078,207628,1789654206518,1789654208196,1678,
2114,0xdF3e18d64BC6A983f673Ab319CCaE4f1a57C7097,0xcd3B766CCDd6AE721141F452C550Ca635964ce71,true,true,false,0x8e88110e14c93eeceb45afba0ae6a9b7bc056e4e7f727e90d33e7d50e9b0d739,1078,207628,1789654206519,1789654208196,1677,
2115,0xcd3B766CCDd6AE721141F452C550Ca635964ce71,0x2546BcD3c84621e976D8185a91A922aE77ECEc30,true,true,false,0xcf7e81b6d6b2957209937c61c0045d841308aed146b35f51b348ce1e1611a81b,1078,207628,1789654206521,1789654208197,1676,
2116,0x2546BcD3c84621e976D8185a91A922aE77ECEc30,0xbDA5747bFD65F08deb54cb465eB87D40e51B197E,true,true,false,0x3809d0e4fd1889e4b76d25ddfe8e848117125bbe557630844b11f74c309679dc,1078,207628,1789654206522,1789654208197,1675,
2117,0xbDA5747bFD65F08deb54cb465eB87D40e51B197E,0xdD2FD4581271e230360230F9337D5c0430Bf44C0,true,true,false,0xbe45262c0e6389bc688ca0e697228fe193730fd843b3ea0c0cec97412a477d79,1078,207616,1789654206524,1789654208198,1674,
2118,0xdD2FD4581271e230360230F9337D5c0430Bf44C0,0x8626f6940E2eb28930eFb4CeF49B2d1F2C9C1199,true,true,false,0x07d84f81d4d297e5c5cac027e7fd419b17501709f3916adc16849d6ccfd8288d,1078,207628,1789654206525,1789654208199,1674,
2119,0x8626f6940E2eb28930eFb4CeF49B2d1F2C9C1199,0x09DB0a93B389bEF724429898f539AEB7ac2Dd55f,true,true,false,0xdc65a5cbb3cdc654c576f6768299c41d8a6bf568dcefd6bf9846666bfb617e2b,1078,207628,1789654206526,1789654208199,1673,
2120,0x09DB0a93B389bEF724429898f539AEB7ac2Dd55f,0x70997970C51812dc3A010C7d01b50e0d17dc79C8,true,true,false,0xc7faf611acca862cdf28bbcb8f11df755179394dbcb4d1c7570f26ea682dd720,1078,207628,1789654206527,1789654208200,1673,
2121,0x70997970C51812dc3A010C7d01b50e0d17dc79C8,0x3C44CdDdB6a900fa2b585dd299e03d12FA4293BC,true,true,false,0xf497c531d7f3d0d71438111cd6e65a0cef462aed18c761f42e05daed2a45a413,1078,207604,1789654206530,1789654208200,1670,
2122,0x3C44CdDdB6a900fa2b585dd299e03d12FA4293BC,0x90F79bf6EB2c4f870365E785982E1f101E93b906,true,true,false,0x21dbdc883050b9c6431502c90d9a676302f947a7403efbcfefdca14b6f8bee8d,1078,207616,1789654206534,1789654208200,1666,
2123,0x90F79bf6EB2c4f870365E785982E1f101E93b906,0x15d34AAf54267DB7D7c367839AAf71A00a2C6A65,true,true,false,0xc5039d562a341f3c05abfdba4eacddf58694a9fbcb7c55543d3d95bf80bfe90b,1078,207628,1789654206537,1789654208200,1663,
2124,0x15d34AAf54267DB7D7c367839AAf71A00a2C6A65,0x9965507D1a55bcC2695C58ba16FB37d819B0A4dc,true,true,false,0x26b7c21cf56021d533d7a20368c89aa9c282200a3573433d1cb514768b7ba99b,1078,207616,1789654206539,1789654208201,1662,
2125,0x9965507D1a55bcC2695C58ba16FB37d819B0A4dc,0x976EA74026E726554dB657fA54763abd0C3a0aa9,true,true,false,0xd5d8908cd63b37775f62bc3e59370419397549a0636265d90e0049e6aa04dccd,1078,207628,1789654206540,1789654208201,1661,
2126,0x976EA74026E726554dB657fA54763abd0C3a0aa9,0x14dC79964da2C08b23698B3D3cc7Ca32193d9955,true,true,false,0x710978427c28cde3f552f07319c22e98a9915eba6576febba2f2351906965906,1078,207628,1789654206542,1789654208201,1659,
2127,0x14dC79964da2C08b23698B3D3cc7Ca32193d9955,0x23618e81E3f5cdF7f54C3d65f7FBc0aBf5B21E8f,true,true,false,0xd8073bbf295ab765f53a370b8c20d42f2c06dc9eebc6b9aad0fee3cc1b84f679,1078,207628,1789654206543,1789654208202,1659,
2128,0x23618e81E3f5cdF7f54C3d65f7FBc0aBf5B21E8f,0xa0Ee7A142d267C1f36714E4a8F75612F20a79720,true,true,false,0x7c6b1f2152d72361bed112816b0ce5c36db7a2d887e1af2519e116305e89ca75,1078,207628,1789654206544,1789654208202,1658,
2129,0xa0Ee7A142d267C1f36714E4a8F75612F20a79720,0xBcd4042DE499D14e55001CcbB24a551F3b954096,true,true,false,0x7e1347c0f51dfb17b824724b25131f8d2dcecc23580659042f0a5df9869fe85f,1078,207604,1789654206545,1789654208202,1657,
2130,0xBcd4042DE499D14e55001CcbB24a551F3b954096,0x71bE63f3384f5fb98995898A86B02Fb2426c5788,true,true,false,0x44624acb003df8612a559532cf5c7d83bc2514038a992d9870e48b3e1c349552,1078,207616,1789654206545,1789654208202,1657,
2131,0x71bE63f3384f5fb98995898A86B02Fb2426c5788,0xFABB0ac9d68B0B445fB7357272Ff202C5651694a,true,true,false,0x526828824114798582c5195c72114cc82d881d1239d5e2f8fb6b6c328ea4fc32,1078,207628,1789654206546,1789654208203,1657,
2133,0x1CBd3b2770909D4e10f157cABC84C7264073C9Ec,0xdF3e18d64BC6A983f673Ab319CCaE4f1a57C7097,true,true,false,0x4fb7c6d34b6e6a8fa358fdaea3661212e32b64ab0ef0f291fc6a299aef9be061,1078,207628,1789654206547,1789654208203,1656,
2134,0xdF3e18d64BC6A983f673Ab319CCaE4f1a57C7097,0xcd3B766CCDd6AE721141F452C550Ca635964ce71,true,true,false,0xef1577eb4d4a0f73cf2463cd9f40f975a00bc7a3683206446cd2b539b236d2e8,1078,207616,1789654206549,1789654208204,1655,
2135,0xcd3B766CCDd6AE721141F452C550Ca635964ce71,0x2546BcD3c84621e976D8185a91A922aE77ECEc30,true,true,false,0x9314e17a2432bf45f5071849acba8fb2c9ea0d9cb85401d57487cd252d882401,1078,207616,1789654206551,1789654208204,1653,
2136,0x2546BcD3c84621e976D8185a91A922aE77ECEc30,0xbDA5747bFD65F08deb54cb465eB87D40e51B197E,true,true,false,0x9cef8fdc957809f232b83be436c26743750238df63e4a68e7cbdb62aa8c2416c,1078,207628,1789654206553,1789654208204,1651,
2137,0xbDA5747bFD65F08deb54cb465eB87D40e51B197E,0xdD2FD4581271e230360230F9337D5c0430Bf44C0,true,true,false,0xe7d2fb48489e0b4981bae118068cdd24b687f90943419209bfb645b2a351e493,1078,207628,1789654206558,1789654208205,1647,
2138,0xdD2FD4581271e230360230F9337D5c0430Bf44C0,0x8626f6940E2eb28930eFb4CeF49B2d1F2C9C1199,true,true,false,0xf776cde23eb9f8534be0434015372f509e0777639f221674e71c7bc50b9aa5a3,1078,207628,1789654206559,1789654208205,1646,
2141,0x70997970C51812dc3A010C7d01b50e0d17dc79C8,0x3C44CdDdB6a900fa2b585dd299e03d12FA4293BC,true,true,false,0x4d14e633c99425fcd59c25bade0cff3ad362c4c242a3306a8db84810f1be2c54,1078,207616,1789654206561,1789654208207,1646,
2142,0x3C44CdDdB6a900fa2b585dd299e03d12FA4293BC,0x90F79bf6EB2c4f870365E785982E1f101E93b906,true,true,false,0xccf539d567ac92fe15239195f59880b81bd72bff872a181830bec66958a1aab3,1078,207616,1789654206562,1789654208205,1643,
2143,0x90F79bf6EB2c4f870365E785982E1f101E93b906,0x15d34AAf54267DB7D7c367839AAf71A00a2C6A65,true,true,false,0x0efef1e1cd8d64bb075f554c76a2a2df03cdc23bd18a1f0f6f0d0d82b26389c4,1078,207628,1789654206563,1789654208206,1643,
2144,0x15d34AAf54267DB7D7c367839AAf71A00a2C6A65,0x9965507D1a55bcC2695C58ba16FB37d819B0A4dc,true,true,false,0x77f68c38550936ddecadd8b89fdb4e91cb6b0ce2c1060addd970190c6ccd4539,1078,207628,1789654206566,1789654208206,1640,
2145,0x9965507D1a55bcC2695C58ba16FB37d819B0A4dc,0x976EA74026E726554dB657fA54763abd0C3a0aa9,true,true,false,0x943ed8add49e29ab7ee4f8101d7769c8741c14cb206652bb1e69b5ca14888439,1078,207628,1789654206569,1789654208207,1638,
2146,0x976EA74026E726554dB657fA54763abd0C3a0aa9,0x14dC79964da2C08b23698B3D3cc7Ca32193d9955,true,true,false,0xf7ac7fa93d412d9bed11f6e9e97d4f0cc7e8e86b08a04983b8a2a5c9209e660d,1078,207628,1789654206571,1789654208207,1636,
2147,0x14dC79964da2C08b23698B3D3cc7Ca32193d9955,0x23618e81E3f5cdF7f54C3d65f7FBc0aBf5B21E8f,true,true,false,0x03a6e7b3271824b1f4ae0d175a6382f1429752117e1e7a86137f6b0ae217ece8,1078,207628,1789654206573,1789654208208,1635,
2150,0xBcd4042DE499D14e55001CcbB24a551F3b954096,0x71bE63f3384f5fb98995898A86B02Fb2426c5788,true,true,false,0xe3cb27c7bd395ee0c44efa7b0e198ac2d7b196a2bfd8c385724d323e7dac6b9f,1078,207604,1789654206576,1789654208208,1632,
2151,0x71bE63f3384f5fb98995898A86B02Fb2426c5788,0xFABB0ac9d68B0B445fB7357272Ff202C5651694a,true,true,false,0xb4fb196c3b83a2ab5567343b9d0ce4def667498032751d53cf8ebbe4e0004b57,1078,207616,1789654206578,1789654208209,1631,
2152,0xFABB0ac9d68B0B445fB7357272Ff202C5651694a,0x1CBd3b2770909D4e10f157cABC84C7264073C9Ec,true,true,false,0x1439e557af209bb2cda54ba36e78f25d2ec9f3a5ef4c5ab60417a50e634a6f2f,1078,207628,1789654206579,1789654208209,1630,
2153,0x1CBd3b2770909D4e10f157cABC84C7264073C9Ec,0xdF3e18d64BC6A983f673Ab319CCaE4f1a57C7097,true,true,false,0xc7559c6ab1830da98a8e21b50286993a101a93e06988729bfcd1b432c08a0f91,1078,207628,1789654206583,1789654208209,1626,
2154,0xdF3e18d64BC6A983f673Ab319CCaE4f1a57C7097,0xcd3B766CCDd6AE721141F452C550Ca635964ce71,true,true,false,0xd95c8655930cb66d142287f682ce9a77d73d4a7afb95d70c37d4010101d40b38,1078,207628,1789654206585,1789654208210,1625,
2159,0x8626f6940E2eb28930eFb4CeF49B2d1F2C9C1199,0x09DB0a93B389bEF724429898f539AEB7ac2Dd55f,true,true,false,0x2f987188fd398d47a62bc49a6c825c9df73853b912d3b13d1ee9fc33639b1c18,1078,207628,1789654206586,1789654208210,1624,
2160,0x09DB0a93B389bEF724429898f539AEB7ac2Dd55f,0x70997970C51812dc3A010C7d01b50e0d17dc79C8,true,true,false,0x91aabaf5b7f5cf5a4e1a7c8ac63c4ad3dbd6d72e82358c728fc98a77be66742a,1078,207628,1789654206588,1789654208211,1623,
2161,0x70997970C51812dc3A010C7d01b50e0d17dc79C8,0x3C44CdDdB6a900fa2b585dd299e03d12FA4293BC,true,true,false,0xe878bf2388ff05f4cfbbf1b9136d63b3f8901ccdb9be9fe0b70eff3d41624fa5,1078,207604,1789654206591,1789654208211,1620,
2162,0x3C44CdDdB6a900fa2b585dd299e03d12FA4293BC,0x90F79bf6EB2c4f870365E785982E1f101E93b906,true,true,false,0x49606c68f06a95efa369ae8724c9856f799273df3a784d11fae00449a2625d8a,1078,207616,1789654206593,1789654208211,1618,
2163,0x90F79bf6EB2c4f870365E785982E1f101E93b906,0x15d34AAf54267DB7D7c367839AAf71A00a2C6A65,true,true,false,0x8c2ecbc4604d1f5dd6beebdb74b940be5057a073792cab209fd3829da31b39b4,1078,207616,1789654206594,1789654208284,1690,
2164,0x15d34AAf54267DB7D7c367839AAf71A00a2C6A65,0x9965507D1a55bcC2695C58ba16FB37d819B0A4dc,true,true,false,0x171c98c114d15018bf9ac4a72d7be9685737ef74b2c2e705f53c7d555dd30ab4,1078,207616,1789654206596,1789654208285,1689,
2165,0x9965507D1a55bcC2695C58ba16FB37d819B0A4dc,0x976EA74026E726554dB657fA54763abd0C3a0aa9,true,true,false,0xc78edd77064510aef6b1324d43c2c1e6622633fee3c0b455845f11e312c611ef,1078,207628,1789654206598,1789654208285,1687,
2166,0x976EA74026E726554dB657fA54763abd0C3a0aa9,0x14dC79964da2C08b23698B3D3cc7Ca32193d9955,true,true,false,0xc16a92d2624b097b89cc60b91ee108eed7c43ecd69768fccbef7939551456251,1078,207628,1789654206600,1789654208286,1686,
2167,0x14dC79964da2C08b23698B3D3cc7Ca32193d9955,0x23618e81E3f5cdF7f54C3d65f7FBc0aBf5B21E8f,true,true,false,0xc138a9313e563e9860f4f9027b749801afefed29ba18a15d48d70f8f27370108,1078,207628,1789654206601,1789654208286,1685,
2168,0x23618e81E3f5cdF7f54C3d65f7FBc0aBf5B21E8f,0xa0Ee7A142d267C1f36714E4a8F75612F20a79720,true,true,false,0x5ea972c47e4270ac352890d0aa5f309ec822ff169ad13121fc60d2f8a53205f2,1078,207628,1789654206607,1789654208286,1679,
2169,0xa0Ee7A142d267C1f36714E4a8F75612F20a79720,0xBcd4042DE499D14e55001CcbB24a551F3b954096,true,true,false,0xccddce1c95c3d7a11361a7f616b81ff06d83f99fc5af748bb2b2946b60a0d788,1078,207604,1789654206609,1789654208287,1678,
2170,0xBcd4042DE499D14e55001CcbB24a551F3b954096,0x71bE63f3384f5fb98995898A86B02Fb2426c5788,true,true,false,0xf3ef12b99d5dd044922ed7aec571501d098744e0c3f83aa738aebeb2cd67a28c,1078,207616,1789654206610,1789654208287,1677,
2171,0x71bE63f3384f5fb98995898A86B02Fb2426c5788,0xFABB0ac9d68B0B445fB7357272Ff202C5651694a,true,true,false,0xe48ba4fcf122dc7b2790b05403c5d1deebdea854db856ff42c185ba36dfb6d36,1078,207628,1789654206612,1789654208287,1675,
2172,0xFABB0ac9d68B0B445fB7357272Ff202C5651694a,0x1CBd3b2770909D4e10f157cABC84C7264073C9Ec,true,true,false,0xec1967725182cd396d13088000ae475d629365b8d0fae366df43785993eeee28,1078,207616,1789654206613,1789654208288,1675,
2173,0x1CBd3b2770909D4e10f157cABC84C7264073C9Ec,0xdF3e18d64BC6A983f673Ab319CCaE4f1a57C7097,true,true,false,0x0ba4988bc626a809f2d5c8f6e0112cc1ec6fa9e12c845e79fc8cd274ada7db88,1078,207616,1789654206615,1789654208288,1673,
2174,0xdF3e18d64BC6A983f673Ab319CCaE4f1a57C7097,0xcd3B766CCDd6AE721141F452C550Ca635964ce71,true,true,false,0x0bef74dfa7b96f6015d430be7f7eefa401df3f0f61b542aac6df6a9c0d02f91b,1078,207628,1789654206618,1789654208288,1670,
2175,0xcd3B766CCDd6AE721141F452C550Ca635964ce71,0x2546BcD3c84621e976D8185a91A922aE77ECEc30,true,true,false,0xa9927a940ea1232a4a054d3edc74c381d398939f45d1767125aca3378f50ebad,1078,207616,1789654206627,1789654208288,1661,
2176,0x2546BcD3c84621e976D8185a91A922aE77ECEc30,0xbDA5747bFD65F08deb54cb465eB87D40e51B197E,true,true,false,0x59355ed4a087ad1e2107464c176ac0091f4d30c938ca4f828b4e571f7f418d44,1078,207616,1789654206628,1789654208289,1661,
2177,0xbDA5747bFD65F08deb54cb465eB87D40e51B197E,0xdD2FD4581271e230360230F9337D5c0430Bf44C0,true,true,false,0xa77a04d030e73cdd0ec85d2f07255564c7f287ab1c5311c7206b20095fb92167,1078,207616,1789654206629,1789654208289,1660,
2178,0xdD2FD4581271e230360230F9337D5c0430Bf44C0,0x8626f6940E2eb28930eFb4CeF49B2d1F2C9C1199,true,true,false,0x91fc7f607e371eee0c03daedaad0fa4d32b2d3746357583f2743b4fbbc513267,1078,207616,1789654206630,1789654208289,1659,
2179,0x8626f6940E2eb28930eFb4CeF49B2d1F2C9C1199,0x09DB0a93B389bEF724429898f539AEB7ac2Dd55f,true,true,false,0xc89fde9964ed910cb7a0610e7da089e6d1490f4c3cac76ae4e3ef15887922f66,1078,207628,1789654206633,1789654208290,1657,
2182,0x3C44CdDdB6a900fa2b585dd299e03d12FA4293BC,0x90F79bf6EB2c4f870365E785982E1f101E93b906,true,true,false,0xb8fd30fe061cdbb0cbf6fe30d629f7d896ae43ea7c9d70596edc632c54462d00,1078,207616,1789654206635,1789654208290,1655,
2183,0x90F79bf6EB2c4f870365E785982E1f101E93b906,0x15d34AAf54267DB7D7c367839AAf71A00a2C6A65,true,true,false,0x30f6931fb9e878e48050ed278c5419d3e10192913fc11889d4839809de8997c1,1078,207628,1789654206637,1789654208291,1654,
2184,0x15d34AAf54267DB7D7c367839AAf71A00a2C6A65,0x9965507D1a55bcC2695C58ba16FB37d819B0A4dc,true,true,false,0xdf767e98ca99e7f7e0285a08b2d48a5187e71745030b9e75fdbf8f55b8940643,1078,207604,1789654206638,1789654208291,1653,
2185,0x9965507D1a55bcC2695C58ba16FB37d819B0A4dc,0x976EA74026E726554dB657fA54763abd0C3a0aa9,true,true,false,0x16f45e4a763c688f7881ca420c04b0cecfbb7da908a7c3e86249c02db5d56bc1,1078,207628,1789654206641,1789654208291,1650,
2186,0x976EA74026E726554dB657fA54763abd0C3a0aa9,0x14dC79964da2C08b23698B3D3cc7Ca32193d9955,true,true,false,0xd7f326edc7e5365ca04321c738b14821c4ad3ad00d2da9dcd78603d4e55a6b33,1078,207628,1789654206643,1789654208292,1649,
2187,0x14dC79964da2C08b23698B3D3cc7Ca32193d9955,0x23618e81E3f5cdF7f54C3d65f7FBc0aBf5B21E8f,true,true,false,0x3de883296bce3951ab704c28341bfbc251c0337834f5936e063a54064b48915a,1078,207628,1789654206644,1789654208292,1648,
2188,0x23618e81E3f5cdF7f54C3d65f7FBc0aBf5B21E8f,0xa0Ee7A142d267C1f36714E4a8F75612F20a79720,true,true,false,0xb77b6c206758483a0e62a7d7a1716383138d34d97eef1e0647363ede3e277e52,1078,207628,1789654206645,1789654208292,1647,
2189,0xa0Ee7A142d267C1f36714E4a8F75612F20a79720,0xBcd4042DE499D14e55001CcbB24a551F3b954096,true,true,false,0xa1bd07421beea5eb5d735efd3f34b45521295459ebc7a8bca98e65bcac54e500,1078,207616,1789654206646,1789654208292,1646,
2190,0xBcd4042DE499D14e55001CcbB24a551F3b954096,0x71bE63f3384f5fb98995898A86B02Fb2426c5788,true,true,false,0x5b081e03f0dcd95dd2c0ec2f41db44767cd8dd64a1987857d4ad6eae8404e68e,1078,207616,1789654206650,1789654208293,1643,
2191,0x71bE63f3384f5fb98995898A86B02Fb2426c5788,0xFABB0ac9d68B0B445fB7357272Ff202C5651694a,true,true,false,0xbe5e1ab8dc2bb54b24eedf878afbec191aaa1578e9ae7bfce3611fe66c592354,1078,207628,1789654206651,1789654208293,1642,
2192,0xFABB0ac9d68B0B445fB7357272Ff202C5651694a,0x1CBd3b2770909D4e10f157cABC84C7264073C9Ec,true,true,false,0xa32d4a47117e3f7aa655f1f0d32a9a51ebc53902a1783c7e056355bcd854e8f4,1078,207628,1789654206654,1789654208293,1639,
2195,0xcd3B766CCDd6AE721141F452C550Ca635964ce71,0x2546BcD3c84621e976D8185a91A922aE77ECEc30,true,true,false,0xd04c0d239c822d254e805a83c5be44a018feb7aff06511b74b180ac68a91fe3a,1078,207616,1789654206656,1789654208294,1638,
2196,0x2546BcD3c84621e976D8185a91A922aE77ECEc30,0xbDA5747bFD65F08deb54cb465eB87D40e51B197E,true,true,false,0x658fbbfc26bfc3eac917a9a9a06de4a3b3fc480abacf9376bedaf39f6a0c11c5,1078,207628,1789654206658,1789654208294,1636,
2197,0xbDA5747bFD65F08deb54cb465eB87D40e51B197E,0xdD2FD4581271e230360230F9337D5c0430Bf44C0,true,true,false,0xc27daa21a7fe114a9e385170e26159debf63d4cb7c1fadf1b60b21482195b528,1078,207616,1789654206661,1789654208294,1633,
2198,0xdD2FD4581271e230360230F9337D5c0430Bf44C0,0x8626f6940E2eb28930eFb4CeF49B2d1F2C9C1199,true,true,false,0xd80734c8865feefb554b11c07178bc216a22c7950061ba486ae30173f2676bee,1078,207628,1789654206663,1789654208294,1631,
2199,0x8626f6940E2eb28930eFb4CeF49B2d1F2C9C1199,0x09DB0a93B389bEF724429898f539AEB7ac2Dd55f,true,true,false,0x03f59a2b5752c11cbb46aff37b318b335ba6013b4f8584b181447d8bec4e9935,1078,207628,1789654206665,1789654208295,1630,
2200,0x09DB0a93B389bEF724429898f539AEB7ac2Dd55f,0x70997970C51812dc3A010C7d01b50e0d17dc79C8,true,true,false,0x2dbf4313a1526a5e85f7da6ffb47c2fce40c083396e0bd741f4bc9b61732a828,1078,207628,1789654206667,1789654208295,1628,
2201,0x70997970C51812dc3A010C7d01b50e0d17dc79C8,0x3C44CdDdB6a900fa2b585dd299e03d12FA4293BC,true,true,false,0x3ba6bcfaa923be52b8e5a226f0aacfc3bee00915ea39751fe985fde93d693291,1078,207616,1789654206669,1789654208295,1626,
2202,0x3C44CdDdB6a900fa2b585dd299e03d12FA4293BC,0x90F79bf6EB2c4f870365E785982E1f101E93b906,true,true,false,0x98a4d3c2e1e233eb414c887e573952d2c615e443a5ad3b0898c52d9a84aae803,1078,207616,1789654206670,1789654208295,1625,
2203,0x90F79bf6EB2c4f870365E785982E1f101E93b906,0x15d34AAf54267DB7D7c367839AAf71A00a2C6A65,true,true,false,0xd9b07f6f0992410099dfc1452fafac33f350b0b078f96a2d36ea068f26d854a1,1078,207628,1789654206694,1789654208296,1602,
2204,0x15d34AAf54267DB7D7c367839AAf71A00a2C6A65,0x9965507D1a55bcC2695C58ba16FB37d819B0A4dc,true,true,false,0x0770e17aa2361988c19f4aff695e11b15585d5de69119316a9ddeed47dc1c6b5,1078,207628,1789654206695,1789654208296,1601,
2205,0x9965507D1a55bcC2695C58ba16FB37d819B0A4dc,0x976EA74026E726554dB657fA54763abd0C3a0aa9,true,true,false,0x746fd4f8e60decd84845cb1db08f387d9b6ca3a0799be29b6db7bcc78b7001ac,1078,207628,1789654206696,1789654208296,1600,
2206,0x976EA74026E726554dB657fA54763abd0C3a0aa9,0x14dC79964da2C08b23698B3D3cc7Ca32193d9955,true,true,false,0x6e4bfc82952df24cf1518c5f606db9ef1854d903b7f024f80f1b5ce752c4d352,1078,207628,1789654206698,1789654208296,1598,
2207,0x14dC79964da2C08b23698B3D3cc7Ca32193d9955,0x23618e81E3f5cdF7f54C3d65f7FBc0aBf5B21E8f,true,true,false,0x291544f6e32efc5d4cd0abb1dc915faa78574598e5287e9cabcef93a7da957af,1078,207628,1789654206700,1789654208297,1597,
2208,0x23618e81E3f5cdF7f54C3d65f7FBc0aBf5B21E8f,0xa0Ee7A142d267C1f36714E4a8F75612F20a79720,true,true,false,0x8cc2387efe29a029a9d7b7e1d0609d6d2dbe959a066843162d518d7923cb0ac6,1078,207628,1789654206701,1789654208297,1596,
2991,0x71bE63f3384f5fb98995898A86B02Fb2426c5788,0xFABB0ac9d68B0B445fB7357272Ff202C5651694a,true,true,false,0xa68b6985100c1d379dddb75630a7dcc4dedfe9df67215e5f99b39dafdba47a40,1079,207628,1789654208487,1789654210269,1782,
2992,0xFABB0ac9d68B0B445fB7357272Ff202C5651694a,0x1CBd3b2770909D4e10f157cABC84C7264073C9Ec,true,true,false,0x139f79c3d6d1e0fd3c98bf99b9d3e34cc9a29c8f5900db95c2d8653c11ebf9c8,1079,207628,1789654208488,1789654210200,1712,
2993,0x1CBd3b2770909D4e10f157cABC84C7264073C9Ec,0xdF3e18d64BC6A983f673Ab319CCaE4f1a57C7097,true,true,false,0x8dc165d58072da8371537b5184bb9fa2d79463f4b0d723600bfbc3a2c2e1d80d,1079,207628,1789654208489,1789654210202,1713,
2994,0xdF3e18d64BC6A983f673Ab319CCaE4f1a57C7097,0xcd3B766CCDd6AE721141F452C550Ca635964ce71,true,true,false,0xcb3ba16aeb63e5a8cfc0f6a9dd2778e988952453262cc6d0cf48f3d01b9af83f,1079,207628,1789654208490,1789654210202,1712,
2995,0xcd3B766CCDd6AE721141F452C550Ca635964ce71,0x2546BcD3c84621e976D8185a91A922aE77ECEc30,true,true,false,0x9eb2bc5cf96ce4ace4d9f9c1705008d370c8d9c4bc4773d753927a8eee9326fb,1079,207616,1789654208490,1789654210203,1713,
2209,0xa0Ee7A142d267C1f36714E4a8F75612F20a79720,0xBcd4042DE499D14e55001CcbB24a551F3b954096,true,true,false,0x44858e443af7add6c2e34872b873de6c2c54b803b25c3230e70bf400c9d8859a,1079,207616,1789654208491,1789654210203,1712,
2210,0xBcd4042DE499D14e55001CcbB24a551F3b954096,0x71bE63f3384f5fb98995898A86B02Fb2426c5788,true,true,false,0x9c77118561ab84d43e21789d07b3c20b11644d6a3b4e8954d008c231ad2a3cc3,1079,207616,1789654208492,1789654210203,1711,
2211,0x71bE63f3384f5fb98995898A86B02Fb2426c5788,0xFABB0ac9d68B0B445fB7357272Ff202C5651694a,true,true,false,0xc1dc30baa19dfba1406ef70106bccf6ea443726ccd3a2d6b035222f9182e3508,1079,207616,1789654208493,1789654210203,1710,
2212,0xFABB0ac9d68B0B445fB7357272Ff202C5651694a,0x1CBd3b2770909D4e10f157cABC84C7264073C9Ec,true,true,false,0x9ba26038ca11c8f2f4ea779c65aaa13fbdf4c2b5bfc531be1275682808910fe3,1079,207628,1789654208494,1789654210203,1709,
2215,0xcd3B766CCDd6AE721141F452C550Ca635964ce71,0x2546BcD3c84621e976D8185a91A922aE77ECEc30,true,true,false,0xb8a792a5eec6caefd15b296f0ab34ee824238d3629f87fac1ee758a1739715fb,1079,207628,1789654208495,1789654210210,1715,
2216,0x2546BcD3c84621e976D8185a91A922aE77ECEc30,0xbDA5747bFD65F08deb54cb465eB87D40e51B197E,true,true,false,0xda45c6ed887be342e6d95ba615d436b957887f5ebead5ff6f8701f7ec9d7346e,1079,207628,1789654208496,1789654210210,1714,
2217,0xbDA5747bFD65F08deb54cb465eB87D40e51B197E,0xdD2FD4581271e230360230F9337D5c0430Bf44C0,true,true,false,0x4b15b69f673cfb49d3f86467afebe6497b05def6fe8fe09e3f400fa61167364c,1079,207628,1789654208497,1789654210210,1713,
2218,0xdD2FD4581271e230360230F9337D5c0430Bf44C0,0x8626f6940E2eb28930eFb4CeF49B2d1F2C9C1199,true,true,false,0x6d56c5cb151b7eaf5e3fb4614891753bd4bcfd5e1a61c234c5be40fcd91417f1,1079,207628,1789654208498,1789654210210,1712,
2219,0x8626f6940E2eb28930eFb4CeF49B2d1F2C9C1199,0x09DB0a93B389bEF724429898f539AEB7ac2Dd55f,true,true,false,0x6a8b9f395e0d8ab1ff418e6e4e727c10322cf5cdc5cce86f7cb70549b4b929fb,1079,207628,1789654208499,1789654210211,1712,
2220,0x09DB0a93B389bEF724429898f539AEB7ac2Dd55f,0x70997970C51812dc3A010C7d01b50e0d17dc79C8,true,true,false,0xfc0a7029da549b1fc5d657a056b1cedecb31b56ba0867710c70c4dd79b52afb0,1079,207616,1789654208500,1789654210211,1711,
2221,0x70997970C51812dc3A010C7d01b50e0d17dc79C8,0x3C44CdDdB6a900fa2b585dd299e03d12FA4293BC,true,true,false,0xa942e312d2152b83a707731fab3ef17b044d90ea38bb68a6f891972dac657364,1079,207616,1789654208501,1789654210211,1710,
2222,0x3C44CdDdB6a900fa2b585dd299e03d12FA4293BC,0x90F79bf6EB2c4f870365E785982E1f101E93b906,true,true,false,0x0f6a21733e51a1712f0ac661e4fd89b82acc9d4abae9fe40fd31460d78471bc0,1079,207604,1789654208502,1789654210211,1709,
2223,0x90F79bf6EB2c4f870365E785982E1f101E93b906,0x15d34AAf54267DB7D7c367839AAf71A00a2C6A65,true,true,false,0xbe52c88311c40c54b70cd33899aee29267b12077c752b25933283e65dc32a5f6,1079,207616,1789654208502,1789654210211,1709,
2224,0x15d34AAf54267DB7D7c367839AAf71A00a2C6A65,0x9965507D1a55bcC2695C58ba16FB37d819B0A4dc,true,true,false,0x72850a7be178334fdbf48f2602cd83bc47a25dbddd885fffc08db21a01d5a493,1079,207616,1789654208503,1789654210212,1709,
2225,0x9965507D1a55bcC2695C58ba16FB37d819B0A4dc,0x976EA74026E726554dB657fA54763abd0C3a0aa9,true,true,false,0x8399c37d37dff9e0f43acb1ea28ef7355d07b5de27695ff17d3cd0a356948668,1079,207628,1789654208504,1789654210212,1708,
2228,0x23618e81E3f5cdF7f54C3d65f7FBc0aBf5B21E8f,0xa0Ee7A142d267C1f36714E4a8F75612F20a79720,true,true,false,0x067ad58854e6bc191ba2399db30ee66b6ca0e4878a7f1a250ae5fbd620a37713,1079,207628,1789654208505,1789654210212,1707,
2229,0xa0Ee7A142d267C1f36714E4a8F75612F20a79720,0xBcd4042DE499D14e55001CcbB24a551F3b954096,true,true,false,0xe5a1cccdee1aa0030a6baa488ecdecbe1f273ab6d335ef1d44c93e65a4d3aa99,1079,207604,1789654208507,1789654210212,1705,
2230,0xBcd4042DE499D14e55001CcbB24a551F3b954096,0x71bE63f3384f5fb98995898A86B02Fb2426c5788,true,true,false,0xb7bc6989e2a79dcf6bc436ff195f0766dd97c936b76fe0b0c2af81b100317d31,1079,207616,1789654208508,1789654210212,1704,
2231,0x71bE63f3384f5fb98995898A86B02Fb2426c5788,0xFABB0ac9d68B0B445fB7357272Ff202C5651694a,true,true,false,0x193dc99f2ce4f7ba724a48ca3ce7367eb2ce5ad4fb300a57d080727bcb0f6000,1079,207616,1789654208510,1789654210213,1703,
2232,0xFABB0ac9d68B0B445fB7357272Ff202C5651694a,0x1CBd3b2770909D4e10f157cABC84C7264073C9Ec,true,true,false,0xf4770acd6972dd0c4d43a89687106b6d33cf5dde12f0171ab883a164e5a3ea62,1079,207628,1789654208511,1789654210213,1702,
2233,0x1CBd3b2770909D4e10f157cABC84C7264073C9Ec,0xdF3e18d64BC6A983f673Ab319CCaE4f1a57C7097,true,true,false,0xae840469b0fc80f5683427d0f210c1de5faccedf4078960a481c544f661ca618,1079,207616,1789654208512,1789654210213,1701,
2234,0xdF3e18d64BC6A983f673Ab319CCaE4f1a57C7097,0xcd3B766CCDd6AE721141F452C550Ca635964ce71,true,true,false,0x9208deadd1e04a44c4250e62f39b30fff40bab326715fa21e0bbe021f107f1d4,1079,207616,1789654208513,1789654210213,1700,
2235,0xcd3B766CCDd6AE721141F452C550Ca635964ce71,0x2546BcD3c84621e976D8185a91A922aE77ECEc30,true,true,false,0x4215e2e190a6ce9b2da8a2925e8d4168c6ce70ae47d68b45ceac57a8b4708557,1079,207628,1789654208514,1789654210214,1700,
2237,0xbDA5747bFD65F08deb54cb465eB87D40e51B197E,0xdD2FD4581271e230360230F9337D5c0430Bf44C0,true,true,false,0x5a68f042956b11ed6e3bbfd189988a49ea05caabb1a3581cc7c7bdedf20235bd,1079,207628,1789654208516,1789654210214,1698,
2238,0xdD2FD4581271e230360230F9337D5c0430Bf44C0,0x8626f6940E2eb28930eFb4CeF49B2d1F2C9C1199,true,true,false,0xbf68ca4da2f854768fe49f6a8d1ed7730cc4790a02930f38919298104139b0c7,1079,207628,1789654208516,1789654210215,1699,
2239,0x8626f6940E2eb28930eFb4CeF49B2d1F2C9C1199,0x09DB0a93B389bEF724429898f539AEB7ac2Dd55f,true,true,false,0x66b99980baed8393e53bcd6f5c8326b2d60bb75bb8c8c7fd15d2faf783e224b1,1079,207628,1789654208517,1789654210215,1698,
2240,0x09DB0a93B389bEF724429898f539AEB7ac2Dd55f,0x70997970C51812dc3A010C7d01b50e0d17dc79C8,true,true,false,0x452e081e55ef50e0aaaafeb37865513959c87b603bcee59998298c69f7b9c4b8,1079,207628,1789654208518,1789654210215,1697,
2241,0x70997970C51812dc3A010C7d01b50e0d17dc79C8,0x3C44CdDdB6a900fa2b585dd299e03d12FA4293BC,true,true,false,0x06a69305eb2eddc62264ac863ef2d48d53bbd21b6ddc96eebec2822e688f92a2,1079,207616,1789654208519,1789654210216,1697,
2242,0x3C44CdDdB6a900fa2b585dd299e03d12FA4293BC,0x90F79bf6EB2c4f870365E785982E1f101E93b906,true,true,false,0xff4ef7ef022694fcec55cf65659abd6b2dd194fea59b40925197db9d5dbddb97,1079,207604,1789654208520,1789654210216,1696,
2243,0x90F79bf6EB2c4f870365E785982E1f101E93b906,0x15d34AAf54267DB7D7c367839AAf71A00a2C6A65,true,true,false,0x4c0d2f866d173579c37cefae5a2897aa1160945ffda7e1c3a008c1fb1621b1ac,1079,207628,1789654208520,1789654210216,1696,
2244,0x15d34AAf54267DB7D7c367839AAf71A00a2C6A65,0x9965507D1a55bcC2695C58ba16FB37d819B0A4dc,true,true,false,0x7e3bb693ffc6a2fb3f9b4ec558bb85105aeac2ab7c1ebe4bb0f42a5e3f855ae0,1079,207628,1789654208521,1789654210217,1696,
2245,0x9965507D1a55bcC2695C58ba16FB37d819B0A4dc,0x976EA74026E726554dB657fA54763abd0C3a0aa9,true,true,false,0x3006f0d03b91476313bd3daad06d6e16f6a3fcb743b8f9918515f13d93bab6d8,1079,207616,1789654208522,1789654210217,1695,
2246,0x976EA74026E726554dB657fA54763abd0C3a0aa9,0x14dC79964da2C08b23698B3D3cc7Ca32193d9955,true,true,false,0xa8bd135af36511f4768ee767e93c509d40f674dc9c9231509d82e9b1e04652e4,1079,207616,1789654208522,1789654210217,1695,
2247,0x14dC79964da2C08b23698B3D3cc7Ca32193d9955,0x23618e81E3f5cdF7f54C3d65f7FBc0aBf5B21E8f,true,true,false,0x2b2b81e973907f823492caaa2914bc1004206cf29d12cac553288ddf1baba126,1079,207616,1789654208523,1789654210217,1694,
2248,0x23618e81E3f5cdF7f54C3d65f7FBc0aBf5B21E8f,0xa0Ee7A142d267C1f36714E4a8F75612F20a79720,true,true,false,0x1ac816e416b0e3c3e0b096456e785741ea081cf078961be8cde37fb9ffbfb0e7,1079,207628,1789654208524,1789654210217,1693,
2251,0x71bE63f3384f5fb98995898A86B02Fb2426c5788,0xFABB0ac9d68B0B445fB7357272Ff202C5651694a,true,true,false,0xc0db9dccfb60ef273f732ee40c78592852a576f2366bcc7f0333bcf6376f5ac5,1079,207628,1789654208524,1789654210218,1694,
2252,0xFABB0ac9d68B0B445fB7357272Ff202C5651694a,0x1CBd3b2770909D4e10f157cABC84C7264073C9Ec,true,true,false,0x10a7f8f71c26c0b65c253a0d5f8a870b12ff925eea42d13841f476002dd577e5,1079,207628,1789654208525,1789654210218,1693,
2253,0x1CBd3b2770909D4e10f157cABC84C7264073C9Ec,0xdF3e18d64BC6A983f673Ab319CCaE4f1a57C7097,true,true,false,0x81ba989562027df15e6540eb3dd45015c0e739178d156b15044c4a129aaf876c,1079,207628,1789654208526,1789654210219,1693,
2261,0x70997970C51812dc3A010C7d01b50e0d17dc79C8,0x3C44CdDdB6a900fa2b585dd299e03d12FA4293BC,true,true,false,0x4adf5d519ae5860368d23f34a607c1ca477469b8df0bb88e247ddc6e9c14c2ac,1079,207616,1789654208526,1789654210219,1693,
2262,0x3C44CdDdB6a900fa2b585dd299e03d12FA4293BC,0x90F79bf6EB2c4f870365E785982E1f101E93b906,true,true,false,0xdf2202eecb99a0269f845894fab229850cab3e2e981675c10e49e666873a41b0,1079,207616,1789654208527,1789654210219,1692,
2263,0x90F79bf6EB2c4f870365E785982E1f101E93b906,0x15d34AAf54267DB7D7c367839AAf71A00a2C6A65,true,true,false,0x28432d711151e6522759c1071b9eb66d4d45499dfcc004d3b9269bf9392406bc,1079,207628,1789654208528,1789654210219,1691,
2264,0x15d34AAf54267DB7D7c367839AAf71A00a2C6A65,0x9965507D1a55bcC2695C58ba16FB37d819B0A4dc,true,true,false,0x6f9bc7b9a033f101c8cb22eadcb1de5681623dc99913ecca20df6462af20a41a,1079,207628,1789654208528,1789654210220,1692,
2265,0x9965507D1a55bcC2695C58ba16FB37d819B0A4dc,0x976EA74026E726554dB657fA54763abd0C3a0aa9,true,true,false,0xc2cab003abd21159ee0dd7a55515cffdf424191972ccd346fe2655d8cb354726,1079,207628,1789654208529,1789654210258,1729,
2266,0x976EA74026E726554dB657fA54763abd0C3a0aa9,0x14dC79964da2C08b23698B3D3cc7Ca32193d9955,true,true,false,0x276c5ce73141400919417f5469b3278c4cc2db54b2f730ae3579b36964d2fb85,1079,207628,1789654208530,1789654210258,1728,
2267,0x14dC79964da2C08b23698B3D3cc7Ca32193d9955,0x23618e81E3f5cdF7f54C3d65f7FBc0aBf5B21E8f,true,true,false,0xb7ac5bbbe381c665a26b2e7ae4daa96314898c9c7c664de229bc0e1e8d4ca66d,1079,207628,1789654208531,1789654210258,1727,
2268,0x23618e81E3f5cdF7f54C3d65f7FBc0aBf5B21E8f,0xa0Ee7A142d267C1f36714E4a8F75612F20a79720,true,true,false,0xed56444938cbeadd8bbc7acb321fdd319901fae7ffe438b72fbc493492047ffb,1079,207628,1789654208533,1789654210258,1725,
2269,0xa0Ee7A142d267C1f36714E4a8F75612F20a79720,0xBcd4042DE499D14e55001CcbB24a551F3b954096,true,true,false,0x087cbe55dde4b4a804588a650d18a4e966f84a3c57a2054760e772693c8dd4e7,1079,207616,1789654208534,1789654210258,1724,
2270,0xBcd4042DE499D14e55001CcbB24a551F3b954096,0x71bE63f3384f5fb98995898A86B02Fb2426c5788,true,true,false,0x1bc7a4a27114015af9b242ea10fb0812a3e833dd5618c9e1803329e33a13d91f,1079,207616,1789654208535,1789654210259,1724,
2271,0x71bE63f3384f5fb98995898A86B02Fb2426c5788,0xFABB0ac9d68B0B445fB7357272Ff202C5651694a,true,true,false,0x15efe2dd83398c500fb3fec623d1f13ce50a3509dd2cc374f01c8a42c5ed8e61,1079,207628,1789654208536,1789654210259,1723,
2272,0xFABB0ac9d68B0B445fB7357272Ff202C5651694a,0x1CBd3b2770909D4e10f157cABC84C7264073C9Ec,true,true,false,0x1e690297b4f051abf52fc314c52eb5efe78cc9312ffa9b2c1bf0f2505269f5be,1079,207616,1789654208537,1789654210259,1722,
2273,0x1CBd3b2770909D4e10f157cABC84C7264073C9Ec,0xdF3e18d64BC6A983f673Ab319CCaE4f1a57C7097,true,true,false,0x009c6aa3fd7ce896be49e72b37c0d235663a6fb9bf30c893b1ac50c7ca5061e7,1079,207616,1789654208538,1789654210259,1721,
2274,0xdF3e18d64BC6A983f673Ab319CCaE4f1a57C7097,0xcd3B766CCDd6AE721141F452C550Ca635964ce71,true,true,false,0x169afdab0544587bc4628142aa1079445d4a04c3ac16df6c851b015bf72c30e4,1079,207628,1789654208559,1789654210259,1700,
2275,0xcd3B766CCDd6AE721141F452C550Ca635964ce71,0x2546BcD3c84621e976D8185a91A922aE77ECEc30,true,true,false,0x27d9db349391bf7b327642f4761548cacb63cf934bc370ac29452a6db25f2c3c,1079,207628,1789654208560,1789654210260,1700,
2276,0x2546BcD3c84621e976D8185a91A922aE77ECEc30,0xbDA5747bFD65F08deb54cb465eB87D40e51B197E,true,true,false,0x5b0a375b327c365adaae661d9b65865588c02ccfcb70137562ef6237c9281d07,1079,207628,1789654208561,1789654210260,1699,
2277,0xbDA5747bFD65F08deb54cb465eB87D40e51B197E,0xdD2FD4581271e230360230F9337D5c0430Bf44C0,true,true,false,0xa34dd0caad6afb3218881c8767dd66428d9a707fe231ab748654c9b24561239e,1079,207628,1789654208562,1789654210260,1698,
2278,0xdD2FD4581271e230360230F9337D5c0430Bf44C0,0x8626f6940E2eb28930eFb4CeF49B2d1F2C9C1199,true,true,false,0x360fb2fcc4dab52da3a99e3b9c5acd7c5885a917c466773eff2922c1a08e735d,1079,207604,1789654208562,1789654210260,1698,
2279,0x8626f6940E2eb28930eFb4CeF49B2d1F2C9C1199,0x09DB0a93B389bEF724429898f539AEB7ac2Dd55f,true,true,false,0xb6315c5a89c9412b9fca4d01e7b6afcfc0836cfe8360c2afcbceb38f2594100d,1079,207616,1789654208563,1789654210260,1697,
2280,0x09DB0a93B389bEF724429898f539AEB7ac2Dd55f,0x70997970C51812dc3A010C7d01b50e0d17dc79C8,true,true,false,0x0ea71ed36fd5c363262c588230c84567f49a8229061d50f22c905807d8c10e6a,1079,207628,1789654208563,1789654210260,1697,
2281,0x70997970C51812dc3A010C7d01b50e0d17dc79C8,0x3C44CdDdB6a900fa2b585dd299e03d12FA4293BC,true,true,false,0xf7965a00d4df4bea49307abd8ae53b09f3afcc7c742351aced4c1490d375b947,1079,207616,1789654208566,1789654210261,1695,
2282,0x3C44CdDdB6a900fa2b585dd299e03d12FA4293BC,0x90F79bf6EB2c4f870365E785982E1f101E93b906,true,true,false,0x02cbaa50bb8aee4c4ab97cedd01537ec7d6c666e4ef3f0c5473cb7e145e50493,1079,207616,1789654208568,1789654210261,1693,
2283,0x90F79bf6EB2c4f870365E785982E1f101E93b906,0x15d34AAf54267DB7D7c367839AAf71A00a2C6A65,true,true,false,0xbecb39c0908662c8739705ab68c95aac38cd7109c9be8abdc805662c3fa8e5f0,1079,207628,1789654208569,1789654210261,1692,
2285,0x9965507D1a55bcC2695C58ba16FB37d819B0A4dc,0x976EA74026E726554dB657fA54763abd0C3a0aa9,true,true,false,0x331c5be8affed6c01ec7a2762b5ba7d1eb6a0d954f2078d202b624d817929a13,1079,207616,1789654208571,1789654210261,1690,
2286,0x976EA74026E726554dB657fA54763abd0C3a0aa9,0x14dC79964da2C08b23698B3D3cc7Ca32193d9955,true,true,false,0x38aef08393b26661aae5485fa71114924057c06bd472b963835d64530625dae6,1079,207628,1789654208571,1789654210261,1690,
2287,0x14dC79964da2C08b23698B3D3cc7Ca32193d9955,0x23618e81E3f5cdF7f54C3d65f7FBc0aBf5B21E8f,true,true,false,0xd8ab8d3faee382aa8d51aebf3510ed80f5a28cc1700ca49ae9d27c312322be1a,1079,207628,1789654208572,1789654210261,1689,
2288,0x23618e81E3f5cdF7f54C3d65f7FBc0aBf5B21E8f,0xa0Ee7A142d267C1f36714E4a8F75612F20a79720,true,true,false,0xf7eff5cc72a1f2d1240ad5f6d204bdecf3220086881b98c716955c6e5af9029a,1079,207628,1789654208573,1789654210262,1689,
2289,0xa0Ee7A142d267C1f36714E4a8F75612F20a79720,0xBcd4042DE499D14e55001CcbB24a551F3b954096,true,true,false,0xc5817ff088bdc75abef0b797d84f15d1878e19f0de587064281fa3ca1e3d9def,1079,207616,1789654208574,1789654210262,1688,
2292,0xFABB0ac9d68B0B445fB7357272Ff202C5651694a,0x1CBd3b2770909D4e10f157cABC84C7264073C9Ec,true,true,false,0xfb27884ba4927789889c470b059fa5b6cdfbe9ef3b566bc308a6bd6dd425b5cc,1079,207628,1789654208575,1789654210262,1687,
2293,0x1CBd3b2770909D4e10f157cABC84C7264073C9Ec,0xdF3e18d64BC6A983f673Ab319CCaE4f1a57C7097,true,true,false,0x5d48b7c1f8244745b68b615c26a6089818a8f2f07946239a1233ca31208bbfa2,1079,207628,1789654208575,1789654210262,1687,
2294,0xdF3e18d64BC6A983f673Ab319CCaE4f1a57C7097,0xcd3B766CCDd6AE721141F452C550Ca635964ce71,true,true,false,0x89d966a0b93fe4bebb8ff5f6e6839cd9543547909f864337dd37a2138fa3d21c,1079,207628,1789654208576,1789654210262,1686,
2295,0xcd3B766CCDd6AE721141F452C550Ca635964ce71,0x2546BcD3c84621e976D8185a91A922aE77ECEc30,true,true,false,0x4ac17b3790002a6a30b77eb0a3c56b5f0d87f210e7c012114fa30bab0e6483f2,1079,207604,1789654208577,1789654210262,1685,
2296,0x2546BcD3c84621e976D8185a91A922aE77ECEc30,0xbDA5747bFD65F08deb54cb465eB87D40e51B197E,true,true,false,0xce5e673e385d9c7e3b533ec4dcc33898746d6caab22ad7e53af0a6786c5a83c4,1079,207616,1789654208578,1789654210263,1685,
2297,0xbDA5747bFD65F08deb54cb465eB87D40e51B197E,0xdD2FD4581271e230360230F9337D5c0430Bf44C0,true,true,false,0x7f51b735436cd992a6f1cf590b6bf4a9aff05c1ee42fdb3d697242bb1da93dd3,1079,207628,1789654208579,1789654210263,1684,
2298,0xdD2FD4581271e230360230F9337D5c0430Bf44C0,0x8626f6940E2eb28930eFb4CeF49B2d1F2C9C1199,true,true,false,0xb0992adcf264bb2b495c75367bd8652038bb56ec215a11b865e77c01e9819357,1079,207628,1789654208580,1789654210263,1683,
2299,0x8626f6940E2eb28930eFb4CeF49B2d1F2C9C1199,0x09DB0a93B389bEF724429898f539AEB7ac2Dd55f,true,true,false,0xef283e9ff08819223fe8eed9e701f84d13acd3ef1438399107612d24ec714dc1,1079,207628,1789654208586,1789654210263,1677,
2300,0x09DB0a93B389bEF724429898f539AEB7ac2Dd55f,0x70997970C51812dc3A010C7d01b50e0d17dc79C8,true,true,false,0xc52d22ed609f5a06d4c6a1893af135116a7d9500b45d8872f7e47431791cd290,1079,207628,1789654208586,1789654210263,1677,
2301,0x70997970C51812dc3A010C7d01b50e0d17dc79C8,0x3C44CdDdB6a900fa2b585dd299e03d12FA4293BC,true,true,false,0xaf40bfcc81f7cb38b0aac79b893590f0b3b7bfad4c65bc2e3231d8ac785b1854,1079,207616,1789654208587,1789654210263,1676,
2302,0x3C44CdDdB6a900fa2b585dd299e03d12FA4293BC,0x90F79bf6EB2c4f870365E785982E1f101E93b906,true,true,false,0x7868b72a41ea63fd0b9105f21f1fec7f553a17e592d0952665e52f61adb59610,1079,207616,1789654208588,1789654210264,1676,
2303,0x90F79bf6EB2c4f870365E785982E1f101E93b906,0x15d34AAf54267DB7D7c367839AAf71A00a2C6A65,true,true,false,0xed98bd22f65cbf776c556d1689cf46c061773e153f8dcff2f473ab00793cbc91,1079,207616,1789654208589,1789654210264,1675,
2304,0x15d34AAf54267DB7D7c367839AAf71A00a2C6A65,0x9965507D1a55bcC2695C58ba16FB37d819B0A4dc,true,true,false,0x05bf9d0c423aceb7321cf500a15001211aa8fcb608bfec8acd194acdfe0f0afc,1079,207628,1789654208590,1789654210264,1674,
2305,0x9965507D1a55bcC2695C58ba16FB37d819B0A4dc,0x976EA74026E726554dB657fA54763abd0C3a0aa9,true,true,false,0xc930642d6b09927c4ccd9492ff8428d810fba28c7d82a912dedc20ae0a69de7b,1079,207628,1789654208591,1789654210265,1674,
2306,0x976EA74026E726554dB657fA54763abd0C3a0aa9,0x14dC79964da2C08b23698B3D3cc7Ca32193d9955,true,true,false,0x60f262011e0a253c9c6adb98d769bf56e781a4b147db1b01b3ad95e6113799ea,1079,207628,1789654208591,1789654210265,1674,
2307,0x14dC79964da2C08b23698B3D3cc7Ca32193d9955,0x23618e81E3f5cdF7f54C3d65f7FBc0aBf5B21E8f,true,true,false,0x6e479f17d488cd99bfdfa42b37b3c37beb25164b9045ea35572240e42b2f9e2a,1079,207616,1789654208592,1789654210265,1673,
2308,0x23618e81E3f5cdF7f54C3d65f7FBc0aBf5B21E8f,0xa0Ee7A142d267C1f36714E4a8F75612F20a79720,true,true,false,0xaf28db7f13ec4ce2537d412d54290d04d5afcd2af343ac2eb2fb8ecd0f2c647b,1079,207628,1789654208593,1789654210265,1672,
2309,0xa0Ee7A142d267C1f36714E4a8F75612F20a79720,0xBcd4042DE499D14e55001CcbB24a551F3b954096,true,true,false,0xd4464c1ca80fd64b7abff7b823cd0c0ae6b998ce403a1a1f4b157d477a914630,1079,207616,1789654208593,1789654210265,1672,
2310,0xBcd4042DE499D14e55001CcbB24a551F3b954096,0x71bE63f3384f5fb98995898A86B02Fb2426c5788,true,true,false,0xa303951d18bdc2b1aa0e9325f0f8fdf7270f89d572b6b09a37be2fa5389dcfee,1079,207616,1789654208594,1789654210266,1672,
2311,0x71bE63f3384f5fb98995898A86B02Fb2426c5788,0xFABB0ac9d68B0B445fB7357272Ff202C5651694a,true,true,false,0x53ddd70e30afb518fa0197927fe7f117be4b3d92012abacfb92de817952df114,1079,207628,1789654208594,1789654210266,1672,
2312,0xFABB0ac9d68B0B445fB7357272Ff202C5651694a,0x1CBd3b2770909D4e10f157cABC84C7264073C9Ec,true,true,false,0xf8cc148527f3078da6fecf6a3e5b4b705c8ef9be7658c85fe51b43d2e1e71c5e,1079,207628,1789654208595,1789654210266,1671,
2313,0x1CBd3b2770909D4e10f157cABC84C7264073C9Ec,0xdF3e18d64BC6A983f673Ab319CCaE4f1a57C7097,true,true,false,0xab55d05b40e07e0ba95aacb2f265f310b657124dc653daa76128e00f9312d685,1079,207616,1789654208596,1789654210266,1670,
2314,0xdF3e18d64BC6A983f673Ab319CCaE4f1a57C7097,0xcd3B766CCDd6AE721141F452C550Ca635964ce71,true,true,false,0x27d4a47052a46f992ecc4849cb1697d67c6b89438c462936cc225897a3b0e28a,1079,207616,1789654208597,1789654210266,1669,
2317,0xbDA5747bFD65F08deb54cb465eB87D40e51B197E,0xdD2FD4581271e230360230F9337D5c0430Bf44C0,true,true,false,0x3ad41fc2596616efb17ebac97cd30c2f6476e2c44355edff448751cea29642ff,1079,207628,1789654208598,1789654210267,1669,
2318,0xdD2FD4581271e230360230F9337D5c0430Bf44C0,0x8626f6940E2eb28930eFb4CeF49B2d1F2C9C1199,true,true,false,0xf14eb74a1e581d4590531fcbd452896fc351de11108e6339259b141150a2d77d,1079,207616,1789654208600,1789654210267,1667,
2319,0x8626f6940E2eb28930eFb4CeF49B2d1F2C9C1199,0x09DB0a93B389bEF724429898f539AEB7ac2Dd55f,true,true,false,0xb1ba17f0c083490719d1d3bcfc3b4bebbdb5d745949d70fbd66445678ef766bf,1079,207616,1789654208601,1789654210267,1666,
2320,0x09DB0a93B389bEF724429898f539AEB7ac2Dd55f,0x70997970C51812dc3A010C7d01b50e0d17dc79C8,true,true,false,0x5b0f32bfcd337a7be51ead73e6b8918605b801308e2cea154edd3eb833365fb0,1079,207628,1789654208602,1789654210267,1665,
2321,0x70997970C51812dc3A010C7d01b50e0d17dc79C8,0x3C44CdDdB6a900fa2b585dd299e03d12FA4293BC,true,true,false,0xdc035eaf2aabfdb83351aae52182f1e92d6a9a4dbafe66db83907b708f4debaf,1079,207616,1789654208602,1789654210267,1665,
2322,0x3C44CdDdB6a900fa2b585dd299e03d12FA4293BC,0x90F79bf6EB2c4f870365E785982E1f101E93b906,true,true,false,0x299954b0be255c79c31eb7ff36cbc6dc8530263a983936264d8a5b89ff9c992e,1079,207616,1789654208603,1789654210269,1666,
2990,0xBcd4042DE499D14e55001CcbB24a551F3b954096,0x71bE63f3384f5fb98995898A86B02Fb2426c5788,true,true,false,0x4d692376c506672b415ea708aa2c0c94f1389c9eac4dcff42f5728aef3e1234b,1080,207616,1789654210375,1789654212294,1919,
2323,0x90F79bf6EB2c4f870365E785982E1f101E93b906,0x15d34AAf54267DB7D7c367839AAf71A00a2C6A65,true,true,false,0x87f7a9f76f523e3374cd385251b653ed00cc5b652e8a33b3ebe7a86367de1b1e,1080,207616,1789654210375,1789654212295,1920,
2324,0x15d34AAf54267DB7D7c367839AAf71A00a2C6A65,0x9965507D1a55bcC2695C58ba16FB37d819B0A4dc,true,true,false,0xc389abff40d08690232e28a13485ce2c281e3800f0194c76d9a14a03864fb06b,1080,207628,1789654210376,1789654212295,1919,
2325,0x9965507D1a55bcC2695C58ba16FB37d819B0A4dc,0x976EA74026E726554dB657fA54763abd0C3a0aa9,true,true,false,0xbfb3859b82f61febb630c7ff7dad1566b1d9c657df3ba78ef39c084b0b219742,1080,207628,1789654210376,1789654212295,1919,
2326,0x976EA74026E726554dB657fA54763abd0C3a0aa9,0x14dC79964da2C08b23698B3D3cc7Ca32193d9955,true,true,false,0xc0f812a0dbf41bb188ce60ab86b266c418894f1a928b6f44ec4aa4d71850cc36,1080,207628,1789654210377,1789654212295,1918,
2327,0x14dC79964da2C08b23698B3D3cc7Ca32193d9955,0x23618e81E3f5cdF7f54C3d65f7FBc0aBf5B21E8f,true,true,false,0x4acff26f7effe59775d1ad62d13653803e0541a3b91fa5b23ccacb5be8492a3c,1080,207616,1789654210377,1789654212295,1918,
2328,0x23618e81E3f5cdF7f54C3d65f7FBc0aBf5B21E8f,0xa0Ee7A142d267C1f36714E4a8F75612F20a79720,true,true,false,0xd6ade06a2b5bb88a94bf15429299338464dd72b9db6c0cecdb141fcb33fc8364,1080,207628,1789654210378,1789654212296,1918,
2329,0xa0Ee7A142d267C1f36714E4a8F75612F20a79720,0xBcd4042DE499D14e55001CcbB24a551F3b954096,true,true,false,0xa8f15b040448d0f5ef9dd03ad55497d29599c6d7ad4828e3df9fba87d8194f43,1080,207604,1789654210378,1789654212296,1918,
2330,0xBcd4042DE499D14e55001CcbB24a551F3b954096,0x71bE63f3384f5fb98995898A86B02Fb2426c5788,true,true,false,0xd35602c9a6d06f6aacd3489b4f630d803ecd748cef8b4a69bf845719ef6085c7,1080,207592,1789654210378,1789654212296,1918,
2331,0x71bE63f3384f5fb98995898A86B02Fb2426c5788,0xFABB0ac9d68B0B445fB7357272Ff202C5651694a,true,true,false,0x2cd9fe6c39da5914e4f66b22a59f42f6eddd817f962f8d621a514044259d8231,1080,207628,1789654210379,1789654212297,1918,
2332,0xFABB0ac9d68B0B445fB7357272Ff202C5651694a,0x1CBd3b2770909D4e10f157cABC84C7264073C9Ec,true,true,false,0xba321aa6cc5243e80324ba77ce1d95e4a1b345ab519126eaa76c820aedf2bd2c,1080,207628,1789654210379,1789654212297,1918,
2333,0x1CBd3b2770909D4e10f157cABC84C7264073C9Ec,0xdF3e18d64BC6A983f673Ab319CCaE4f1a57C7097,true,true,false,0x88050c95cc6a11ef97d4e8934ad6301a406d5303f4c1eb34d58f4014bd6e0687,1080,207628,1789654210380,1789654212299,1919,
2334,0xdF3e18d64BC6A983f673Ab319CCaE4f1a57C7097,0xcd3B766CCDd6AE721141F452C550Ca635964ce71,true,true,false,0x3e526e4357901db6b764e008713358523c8a61619c25e29b572cc8b08b2eedb0,1080,207616,1789654210380,1789654212299,1919,
2335,0xcd3B766CCDd6AE721141F452C550Ca635964ce71,0x2546BcD3c84621e976D8185a91A922aE77ECEc30,true,true,false,0x4bf0bf3f3fde4c24bff86436018b29e25fff76149742a279dca389020f810402,1080,207628,1789654210381,1789654212300,1919,
2336,0x2546BcD3c84621e976D8185a91A922aE77ECEc30,0xbDA5747bFD65F08deb54cb465eB87D40e51B197E,true,true,false,0x8375f8f298272d7d5dc6e8033fafb025fdd1363bf6e1560fb0ee37a5d122bdcb,1080,207628,1789654210382,1789654212300,1918,
2337,0xbDA5747bFD65F08deb54cb465eB87D40e51B197E,0xdD2FD4581271e230360230F9337D5c0430Bf44C0,true,true,false,0x93f5f35d662d91440afe47c0bcafe7904cf5baf6a6b9f7970f31082313c0b5e1,1080,207628,1789654210383,1789654212301,1918,
2338,0xdD2FD4581271e230360230F9337D5c0430Bf44C0,0x8626f6940E2eb28930eFb4CeF49B2d1F2C9C1199,true,true,false,0x08bde869ec144c88f804c4e8b851abba80096b460d620e84042811ba350d0631,1080,207628,1789654210383,1789654212301,1918,
2339,0x8626f6940E2eb28930eFb4CeF49B2d1F2C9C1199,0x09DB0a93B389bEF724429898f539AEB7ac2Dd55f,true,true,false,0xca9e2061e49d2361f910eaa6d568b774a7a56f4c3c986cd4d3352c74a6f5d918,1080,207628,1789654210384,1789654212301,1917,
2340,0x09DB0a93B389bEF724429898f539AEB7ac2Dd55f,0x70997970C51812dc3A010C7d01b50e0d17dc79C8,true,true,false,0xf643b9c2055708b74c1c6ea646e825f37fd246ebb94832f6568e28f3175f6d85,1080,207628,1789654210385,1789654212302,1917,
2341,0x70997970C51812dc3A010C7d01b50e0d17dc79C8,0x3C44CdDdB6a900fa2b585dd299e03d12FA4293BC,true,true,false,0x04abbedf09e1f74d7b65f6f1b676cca4d949fc50b5efae5403b10c0e6ca267d4,1080,207616,1789654210385,1789654212302,1917,
2342,0x3C44CdDdB6a900fa2b585dd299e03d12FA4293BC,0x90F79bf6EB2c4f870365E785982E1f101E93b906,true,true,false,0xaf97af6daa466a0ce270fffb3a97f253f4dbafa3fb7a927780e780c18df7cfc1,1080,207604,1789654210386,1789654212303,1917,
2343,0x90F79bf6EB2c4f870365E785982E1f101E93b906,0x15d34AAf54267DB7D7c367839AAf71A00a2C6A65,true,true,false,0xdf84e1f518555c381f0734b4dc72606d386d194ac292d4d1b59eb3ababf8f911,1080,207628,1789654210387,1789654212303,1916,
2344,0x15d34AAf54267DB7D7c367839AAf71A00a2C6A65,0x9965507D1a55bcC2695C58ba16FB37d819B0A4dc,true,true,false,0x829be13c3a1f34e004a88d5a1e81b8617262425557718ec1278bac017527f360,1080,207628,1789654210387,1789654212303,1916,
2347,0x14dC79964da2C08b23698B3D3cc7Ca32193d9955,0x23618e81E3f5cdF7f54C3d65f7FBc0aBf5B21E8f,true,true,false,0x9c2ccc09ff99ac808cdc61f9b8d53c0687f572343b8ac42991f6bda3cae2f137,1080,207604,1789654210388,1789654212303,1915,
2348,0x23618e81E3f5cdF7f54C3d65f7FBc0aBf5B21E8f,0xa0Ee7A142d267C1f36714E4a8F75612F20a79720,true,true,false,0x816cf0c4332dd1b1a82c8a7e2a77af33f18242ef656d5cb488fe4b3cee1f726f,1080,207628,1789654210389,1789654212304,1915,
2349,0xa0Ee7A142d267C1f36714E4a8F75612F20a79720,0xBcd4042DE499D14e55001CcbB24a551F3b954096,true,true,false,0x4f89fd64ec2a02cdb91aed475083770d538c80a2de023f5f980712da011ed6e2,1080,207616,1789654210390,1789654212304,1914,
2350,0xBcd4042DE499D14e55001CcbB24a551F3b954096,0x71bE63f3384f5fb98995898A86B02Fb2426c5788,true,true,false,0x8d8bba6a3dbbac4c3ff337049a253f3248123930bcb5815497095e9cff039c86,1080,207616,1789654210391,1789654212304,1913,
2351,0x71bE63f3384f5fb98995898A86B02Fb2426c5788,0xFABB0ac9d68B0B445fB7357272Ff202C5651694a,true,true,false,0x6fc591cefce7be577da1fd3a15908d5141b02a294397e8e7efc7a48f8aa1aa0c,1080,207628,1789654210391,1789654212305,1914,
2352,0xFABB0ac9d68B0B445fB7357272Ff202C5651694a,0x1CBd3b2770909D4e10f157cABC84C7264073C9Ec,true,true,false,0xd8e27e268283e244cd20991b83559ca9a4cfdc5be0ba93e106c0d70ec3368700,1080,207628,1789654210392,1789654212305,1913,
2353,0x1CBd3b2770909D4e10f157cABC84C7264073C9Ec,0xdF3e18d64BC6A983f673Ab319CCaE4f1a57C7097,true,true,false,0x119251277647e1dace58196417e2411c304a63c2e936388ddff2ddfb7c0e2bd5,1080,207628,1789654210392,1789654212351,1959,
2354,0xdF3e18d64BC6A983f673Ab319CCaE4f1a57C7097,0xcd3B766CCDd6AE721141F452C550Ca635964ce71,true,true,false,0xbbced103b872678041af1534b773ba053cbbc22b14b8afb4db2497f2368436ec,1080,207616,1789654210393,1789654212352,1959,
2355,0xcd3B766CCDd6AE721141F452C550Ca635964ce71,0x2546BcD3c84621e976D8185a91A922aE77ECEc30,true,true,false,0x29dc929241beade73e8edf8f400a730bcf10d12cee0290c906a7415ff157314d,1080,207616,1789654210393,1789654212352,1959,
2356,0x2546BcD3c84621e976D8185a91A922aE77ECEc30,0xbDA5747bFD65F08deb54cb465eB87D40e51B197E,true,true,false,0xeaa13ee263afeee754a458566047ec139018bd7dad04ee0568486dcdcbb028bf,1080,207628,1789654210394,1789654212352,1958,
2357,0xbDA5747bFD65F08deb54cb465eB87D40e51B197E,0xdD2FD4581271e230360230F9337D5c0430Bf44C0,true,true,false,0x0003acfab4f2c3f52979fc668a6e07689bc7619a963ac8bacbbef383b53453bb,1080,207628,1789654210394,1789654212352,1958,
2358,0xdD2FD4581271e230360230F9337D5c0430Bf44C0,0x8626f6940E2eb28930eFb4CeF49B2d1F2C9C1199,true,true,false,0xa3d73be8c5fd169a25e8c320da523963d33fac009311f6c196f6a694d1742fe5,1080,207628,1789654210394,1789654212163,1769,
2359,0x8626f6940E2eb28930eFb4CeF49B2d1F2C9C1199,0x09DB0a93B389bEF724429898f539AEB7ac2Dd55f,true,true,false,0xe3db899e204cd46b711bd49a9cc58f07f9b814936165447ddafd0b465d6bd770,1080,207628,1789654210395,1789654212167,1772,
2360,0x09DB0a93B389bEF724429898f539AEB7ac2Dd55f,0x70997970C51812dc3A010C7d01b50e0d17dc79C8,true,true,false,0x3360149ad540a15f3ba952e3acfaf86a7a96041764eba7f96278cc4b0cbd5014,1080,207628,1789654210395,1789654212167,1772,
2362,0x3C44CdDdB6a900fa2b585dd299e03d12FA4293BC,0x90F79bf6EB2c4f870365E785982E1f101E93b906,true,true,false,0xd9ac71311f4fa81576534bbcce7d3e44ed90807e19ecd8a518b2285e3c351911,1080,207616,1789654210395,1789654212167,1772,
2363,0x90F79bf6EB2c4f870365E785982E1f101E93b906,0x15d34AAf54267DB7D7c367839AAf71A00a2C6A65,true,true,false,0x80825e6ebec9101f0cce682e9bfc5c55b99bcf2264ab4d7d39e7e44594023b38,1080,207604,1789654210396,1789654212168,1772,
2364,0x15d34AAf54267DB7D7c367839AAf71A00a2C6A65,0x9965507D1a55bcC2695C58ba16FB37d819B0A4dc,true,true,false,0x7748b3ecefc6bbd0673a6eeb8aa332704cf2424e8c5a2007477a86e3d722cffd,1080,207628,1789654210396,1789654212168,1772,
2365,0x9965507D1a55bcC2695C58ba16FB37d819B0A4dc,0x976EA74026E726554dB657fA54763abd0C3a0aa9,true,true,false,0xd5882fbde5f1c3aed9069689cfb91420c79319eae2c41a5145f7f0f6eec8a875,1080,207628,1789654210397,1789654212168,1771,
2366,0x976EA74026E726554dB657fA54763abd0C3a0aa9,0x14dC79964da2C08b23698B3D3cc7Ca32193d9955,true,true,false,0x4110401ab7add6f34aa45d4ad485d32c42bd8014b75b6db0db134321fe314444,1080,207616,1789654210397,1789654212168,1771,
2367,0x14dC79964da2C08b23698B3D3cc7Ca32193d9955,0x23618e81E3f5cdF7f54C3d65f7FBc0aBf5B21E8f,true,true,false,0x780cb46480872da1ff5dde61a51ff85985d0b0f2dfb6dd6c2a6d2265a7f77ba2,1080,207628,1789654210398,1789654212177,1779,
2368,0x23618e81E3f5cdF7f54C3d65f7FBc0aBf5B21E8f,0xa0Ee7A142d267C1f36714E4a8F75612F20a79720,true,true,false,0x6e3f5cc4e6bc879673928f5023b632f6ee5514844ecf53d6433ab83349d26807,1080,207628,1789654210399,1789654212178,1779,
2371,0x71bE63f3384f5fb98995898A86B02Fb2426c5788,0xFABB0ac9d68B0B445fB7357272Ff202C5651694a,true,true,false,0xa190e787bc81a4d52aeeeadfbc2d1dea90491d02989573c7394ea9873603eb69,1080,207628,1789654210400,1789654212178,1778,
2372,0xFABB0ac9d68B0B445fB7357272Ff202C5651694a,0x1CBd3b2770909D4e10f157cABC84C7264073C9Ec,true,true,false,0x23b1c195297b318ac02a5c953b864af7e24554c0f9a8511fb36bd02dff01c06e,1080,207628,1789654210400,1789654212178,1778,
2373,0x1CBd3b2770909D4e10f157cABC84C7264073C9Ec,0xdF3e18d64BC6A983f673Ab319CCaE4f1a57C7097,true,true,false,0xfac73dc679c08d9891ba0b1e42e7e4a33cb99aa3f723cec7c05c351653a021d4,1080,207628,1789654210413,1789654212178,1765,
2376,0x2546BcD3c84621e976D8185a91A922aE77ECEc30,0xbDA5747bFD65F08deb54cb465eB87D40e51B197E,true,true,false,0xe2839cbcaedf60bd5a172dc3162831f9d390755abb455a74e754f4f27965a0f3,1080,207616,1789654210414,1789654212179,1765,
2377,0xbDA5747bFD65F08deb54cb465eB87D40e51B197E,0xdD2FD4581271e230360230F9337D5c0430Bf44C0,true,true,false,0xbdd56673f5fdf4d1bb2f1238e802e21e15b779ba53a5b0cd1fc6c5e2ab4c95ee,1080,207604,1789654210416,1789654212179,1763,
2378,0xdD2FD4581271e230360230F9337D5c0430Bf44C0,0x8626f6940E2eb28930eFb4CeF49B2d1F2C9C1199,true,true,false,0xfa0f651223b7116b8e0172ff96df45893b9c2275075cf463febef3958f28307c,1080,207628,1789654210416,1789654212179,1763,
2379,0x8626f6940E2eb28930eFb4CeF49B2d1F2C9C1199,0x09DB0a93B389bEF724429898f539AEB7ac2Dd55f,true,true,false,0x429a187363b514184c0118b132b647a59b6afccfa2d0abf5d8ac2bdf72577f1c,1080,207628,1789654210417,1789654212179,1762,
2380,0x09DB0a93B389bEF724429898f539AEB7ac2Dd55f,0x70997970C51812dc3A010C7d01b50e0d17dc79C8,true,true,false,0x58bf556995f9fd682c345370cf965fd1925296690b945138473f157958065763,1080,207628,1789654210418,1789654212179,1761,
2381,0x70997970C51812dc3A010C7d01b50e0d17dc79C8,0x3C44CdDdB6a900fa2b585dd299e03d12FA4293BC,true,true,false,0x65e0ba4717be007c2e4c10ee5c34342c14a5b36879b241a8cd5b0f4ce276e795,1080,207616,1789654210418,1789654212180,1762,
2382,0x3C44CdDdB6a900fa2b585dd299e03d12FA4293BC,0x90F79bf6EB2c4f870365E785982E1f101E93b906,true,true,false,0x7fcfb100142944ea53136eea6b62f60e5ab1489987bb0600ea0aa633b6b6d700,1080,207616,1789654210419,1789654212180,1761,
2383,0x90F79bf6EB2c4f870365E785982E1f101E93b906,0x15d34AAf54267DB7D7c367839AAf71A00a2C6A65,true,true,false,0xd68b2b2a4a2305f04a5ff1d50212707cc33cf0ec112c5a7d1fa74c1aa2e2ff4e,1080,207628,1789654210420,1789654212180,1760,
2384,0x15d34AAf54267DB7D7c367839AAf71A00a2C6A65,0x9965507D1a55bcC2695C58ba16FB37d819B0A4dc,true,true,false,0xb35cc252af872db43f59ef39c405380eb816e3875379143d903dc150833b68b9,1080,207628,1789654210420,1789654212180,1760,
2385,0x9965507D1a55bcC2695C58ba16FB37d819B0A4dc,0x976EA74026E726554dB657fA54763abd0C3a0aa9,true,true,false,0xdc35569b4c9abfe6e423a64000ab76d0ef78137c8a0d879f81ff01ebcfd9e4d2,1080,207616,1789654210421,1789654212180,1759,
2388,0x23618e81E3f5cdF7f54C3d65f7FBc0aBf5B21E8f,0xa0Ee7A142d267C1f36714E4a8F75612F20a79720,true,true,false,0x46add3ad92fb64cf44f5b6a3534584f701f1b1d0747b0f6bafd667d7b09c8d46,1080,207628,1789654210421,1789654212181,1760,
2389,0xa0Ee7A142d267C1f36714E4a8F75612F20a79720,0xBcd4042DE499D14e55001CcbB24a551F3b954096,true,true,false,0x8177d4c82040d8bf9b7910a6f9cc2d0cf108366269cb46570f792637dcbd368d,1080,207616,1789654210421,1789654212181,1760,
2390,0xBcd4042DE499D14e55001CcbB24a551F3b954096,0x71bE63f3384f5fb98995898A86B02Fb2426c5788,true,true,false,0x67d7cb4f58b3e73cf0b18dc7b993e7d733e596320f1b004097c9f21124e8ae36,1080,207616,1789654210422,1789654212181,1759,
2391,0x71bE63f3384f5fb98995898A86B02Fb2426c5788,0xFABB0ac9d68B0B445fB7357272Ff202C5651694a,true,true,false,0x8662fd1ab39a67003142da6d0185a2b74ac661a5115ce2d0f742ae0e6fc72915,1080,207628,1789654210422,1789654212182,1760,
2392,0xFABB0ac9d68B0B445fB7357272Ff202C5651694a,0x1CBd3b2770909D4e10f157cABC84C7264073C9Ec,true,true,false,0x1e6d23e84cc56b46f67eead1e05839f2b5f35bba9a56ccd12736f921196d42ae,1080,207616,1789654210423,1789654212182,1759,
2393,0x1CBd3b2770909D4e10f157cABC84C7264073C9Ec,0xdF3e18d64BC6A983f673Ab319CCaE4f1a57C7097,true,true,false,0x8f82dd3e89e1c5ccbeb18805918ec6416df24ce35b3c0f4f81c79d809ba1b572,1080,207616,1789654210423,1789654212182,1759,
2394,0xdF3e18d64BC6A983f673Ab319CCaE4f1a57C7097,0xcd3B766CCDd6AE721141F452C550Ca635964ce71,true,true,false,0xdbfaa47fc7a5bab47687930125304d58f90de3491102232b2ac8680e7fcc7a2b,1080,207604,1789654210423,1789654212183,1760,
2395,0xcd3B766CCDd6AE721141F452C550Ca635964ce71,0x2546BcD3c84621e976D8185a91A922aE77ECEc30,true,true,false,0x91c8000c7532034addef910690c0a3423b50ea2822dd553aa397a92d71b5571d,1080,207628,1789654210424,1789654212182,1758,
2396,0x2546BcD3c84621e976D8185a91A922aE77ECEc30,0xbDA5747bFD65F08deb54cb465eB87D40e51B197E,true,true,false,0x37398024a15514c80650d9749b969aab80d137d51c0e7550af6725e475a392d2,1080,207628,1789654210424,1789654212182,1758,
2397,0xbDA5747bFD65F08deb54cb465eB87D40e51B197E,0xdD2FD4581271e230360230F9337D5c0430Bf44C0,true,true,false,0x25dec3c67d09d11a23e0b7b1c9e1b97ce5e4d6d613bbecde9f795edd09994204,1080,207616,1789654210424,1789654212183,1759,
2398,0xdD2FD4581271e230360230F9337D5c0430Bf44C0,0x8626f6940E2eb28930eFb4CeF49B2d1F2C9C1199,true,true,false,0x06201896fe5fabbfc78d3016a27192f24f54adb92f8d04c9e20a462655991892,1080,207616,1789654210425,1789654212183,1758,
2399,0x8626f6940E2eb28930eFb4CeF49B2d1F2C9C1199,0x09DB0a93B389bEF724429898f539AEB7ac2Dd55f,true,true,false,0xca8223073f5691963ea8f91ba60e6c0aab60f8c958eb0f433291674ef8f9a86a,1080,207616,1789654210425,1789654212183,1758,
2400,0x09DB0a93B389bEF724429898f539AEB7ac2Dd55f,0x70997970C51812dc3A010C7d01b50e0d17dc79C8,true,true,false,0x0fc670cfecd76a1b18034230b10ef3ab4fea15bcd4e92c2081b30d5c9e7a3d9b,1080,207616,1789654210426,1789654212183,1757,
2401,0x70997970C51812dc3A010C7d01b50e0d17dc79C8,0x3C44CdDdB6a900fa2b585dd299e03d12FA4293BC,true,true,false,0x57c2eb03c1acd4aee689ed483810ec2401f3f7b7e08acb121b5e536cc063b9a3,1080,207604,1789654210426,1789654212184,1758,
2402,0x3C44CdDdB6a900fa2b585dd299e03d12FA4293BC,0x90F79bf6EB2c4f870365E785982E1f101E93b906,true,true,false,0x7fc03d5041a66cf297dfc5f69af5f3fc34db1055ef596064c7201057bbfe25cd,1080,207604,1789654210426,1789654212184,1758,
2405,0x9965507D1a55bcC2695C58ba16FB37d819B0A4dc,0x976EA74026E726554dB657fA54763abd0C3a0aa9,true,true,false,0xacff138b5492c5de03070b254572adcf5588950f96d9a16e2f7e22b412faa6e8,1080,207628,1789654210427,1789654212184,1757,
2406,0x976EA74026E726554dB657fA54763abd0C3a0aa9,0x14dC79964da2C08b23698B3D3cc7Ca32193d9955,true,true,false,0xb2a65b1af91847ec86b7597a6f5170c2dd770e09b027b6cbd7532bd94f8b55c8,1080,207628,1789654210427,1789654212184,1757,
2407,0x14dC79964da2C08b23698B3D3cc7Ca32193d9955,0x23618e81E3f5cdF7f54C3d65f7FBc0aBf5B21E8f,true,true,false,0xd8093fafb0059a0afe0ec8dc37a3d28c4dae554b3434e44381bd56ba278c49f1,1080,207628,1789654210428,1789654212184,1756,
2408,0x23618e81E3f5cdF7f54C3d65f7FBc0aBf5B21E8f,0xa0Ee7A142d267C1f36714E4a8F75612F20a79720,true,true,false,0x272cd434f57c88ba0965db29b4356b57643d1dee411a1216451f8a37b02f4aee,1080,207628,1789654210428,1789654212185,1757,
2409,0xa0Ee7A142d267C1f36714E4a8F75612F20a79720,0xBcd4042DE499D14e55001CcbB24a551F3b954096,true,true,false,0xde5a14ecb8bb77ff22fca1d04931fbb7e9612c69334790947ab277bf33695fdb,1080,207616,1789654210428,1789654212185,1757,
2410,0xBcd4042DE499D14e55001CcbB24a551F3b954096,0x71bE63f3384f5fb98995898A86B02Fb2426c5788,true,true,false,0x518d37a13d7b3b1b7022330115594dd71b0e8692356387f5af571e7c16a3be54,1080,207604,1789654210429,1789654212185,1756,
2411,0x71bE63f3384f5fb98995898A86B02Fb2426c5788,0xFABB0ac9d68B0B445fB7357272Ff202C5651694a,true,true,false,0x9b822a16df0c91a7fcca978d6d1e018ca1dd0ca60fc2bf84e7b73fe9a841c51f,1080,207616,1789654210429,1789654212185,1756,
2412,0xFABB0ac9d68B0B445fB7357272Ff202C5651694a,0x1CBd3b2770909D4e10f157cABC84C7264073C9Ec,true,true,false,0x78f27c6f437a30b19c100f6b872bb6ce5ebd9a0194a181e73f339bda7cbcb254,1080,207628,1789654210429,1789654212185,1756,
2413,0x1CBd3b2770909D4e10f157cABC84C7264073C9Ec,0xdF3e18d64BC6A983f673Ab319CCaE4f1a57C7097,true,true,false,0xe243452e3b00be492bc28f052dd7d2df9ddda06914a3a876f9d28b17e7907e50,1080,207628,1789654210430,1789654212186,1756,
2414,0xdF3e18d64BC6A983f673Ab319CCaE4f1a57C7097,0xcd3B766CCDd6AE721141F452C550Ca635964ce71,true,true,false,0xcb7c393a6d4afcc364233d9c66dcbddb7e862e43143f586c77e7c3b9385b78ef,1080,207628,1789654210430,1789654212186,1756,
2415,0xcd3B766CCDd6AE721141F452C550Ca635964ce71,0x2546BcD3c84621e976D8185a91A922aE77ECEc30,true,true,false,0xaf64e75ac5c03506e85c1689f644c55915187a4b0766f5115026f668b9a5d49c,1080,207628,1789654210431,1789654212186,1755,
2416,0x2546BcD3c84621e976D8185a91A922aE77ECEc30,0xbDA5747bFD65F08deb54cb465eB87D40e51B197E,true,true,false,0xe9ebdd9d7c2a88170c94e08744fcc0e06b1bfb281cf9077bb0412eafc520b78c,1080,207628,1789654210432,1789654212186,1754,
2417,0xbDA5747bFD65F08deb54cb465eB87D40e51B197E,0xdD2FD4581271e230360230F9337D5c0430Bf44C0,true,true,false,0x01c69170d63505341d9c96a84c3d6a01d4b5c2d0ad46996b01b43c8deba9534c,1080,207616,1789654210433,1789654212186,1753,
2418,0xdD2FD4581271e230360230F9337D5c0430Bf44C0,0x8626f6940E2eb28930eFb4CeF49B2d1F2C9C1199,true,true,false,0xec33916a739b3fb67c5f87849ac8b31a5fd69f1b465c61870225ea100da223b3,1080,207616,1789654210433,1789654212186,1753,
2419,0x8626f6940E2eb28930eFb4CeF49B2d1F2C9C1199,0x09DB0a93B389bEF724429898f539AEB7ac2Dd55f,true,true,false,0x9ba85c8111c731ede5bbfb156073d44dab4317929892a69a33004a6617836952,1080,207628,1789654210434,1789654212187,1753,
2420,0x09DB0a93B389bEF724429898f539AEB7ac2Dd55f,0x70997970C51812dc3A010C7d01b50e0d17dc79C8,true,true,false,0x1b50603336623de597fcd77d7c259662730beeb0e11d4f3f167744fdd5a0e0e0,1080,207616,1789654210434,1789654212187,1753,
2421,0x70997970C51812dc3A010C7d01b50e0d17dc79C8,0x3C44CdDdB6a900fa2b585dd299e03d12FA4293BC,true,true,false,0x1ec6c773275e1c26587a0e3de1ab65cc1f7e9e03960142fee908780602a1e648,1080,207616,1789654210435,1789654212187,1752,
2422,0x3C44CdDdB6a900fa2b585dd299e03d12FA4293BC,0x90F79bf6EB2c4f870365E785982E1f101E93b906,true,true,false,0x1a312d3b6698a7db042b57ae9bf510a460e2b964ffeb17497e6e44fb9bdf589c,1080,207616,1789654210435,1789654212187,1752,
2423,0x90F79bf6EB2c4f870365E785982E1f101E93b906,0x15d34AAf54267DB7D7c367839AAf71A00a2C6A65,true,true,false,0x14526f6da7d312add96d073f99ddf720841fc52b0e2fe387271fc385a36e9fd5,1080,207628,1789654210435,1789654212187,1752,
2424,0x15d34AAf54267DB7D7c367839AAf71A00a2C6A65,0x9965507D1a55bcC2695C58ba16FB37d819B0A4dc,true,true,false,0xc7c0ce55611690a676260c615f664c0e4faa74bfbf382cb9699b7e44fe3cbd4b,1080,207604,1789654210436,1789654212188,1752,
2425,0x9965507D1a55bcC2695C58ba16FB37d819B0A4dc,0x976EA74026E726554dB657fA54763abd0C3a0aa9,true,true,false,0x029a823ca01163a3d9ddc50759434050e19ac1625c94fa30a2ed5f6980f99b48,1080,207616,1789654210436,1789654212188,1752,
2426,0x976EA74026E726554dB657fA54763abd0C3a0aa9,0x14dC79964da2C08b23698B3D3cc7Ca32193d9955,true,true,false,0x4e9d5d16546237b2f454ab3144535d96e44123cb6b0c65bcfcfed963d79cdb30,1080,207628,1789654210436,1789654212188,1752,
2427,0x14dC79964da2C08b23698B3D3cc7Ca32193d9955,0x23618e81E3f5cdF7f54C3d65f7FBc0aBf5B21E8f,true,true,false,0x1a1a5244674c10eeb32eecae842e94ac3d4624e915ed0390642a79fabc7b511b,1080,207628,1789654210437,1789654212188,1751,
2429,0xa0Ee7A142d267C1f36714E4a8F75612F20a79720,0xBcd4042DE499D14e55001CcbB24a551F3b954096,true,true,false,0xd1a205466b3969bbe17c7a0d169a8a01198945edb4c090330e298dd8de0892f7,1080,207604,1789654210437,1789654212246,1809,
2430,0xBcd4042DE499D14e55001CcbB24a551F3b954096,0x71bE63f3384f5fb98995898A86B02Fb2426c5788,true,true,false,0x5c1ca4641d99ee75aa5b3533a9d81314491096cddd2aaebe719502014eec05f5,1080,207616,1789654210440,1789654212246,1806,
2431,0x71bE63f3384f5fb98995898A86B02Fb2426c5788,0xFABB0ac9d68B0B445fB7357272Ff202C5651694a,true,true,false,0xabac8fafb33390ba1a338f3fc1f23a9e83f1e33d69bb9e494347ab0aa0843acb,1080,207628,1789654210440,1789654212246,1806,
2432,0xFABB0ac9d68B0B445fB7357272Ff202C5651694a,0x1CBd3b2770909D4e10f157cABC84C7264073C9Ec,true,true,false,0xba6d2b240f944ee454b8fbcfea7336ef886a2cba346ab51fa9177759e4b9f85f,1080,207628,1789654210441,1789654212247,1806,
2433,0x1CBd3b2770909D4e10f157cABC84C7264073C9Ec,0xdF3e18d64BC6A983f673Ab319CCaE4f1a57C7097,true,true,false,0x506f2eeda0e617e9470757c7a8bc06b8ba6f767128208f7e40d729fe8a7f78e9,1080,207628,1789654210441,1789654212247,1806,
2989,0xa0Ee7A142d267C1f36714E4a8F75612F20a79720,0xBcd4042DE499D14e55001CcbB24a551F3b954096,true,true,false,0xddc26eed6cbbc98ea497bce5881a7e2e02e2928934a84a7a761e3d63d1178adf,1081,207604,1789654212354,1789654214218,1864,
2434,0xdF3e18d64BC6A983f673Ab319CCaE4f1a57C7097,0xcd3B766CCDd6AE721141F452C550Ca635964ce71,true,true,false,0x868e9ba7b7c02e11104949839dd235fd27f8688b034796906d477c515529f992,1081,207628,1789654212355,1789654214220,1865,
2435,0xcd3B766CCDd6AE721141F452C550Ca635964ce71,0x2546BcD3c84621e976D8185a91A922aE77ECEc30,true,true,false,0x38792377007d322640ac58d3399d820996e76dfb17bb3bcd85738b4efb5f9819,1081,207628,1789654212356,1789654214220,1864,
2436,0x2546BcD3c84621e976D8185a91A922aE77ECEc30,0xbDA5747bFD65F08deb54cb465eB87D40e51B197E,true,true,false,0xfd6d1a0784a1a600b93f2f032e40c97aacb77b84efbfa36f68c90005202f31dd,1081,207616,1789654212356,1789654214221,1865,
2437,0xbDA5747bFD65F08deb54cb465eB87D40e51B197E,0xdD2FD4581271e230360230F9337D5c0430Bf44C0,true,true,false,0x75a131391f44d9e4075a15ba47a5675117e2e1bc7d5d233f7eb7cc2a521951a4,1081,207628,1789654212357,1789654214221,1864,
2438,0xdD2FD4581271e230360230F9337D5c0430Bf44C0,0x8626f6940E2eb28930eFb4CeF49B2d1F2C9C1199,true,true,false,0xc7b95435153844b12f91ca8868e72fd3529c3f4763720efc55b3cf89e85d1dea,1081,207628,1789654212357,1789654214221,1864,
2439,0x8626f6940E2eb28930eFb4CeF49B2d1F2C9C1199,0x09DB0a93B389bEF724429898f539AEB7ac2Dd55f,true,true,false,0xef03bde7d8bf689093e52f62a20eef8b7e4837e5541f59d2ca057f68409db698,1081,207628,1789654212358,1789654214221,1863,
2440,0x09DB0a93B389bEF724429898f539AEB7ac2Dd55f,0x70997970C51812dc3A010C7d01b50e0d17dc79C8,true,true,false,0x58c3d0dd759196f305001545def1b3d71d4c40105c832ab99f29f7cac5afc2d8,1081,207628,1789654212358,1789654214230,1872,
2441,0x70997970C51812dc3A010C7d01b50e0d17dc79C8,0x3C44CdDdB6a900fa2b585dd299e03d12FA4293BC,true,true,false,0x1f173d70350e3ef121ecaadf4dff09e4f47e46854f977e8af96445fbe6e1b8c8,1081,207604,1789654212359,1789654214231,1872,
2442,0x3C44CdDdB6a900fa2b585dd299e03d12FA4293BC,0x90F79bf6EB2c4f870365E785982E1f101E93b906,true,true,false,0x06c99a0a1414abec68ca67f76fe8557b39bc9f1e47b1220607203ed52f6433f4,1081,207616,1789654212360,1789654214232,1872,
2443,0x90F79bf6EB2c4f870365E785982E1f101E93b906,0x15d34AAf54267DB7D7c367839AAf71A00a2C6A65,true,true,false,0x95d070956eca192b95f97381229bf7380707b461d263e152f692ca89e50dfcc7,1081,207628,1789654212360,1789654214232,1872,
2444,0x15d34AAf54267DB7D7c367839AAf71A00a2C6A65,0x9965507D1a55bcC2695C58ba16FB37d819B0A4dc,true,true,false,0x3f53da2bd3661b374b3f33c39ad9475f4d679a4e7bcfb40f9daafedd34eeecdb,1081,207628,1789654212361,1789654214233,1872,
2445,0x9965507D1a55bcC2695C58ba16FB37d819B0A4dc,0x976EA74026E726554dB657fA54763abd0C3a0aa9,true,true,false,0x67b50b9e9579135241bfbe9d70a72504e840f300a40b4154e0926204cfb4cbca,1081,207628,1789654212361,1789654214233,1872,
2450,0xBcd4042DE499D14e55001CcbB24a551F3b954096,0x71bE63f3384f5fb98995898A86B02Fb2426c5788,true,true,false,0xed050d0a0c256e5f3b37234f3a38024e966f59aaa5f01da3fa78d287035aa91e,1081,207592,1789654212362,1789654214233,1871,
2451,0x71bE63f3384f5fb98995898A86B02Fb2426c5788,0xFABB0ac9d68B0B445fB7357272Ff202C5651694a,true,true,false,0x97835454d5526e319b6378efd21b4f9f87339ed662eabcb11ab935caa91b55e2,1081,207628,1789654212363,1789654214234,1871,
2452,0xFABB0ac9d68B0B445fB7357272Ff202C5651694a,0x1CBd3b2770909D4e10f157cABC84C7264073C9Ec,true,true,false,0x4e18fbfeaee48fa48dfa5bf30089ed846b2199ccfbc026c7b388de17487b70f8,1081,207628,1789654212363,1789654214234,1871,
2453,0x1CBd3b2770909D4e10f157cABC84C7264073C9Ec,0xdF3e18d64BC6A983f673Ab319CCaE4f1a57C7097,true,true,false,0x4cabbb45b958ce9e1f82a46ce368679e0460ff7496e830f1f02cb7a20dc1faf3,1081,207628,1789654212364,1789654214234,1870,
2454,0xdF3e18d64BC6A983f673Ab319CCaE4f1a57C7097,0xcd3B766CCDd6AE721141F452C550Ca635964ce71,true,true,false,0x66c9a60631afee0df2cb2d715bc8d0edb1c7e2319f99b74144ea7ae54113cca8,1081,207628,1789654212365,1789654214234,1869,
2455,0xcd3B766CCDd6AE721141F452C550Ca635964ce71,0x2546BcD3c84621e976D8185a91A922aE77ECEc30,true,true,false,0x6a61bccf88aad72cd267ecf16bb99998d81e156d3116678fcd0c0845fee33915,1081,207628,1789654212366,1789654214235,1869,
2456,0x2546BcD3c84621e976D8185a91A922aE77ECEc30,0xbDA5747bFD65F08deb54cb465eB87D40e51B197E,true,true,false,0x35334b89a200eecc317506e5e35b0e7211f1dbda51411dee9ef80e314fb754d5,1081,207628,1789654212367,1789654214235,1868,
2457,0xbDA5747bFD65F08deb54cb465eB87D40e51B197E,0xdD2FD4581271e230360230F9337D5c0430Bf44C0,true,true,false,0x0777bc4d83057d90be855c882c1f723555747ad27f5f3cbf5da6ce7f13fdd9a4,1081,207628,1789654212367,1789654214235,1868,
2458,0xdD2FD4581271e230360230F9337D5c0430Bf44C0,0x8626f6940E2eb28930eFb4CeF49B2d1F2C9C1199,true,true,false,0xc0e1b302a20cb9c66a2f07f18253e2aac7d0733ff24bca52d64dc725c370f04e,1081,207616,1789654212368,1789654214235,1867,
2459,0x8626f6940E2eb28930eFb4CeF49B2d1F2C9C1199,0x09DB0a93B389bEF724429898f539AEB7ac2Dd55f,true,true,false,0xe13063e91a84d466a4c2976d251487fcf4af84ecb2ab0c9444b8078072f9ba93,1081,207616,1789654212368,1789654214236,1868,
2460,0x09DB0a93B389bEF724429898f539AEB7ac2Dd55f,0x70997970C51812dc3A010C7d01b50e0d17dc79C8,true,true,false,0x9659165492ca086ee6fda7185a285908874e228185616cc38afe8ae28c17db2b,1081,207628,1789654212369,1789654214236,1867,
2461,0x70997970C51812dc3A010C7d01b50e0d17dc79C8,0x3C44CdDdB6a900fa2b585dd299e03d12FA4293BC,true,true,false,0x8eb6f264013f9d12e89303210c4b8dfc082917137c263d08ef0abb511f844639,1081,207616,1789654212369,1789654214236,1867,
2462,0x3C44CdDdB6a900fa2b585dd299e03d12FA4293BC,0x90F79bf6EB2c4f870365E785982E1f101E93b906,true,true,false,0x854a73ec7eafe82648b7872aa6024b6a3bc597ae0f0dc1b7e00767c89342317e,1081,207616,1789654212370,1789654214236,1866,
2463,0x90F79bf6EB2c4f870365E785982E1f101E93b906,0x15d34AAf54267DB7D7c367839AAf71A00a2C6A65,true,true,false,0x9443f93ac16fd90a56b3b86ba749d9dbb8ef09d2fa48e947494d44de8bb27503,1081,207628,1789654212370,1789654214236,1866,
2464,0x15d34AAf54267DB7D7c367839AAf71A00a2C6A65,0x9965507D1a55bcC2695C58ba16FB37d819B0A4dc,true,true,false,0x6560ae26538e7e4ce6cd4493a7ac9d5a55807318c9f658b55da27ccc99e14dd5,1081,207628,1789654212371,1789654214237,1866,
2465,0x9965507D1a55bcC2695C58ba16FB37d819B0A4dc,0x976EA74026E726554dB657fA54763abd0C3a0aa9,true,true,false,0xe65d69f130b1acd5a1d666bdfd4b8658b0bf5f106f82bd6dc7e26090c03d7a97,1081,207628,1789654212371,1789654214237,1866,
2466,0x976EA74026E726554dB657fA54763abd0C3a0aa9,0x14dC79964da2C08b23698B3D3cc7Ca32193d9955,true,true,false,0xe7a719cecb2dd73d898eb9f8f59fc73d9aa5b279631303674bb5d6209fc5a37a,1081,207628,1789654212372,1789654214237,1865,
2467,0x14dC79964da2C08b23698B3D3cc7Ca32193d9955,0x23618e81E3f5cdF7f54C3d65f7FBc0aBf5B21E8f,true,true,false,0xc5568482c3b59aa466b147360bcb528b782def3ffea5871ff79f8937d7b59ca1,1081,207628,1789654212372,1789654214237,1865,
2468,0x23618e81E3f5cdF7f54C3d65f7FBc0aBf5B21E8f,0xa0Ee7A142d267C1f36714E4a8F75612F20a79720,true,true,false,0xcf1101b5651ca27247e077802667e27045eab0b9eab17d3a813f4723c67e7595,1081,207628,1789654212373,1789654214237,1864,
2469,0xa0Ee7A142d267C1f36714E4a8F75612F20a79720,0xBcd4042DE499D14e55001CcbB24a551F3b954096,true,true,false,0xb8f7f6e05da9f7811a32019753235aa9bc8aa2c93ee5fd46124623682f3d01b6,1081,207604,1789654212373,1789654214238,1865,
2470,0xBcd4042DE499D14e55001CcbB24a551F3b954096,0x71bE63f3384f5fb98995898A86B02Fb2426c5788,true,true,false,0xb39ad27d5d784a5ad05eb8df61c51489e0aca5e11544736295945b55e557fb76,1081,207616,1789654212374,1789654214238,1864,
2471,0x71bE63f3384f5fb98995898A86B02Fb2426c5788,0xFABB0ac9d68B0B445fB7357272Ff202C5651694a,true,true,false,0x615f983f447e73a73d76cea7a32def0cd6037b8a584d6530bbc26a6cee044ad0,1081,207616,1789654212374,1789654214238,1864,
2472,0xFABB0ac9d68B0B445fB7357272Ff202C5651694a,0x1CBd3b2770909D4e10f157cABC84C7264073C9Ec,true,true,false,0x64effb638a94f2f11597246c11f46491355b6afa6fd03558ce5b2b85702fd43b,1081,207616,1789654212375,1789654214238,1863,
2473,0x1CBd3b2770909D4e10f157cABC84C7264073C9Ec,0xdF3e18d64BC6A983f673Ab319CCaE4f1a57C7097,true,true,false,0x9fb10a84fd2d6c6ceb2ef3955375bda058aad144b3676653fd6ea694166be92d,1081,207628,1789654212375,1789654214239,1864,
2474,0xdF3e18d64BC6A983f673Ab319CCaE4f1a57C7097,0xcd3B766CCDd6AE721141F452C550Ca635964ce71,true,true,false,0x78341859c3081928754f1b63545b8fd372d943ff85ce78afa45bcc40eb8bb34a,1081,207628,1789654212376,1789654214239,1863,
2475,0xcd3B766CCDd6AE721141F452C550Ca635964ce71,0x2546BcD3c84621e976D8185a91A922aE77ECEc30,true,true,false,0xaf41a507e03da8eabef67fb291715356e2399d0c91fc2f0f9ff8c8b177e96148,1081,207628,1789654212377,1789654214239,1862,
2476,0x2546BcD3c84621e976D8185a91A922aE77ECEc30,0xbDA5747bFD65F08deb54cb465eB87D40e51B197E,true,true,false,0x72634cb57db281e551341734cee5b338aac3fb7615949baa3470a2648d55e009,1081,207628,1789654212378,1789654214240,1862,
2477,0xbDA5747bFD65F08deb54cb465eB87D40e51B197E,0xdD2FD4581271e230360230F9337D5c0430Bf44C0,true,true,false,0xb04a1ac1fcf71baa521d8123da20f549cd3992102ba96b48f20eb911c7adc8fb,1081,207628,1789654212378,1789654214286,1908,
2478,0xdD2FD4581271e230360230F9337D5c0430Bf44C0,0x8626f6940E2eb28930eFb4CeF49B2d1F2C9C1199,true,true,false,0xf6a50f0ed6ad6872fd68c905691871ed6c32a9498cddb513afe8964a4259a5f7,1081,207628,1789654212379,1789654214286,1907,
2479,0x8626f6940E2eb28930eFb4CeF49B2d1F2C9C1199,0x09DB0a93B389bEF724429898f539AEB7ac2Dd55f,true,true,false,0x1a0774bfe37d93c3cc975712d4a8bb7054748b71690fb0f94626c49e5534e114,1081,207628,1789654212380,1789654214286,1906,
2480,0x09DB0a93B389bEF724429898f539AEB7ac2Dd55f,0x70997970C51812dc3A010C7d01b50e0d17dc79C8,true,true,false,0x12a11a5654dae3052fb192cc621afa8cf7f17e0152b5c74ef5d87816885826d5,1081,207628,1789654212381,1789654214287,1906,
2481,0x70997970C51812dc3A010C7d01b50e0d17dc79C8,0x3C44CdDdB6a900fa2b585dd299e03d12FA4293BC,true,true,false,0x5fe5edb655d769b7b278cd53c1907533445179f993e9ca5212d618e2eb5169ff,1081,207616,1789654212382,1789654214287,1905,
2482,0x3C44CdDdB6a900fa2b585dd299e03d12FA4293BC,0x90F79bf6EB2c4f870365E785982E1f101E93b906,true,true,false,0x87d953f36cf67bac991a721eccc86e68a36c7d5f323950b84c184b96ea901586,1081,207616,1789654212383,1789654214287,1904,
2483,0x90F79bf6EB2c4f870365E785982E1f101E93b906,0x15d34AAf54267DB7D7c367839AAf71A00a2C6A65,true,true,false,0xee2661cef40cdd166581cb9c7d9c38b413b4b810b1036fa4707fc84c75f0d9cb,1081,207616,1789654212387,1789654214287,1900,
2484,0x15d34AAf54267DB7D7c367839AAf71A00a2C6A65,0x9965507D1a55bcC2695C58ba16FB37d819B0A4dc,true,true,false,0x33dc0ea4c73fc2cdcc87afa84c0a3a1e0789cd79cfb599e43ff0324f83e5fbf6,1081,207628,1789654212387,1789654214288,1901,
2485,0x9965507D1a55bcC2695C58ba16FB37d819B0A4dc,0x976EA74026E726554dB657fA54763abd0C3a0aa9,true,true,false,0x6f50ba3a0da2a4feb4462f43183b5e659cc31dafed411e235e7c4d78290cea3e,1081,207628,1789654212388,1789654214288,1900,
2486,0x976EA74026E726554dB657fA54763abd0C3a0aa9,0x14dC79964da2C08b23698B3D3cc7Ca32193d9955,true,true,false,0xec67b1923962f99c68d997d3a0b9b4ef3141de45d1515748d05f2b38d52ec970,1081,207628,1789654212388,1789654214288,1900,
2487,0x14dC79964da2C08b23698B3D3cc7Ca32193d9955,0x23618e81E3f5cdF7f54C3d65f7FBc0aBf5B21E8f,true,true,false,0x01c154bd35185cbe346a01b040620baefca4ca754bd9a77daca359ac97d56ddd,1081,207616,1789654212389,1789654214289,1900,
2488,0x23618e81E3f5cdF7f54C3d65f7FBc0aBf5B21E8f,0xa0Ee7A142d267C1f36714E4a8F75612F20a79720,true,true,false,0x0551ee7da798f6a66783df6c3ec9977ec73adb0d6f170e22b3e02134f3192f04,1081,207628,1789654212389,1789654214289,1900,
2489,0xa0Ee7A142d267C1f36714E4a8F75612F20a79720,0xBcd4042DE499D14e55001CcbB24a551F3b954096,true,true,false,0x1276c71e15397577a44faeeb6f6170f049b7caacb061e7893e09be0cda50c540,1081,207616,1789654212390,1789654214289,1899,
2490,0xBcd4042DE499D14e55001CcbB24a551F3b954096,0x71bE63f3384f5fb98995898A86B02Fb2426c5788,true,true,false,0x4309a10c581f5fafb517f4f39602808e4d5ff49fe1a022ad3232176abc0b094c,1081,207616,1789654212390,1789654214289,1899,
2491,0x71bE63f3384f5fb98995898A86B02Fb2426c5788,0xFABB0ac9d68B0B445fB7357272Ff202C5651694a,true,true,false,0xe339cdfe28325e5453347616d52b0c1d7d5a58e2482763c396526b000323e876,1081,207628,1789654212391,1789654214290,1899,
2492,0xFABB0ac9d68B0B445fB7357272Ff202C5651694a,0x1CBd3b2770909D4e10f157cABC84C7264073C9Ec,true,true,false,0x14d501200221fb011f35b93d5c85f3a640b810e16bf11306044c6babc70138bb,1081,207616,1789654212391,1789654214290,1899,
2493,0x1CBd3b2770909D4e10f157cABC84C7264073C9Ec,0xdF3e18d64BC6A983f673Ab319CCaE4f1a57C7097,true,true,false,0x1a3ddc88187e522b82b5826260dc806d6ae72f1fdf19224f7e94e93d581ff19a,1081,207628,1789654212392,1789654214290,1898,
2494,0xdF3e18d64BC6A983f673Ab319CCaE4f1a57C7097,0xcd3B766CCDd6AE721141F452C550Ca635964ce71,true,true,false,0x70bef1038914605a9ea547f3fea673648f59dcccac489c5c3a947db8f36e25de,1081,207628,1789654212392,1789654214290,1898,
2495,0xcd3B766CCDd6AE721141F452C550Ca635964ce71,0x2546BcD3c84621e976D8185a91A922aE77ECEc30,true,true,false,0x0f47d4cd32564b43d8db4b4ae3a4cbcc82087c441e9a3828a5da47d0840a42ed,1081,207616,1789654212393,1789654214290,1897,
2496,0x2546BcD3c84621e976D8185a91A922aE77ECEc30,0xbDA5747bFD65F08deb54cb465eB87D40e51B197E,true,true,false,0x6ab5ba8c29f2439eb0e7f0bc8d0210090caa181256d10623b1694ff663e91b28,1081,207628,1789654212394,1789654214291,1897,
2497,0xbDA5747bFD65F08deb54cb465eB87D40e51B197E,0xdD2FD4581271e230360230F9337D5c0430Bf44C0,true,true,false,0x10c6289e2e66c784dda57caa49a41fe44f238f2e532ef51f331a9ae4a6dcc121,1081,207628,1789654212413,1789654214291,1878,
2498,0xdD2FD4581271e230360230F9337D5c0430Bf44C0,0x8626f6940E2eb28930eFb4CeF49B2d1F2C9C1199,true,true,false,0x99633eda9fae29583cff8982af858a97d3e5cfa59a9c5a8bc6dffcf5de143650,1081,207616,1789654212426,1789654214292,1866,
2499,0x8626f6940E2eb28930eFb4CeF49B2d1F2C9C1199,0x09DB0a93B389bEF724429898f539AEB7ac2Dd55f,true,true,false,0xa3ffa758c9fd6080569980456889057cda31347ae857fedad13c6f1913230002,1081,207628,1789654212427,1789654214292,1865,
2500,0x09DB0a93B389bEF724429898f539AEB7ac2Dd55f,0x70997970C51812dc3A010C7d01b50e0d17dc79C8,true,true,false,0xb69b88d5bba5d86cc943a2f040d2013b2d1df72dd320abdf963111c65f3a8ca4,1081,207628,1789654212428,1789654214292,1864,
2501,0x70997970C51812dc3A010C7d01b50e0d17dc79C8,0x3C44CdDdB6a900fa2b585dd299e03d12FA4293BC,true,true,false,0x9025433e88be5575a4ad08a2306886cd1826c1423a0caa1711204d2871582ff7,1081,207616,1789654212428,1789654214292,1864,
2502,0x3C44CdDdB6a900fa2b585dd299e03d12FA4293BC,0x90F79bf6EB2c4f870365E785982E1f101E93b906,true,true,false,0xbd1bd6fdcab27128c9b9ab9da4af7e4985834a38066f56c35df111610a94c6ce,1081,207616,1789654212429,1789654214292,1863,
2503,0x90F79bf6EB2c4f870365E785982E1f101E93b906,0x15d34AAf54267DB7D7c367839AAf71A00a2C6A65,true,true,false,0xde7044ec1fcb34dc20d20406a39f9cfd593c46eaa2c2a7c13dc7d558a4580d5f,1081,207604,1789654212430,1789654214293,1863,
2504,0x15d34AAf54267DB7D7c367839AAf71A00a2C6A65,0x9965507D1a55bcC2695C58ba16FB37d819B0A4dc,true,true,false,0x4921efe28bf8a0b7247f009fb5ffc435e90e54301e7fd0135c36d0a6046b453f,1081,207628,1789654212431,1789654214293,1862,
2505,0x9965507D1a55bcC2695C58ba16FB37d819B0A4dc,0x976EA74026E726554dB657fA54763abd0C3a0aa9,true,true,false,0x786c950a7e74089b31c91ff8316baf68d7edd993b84b7dc80079657ab1c42a3e,1081,207628,1789654212433,1789654214293,1860,
2506,0x976EA74026E726554dB657fA54763abd0C3a0aa9,0x14dC79964da2C08b23698B3D3cc7Ca32193d9955,true,true,false,0x8c62981ae4bc4ac5bd7b8fd230656753cc613296da97b5565e5908b40e156b06,1081,207628,1789654212434,1789654214293,1859,
2507,0x14dC79964da2C08b23698B3D3cc7Ca32193d9955,0x23618e81E3f5cdF7f54C3d65f7FBc0aBf5B21E8f,true,true,false,0x5d32b4f0c7c8e66b4e2492b2548b94478239940b9167294a6aa06cb838e34851,1081,207628,1789654212434,1789654214293,1859,
2508,0x23618e81E3f5cdF7f54C3d65f7FBc0aBf5B21E8f,0xa0Ee7A142d267C1f36714E4a8F75612F20a79720,true,true,false,0xdd9ea477e9617d91657acadc68a422d6f3c19a545a0df0319695cc93df00ce7b,1081,207628,1789654212435,1789654214294,1859,
2509,0xa0Ee7A142d267C1f36714E4a8F75612F20a79720,0xBcd4042DE499D14e55001CcbB24a551F3b954096,true,true,false,0x39df1e6f93c51707d446fd38424a5105895c1b573f3456eab1125d7b03e3a3e6,1081,207616,1789654212436,1789654214294,1858,
2510,0xBcd4042DE499D14e55001CcbB24a551F3b954096,0x71bE63f3384f5fb98995898A86B02Fb2426c5788,true,true,false,0xa70d58309065df7977eed287102c8cd6103a9161739deded888bb89d363209e6,1081,207616,1789654212436,1789654214294,1858,
2511,0x71bE63f3384f5fb98995898A86B02Fb2426c5788,0xFABB0ac9d68B0B445fB7357272Ff202C5651694a,true,true,false,0xca85e6116428ceb08f9af29a0275a4c85c4001362598c0ad2c9ee59808ab52e6,1081,207628,1789654212437,1789654214294,1857,
2512,0xFABB0ac9d68B0B445fB7357272Ff202C5651694a,0x1CBd3b2770909D4e10f157cABC84C7264073C9Ec,true,true,false,0xcdc2753a8793e08b8c14dfa37c013dd0e5e9fce4197819605387192d97e2c42a,1081,207628,1789654212437,1789654214294,1857,
2513,0x1CBd3b2770909D4e10f157cABC84C7264073C9Ec,0xdF3e18d64BC6A983f673Ab319CCaE4f1a57C7097,true,true,false,0x5b3d2a67b948d7746dda6304b2dc9caf5b7dc1a65e0d28bcebb69541bdd8745f,1081,207628,1789654212438,1789654214295,1857,
2514,0xdF3e18d64BC6A983f673Ab319CCaE4f1a57C7097,0xcd3B766CCDd6AE721141F452C550Ca635964ce71,true,true,false,0x26902c2ff33c6d7401e77ac7151aa78c3b060f6bd2f7460408ea9927897bcdec,1081,207628,1789654212438,1789654214295,1857,
2515,0xcd3B766CCDd6AE721141F452C550Ca635964ce71,0x2546BcD3c84621e976D8185a91A922aE77ECEc30,true,true,false,0xd73996023d29562363199345de20f23618d6c4ba70e9b7e5cf5c10dbc5af131f,1081,207628,1789654212439,1789654214295,1856,
2516,0x2546BcD3c84621e976D8185a91A922aE77ECEc30,0xbDA5747bFD65F08deb54cb465eB87D40e51B197E,true,true,false,0x699e5f0e61dc8f3abf8ca4349fb731ca53b0db1c7ed7e1dcd9de9b7467b2f90b,1081,207628,1789654212439,1789654214295,1856,
2517,0xbDA5747bFD65F08deb54cb465eB87D40e51B197E,0xdD2FD4581271e230360230F9337D5c0430Bf44C0,true,true,false,0xfd92c7c5411fdd6a8f2c90950922dc0d7ad212ea385ff90aee5081ba968f98b8,1081,207628,1789654212440,1789654214296,1856,
2518,0xdD2FD4581271e230360230F9337D5c0430Bf44C0,0x8626f6940E2eb28930eFb4CeF49B2d1F2C9C1199,true,true,false,0x3731d28db2edfad3152611f73be07604c8ea01847137445a896787da2b9cfead,1081,207628,1789654212441,1789654214296,1855,
2519,0x8626f6940E2eb28930eFb4CeF49B2d1F2C9C1199,0x09DB0a93B389bEF724429898f539AEB7ac2Dd55f,true,true,false,0x4855dce3b97e5ba6bae4543e1657285315d6d85b1b6e72765b2f7dd5f5aafb69,1081,207616,1789654212441,1789654214296,1855,
2520,0x09DB0a93B389bEF724429898f539AEB7ac2Dd55f,0x70997970C51812dc3A010C7d01b50e0d17dc79C8,true,true,false,0xe557e614a97714a62ec65043aae1a6c7eee48cdd867ccd8c5be9012b0e970942,1081,207628,1789654212441,1789654214296,1855,
2521,0x70997970C51812dc3A010C7d01b50e0d17dc79C8,0x3C44CdDdB6a900fa2b585dd299e03d12FA4293BC,true,true,false,0x78e16a62b361afd2b833d2ba3208087f624f6924ba91f3784fcbd262bd1e8dda,1081,207604,1789654212442,1789654214296,1854,
2522,0x3C44CdDdB6a900fa2b585dd299e03d12FA4293BC,0x90F79bf6EB2c4f870365E785982E1f101E93b906,true,true,false,0xcdcd8449fb9c1a53f5b92d86b387533866fcdc603be69b176ddd9aab171aac1b,1081,207616,1789654212442,1789654214297,1855,
2523,0x90F79bf6EB2c4f870365E785982E1f101E93b906,0x15d34AAf54267DB7D7c367839AAf71A00a2C6A65,true,true,false,0xeeebdaf7741cbcf6a63a87da5aef44c1ee65f618e213b995e1ecf1cfcca08950,1081,207628,1789654212443,1789654214297,1854,
2525,0x9965507D1a55bcC2695C58ba16FB37d819B0A4dc,0x976EA74026E726554dB657fA54763abd0C3a0aa9,true,true,false,0xbc10ea8b2f3e75068ebcc41af21547013e63bff155791c997503fc6ad027a937,1081,207628,1789654212443,1789654214297,1854,
2526,0x976EA74026E726554dB657fA54763abd0C3a0aa9,0x14dC79964da2C08b23698B3D3cc7Ca32193d9955,true,true,false,0xd7c5a733a0bc2b2741a14c5d5dcb4e9efeace0e93dce0d831835e3f82945ac31,1081,207628,1789654212444,1789654214298,1854,
2527,0x14dC79964da2C08b23698B3D3cc7Ca32193d9955,0x23618e81E3f5cdF7f54C3d65f7FBc0aBf5B21E8f,true,true,false,0x27e888f92485d98d7fb06cd2a3273029e616858260d90f47673e46d548491893,1081,207628,1789654212444,1789654214298,1854,
2528,0x23618e81E3f5cdF7f54C3d65f7FBc0aBf5B21E8f,0xa0Ee7A142d267C1f36714E4a8F75612F20a79720,true,true,false,0xe3cabcb51794dcf974425645098d704effbeaca2736c612b11020acbdd035f20,1081,207628,1789654212445,1789654214298,1853,
2529,0xa0Ee7A142d267C1f36714E4a8F75612F20a79720,0xBcd4042DE499D14e55001CcbB24a551F3b954096,true,true,false,0x8e88b32538d46372d2ea83b918ebf370d230ce30fb5b51a31d1a3462e71ac576,1081,207616,1789654212445,1789654214299,1854,
2530,0xBcd4042DE499D14e55001CcbB24a551F3b954096,0x71bE63f3384f5fb98995898A86B02Fb2426c5788,true,true,false,0x16a8826810c453731c53953eef4f582394aba4da612923fdf37136c7b9d5cbdd,1081,207616,1789654212446,1789654214299,1853,
2531,0x71bE63f3384f5fb98995898A86B02Fb2426c5788,0xFABB0ac9d68B0B445fB7357272Ff202C5651694a,true,true,false,0xda3742086a9fce1ba4cd5def5e630d0acfcfd14666b5d72e5ee8ac281dc5e6f1,1081,207628,1789654212446,1789654214300,1854,
2534,0xdF3e18d64BC6A983f673Ab319CCaE4f1a57C7097,0xcd3B766CCDd6AE721141F452C550Ca635964ce71,true,true,false,0xc295d4517103211270b7e4b4a5e2918d5dbf24a110e092387a139bd5a837e370,1081,207628,1789654212448,1789654214300,1852,
2535,0xcd3B766CCDd6AE721141F452C550Ca635964ce71,0x2546BcD3c84621e976D8185a91A922aE77ECEc30,true,true,false,0xa3e54e740caa2cc9dfb5baf88a2f5094ba97c12874d3d9099d724ac6086e29c4,1081,207628,1789654212451,1789654214300,1849,
2536,0x2546BcD3c84621e976D8185a91A922aE77ECEc30,0xbDA5747bFD65F08deb54cb465eB87D40e51B197E,true,true,false,0x2d84955cdc38da73630f2e199b90b19d0b142c1b89620239daae7f6fa526d446,1081,207628,1789654212452,1789654214301,1849,
2537,0xbDA5747bFD65F08deb54cb465eB87D40e51B197E,0xdD2FD4581271e230360230F9337D5c0430Bf44C0,true,true,false,0xd2cb64876d8d4e1af81ba22e8c928cd1f324117186d5df82ae8f32dac72dfdb1,1081,207628,1789654212452,1789654214301,1849,
2538,0xdD2FD4581271e230360230F9337D5c0430Bf44C0,0x8626f6940E2eb28930eFb4CeF49B2d1F2C9C1199,true,true,false,0x1adb55234f67e046948265d3111f4fbd755adaef9cfb56e361196f41b0f38a07,1081,207616,1789654212453,1789654214301,1848,
2539,0x8626f6940E2eb28930eFb4CeF49B2d1F2C9C1199,0x09DB0a93B389bEF724429898f539AEB7ac2Dd55f,true,true,false,0x08cfa109fbddded18f30a72b13943e6ac263574286b3e7437b6df2c1aff03eaf,1081,207628,1789654212453,1789654214301,1848,
2988,0x23618e81E3f5cdF7f54C3d65f7FBc0aBf5B21E8f,0xa0Ee7A142d267C1f36714E4a8F75612F20a79720,true,true,false,0x4b01e468c0d81a30ec3b665b9667fa70d1a86336e5a57941638ee865d0a0b3e7,1082,207628,1789654214445,1789654216194,1749,
2540,0x09DB0a93B389bEF724429898f539AEB7ac2Dd55f,0x70997970C51812dc3A010C7d01b50e0d17dc79C8,true,true,false,0x5c53b3d4cbcc68389255a5edda5ede6d1f7a1e798314f0eb98296c54ec52b21a,1082,207616,1789654214445,1789654216270,1825,
2541,0x70997970C51812dc3A010C7d01b50e0d17dc79C8,0x3C44CdDdB6a900fa2b585dd299e03d12FA4293BC,true,true,false,0x1d125107a77beb39b6dc7df470397ee1687f42a5b74a779c8f3994fce6571ee5,1082,207616,1789654214446,1789654216270,1824,
2542,0x3C44CdDdB6a900fa2b585dd299e03d12FA4293BC,0x90F79bf6EB2c4f870365E785982E1f101E93b906,true,true,false,0x1ca871e9a1f68e85edbd7502a40bf10bfe2052a105019083b245ca30c3a8b3cc,1082,207616,1789654214446,1789654216270,1824,
2543,0x90F79bf6EB2c4f870365E785982E1f101E93b906,0x15d34AAf54267DB7D7c367839AAf71A00a2C6A65,true,true,false,0x045f184c0f7e536a16f3128ae1ae9afa1e7e7167dcfe0a99dd4e6094af94a286,1082,207628,1789654214447,1789654216270,1823,
2544,0x15d34AAf54267DB7D7c367839AAf71A00a2C6A65,0x9965507D1a55bcC2695C58ba16FB37d819B0A4dc,true,true,false,0x8099f08c9f0a581161901a20ce4be1483946c5d1a4a4a45f4d41d8e1b987090c,1082,207628,1789654214447,1789654216271,1824,
2545,0x9965507D1a55bcC2695C58ba16FB37d819B0A4dc,0x976EA74026E726554dB657fA54763abd0C3a0aa9,true,true,false,0xdf5d8988fc9e4d6b14631ca811a36a040d75669ca0fccacd6a52db58186165d3,1082,207628,1789654214449,1789654216271,1822,
2546,0x976EA74026E726554dB657fA54763abd0C3a0aa9,0x14dC79964da2C08b23698B3D3cc7Ca32193d9955,true,true,false,0x96a57fe374063e4301291d52d123f7e87429498e927a92ff99258af3bd68ce4e,1082,207628,1789654214450,1789654216271,1821,
2547,0x14dC79964da2C08b23698B3D3cc7Ca32193d9955,0x23618e81E3f5cdF7f54C3d65f7FBc0aBf5B21E8f,true,true,false,0xe45f9942f3a7c2a798de3603b2bb370525a4ac38417b2ebddfa4857852ab752b,1082,207616,1789654214450,1789654216272,1822,
2548,0x23618e81E3f5cdF7f54C3d65f7FBc0aBf5B21E8f,0xa0Ee7A142d267C1f36714E4a8F75612F20a79720,true,true,false,0x660a73c7cd0f87493effc53b10a43385fd7b1b414dfa21ec4d389ae12e4b42be,1082,207628,1789654214451,1789654216272,1821,
2549,0xa0Ee7A142d267C1f36714E4a8F75612F20a79720,0xBcd4042DE499D14e55001CcbB24a551F3b954096,true,true,false,0x72314c4416ed4f4e83bda6e1847dcba8a0465d6792e461134ecc2f2b59a8d128,1082,207616,1789654214452,1789654216272,1820,
2550,0xBcd4042DE499D14e55001CcbB24a551F3b954096,0x71bE63f3384f5fb98995898A86B02Fb2426c5788,true,true,false,0x366e2f510622b1f7252c4704f5dcb5c5f12776489dbaf3e259932907df4efdcc,1082,207616,1789654214452,1789654216272,1820,
2551,0x71bE63f3384f5fb98995898A86B02Fb2426c5788,0xFABB0ac9d68B0B445fB7357272Ff202C5651694a,true,true,false,0xc2d3be3b0e9dcfa7d4fcf7697582b14380f80b950f3f8114b772ed6c5b266b64,1082,207628,1789654214453,1789654216273,1820,
2552,0xFABB0ac9d68B0B445fB7357272Ff202C5651694a,0x1CBd3b2770909D4e10f157cABC84C7264073C9Ec,true,true,false,0x0dba4237cab59e05fa26f0b584f346a3c1a59bb6445c79769c65a15c93d3640e,1082,207628,1789654214453,1789654216273,1820,
2553,0x1CBd3b2770909D4e10f157cABC84C7264073C9Ec,0xdF3e18d64BC6A983f673Ab319CCaE4f1a57C7097,true,true,false,0x5078dc556fec623a5e89abe2fe2013cf337b3c74bb1b5496b3b00a991cc3ad75,1082,207628,1789654214454,1789654216273,1819,
2554,0xdF3e18d64BC6A983f673Ab319CCaE4f1a57C7097,0xcd3B766CCDd6AE721141F452C550Ca635964ce71,true,true,false,0xc5a01cbc521551106d1b9474592aa2cbfb1f950f7162fcec13ead8efab2abbd4,1082,207628,1789654214454,1789654216273,1819,
2555,0xcd3B766CCDd6AE721141F452C550Ca635964ce71,0x2546BcD3c84621e976D8185a91A922aE77ECEc30,true,true,false,0x365f4dfeb4d1d33ecb59d9dc87b6028f3e299080155208105c21fd12a312fa00,1082,207628,1789654214455,1789654216274,1819,
2556,0x2546BcD3c84621e976D8185a91A922aE77ECEc30,0xbDA5747bFD65F08deb54cb465eB87D40e51B197E,true,true,false,0x359f9fd411e17842addca814768e7c91af04e5280e23d741ef2455dfb6a925d5,1082,207628,1789654214455,1789654216274,1819,
2557,0xbDA5747bFD65F08deb54cb465eB87D40e51B197E,0xdD2FD4581271e230360230F9337D5c0430Bf44C0,true,true,false,0x4a958798eb7a4a3fdd5094dfb0f8d98e7fed6e37a439f928ef1eedcdcddd4fa0,1082,207628,1789654214456,1789654216274,1818,
2558,0xdD2FD4581271e230360230F9337D5c0430Bf44C0,0x8626f6940E2eb28930eFb4CeF49B2d1F2C9C1199,true,true,false,0x01a5fef613e441198c5a458235a97df555a2db2ce475532fbee1fbd7ce7680a4,1082,207616,1789654214456,1789654216274,1818,
2559,0x8626f6940E2eb28930eFb4CeF49B2d1F2C9C1199,0x09DB0a93B389bEF724429898f539AEB7ac2Dd55f,true,true,false,0x3cf26603e147eb95ae49cb510c3a05762f172d2c455dc29377c0ace7bc973c9f,1082,207616,1789654214456,1789654216275,1819,
2560,0x09DB0a93B389bEF724429898f539AEB7ac2Dd55f,0x70997970C51812dc3A010C7d01b50e0d17dc79C8,true,true,false,0xcbccf532f935bf1b96bf2b6fec90be3931ce70f5090df18624bf7c361dbf9b63,1082,207628,1789654214457,1789654216275,1818,
2561,0x70997970C51812dc3A010C7d01b50e0d17dc79C8,0x3C44CdDdB6a900fa2b585dd299e03d12FA4293BC,true,true,false,0x30a9a7293dbc4bcb313502cfbeebab21a86f88172b156eca5311b93b1ae8370c,1082,207604,1789654214457,1789654216275,1818,
2562,0x3C44CdDdB6a900fa2b585dd299e03d12FA4293BC,0x90F79bf6EB2c4f870365E785982E1f101E93b906,true,true,false,0xc405c26c4d9ff48034e03fbfc88b158658eb593b1785da11732e946096509447,1082,207616,1789654214458,1789654216302,1844,
2563,0x90F79bf6EB2c4f870365E785982E1f101E93b906,0x15d34AAf54267DB7D7c367839AAf71A00a2C6A65,true,true,false,0xecae1e51f892648cae09c4ba79401e489baa05d3eced3c80c20c313c23ff642d,1082,207616,1789654214459,1789654216302,1843,
2564,0x15d34AAf54267DB7D7c367839AAf71A00a2C6A65,0x9965507D1a55bcC2695C58ba16FB37d819B0A4dc,true,true,false,0x6e6ffc0b35cde69dbc05d18431248dc28eeef243c1502821239d97aed5cdd6f9,1082,207628,1789654214460,1789654216302,1842,
2565,0x9965507D1a55bcC2695C58ba16FB37d819B0A4dc,0x976EA74026E726554dB657fA54763abd0C3a0aa9,true,true,false,0xbb4412c1869dbdfbb2355c17d031d0197c7937bd62fcec210a026d9c6498fb4e,1082,207628,1789654214460,1789654216302,1842,
2566,0x976EA74026E726554dB657fA54763abd0C3a0aa9,0x14dC79964da2C08b23698B3D3cc7Ca32193d9955,true,true,false,0xdd4a33f0712bb811f09533b5ee5481c4d5c710a06a9c27d3049a84bd3216be11,1082,207616,1789654214461,1789654216302,1841,
2567,0x14dC79964da2C08b23698B3D3cc7Ca32193d9955,0x23618e81E3f5cdF7f54C3d65f7FBc0aBf5B21E8f,true,true,false,0x701d2113c29f15c5a4d1acbbc10610104e552fec51e40c89bd3bf24eefe0e358,1082,207628,1789654214461,1789654216303,1842,
2568,0x23618e81E3f5cdF7f54C3d65f7FBc0aBf5B21E8f,0xa0Ee7A142d267C1f36714E4a8F75612F20a79720,true,true,false,0xd33fdca139313f9eaaebea99421c24c56d6ca82cbf844db826c9e5581cb788bd,1082,207628,1789654214462,1789654216303,1841,
2569,0xa0Ee7A142d267C1f36714E4a8F75612F20a79720,0xBcd4042DE499D14e55001CcbB24a551F3b954096,true,true,false,0x301b90df3d7a657e9f80c3738028b0946c537a913acf6fa4363fa21c7d3705e7,1082,207616,1789654214466,1789654216303,1837,
2570,0xBcd4042DE499D14e55001CcbB24a551F3b954096,0x71bE63f3384f5fb98995898A86B02Fb2426c5788,true,true,false,0x45d552997d8312da4c28eda8e8e64ecdc9cc70b76964f9c1ab534d5edbef902b,1082,207616,1789654214467,1789654216303,1836,
2571,0x71bE63f3384f5fb98995898A86B02Fb2426c5788,0xFABB0ac9d68B0B445fB7357272Ff202C5651694a,true,true,false,0x74bf0bf23981a1c36f1db39cd76cd6743451e9453a7d85635a212f7d0840f0b9,1082,207628,1789654214467,1789654216303,1836,
2572,0xFABB0ac9d68B0B445fB7357272Ff202C5651694a,0x1CBd3b2770909D4e10f157cABC84C7264073C9Ec,true,true,false,0xe19a9de808a4bfbe93aa9029c961f53c5ffb97d607087e27ff81b87b35da0709,1082,207628,1789654214468,1789654216303,1835,
2573,0x1CBd3b2770909D4e10f157cABC84C7264073C9Ec,0xdF3e18d64BC6A983f673Ab319CCaE4f1a57C7097,true,true,false,0x8abe3539454eb790cfcfb7089ce86cca55721abf8411c323d5846e294e6bb202,1082,207628,1789654214468,1789654216303,1835,
2574,0xdF3e18d64BC6A983f673Ab319CCaE4f1a57C7097,0xcd3B766CCDd6AE721141F452C550Ca635964ce71,true,true,false,0xcb94ab6c75522152a7bf8953105346556402167a68451e81f6383c4ee481b48f,1082,207628,1789654214469,1789654216304,1835,
2575,0xcd3B766CCDd6AE721141F452C550Ca635964ce71,0x2546BcD3c84621e976D8185a91A922aE77ECEc30,true,true,false,0x297aecd30d86555f4d15d9ce1d19798507e8a52d7cde09cbe29fbb02a5ca6e43,1082,207616,1789654214469,1789654216304,1835,
2576,0x2546BcD3c84621e976D8185a91A922aE77ECEc30,0xbDA5747bFD65F08deb54cb465eB87D40e51B197E,true,true,false,0x5c07b7a0b2e7a0d53923eb613d9b51335ef99930a78bacaeb68b2b9c63e0c2ca,1082,207628,1789654214470,1789654216304,1834,
2577,0xbDA5747bFD65F08deb54cb465eB87D40e51B197E,0xdD2FD4581271e230360230F9337D5c0430Bf44C0,true,true,false,0x8779f48594733c915dab9b911c491697584b93064f259fd5583049bb128995f7,1082,207628,1789654214470,1789654216304,1834,
2578,0xdD2FD4581271e230360230F9337D5c0430Bf44C0,0x8626f6940E2eb28930eFb4CeF49B2d1F2C9C1199,true,true,false,0x6fe649a6bdf4eae06c80a4823485e4d0064b51279f9ce56307af7ac56851e539,1082,207628,1789654214482,1789654216172,1690,
2579,0x8626f6940E2eb28930eFb4CeF49B2d1F2C9C1199,0x09DB0a93B389bEF724429898f539AEB7ac2Dd55f,true,true,false,0x11cd460d9c14ce1c9d34093c03e48f537ebc601ade79f9df56f49ad5ec9cbb70,1082,207628,1789654214486,1789654216174,1688,
2580,0x09DB0a93B389bEF724429898f539AEB7ac2Dd55f,0x70997970C51812dc3A010C7d01b50e0d17dc79C8,true,true,false,0x737600c0b45bd3697c46a75dee9110abd32f3685ca7cf8d6af9d752aa92cbd8a,1082,207628,1789654214487,1789654216174,1687,
2583,0x90F79bf6EB2c4f870365E785982E1f101E93b906,0x15d34AAf54267DB7D7c367839AAf71A00a2C6A65,true,true,false,0x326998aecf24142a9de00df9ac58f360e8c5ff310a9fd17d32dd62ef9dc84dd3,1082,207628,1789654214487,1789654216175,1688,
2584,0x15d34AAf54267DB7D7c367839AAf71A00a2C6A65,0x9965507D1a55bcC2695C58ba16FB37d819B0A4dc,true,true,false,0x11c037e465212d46ed678b916c61dde2d5c0e6608106c13b64701d7f5280000b,1082,207628,1789654214487,1789654216175,1688,
2585,0x9965507D1a55bcC2695C58ba16FB37d819B0A4dc,0x976EA74026E726554dB657fA54763abd0C3a0aa9,true,true,false,0x58058c63a62c4f6a387cf9a36042dd73cff537208b8cbaad629f7f228930b98a,1082,207628,1789654214488,1789654216175,1687,
2590,0xBcd4042DE499D14e55001CcbB24a551F3b954096,0x71bE63f3384f5fb98995898A86B02Fb2426c5788,true,true,false,0x64805d25de3709a841f91d67ccf6bc16c975f6e9c66e21ab596852d71d769c1b,1082,207616,1789654214488,1789654216176,1688,
2591,0x71bE63f3384f5fb98995898A86B02Fb2426c5788,0xFABB0ac9d68B0B445fB7357272Ff202C5651694a,true,true,false,0xb3ce81ba8349a20926a1c0509b70d5145a2514628ea8b513e9e9f9a0a85dfa34,1082,207628,1789654214489,1789654216176,1687,
2592,0xFABB0ac9d68B0B445fB7357272Ff202C5651694a,0x1CBd3b2770909D4e10f157cABC84C7264073C9Ec,true,true,false,0x04f797eed9e73bf5c34b3c34313b8588e08cd79cd34629bd850678e0938d2c2d,1082,207628,1789654214490,1789654216176,1686,
2593,0x1CBd3b2770909D4e10f157cABC84C7264073C9Ec,0xdF3e18d64BC6A983f673Ab319CCaE4f1a57C7097,true,true,false,0xb86853c3b2231479ec6b19469214f6860b85e0148bb1cd251e61afc5d073d275,1082,207628,1789654214490,1789654216176,1686,
2594,0xdF3e18d64BC6A983f673Ab319CCaE4f1a57C7097,0xcd3B766CCDd6AE721141F452C550Ca635964ce71,true,true,false,0xa314285d65f1e63464383e397476abf88a4cb104e401cd596210345f5f262a72,1082,207628,1789654214491,1789654216186,1695,
2595,0xcd3B766CCDd6AE721141F452C550Ca635964ce71,0x2546BcD3c84621e976D8185a91A922aE77ECEc30,true,true,false,0x8b2c90027e542dad68f122353542a0fb64143c844ea65daddff422236360c8a4,1082,207628,1789654214491,1789654216186,1695,
2596,0x2546BcD3c84621e976D8185a91A922aE77ECEc30,0xbDA5747bFD65F08deb54cb465eB87D40e51B197E,true,true,false,0xd4cddeb0abf14d4d6f1412e742f52e71d387d88c394a288931d756b7bd988319,1082,207628,1789654214491,1789654216186,1695,
2597,0xbDA5747bFD65F08deb54cb465eB87D40e51B197E,0xdD2FD4581271e230360230F9337D5c0430Bf44C0,true,true,false,0xb030a25258d81866976b5f11c3fa3e12887bf1d6d0951bd045b1738c4823e798,1082,207628,1789654214492,1789654216187,1695,
2598,0xdD2FD4581271e230360230F9337D5c0430Bf44C0,0x8626f6940E2eb28930eFb4CeF49B2d1F2C9C1199,true,true,false,0xbcbe325468159e55aa0b7dc2d02a99e8fd400fc00b253fcb6d2fb0426ecb3603,1082,207616,1789654214493,1789654216187,1694,
2599,0x8626f6940E2eb28930eFb4CeF49B2d1F2C9C1199,0x09DB0a93B389bEF724429898f539AEB7ac2Dd55f,true,true,false,0x9c96a810eeb5391bd7bca8843c763a862401c7291dfa0e9882c6d83638eab593,1082,207604,1789654214493,1789654216187,1694,
2600,0x09DB0a93B389bEF724429898f539AEB7ac2Dd55f,0x70997970C51812dc3A010C7d01b50e0d17dc79C8,true,true,false,0x3104eb1d60e5b6e76cbb264f5ec7b51ecc0494b74cfeb599bc196a42c597bb35,1082,207628,1789654214493,1789654216187,1694,
2601,0x70997970C51812dc3A010C7d01b50e0d17dc79C8,0x3C44CdDdB6a900fa2b585dd299e03d12FA4293BC,true,true,false,0x34352be22259577741316ac0a7dc0d69b06d97c52afaa58b97a60b23404fcce5,1082,207616,1789654214494,1789654216187,1693,
2602,0x3C44CdDdB6a900fa2b585dd299e03d12FA4293BC,0x90F79bf6EB2c4f870365E785982E1f101E93b906,true,true,false,0x6efb295e2b20ec416db87a5304fa8b8bb1d36603a99c0c2c799042c85f132d4c,1082,207616,1789654214494,1789654216187,1693,
2603,0x90F79bf6EB2c4f870365E785982E1f101E93b906,0x15d34AAf54267DB7D7c367839AAf71A00a2C6A65,true,true,false,0xe35791eb9361d469327339559ebd411bd45e0e69551d62826d3a0c9bb174c4f8,1082,207628,1789654214495,1789654216188,1693,
2604,0x15d34AAf54267DB7D7c367839AAf71A00a2C6A65,0x9965507D1a55bcC2695C58ba16FB37d819B0A4dc,true,true,false,0x381d61518584eadc44a6ff98690c68ee98947c16df3b946d06f4ff1081898025,1082,207628,1789654214495,1789654216188,1693,
2605,0x9965507D1a55bcC2695C58ba16FB37d819B0A4dc,0x976EA74026E726554dB657fA54763abd0C3a0aa9,true,true,false,0xbdf86c51610182a37a48675815c57feafb3930fe50c7409ba3d096a9669ae1bf,1082,207628,1789654214495,1789654216188,1693,
2607,0x14dC79964da2C08b23698B3D3cc7Ca32193d9955,0x23618e81E3f5cdF7f54C3d65f7FBc0aBf5B21E8f,true,true,false,0xade96c5af7d52bad87882a97c74253ed3ae7d2771cd5548fd331a3f387868a6b,1082,207628,1789654214496,1789654216188,1692,
2608,0x23618e81E3f5cdF7f54C3d65f7FBc0aBf5B21E8f,0xa0Ee7A142d267C1f36714E4a8F75612F20a79720,true,true,false,0x4e1fc8423e82da785ecf15df2c9ced3ddf8391494a10aeb1dc5d33026b2f8a1c,1082,207628,1789654214499,1789654216189,1690,
2609,0xa0Ee7A142d267C1f36714E4a8F75612F20a79720,0xBcd4042DE499D14e55001CcbB24a551F3b954096,true,true,false,0xac994b581f943d1462fa4c02a99d2c18b336131367db4aefb8920ae06f114a00,1082,207616,1789654214496,1789654216188,1692,
2610,0xBcd4042DE499D14e55001CcbB24a551F3b954096,0x71bE63f3384f5fb98995898A86B02Fb2426c5788,true,true,false,0x90c7fa854e71059958cf6189a05457c842f4ec65133345f3b25dfb6133d1115c,1082,207616,1789654214497,1789654216188,1691,
2611,0x71bE63f3384f5fb98995898A86B02Fb2426c5788,0xFABB0ac9d68B0B445fB7357272Ff202C5651694a,true,true,false,0x087e18c5ae4661ec6348ed56472de7b52152635d5872f1b9a937304e1746cd2e,1082,207628,1789654214498,1789654216188,1690,
2612,0xFABB0ac9d68B0B445fB7357272Ff202C5651694a,0x1CBd3b2770909D4e10f157cABC84C7264073C9Ec,true,true,false,0x9279dbf81a3deff00c18344a17182e2b6d71876d45c1f40723bd1b9aea55ad50,1082,207628,1789654214500,1789654216189,1689,
2616,0x2546BcD3c84621e976D8185a91A922aE77ECEc30,0xbDA5747bFD65F08deb54cb465eB87D40e51B197E,true,true,false,0xe75b0991b7c8f198f9d57cf149546c6a22f2304bc5581aca2c266cf9d5067501,1082,207616,1789654214500,1789654216189,1689,
2619,0x8626f6940E2eb28930eFb4CeF49B2d1F2C9C1199,0x09DB0a93B389bEF724429898f539AEB7ac2Dd55f,true,true,false,0xd1312d20c690f51e98579012443cfc941db951c8db68d1185be5d4d2a24bfd93,1082,207616,1789654214502,1789654216189,1687,
2620,0x09DB0a93B389bEF724429898f539AEB7ac2Dd55f,0x70997970C51812dc3A010C7d01b50e0d17dc79C8,true,true,false,0xa67a71a3f42400e26d7f71d8e9c333dbed80578e1a3155b519dc26dff77c4b15,1082,207616,1789654214501,1789654216189,1688,
2621,0x70997970C51812dc3A010C7d01b50e0d17dc79C8,0x3C44CdDdB6a900fa2b585dd299e03d12FA4293BC,true,true,false,0xfb90683fb76b9936cfe89bee10d78b733123245d3ebb6dda41d8a057acd991be,1082,207616,1789654214501,1789654216189,1688,
2622,0x3C44CdDdB6a900fa2b585dd299e03d12FA4293BC,0x90F79bf6EB2c4f870365E785982E1f101E93b906,true,true,false,0xd242a2cb9c110266cb595d5b0e37e857b6c822171248cb2a8c009e92b17eab0a,1082,207616,1789654214502,1789654216190,1688,
2623,0x90F79bf6EB2c4f870365E785982E1f101E93b906,0x15d34AAf54267DB7D7c367839AAf71A00a2C6A65,true,true,false,0x77d0e6ed4d0734f41d389a99d2fb49c6e910373f417a9f8e844ab6e2d43a0534,1082,207628,1789654214502,1789654216190,1688,
2624,0x15d34AAf54267DB7D7c367839AAf71A00a2C6A65,0x9965507D1a55bcC2695C58ba16FB37d819B0A4dc,true,true,false,0x1b723da1901cde917a251146fed38fb8206f6f74602bb53bdd307bb2e1abc730,1082,207628,1789654214503,1789654216190,1687,
2625,0x9965507D1a55bcC2695C58ba16FB37d819B0A4dc,0x976EA74026E726554dB657fA54763abd0C3a0aa9,true,true,false,0x42412b3c224af555c2e67bc92ca2d3fdb1f9646a30d9891ed66f4c69fa8a5f7d,1082,207628,1789654214504,1789654216191,1687,
2626,0x976EA74026E726554dB657fA54763abd0C3a0aa9,0x14dC79964da2C08b23698B3D3cc7Ca32193d9955,true,true,false,0xae5a1851f97daeda9c82718f67c3c0384b47dae17f09f231280e2b4e4d3d0e02,1082,207628,1789654214503,1789654216190,1687,
2627,0x14dC79964da2C08b23698B3D3cc7Ca32193d9955,0x23618e81E3f5cdF7f54C3d65f7FBc0aBf5B21E8f,true,true,false,0xa7502e5a4c5310e99fc5949136a77ce9f95475c08184726ee576f961cd5ea2fa,1082,207628,1789654214504,1789654216190,1686,
2628,0x23618e81E3f5cdF7f54C3d65f7FBc0aBf5B21E8f,0xa0Ee7A142d267C1f36714E4a8F75612F20a79720,true,true,false,0xbde198d1b86d4df47b8808ebdec9c1a18ef97946dc82312c195636cbff7177d0,1082,207628,1789654214504,1789654216190,1686,
2629,0xa0Ee7A142d267C1f36714E4a8F75612F20a79720,0xBcd4042DE499D14e55001CcbB24a551F3b954096,true,true,false,0x17f49000530ef56e668ae96532dd73df1edbcd02a8f269fccf139ccbe1469af9,1082,207604,1789654214506,1789654216191,1685,
2630,0xBcd4042DE499D14e55001CcbB24a551F3b954096,0x71bE63f3384f5fb98995898A86B02Fb2426c5788,true,true,false,0x4d9c567559e661397c2a89254e193085d1f8fc5637662bcea880ee0b4828e036,1082,207616,1789654214505,1789654216191,1686,
2631,0x71bE63f3384f5fb98995898A86B02Fb2426c5788,0xFABB0ac9d68B0B445fB7357272Ff202C5651694a,true,true,false,0xdbf10803d9ba6e7379ffb757325f899972dbeef5094a3144becc4a39ac8abbee,1082,207628,1789654214506,1789654216191,1685,
2632,0xFABB0ac9d68B0B445fB7357272Ff202C5651694a,0x1CBd3b2770909D4e10f157cABC84C7264073C9Ec,true,true,false,0x07898bab9e47ca1deb1d0123ec572db0400bfc67d10d55241db969c877e11db3,1082,207628,1789654214507,1789654216191,1684,
2633,0x1CBd3b2770909D4e10f157cABC84C7264073C9Ec,0xdF3e18d64BC6A983f673Ab319CCaE4f1a57C7097,true,true,false,0xf4783961fc0b4aac43d24ee8b7cda1c34defee7ed01d92de5d93a9ea2e5ab110,1082,207628,1789654214507,1789654216191,1684,
2634,0xdF3e18d64BC6A983f673Ab319CCaE4f1a57C7097,0xcd3B766CCDd6AE721141F452C550Ca635964ce71,true,true,false,0x8ddb51d23364974e9078171b28113302016800e740c39e0f03ea5dd2d2b900d1,1082,207616,1789654214508,1789654216191,1683,
2635,0xcd3B766CCDd6AE721141F452C550Ca635964ce71,0x2546BcD3c84621e976D8185a91A922aE77ECEc30,true,true,false,0x3ee93bb1d47f745e9a444c68e4bea05e4c8f2491937f0e2034d31f6aff01de2b,1082,207628,1789654214508,1789654216192,1684,
2636,0x2546BcD3c84621e976D8185a91A922aE77ECEc30,0xbDA5747bFD65F08deb54cb465eB87D40e51B197E,true,true,false,0xfb20b0b6633af8cb54a517b6032c427310be34532c5f334c192559f2da963e3d,1082,207628,1789654214509,1789654216192,1683,
2637,0xbDA5747bFD65F08deb54cb465eB87D40e51B197E,0xdD2FD4581271e230360230F9337D5c0430Bf44C0,true,true,false,0xd8f70bb1e8ecf5dd4b6caaad2d3b76db60e4a250809e0800adec42306ebfe944,1082,207628,1789654214509,1789654216192,1683,
2638,0xdD2FD4581271e230360230F9337D5c0430Bf44C0,0x8626f6940E2eb28930eFb4CeF49B2d1F2C9C1199,true,true,false,0x6e5b82a73cb8f05de853474f1839f9757de213425c68221c05f0b2826e6b6524,1082,207628,1789654214509,1789654216192,1683,
2639,0x8626f6940E2eb28930eFb4CeF49B2d1F2C9C1199,0x09DB0a93B389bEF724429898f539AEB7ac2Dd55f,true,true,false,0xd32a7bf590ad74318d9fa5a20ff87fc66ee7fbe06c5542a08526ff9e85e81b2e,1082,207616,1789654214510,1789654216192,1682,
2640,0x09DB0a93B389bEF724429898f539AEB7ac2Dd55f,0x70997970C51812dc3A010C7d01b50e0d17dc79C8,true,true,false,0xe625eeb1d89587e33e6c15e800878413995328ba8c7254f2dbdcc29e03baee97,1082,207616,1789654214510,1789654216192,1682,
2641,0x70997970C51812dc3A010C7d01b50e0d17dc79C8,0x3C44CdDdB6a900fa2b585dd299e03d12FA4293BC,true,true,false,0xaa299c423cc79a1262dfa3f427c5ca9f89a1895040c7e67dfae76fee4e829916,1082,207616,1789654214511,1789654216193,1682,
2643,0x90F79bf6EB2c4f870365E785982E1f101E93b906,0x15d34AAf54267DB7D7c367839AAf71A00a2C6A65,true,true,false,0xe993b8cd9828379b9600c3a37ecdfcef9c4ebb45785ed5c305dae9212ef88c73,1082,207628,1789654214512,1789654216193,1681,
2648,0x23618e81E3f5cdF7f54C3d65f7FBc0aBf5B21E8f,0xa0Ee7A142d267C1f36714E4a8F75612F20a79720,true,true,false,0x03edb56b0795c24b09e15ee2a7dfbdb9b111e47014ec2b4ce78df53b310811ae,1082,207616,1789654214511,1789654216193,1682,
2649,0xa0Ee7A142d267C1f36714E4a8F75612F20a79720,0xBcd4042DE499D14e55001CcbB24a551F3b954096,true,true,false,0x3bc09cd518895dbb43f87afc8611e7856bf5709763db56063a7588b395823c30,1082,207616,1789654214512,1789654216193,1681,
2650,0xBcd4042DE499D14e55001CcbB24a551F3b954096,0x71bE63f3384f5fb98995898A86B02Fb2426c5788,true,true,false,0x7d87b83dc528eabb81575426d6a0641008b5f013984d569371c6861b4c827211,1082,207616,1789654214512,1789654216193,1681,
2651,0x71bE63f3384f5fb98995898A86B02Fb2426c5788,0xFABB0ac9d68B0B445fB7357272Ff202C5651694a,true,true,false,0x9a332afff7bc9d53d00e3b7d21827bbd0a3a9bf3df5490778dc5c15d629f152f,1082,207628,1789654214513,1789654216193,1680,
2652,0xFABB0ac9d68B0B445fB7357272Ff202C5651694a,0x1CBd3b2770909D4e10f157cABC84C7264073C9Ec,true,true,false,0xe9bdef1893ab6f5b97234b07c9a661b18ab30752e1c4fd8c999f27873e6d81c1,1082,207616,1789654214513,1789654216194,1681,
2653,0x1CBd3b2770909D4e10f157cABC84C7264073C9Ec,0xdF3e18d64BC6A983f673Ab319CCaE4f1a57C7097,true,true,false,0xd3a10fa76db98e20a2c70eee96dceec36d0b84b32f4870d494817685a64f3f76,1082,207628,1789654214514,1789654216194,1680,
2654,0xdF3e18d64BC6A983f673Ab319CCaE4f1a57C7097,0xcd3B766CCDd6AE721141F452C550Ca635964ce71,true,true,false,0x892b4336ce32b2084c8486e1bb8712cc56fb707a85a751aa01d66272c76664d2,1082,207628,1789654214515,1789654216194,1679,
2655,0xcd3B766CCDd6AE721141F452C550Ca635964ce71,0x2546BcD3c84621e976D8185a91A922aE77ECEc30,true,true,false,0xb5132c1de7b5e7b7f4d5e38ba5b38a8c23da0dd983710a77ae40d27b49177e81,1082,207628,1789654214516,1789654216194,1678,
2981,0x70997970C51812dc3A010C7d01b50e0d17dc79C8,0x3C44CdDdB6a900fa2b585dd299e03d12FA4293BC,true,true,false,0x7fe43d836e944f72cfcf0cc8084881cdc29fcbda112b0cc99210dadf7b2babc8,1083,207616,1789654216261,1789654218282,2021,
2982,0x3C44CdDdB6a900fa2b585dd299e03d12FA4293BC,0x90F79bf6EB2c4f870365E785982E1f101E93b906,true,true,false,0xd6acf87a851e88c8c49debfae25aca8a733e95c1fa610759744446be6f890cae,1083,207616,1789654216261,1789654218283,2022,
2983,0x90F79bf6EB2c4f870365E785982E1f101E93b906,0x15d34AAf54267DB7D7c367839AAf71A00a2C6A65,true,true,false,0xca8ba755656be9d8ec7bcddd70126a4df10d2fd8afde1f7f8496f5c07a762008,1083,207628,1789654216262,1789654218283,2021,
2984,0x15d34AAf54267DB7D7c367839AAf71A00a2C6A65,0x9965507D1a55bcC2695C58ba16FB37d819B0A4dc,true,true,false,0x2cdc1895e00db1dd30ea1830cc81490e2eb34fcc255a4c9d2b35f5f510820146,1083,207628,1789654216262,1789654218283,2021,
2985,0x9965507D1a55bcC2695C58ba16FB37d819B0A4dc,0x976EA74026E726554dB657fA54763abd0C3a0aa9,true,true,false,0x0f33815987c6d45cbbfe7c14c5fd24825b99961808f0e879f226cc4c2bc28657,1083,207628,1789654216305,1789654218191,1886,
2656,0x2546BcD3c84621e976D8185a91A922aE77ECEc30,0xbDA5747bFD65F08deb54cb465eB87D40e51B197E,true,true,false,0x11dd07846aa4dcff41b0d32ace1e1b5997bf46583817e24c5776ecde8ad02300,1083,207628,1789654216305,1789654218195,1890,
2657,0xbDA5747bFD65F08deb54cb465eB87D40e51B197E,0xdD2FD4581271e230360230F9337D5c0430Bf44C0,true,true,false,0x216d68e8d2328fbffb9f772b21c7062bed25ef3ab209f328a6f9f57e98aab66b,1083,207628,1789654216305,1789654218196,1891,
2658,0xdD2FD4581271e230360230F9337D5c0430Bf44C0,0x8626f6940E2eb28930eFb4CeF49B2d1F2C9C1199,true,true,false,0xdeec820177e6e843967f19beeb9ddb31c699ff40e1089ffef87b1d5f61a09dcf,1083,207628,1789654216306,1789654218196,1890,
2659,0x8626f6940E2eb28930eFb4CeF49B2d1F2C9C1199,0x09DB0a93B389bEF724429898f539AEB7ac2Dd55f,true,true,false,0xa129cffa3e0dd4d9eb45af5dd1eb28eb6043c03830ba76466bbf4663eaf6ffa5,1083,207628,1789654216306,1789654218196,1890,
2660,0x09DB0a93B389bEF724429898f539AEB7ac2Dd55f,0x70997970C51812dc3A010C7d01b50e0d17dc79C8,true,true,false,0x83cb30c9199fb8bf426eb5a894c597f039e95a1873ad57f80529b82f3adc0dad,1083,207628,1789654216307,1789654218196,1889,
2661,0x70997970C51812dc3A010C7d01b50e0d17dc79C8,0x3C44CdDdB6a900fa2b585dd299e03d12FA4293BC,true,true,false,0x22893415c60ac9dffbb4ad94fd2133b8e05afdccc5f32b061b1a075d09d89cb2,1083,207616,1789654216307,1789654218196,1889,
2662,0x3C44CdDdB6a900fa2b585dd299e03d12FA4293BC,0x90F79bf6EB2c4f870365E785982E1f101E93b906,true,true,false,0xacf5dc980f4ac7842effb359ec96474e4c9d09846b110bb784ebcf51e7067de3,1083,207616,1789654216307,1789654218196,1889,
2663,0x90F79bf6EB2c4f870365E785982E1f101E93b906,0x15d34AAf54267DB7D7c367839AAf71A00a2C6A65,true,true,false,0x26cb455666a98a3784e262697546ebb39798cc1c88b774955d4baf7cd79c5b4b,1083,207628,1789654216308,1789654218197,1889,
2664,0x15d34AAf54267DB7D7c367839AAf71A00a2C6A65,0x9965507D1a55bcC2695C58ba16FB37d819B0A4dc,true,true,false,0x97e6fc7842d2100d186769db4678319156cdb746af2882ebbdd8e5d017a601c5,1083,207628,1789654216308,1789654218197,1889,
2665,0x9965507D1a55bcC2695C58ba16FB37d819B0A4dc,0x976EA74026E726554dB657fA54763abd0C3a0aa9,true,true,false,0x5686a89a4ed418bdcc711cdc307345c8218d0afca71300946882811e10936cf5,1083,207628,1789654216308,1789654218197,1889,
2666,0x976EA74026E726554dB657fA54763abd0C3a0aa9,0x14dC79964da2C08b23698B3D3cc7Ca32193d9955,true,true,false,0x4addd5589a1e8b3bf22cba6a67b26d6dbc5ff4c482d6c52512d50bc4404c017f,1083,207616,1789654216309,1789654218197,1888,
2670,0xBcd4042DE499D14e55001CcbB24a551F3b954096,0x71bE63f3384f5fb98995898A86B02Fb2426c5788,true,true,false,0x8722a4361ea70af39f359af07c2430e83f65872796a69137c446d56031829a98,1083,207604,1789654216309,1789654218197,1888,
2671,0x71bE63f3384f5fb98995898A86B02Fb2426c5788,0xFABB0ac9d68B0B445fB7357272Ff202C5651694a,true,true,false,0x14227fc00cbe9593df17bf993efad10334e6c21a9e16067efc3072889b240bab,1083,207616,1789654216309,1789654218198,1889,
2672,0xFABB0ac9d68B0B445fB7357272Ff202C5651694a,0x1CBd3b2770909D4e10f157cABC84C7264073C9Ec,true,true,false,0xc791d98a61dbc1ad2443a1da372f37ec7db0de9d3c9ed133b346d2a09c3b0c18,1083,207604,1789654216310,1789654218198,1888,
2673,0x1CBd3b2770909D4e10f157cABC84C7264073C9Ec,0xdF3e18d64BC6A983f673Ab319CCaE4f1a57C7097,true,true,false,0x6ad8987b24e02e7f090bec0f31901aba990224a02e2069d8a39dac682fe523ab,1083,207628,1789654216310,1789654218198,1888,
2674,0xdF3e18d64BC6A983f673Ab319CCaE4f1a57C7097,0xcd3B766CCDd6AE721141F452C550Ca635964ce71,true,true,false,0x94aaf961e931d3b63afed4379056a8fba94c7b261213de6074438d14db19facd,1083,207628,1789654216310,1789654218199,1889,
2675,0xcd3B766CCDd6AE721141F452C550Ca635964ce71,0x2546BcD3c84621e976D8185a91A922aE77ECEc30,true,true,false,0x9097b3980fdf743bcc4a504fab9707d60261c03a83f9ded1fcb41a25c541dec4,1083,207628,1789654216311,1789654218199,1888,
2676,0x2546BcD3c84621e976D8185a91A922aE77ECEc30,0xbDA5747bFD65F08deb54cb465eB87D40e51B197E,true,true,false,0x29df87186549a6c89ae876525c90a02d3b1cfdf3e2f6e71582a907743670426a,1083,207616,1789654216311,1789654218199,1888,
2677,0xbDA5747bFD65F08deb54cb465eB87D40e51B197E,0xdD2FD4581271e230360230F9337D5c0430Bf44C0,true,true,false,0x5d129fb80f293738e87875fb6276b29f860c9053e9009621615d486ccf9516c7,1083,207628,1789654216311,1789654218199,1888,
2678,0xdD2FD4581271e230360230F9337D5c0430Bf44C0,0x8626f6940E2eb28930eFb4CeF49B2d1F2C9C1199,true,true,false,0xdb9976112317bfa765760608a5d51b1c5baad21f5c5c86a47043a3230c922ce8,1083,207616,1789654216311,1789654218199,1888,
2679,0x8626f6940E2eb28930eFb4CeF49B2d1F2C9C1199,0x09DB0a93B389bEF724429898f539AEB7ac2Dd55f,true,true,false,0x943678fa50909a3c1f58d03163cfd4c97f44db2a84eab7a5d54baf91768c83b8,1083,207616,1789654216312,1789654218200,1888,
2680,0x09DB0a93B389bEF724429898f539AEB7ac2Dd55f,0x70997970C51812dc3A010C7d01b50e0d17dc79C8,true,true,false,0xae83f514e43f6edd277b6d70fcae7ad273ee879d7e18ea793630bcd56e1d341b,1083,207628,1789654216312,1789654218200,1888,
2681,0x70997970C51812dc3A010C7d01b50e0d17dc79C8,0x3C44CdDdB6a900fa2b585dd299e03d12FA4293BC,true,true,false,0xdab56871d5bbf7f652eaa91a587219c40044b5a6e87176aa6c732b251f3fb401,1083,207616,1789654216312,1789654218221,1909,
2682,0x3C44CdDdB6a900fa2b585dd299e03d12FA4293BC,0x90F79bf6EB2c4f870365E785982E1f101E93b906,true,true,false,0x4aa5b86258aff71e68370e7dbd58615a7e64c0572783555bf781223864bc6ea0,1083,207616,1789654216313,1789654218221,1908,
2683,0x90F79bf6EB2c4f870365E785982E1f101E93b906,0x15d34AAf54267DB7D7c367839AAf71A00a2C6A65,true,true,false,0xee5d7ae05993fc9910442fcada7b711cc4d05681d7a78633e7b5dd806c3a7be3,1083,207628,1789654216313,1789654218222,1909,
2684,0x15d34AAf54267DB7D7c367839AAf71A00a2C6A65,0x9965507D1a55bcC2695C58ba16FB37d819B0A4dc,true,true,false,0x5757fc0fb578eb810aaa6e18836bca12b4a3a90634a43fcb0f9a80b1e5f69529,1083,207628,1789654216313,1789654218222,1909,
2685,0x9965507D1a55bcC2695C58ba16FB37d819B0A4dc,0x976EA74026E726554dB657fA54763abd0C3a0aa9,true,true,false,0x61eaa5020db293f01ef9ef17473d09c360f3ff2175d928a47121e5d9f4d9cc55,1083,207628,1789654216314,1789654218222,1908,
2686,0x976EA74026E726554dB657fA54763abd0C3a0aa9,0x14dC79964da2C08b23698B3D3cc7Ca32193d9955,true,true,false,0xfa8a21d036f84b926478f96e653960cbb282b400ba2eb884ade6b6491c3d9d35,1083,207628,1789654216315,1789654218222,1907,
2687,0x14dC79964da2C08b23698B3D3cc7Ca32193d9955,0x23618e81E3f5cdF7f54C3d65f7FBc0aBf5B21E8f,true,true,false,0x50234de09c47d1a1151fe9ca8618d2b5f38543bc1002cd22cbdf1f1aa90b7db3,1083,207628,1789654216316,1789654218222,1906,
2688,0x23618e81E3f5cdF7f54C3d65f7FBc0aBf5B21E8f,0xa0Ee7A142d267C1f36714E4a8F75612F20a79720,true,true,false,0x913734411b383cb7ab3b7343980d993b83797174da13635d948adc77f5b8c80e,1083,207628,1789654216317,1789654218223,1906,
2689,0xa0Ee7A142d267C1f36714E4a8F75612F20a79720,0xBcd4042DE499D14e55001CcbB24a551F3b954096,true,true,false,0xa8d08cb30c487cb3132769d3e9245f0cd0b5a80fc45f6d342140ca25c58fd327,1083,207616,1789654216317,1789654218223,1906,
2690,0xBcd4042DE499D14e55001CcbB24a551F3b954096,0x71bE63f3384f5fb98995898A86B02Fb2426c5788,true,true,false,0xe727fc1673cd8940a00529ec9d6555129bb183010deb6aaff5458b2c7b419e87,1083,207604,1789654216318,1789654218223,1905,
2691,0x71bE63f3384f5fb98995898A86B02Fb2426c5788,0xFABB0ac9d68B0B445fB7357272Ff202C5651694a,true,true,false,0xd6b1a37c4e0d99bf40dbe208d9f02f6eb9aba498151ae6d9bffc6d4e6d6c6c37,1083,207628,1789654216319,1789654218223,1904,
2692,0xFABB0ac9d68B0B445fB7357272Ff202C5651694a,0x1CBd3b2770909D4e10f157cABC84C7264073C9Ec,true,true,false,0xdcacd7218db666448a1ab9924ae50935182ab343ec147393b3160b07a7f1d1d7,1083,207628,1789654216320,1789654218223,1903,
2693,0x1CBd3b2770909D4e10f157cABC84C7264073C9Ec,0xdF3e18d64BC6A983f673Ab319CCaE4f1a57C7097,true,true,false,0x1ef6a88e8c8e9d20882f5d8018d6bebd2b482c8295d7cbb3851eee0533f9f60f,1083,207628,1789654216320,1789654218223,1903,
2694,0xdF3e18d64BC6A983f673Ab319CCaE4f1a57C7097,0xcd3B766CCDd6AE721141F452C550Ca635964ce71,true,true,false,0xebb4812e377be8c1ceddb35c490ee28bbf5c16a397f29429e50a959de1b04f9c,1083,207628,1789654216321,1789654218223,1902,
2695,0xcd3B766CCDd6AE721141F452C550Ca635964ce71,0x2546BcD3c84621e976D8185a91A922aE77ECEc30,true,true,false,0xa1e344ac5143f743a1d1a9538760f7c066df8e01f2104a8d9a9360b480741323,1083,207628,1789654216322,1789654218224,1902,
2696,0x2546BcD3c84621e976D8185a91A922aE77ECEc30,0xbDA5747bFD65F08deb54cb465eB87D40e51B197E,true,true,false,0x810272e29bc67a3e02050e87fbd2fbf9d98210b3b94559508e30cfe1e676f750,1083,207604,1789654216323,1789654218224,1901,
2697,0xbDA5747bFD65F08deb54cb465eB87D40e51B197E,0xdD2FD4581271e230360230F9337D5c0430Bf44C0,true,true,false,0xe16fb4f8b1560e16557801bf3b03f60f6864c48b013d56a0673b7035784050e8,1083,207628,1789654216323,1789654218224,1901,
2698,0xdD2FD4581271e230360230F9337D5c0430Bf44C0,0x8626f6940E2eb28930eFb4CeF49B2d1F2C9C1199,true,true,false,0x150a2b589da8f85ff56530f5be5945395650d5ec15638edf789949403c631261,1083,207628,1789654216324,1789654218224,1900,
2699,0x8626f6940E2eb28930eFb4CeF49B2d1F2C9C1199,0x09DB0a93B389bEF724429898f539AEB7ac2Dd55f,true,true,false,0xe664e601e1fd15d2771d83bf635e6c489c9bfda05a788bea9ed5de3b9e0a72e1,1083,207628,1789654216324,1789654218224,1900,
2700,0x09DB0a93B389bEF724429898f539AEB7ac2Dd55f,0x70997970C51812dc3A010C7d01b50e0d17dc79C8,true,true,false,0x46d857a71114f7f988ea2d11e008c893a57150db0bdb327fb5a2720c2632c997,1083,207628,1789654216325,1789654218224,1899,
2701,0x70997970C51812dc3A010C7d01b50e0d17dc79C8,0x3C44CdDdB6a900fa2b585dd299e03d12FA4293BC,true,true,false,0x49123504dd8d775afb31bddacaa00e05dc45bfd0a5d4f79539beeaecfd3dd302,1083,207616,1789654216325,1789654218225,1900,
2702,0x3C44CdDdB6a900fa2b585dd299e03d12FA4293BC,0x90F79bf6EB2c4f870365E785982E1f101E93b906,true,true,false,0xf48c2c29a6336114608d5b24ca3fac9d799bd10c3f7e3eed98e871f6ea939bb9,1083,207616,1789654216326,1789654218225,1899,
2703,0x90F79bf6EB2c4f870365E785982E1f101E93b906,0x15d34AAf54267DB7D7c367839AAf71A00a2C6A65,true,true,false,0x789967cf953e7014512278adbff7ddbd98dd76ae5d2ed5e8ef742dae43f81aa2,1083,207628,1789654216326,1789654218225,1899,
2704,0x15d34AAf54267DB7D7c367839AAf71A00a2C6A65,0x9965507D1a55bcC2695C58ba16FB37d819B0A4dc,true,true,false,0x0aeaa1d2be1194200f483bd534d8cdb961bcc75dd047de93317e470b166fefee,1083,207628,1789654216326,1789654218225,1899,
2705,0x9965507D1a55bcC2695C58ba16FB37d819B0A4dc,0x976EA74026E726554dB657fA54763abd0C3a0aa9,true,true,false,0xb45f5b7b7a931ae36fa05bb428b33be5bd820e403ec2b65849e82cc6d3c95488,1083,207604,1789654216327,1789654218225,1898,
2706,0x976EA74026E726554dB657fA54763abd0C3a0aa9,0x14dC79964da2C08b23698B3D3cc7Ca32193d9955,true,true,false,0xc3e613948f0d8ac0e3b2afc07e69aae854e557a62df051bd42b923d940cbfdaa,1083,207628,1789654216327,1789654218225,1898,
2707,0x14dC79964da2C08b23698B3D3cc7Ca32193d9955,0x23618e81E3f5cdF7f54C3d65f7FBc0aBf5B21E8f,true,true,false,0xca92d87b9a182b482f0de5b653a748e40cdcca5dea91c7f4c1ed46f65347328a,1083,207628,1789654216327,1789654218225,1898,
2708,0x23618e81E3f5cdF7f54C3d65f7FBc0aBf5B21E8f,0xa0Ee7A142d267C1f36714E4a8F75612F20a79720,true,true,false,0xce310922aee6a30bcc8b8dccfc79757b09d0ec2c7f34784c7da8a8a41e8247ee,1083,207628,1789654216328,1789654218226,1898,
2709,0xa0Ee7A142d267C1f36714E4a8F75612F20a79720,0xBcd4042DE499D14e55001CcbB24a551F3b954096,true,true,false,0x93d4ca7719fcefc058e3f5896c141264ab0d722bf7c3d68971eedadec54edf83,1083,207616,1789654216328,1789654218226,1898,
2710,0xBcd4042DE499D14e55001CcbB24a551F3b954096,0x71bE63f3384f5fb98995898A86B02Fb2426c5788,true,true,false,0x3e7a828f10da3f9f351269c4bec76d963ff484e7cd4c7a635f928f5c33d1fe54,1083,207616,1789654216328,1789654218226,1898,
2711,0x71bE63f3384f5fb98995898A86B02Fb2426c5788,0xFABB0ac9d68B0B445fB7357272Ff202C5651694a,true,true,false,0xee7a1f1480df6d2001166a0f0839a1c19b610bf83d6ffe857bc66e7a039ce8f2,1083,207616,1789654216329,1789654218226,1897,
2712,0xFABB0ac9d68B0B445fB7357272Ff202C5651694a,0x1CBd3b2770909D4e10f157cABC84C7264073C9Ec,true,true,false,0xd6aa0cf3951bf8d1442252683367b5d131694533c6954a8ddad89720c53fb2d9,1083,207628,1789654216329,1789654218226,1897,
2713,0x1CBd3b2770909D4e10f157cABC84C7264073C9Ec,0xdF3e18d64BC6A983f673Ab319CCaE4f1a57C7097,true,true,false,0x4c46169d5a6512ce52487dbf3d7de5d913a4c09c18bd421a8106b287e51bcad3,1083,207616,1789654216329,1789654218226,1897,
2714,0xdF3e18d64BC6A983f673Ab319CCaE4f1a57C7097,0xcd3B766CCDd6AE721141F452C550Ca635964ce71,true,true,false,0x843d04d211b04fb8b0e948055e4926ab8328128695268c499c72077c2f201c65,1083,207628,1789654216330,1789654218227,1897,
2715,0xcd3B766CCDd6AE721141F452C550Ca635964ce71,0x2546BcD3c84621e976D8185a91A922aE77ECEc30,true,true,false,0xb8a6098f73fc835432b414601d8ea09ef900541893a28b3e74f20712ad606d9d,1083,207628,1789654216369,1789654218227,1858,
2717,0xbDA5747bFD65F08deb54cb465eB87D40e51B197E,0xdD2FD4581271e230360230F9337D5c0430Bf44C0,true,true,false,0x4e80f41596bf91cb46cd98730cdf84535549e880951d6f4d0008235fb2e585c1,1083,207628,1789654216386,1789654218227,1841,
2718,0xdD2FD4581271e230360230F9337D5c0430Bf44C0,0x8626f6940E2eb28930eFb4CeF49B2d1F2C9C1199,true,true,false,0xc2092a0d89fbb7c0bc69352732e105afa04f929c40e4dc17a28437ab84f1b551,1083,207628,1789654216386,1789654218227,1841,
2719,0x8626f6940E2eb28930eFb4CeF49B2d1F2C9C1199,0x09DB0a93B389bEF724429898f539AEB7ac2Dd55f,true,true,false,0x8088682d440b30dc145319de268e872e7c6554e1c17123f4a47f44fc2b7194b5,1083,207628,1789654216387,1789654218227,1840,
2720,0x09DB0a93B389bEF724429898f539AEB7ac2Dd55f,0x70997970C51812dc3A010C7d01b50e0d17dc79C8,true,true,false,0xe1cf08374b854265c8eb4fd38435bb69a15b7e3fd27ffbac3d1376e3b5dc1bd0,1083,207628,1789654216387,1789654218227,1840,
2721,0x70997970C51812dc3A010C7d01b50e0d17dc79C8,0x3C44CdDdB6a900fa2b585dd299e03d12FA4293BC,true,true,false,0x8a521a6dd617b7e45aea25317f330178c8c13ee33c128039d0982ec5b18e449e,1083,207604,1789654216388,1789654218228,1840,
2722,0x3C44CdDdB6a900fa2b585dd299e03d12FA4293BC,0x90F79bf6EB2c4f870365E785982E1f101E93b906,true,true,false,0x9ac08214132ae832c639e8f8dd81fecbb3446eff32bccbbb88713c43037600af,1083,207604,1789654216389,1789654218228,1839,
2723,0x90F79bf6EB2c4f870365E785982E1f101E93b906,0x15d34AAf54267DB7D7c367839AAf71A00a2C6A65,true,true,false,0xdc3bebef3c5a9053d85846b0e7f40a6c2b93eb83e27fc769ffe599955dc07c2c,1083,207628,1789654216389,1789654218276,1887,
2724,0x15d34AAf54267DB7D7c367839AAf71A00a2C6A65,0x9965507D1a55bcC2695C58ba16FB37d819B0A4dc,true,true,false,0x4e30ec6980f4ee9d110dc85ac167e3a407e64a2cbfa4e4cc1337fd726515adfd,1083,207628,1789654216389,1789654218276,1887,
2725,0x9965507D1a55bcC2695C58ba16FB37d819B0A4dc,0x976EA74026E726554dB657fA54763abd0C3a0aa9,true,true,false,0x21d351c126197e6772fd05ffacb4be65e4699eff774910f545e0c8ef80b59720,1083,207628,1789654216390,1789654218277,1887,
2726,0x976EA74026E726554dB657fA54763abd0C3a0aa9,0x14dC79964da2C08b23698B3D3cc7Ca32193d9955,true,true,false,0x23fd94b4d69167b3e9730a18c5185b5156a47fda83079effecb9fb2fc6793470,1083,207628,1789654216390,1789654218277,1887,
2727,0x14dC79964da2C08b23698B3D3cc7Ca32193d9955,0x23618e81E3f5cdF7f54C3d65f7FBc0aBf5B21E8f,true,true,false,0x0d80e69b7c44cc74c5e0eece48a82aacaf116308a5d4ed368c78c6dbdda58ff8,1083,207628,1789654216390,1789654218277,1887,
2728,0x23618e81E3f5cdF7f54C3d65f7FBc0aBf5B21E8f,0xa0Ee7A142d267C1f36714E4a8F75612F20a79720,true,true,false,0x4e68499845317ca2f9c7300f2ad3d999a65638f175a0cb382259d6a1abfbd72b,1083,207628,1789654216391,1789654218277,1886,
2729,0xa0Ee7A142d267C1f36714E4a8F75612F20a79720,0xBcd4042DE499D14e55001CcbB24a551F3b954096,true,true,false,0x8e21f5474b618d9e3198f5d813d938290adfaaba0a790425e471125320204437,1083,207616,1789654216391,1789654218277,1886,
2730,0xBcd4042DE499D14e55001CcbB24a551F3b954096,0x71bE63f3384f5fb98995898A86B02Fb2426c5788,true,true,false,0x938d74edf92d1cd2d343ffe2dcbfc500227eddf0a051e6ff2189914c7640f963,1083,207616,1789654216391,1789654218277,1886,
2731,0x71bE63f3384f5fb98995898A86B02Fb2426c5788,0xFABB0ac9d68B0B445fB7357272Ff202C5651694a,true,true,false,0x2d5cfcfef20d182d52e8730c649cf9c193302ce07e5c48f0fbbef42aeb994d75,1083,207628,1789654216392,1789654218277,1885,
2732,0xFABB0ac9d68B0B445fB7357272Ff202C5651694a,0x1CBd3b2770909D4e10f157cABC84C7264073C9Ec,true,true,false,0x3612dc9a967fd7aeafbc75d6b52be91803ab03b9f9095f4c6e6c976f12d4af6b,1083,207628,1789654216392,1789654218278,1886,
2733,0x1CBd3b2770909D4e10f157cABC84C7264073C9Ec,0xdF3e18d64BC6A983f673Ab319CCaE4f1a57C7097,true,true,false,0xe6d4515b222b2da2ccdfbba04fe4abf193f6a61748f6d5ec4bb39830d6bc821b,1083,207616,1789654216392,1789654218278,1886,
2734,0xdF3e18d64BC6A983f673Ab319CCaE4f1a57C7097,0xcd3B766CCDd6AE721141F452C550Ca635964ce71,true,true,false,0x5f322b3bbd81a338f7194429e17496eeed1b6b25e90ebd22882754c3ce175015,1083,207628,1789654216393,1789654218278,1885,
2735,0xcd3B766CCDd6AE721141F452C550Ca635964ce71,0x2546BcD3c84621e976D8185a91A922aE77ECEc30,true,true,false,0xe537386efa6d15aa1846006478bdb32e09f0a9c8a14545068cbf2dc33c5472ad,1083,207628,1789654216393,1789654218278,1885,
2736,0x2546BcD3c84621e976D8185a91A922aE77ECEc30,0xbDA5747bFD65F08deb54cb465eB87D40e51B197E,true,true,false,0xa56cb2d55fae810689b27ee3e639fba0025407f51cbe9cfb1811ea3a71d1a319,1083,207628,1789654216393,1789654218278,1885,
2737,0xbDA5747bFD65F08deb54cb465eB87D40e51B197E,0xdD2FD4581271e230360230F9337D5c0430Bf44C0,true,true,false,0x91af9e00d6942d699cc3bc387dc7ac8dd9b35e265f69dcd7ad5b0db82fd87db5,1083,207628,1789654216393,1789654218278,1885,
2738,0xdD2FD4581271e230360230F9337D5c0430Bf44C0,0x8626f6940E2eb28930eFb4CeF49B2d1F2C9C1199,true,true,false,0x5d1d81e32b1bf21055637eee97669debef4d14402c54da9839c678b411db9961,1083,207616,1789654216396,1789654218279,1883,
2739,0x8626f6940E2eb28930eFb4CeF49B2d1F2C9C1199,0x09DB0a93B389bEF724429898f539AEB7ac2Dd55f,true,true,false,0x005751b01328e6a86fe2d4300ca8005dd0d6f7d4b13bc7c84c72dd450c928139,1083,207616,1789654216397,1789654218279,1882,
2740,0x09DB0a93B389bEF724429898f539AEB7ac2Dd55f,0x70997970C51812dc3A010C7d01b50e0d17dc79C8,true,true,false,0x6a188a5aa54a9a49d816b74ef75309157a02befb11416ffb5eafdd37a09f3e55,1083,207604,1789654216398,1789654218279,1881,
2741,0x70997970C51812dc3A010C7d01b50e0d17dc79C8,0x3C44CdDdB6a900fa2b585dd299e03d12FA4293BC,true,true,false,0x997ee90c528eafa14bc833e7d8530681d402d675ccd4a1672b26b3b8ce6dd258,1083,207616,1789654216399,1789654218279,1880,
2742,0x3C44CdDdB6a900fa2b585dd299e03d12FA4293BC,0x90F79bf6EB2c4f870365E785982E1f101E93b906,true,true,false,0xfb978461f24a1fa533fac6d30120647e08611720047753b8941849b1cb6fceb5,1083,207592,1789654216399,1789654218279,1880,
2745,0x9965507D1a55bcC2695C58ba16FB37d819B0A4dc,0x976EA74026E726554dB657fA54763abd0C3a0aa9,true,true,false,0x1b12caf9f7d369ece78075511ed9efd56f32c1ffb9d4e35efcc38fa6fbe30445,1083,207628,1789654216400,1789654218280,1880,
2746,0x976EA74026E726554dB657fA54763abd0C3a0aa9,0x14dC79964da2C08b23698B3D3cc7Ca32193d9955,true,true,false,0x48214c8210054ddc442c410c63c91dca733d588fc797cdcfd6b06e4c81b9fd85,1083,207628,1789654216400,1789654218280,1880,
2747,0x14dC79964da2C08b23698B3D3cc7Ca32193d9955,0x23618e81E3f5cdF7f54C3d65f7FBc0aBf5B21E8f,true,true,false,0xffa995f9b290e1adef57054aac95db8ed301fa31a56d367a9e0a7028dd9acf9e,1083,207628,1789654216400,1789654218280,1880,
2748,0x23618e81E3f5cdF7f54C3d65f7FBc0aBf5B21E8f,0xa0Ee7A142d267C1f36714E4a8F75612F20a79720,true,true,false,0x87fb3d2a75e18f15f1ffc0b00d702f022fdbee6b924426dd57a1da8cc0dd772f,1083,207616,1789654216401,1789654218280,1879,
2749,0xa0Ee7A142d267C1f36714E4a8F75612F20a79720,0xBcd4042DE499D14e55001CcbB24a551F3b954096,true,true,false,0xf9e1b9eabb4f5a4a768afb469b1b95a78a62bea013ef91cb5e9e2b19ed07db49,1083,207604,1789654216401,1789654218280,1879,
2753,0x1CBd3b2770909D4e10f157cABC84C7264073C9Ec,0xdF3e18d64BC6A983f673Ab319CCaE4f1a57C7097,true,true,false,0x32ca4f1640cf0f3b7bd21abadaa1dae741f1757d86929f96c3816acebb4556f4,1083,207628,1789654216401,1789654218280,1879,
2754,0xdF3e18d64BC6A983f673Ab319CCaE4f1a57C7097,0xcd3B766CCDd6AE721141F452C550Ca635964ce71,true,true,false,0x3cb0971f3c598d899f358a87a2b0a36d5b826f867839a42ed8c2aa4ec573fc17,1083,207628,1789654216402,1789654218281,1879,
2755,0xcd3B766CCDd6AE721141F452C550Ca635964ce71,0x2546BcD3c84621e976D8185a91A922aE77ECEc30,true,true,false,0xb871e89bd7629a7d38c5c74ece597b7544caa92538c1d341d8517299c61cdbe1,1083,207628,1789654216402,1789654218281,1879,
2756,0x2546BcD3c84621e976D8185a91A922aE77ECEc30,0xbDA5747bFD65F08deb54cb465eB87D40e51B197E,true,true,false,0x7fd610a0d959dbd9eb795fc4b9755509221a5e95afd594b36f4ad95ed5fec645,1083,207628,1789654216402,1789654218281,1879,
2757,0xbDA5747bFD65F08deb54cb465eB87D40e51B197E,0xdD2FD4581271e230360230F9337D5c0430Bf44C0,true,true,false,0xe3ae6704a543261c737b605c1000ec53f47435661404632ad7b5df4fae7e81bf,1083,207616,1789654216402,1789654218282,1880,
2758,0xdD2FD4581271e230360230F9337D5c0430Bf44C0,0x8626f6940E2eb28930eFb4CeF49B2d1F2C9C1199,true,true,false,0xf55647ab989707a6cecd7547bf6d0026023ea4fff9d1e02efa7c417c9a590b12,1083,207628,1789654216403,1789654218282,1879,
2759,0x8626f6940E2eb28930eFb4CeF49B2d1F2C9C1199,0x09DB0a93B389bEF724429898f539AEB7ac2Dd55f,true,true,false,0x5a1a05610783b504f578d46c690fef3ac3d496e4f229389f235775db7bf7f503,1083,207628,1789654216403,1789654218282,1879,
2978,0xdD2FD4581271e230360230F9337D5c0430Bf44C0,0x8626f6940E2eb28930eFb4CeF49B2d1F2C9C1199,true,true,false,0xf50844b84ce5ccf6524e9dbe636c3386c7cb938ecd0a56f796c45aeb7292eefd,1084,207628,1789654218329,1789654220326,1997,
2979,0x8626f6940E2eb28930eFb4CeF49B2d1F2C9C1199,0x09DB0a93B389bEF724429898f539AEB7ac2Dd55f,true,true,false,0xcee85d4d52c6169222e2ec82ffeabb1878b53e456b6d9d84a596bfad7141ece4,1084,207616,1789654218329,1789654220328,1999,
2980,0x09DB0a93B389bEF724429898f539AEB7ac2Dd55f,0x70997970C51812dc3A010C7d01b50e0d17dc79C8,true,true,false,0x6072760c90520997957ae1b18d396e6c10a28ad268a6d65b403ce685b793f067,1084,207628,1789654218330,1789654220329,1999,
2760,0x09DB0a93B389bEF724429898f539AEB7ac2Dd55f,0x70997970C51812dc3A010C7d01b50e0d17dc79C8,true,true,false,0x693e16fb7ae84e5bbe7fb070b08342ead30293a0a1cb68c799992dd87effe124,1084,207616,1789654218330,1789654220329,1999,
2761,0x70997970C51812dc3A010C7d01b50e0d17dc79C8,0x3C44CdDdB6a900fa2b585dd299e03d12FA4293BC,true,true,false,0xa1e119a7e8491b63ad99b9133405e440c5d904c24d5f759a66ea290b6aa49de5,1084,207616,1789654218330,1789654220330,2000,
2762,0x3C44CdDdB6a900fa2b585dd299e03d12FA4293BC,0x90F79bf6EB2c4f870365E785982E1f101E93b906,true,true,false,0xa82de0e3efc698fe9d61c3e826ea0a397dc81c0a525800ce9eb76094177c7d97,1084,207616,1789654218331,1789654220330,1999,
2763,0x90F79bf6EB2c4f870365E785982E1f101E93b906,0x15d34AAf54267DB7D7c367839AAf71A00a2C6A65,true,true,false,0x2c7951e8babea07aa5059b9395191255fadcc1419301c2204675a80a1fba01e7,1084,207616,1789654218332,1789654220330,1998,
2764,0x15d34AAf54267DB7D7c367839AAf71A00a2C6A65,0x9965507D1a55bcC2695C58ba16FB37d819B0A4dc,true,true,false,0x7d75367d15805a7929beda67970dca3376f116194c6713b84ad1b96e39adeac7,1084,207628,1789654218333,1789654220332,1999,
2765,0x9965507D1a55bcC2695C58ba16FB37d819B0A4dc,0x976EA74026E726554dB657fA54763abd0C3a0aa9,true,true,false,0xa512d2fdaf696cd7f9b0865d7b5877ffda86604788a0df990559eb162c87ccee,1084,207616,1789654218334,1789654220332,1998,
2766,0x976EA74026E726554dB657fA54763abd0C3a0aa9,0x14dC79964da2C08b23698B3D3cc7Ca32193d9955,true,true,false,0x12cf65710ef32003f900171b03966bf900c02312fd2cccb380725eb46a77b56c,1084,207628,1789654218334,1789654220333,1999,
2767,0x14dC79964da2C08b23698B3D3cc7Ca32193d9955,0x23618e81E3f5cdF7f54C3d65f7FBc0aBf5B21E8f,true,true,false,0x57fadcd98e2ffebd9ce97676f251072470f0f016e0d847ce0c09000e6732adac,1084,207628,1789654218335,1789654220333,1998,
2768,0x23618e81E3f5cdF7f54C3d65f7FBc0aBf5B21E8f,0xa0Ee7A142d267C1f36714E4a8F75612F20a79720,true,true,false,0x5cf858aed925c75b1766c873c2991fc3f503e133aef8db04502859934dac673b,1084,207628,1789654218335,1789654220334,1999,
2769,0xa0Ee7A142d267C1f36714E4a8F75612F20a79720,0xBcd4042DE499D14e55001CcbB24a551F3b954096,true,true,false,0x12728f0a8d8dfe4162c2f097fc1ae11b1e734bcd9a8ba99ff511a74ffa64e0dd,1084,207616,1789654218336,1789654220334,1998,
2770,0xBcd4042DE499D14e55001CcbB24a551F3b954096,0x71bE63f3384f5fb98995898A86B02Fb2426c5788,true,true,false,0x583741416108b601b772af1ab324f6f5f799112318686840c8da1a29b8abdd2c,1084,207616,1789654218337,1789654220334,1997,
2771,0x71bE63f3384f5fb98995898A86B02Fb2426c5788,0xFABB0ac9d68B0B445fB7357272Ff202C5651694a,true,true,false,0x9491f8e702c7449ba5514a5fa3b15d0b82c05a0e3ea24fdd079f0befd9e164db,1084,207628,1789654218337,1789654220335,1998,
2772,0xFABB0ac9d68B0B445fB7357272Ff202C5651694a,0x1CBd3b2770909D4e10f157cABC84C7264073C9Ec,true,true,false,0xe2b173a5e1b14bda9a68abc9bdda1f890a805acf8331a3268017e9c10788e187,1084,207628,1789654218338,1789654220335,1997,
2773,0x1CBd3b2770909D4e10f157cABC84C7264073C9Ec,0xdF3e18d64BC6A983f673Ab319CCaE4f1a57C7097,true,true,false,0x6f1d819fb1823f2176d57d117f3920c9a59b8359886fd9cf4bab0f42af236131,1084,207628,1789654218338,1789654220335,1997,
2774,0xdF3e18d64BC6A983f673Ab319CCaE4f1a57C7097,0xcd3B766CCDd6AE721141F452C550Ca635964ce71,true,true,false,0xdc559d7211c0b02bb87dc8df7121a812a9bfa6407f739f2a95a79b11e5842dda,1084,207628,1789654218339,1789654220335,1996,
2776,0x2546BcD3c84621e976D8185a91A922aE77ECEc30,0xbDA5747bFD65F08deb54cb465eB87D40e51B197E,true,true,false,0x9d91667272c28b026915f7dc4db83b02bf0112d632449c16a29abfd7177a9ead,1084,207628,1789654218339,1789654220335,1996,
2777,0xbDA5747bFD65F08deb54cb465eB87D40e51B197E,0xdD2FD4581271e230360230F9337D5c0430Bf44C0,true,true,false,0x7573359a6cc3d5816081a24db28bbab824ad1305e53d0a65d68bb95ddafb3b94,1084,207628,1789654218340,1789654220336,1996,
2778,0xdD2FD4581271e230360230F9337D5c0430Bf44C0,0x8626f6940E2eb28930eFb4CeF49B2d1F2C9C1199,true,true,false,0x215c381629b6ed2961b262c7203aedc9eb89fa1313045c7d827fe3d681241987,1084,207604,1789654218340,1789654220336,1996,
2780,0x09DB0a93B389bEF724429898f539AEB7ac2Dd55f,0x70997970C51812dc3A010C7d01b50e0d17dc79C8,true,true,false,0xbf0d3723518f08151d706b84bfa104cbbbc1478947b2911a17eac6c123c046db,1084,207628,1789654218341,1789654220336,1995,
2781,0x70997970C51812dc3A010C7d01b50e0d17dc79C8,0x3C44CdDdB6a900fa2b585dd299e03d12FA4293BC,true,true,false,0x841121d534c41aab5144a6d44a3bf5b820f48437d70a8a3f6723e4dd7bd7d002,1084,207616,1789654218360,1789654220172,1812,
2782,0x3C44CdDdB6a900fa2b585dd299e03d12FA4293BC,0x90F79bf6EB2c4f870365E785982E1f101E93b906,true,true,false,0xceb6b4b53103c8c05da78ce07b524c7ad7ec7b8ea9d2e84f2b71077aa056326d,1084,207616,1789654218362,1789654220179,1817,
2783,0x90F79bf6EB2c4f870365E785982E1f101E93b906,0x15d34AAf54267DB7D7c367839AAf71A00a2C6A65,true,true,false,0x304d361166c2d826b3dc80b9f2fca84c52dec64939ff6be1f0df8b1852c84e25,1084,207628,1789654218363,1789654220179,1816,
2786,0x976EA74026E726554dB657fA54763abd0C3a0aa9,0x14dC79964da2C08b23698B3D3cc7Ca32193d9955,true,true,false,0xffcbbf40bbac977512ef1ce9b05166e339567e4d3468196b0c847626a5cd7463,1084,207628,1789654218363,1789654220180,1817,
2787,0x14dC79964da2C08b23698B3D3cc7Ca32193d9955,0x23618e81E3f5cdF7f54C3d65f7FBc0aBf5B21E8f,true,true,false,0x11b073ff66e15c2bfca7d99a264c90d1e5109825804c9a30537970e54633d806,1084,207616,1789654218363,1789654220180,1817,
2788,0x23618e81E3f5cdF7f54C3d65f7FBc0aBf5B21E8f,0xa0Ee7A142d267C1f36714E4a8F75612F20a79720,true,true,false,0xd02c55d6af977769a2dab379f89e1bdb3bd01f4f0eb5f563ad504c481ca06d1b,1084,207628,1789654218365,1789654220180,1815,
2789,0xa0Ee7A142d267C1f36714E4a8F75612F20a79720,0xBcd4042DE499D14e55001CcbB24a551F3b954096,true,true,false,0xd3c808ed505acf875b3d7df8db51e9bfc993aa6a60ee4608bf3643ec5f88f44e,1084,207616,1789654218367,1789654220180,1813,
2790,0xBcd4042DE499D14e55001CcbB24a551F3b954096,0x71bE63f3384f5fb98995898A86B02Fb2426c5788,true,true,false,0x7ea825f1861f3af7fc618810867c204144ee197b1bc3d715ec75e432d0eb04ab,1084,207616,1789654218367,1789654220180,1813,
2791,0x71bE63f3384f5fb98995898A86B02Fb2426c5788,0xFABB0ac9d68B0B445fB7357272Ff202C5651694a,true,true,false,0x4f54c087c652a9a5c6cd951775d9bdf611d5a48b79287ba462a27c30c093ddac,1084,207616,1789654218369,1789654220180,1811,
2792,0xFABB0ac9d68B0B445fB7357272Ff202C5651694a,0x1CBd3b2770909D4e10f157cABC84C7264073C9Ec,true,true,false,0x662f358c578bd2fcdf40a637b850c9513f01deeccae824c832599337f05e3536,1084,207616,1789654218369,1789654220181,1812,
2793,0x1CBd3b2770909D4e10f157cABC84C7264073C9Ec,0xdF3e18d64BC6A983f673Ab319CCaE4f1a57C7097,true,true,false,0xe6c0e8797a0903adfbc5add0d8069f540c8f1302f42dc6255488559f22b2f4fc,1084,207628,1789654218370,1789654220181,1811,
2794,0xdF3e18d64BC6A983f673Ab319CCaE4f1a57C7097,0xcd3B766CCDd6AE721141F452C550Ca635964ce71,true,true,false,0x3fe69edadd959e92144be2e9ca538312f3461a269c28848c76023a12b7106546,1084,207616,1789654218370,1789654220182,1812,
2795,0xcd3B766CCDd6AE721141F452C550Ca635964ce71,0x2546BcD3c84621e976D8185a91A922aE77ECEc30,true,true,false,0x8c6a4b0e4b1fb95a4c2f9730f5cf0c8cf68f37b982849c73e25702910fae2663,1084,207628,1789654218371,1789654220182,1811,
2797,0xbDA5747bFD65F08deb54cb465eB87D40e51B197E,0xdD2FD4581271e230360230F9337D5c0430Bf44C0,true,true,false,0xc093d4e9ba2e0229b1301b934a7dc2592d47722acdd4d6f0006537e1aaf457b5,1084,207628,1789654218371,1789654220182,1811,
2798,0xdD2FD4581271e230360230F9337D5c0430Bf44C0,0x8626f6940E2eb28930eFb4CeF49B2d1F2C9C1199,true,true,false,0xc53d070a1d49507a3cb96511ebeac4d477443fd65468ebdf14ef0911f22d99fa,1084,207628,1789654218372,1789654220183,1811,
2799,0x8626f6940E2eb28930eFb4CeF49B2d1F2C9C1199,0x09DB0a93B389bEF724429898f539AEB7ac2Dd55f,true,true,false,0x084e6966bc91132accae0571d2e1cc4469cae9f02704a7dfd89b85be69e8e576,1084,207604,1789654218372,1789654220183,1811,
2800,0x09DB0a93B389bEF724429898f539AEB7ac2Dd55f,0x70997970C51812dc3A010C7d01b50e0d17dc79C8,true,true,false,0xb7d8f410b3d07d26e3c92672294f85daf3db2343cac08c0b97727e2597daafbd,1084,207628,1789654218372,1789654220183,1811,
2801,0x70997970C51812dc3A010C7d01b50e0d17dc79C8,0x3C44CdDdB6a900fa2b585dd299e03d12FA4293BC,true,true,false,0x317a59211c4d7ba25d322b31dc252a35c138cdc61666c4c30e8a52cb24f31ad9,1084,207616,1789654218373,1789654220184,1811,
2802,0x3C44CdDdB6a900fa2b585dd299e03d12FA4293BC,0x90F79bf6EB2c4f870365E785982E1f101E93b906,true,true,false,0x128b1bef2d35735cfb831cb5f1f81a92e0c6477d55450d3b92f8f9e149d86598,1084,207604,1789654218373,1789654220184,1811,
2803,0x90F79bf6EB2c4f870365E785982E1f101E93b906,0x15d34AAf54267DB7D7c367839AAf71A00a2C6A65,true,true,false,0x4bcca117945ba16d349972480e4abe2c5f96b9a5ee318af830b510ef29cec1b8,1084,207628,1789654218373,1789654220185,1812,
2804,0x15d34AAf54267DB7D7c367839AAf71A00a2C6A65,0x9965507D1a55bcC2695C58ba16FB37d819B0A4dc,true,true,false,0x6f09c9bce8a4c4e50f9ebf4bd61cb84e7bc476c0385d48dc1bb0181c7bda0657,1084,207628,1789654218374,1789654220185,1811,
2805,0x9965507D1a55bcC2695C58ba16FB37d819B0A4dc,0x976EA74026E726554dB657fA54763abd0C3a0aa9,true,true,false,0x5b7dc1613791c6f4c90abecf147f76aeee23afc039fcbdcfcb5ae12007ba324d,1084,207628,1789654218374,1789654220185,1811,
2806,0x976EA74026E726554dB657fA54763abd0C3a0aa9,0x14dC79964da2C08b23698B3D3cc7Ca32193d9955,true,true,false,0x63df4c7c40f66f2c557d7e5d2716fff5c2ba66465994b8a76fde9d59d638e42b,1084,207628,1789654218374,1789654220185,1811,
2807,0x14dC79964da2C08b23698B3D3cc7Ca32193d9955,0x23618e81E3f5cdF7f54C3d65f7FBc0aBf5B21E8f,true,true,false,0x7bbe87c88d9bcb1e4d9e459445cf27f70351058ffae194230a4bcf93523f9ddb,1084,207628,1789654218375,1789654220185,1810,
2808,0x23618e81E3f5cdF7f54C3d65f7FBc0aBf5B21E8f,0xa0Ee7A142d267C1f36714E4a8F75612F20a79720,true,true,false,0xcba1983354c8c1688faca308d74d7ba3db3e1dded7f033b5d5c104caca87ed6d,1084,207628,1789654218375,1789654220186,1811,
2809,0xa0Ee7A142d267C1f36714E4a8F75612F20a79720,0xBcd4042DE499D14e55001CcbB24a551F3b954096,true,true,false,0x90ebf4190ae9041f8be578965af5e91502aea901d8921e135e4ba24ad023b392,1084,207604,1789654218376,1789654220186,1810,
2810,0xBcd4042DE499D14e55001CcbB24a551F3b954096,0x71bE63f3384f5fb98995898A86B02Fb2426c5788,true,true,false,0x7b23bf58b85398f72fa60e3262f14c9f6f75bdb433e37fc806e2b0a95e9b946b,1084,207616,1789654218376,1789654220186,1810,
2811,0x71bE63f3384f5fb98995898A86B02Fb2426c5788,0xFABB0ac9d68B0B445fB7357272Ff202C5651694a,true,true,false,0xd320ed92dda000c926e53881e74d55a7c7ca9391e08b1bb1f4240dff6fc02462,1084,207628,1789654218376,1789654220186,1810,
2812,0xFABB0ac9d68B0B445fB7357272Ff202C5651694a,0x1CBd3b2770909D4e10f157cABC84C7264073C9Ec,true,true,false,0x2f6d1447cd81f3212f5343c8c8261130b0e7628f816f7f30254cd45372c3fa3d,1084,207628,1789654218377,1789654220187,1810,
2813,0x1CBd3b2770909D4e10f157cABC84C7264073C9Ec,0xdF3e18d64BC6A983f673Ab319CCaE4f1a57C7097,true,true,false,0x21d4675bad6898ed70d055969b4ff7bbb0671210716bacf754abfd47de9419e4,1084,207628,1789654218377,1789654220187,1810,
2817,0xbDA5747bFD65F08deb54cb465eB87D40e51B197E,0xdD2FD4581271e230360230F9337D5c0430Bf44C0,true,true,false,0x88d1b34a4d3fa2737eb1ebccd09f6f692561ec23da6b0652c619d315d2f2adf0,1084,207616,1789654218377,1789654220187,1810,
2818,0xdD2FD4581271e230360230F9337D5c0430Bf44C0,0x8626f6940E2eb28930eFb4CeF49B2d1F2C9C1199,true,true,false,0xf6e1b1026de6f882b72e0a3ddc8899d3622c5c3cba8652236ba213aff79a0ed9,1084,207628,1789654218378,1789654220188,1810,
2819,0x8626f6940E2eb28930eFb4CeF49B2d1F2C9C1199,0x09DB0a93B389bEF724429898f539AEB7ac2Dd55f,true,true,false,0x31ed6b278aa49af48092a2d8e10363f06cc41bc7da350a5e64812882553d3a46,1084,207628,1789654218378,1789654220188,1810,
2820,0x09DB0a93B389bEF724429898f539AEB7ac2Dd55f,0x70997970C51812dc3A010C7d01b50e0d17dc79C8,true,true,false,0x3d16fc2f9f6e366e33fa6ee0068c89d588835347a3ae6841036766e372ade71c,1084,207628,1789654218379,1789654220219,1840,
2821,0x70997970C51812dc3A010C7d01b50e0d17dc79C8,0x3C44CdDdB6a900fa2b585dd299e03d12FA4293BC,true,true,false,0xf407967c7841316bcf554209e754fe85d56b7b13465605c8b7f302444e69d39f,1084,207616,1789654218379,1789654220219,1840,
2822,0x3C44CdDdB6a900fa2b585dd299e03d12FA4293BC,0x90F79bf6EB2c4f870365E785982E1f101E93b906,true,true,false,0x370ea994afe7e272926482ca495c7eae084c838451424b0a8ed3fb4ed363ae17,1084,207616,1789654218380,1789654220219,1839,
2823,0x90F79bf6EB2c4f870365E785982E1f101E93b906,0x15d34AAf54267DB7D7c367839AAf71A00a2C6A65,true,true,false,0xa0316fd039764dec6296cfedc67a494e56338f08f1124e1eab1c7b6151708e6f,1084,207616,1789654218380,1789654220219,1839,
2824,0x15d34AAf54267DB7D7c367839AAf71A00a2C6A65,0x9965507D1a55bcC2695C58ba16FB37d819B0A4dc,true,true,false,0x47e98987ff7a86cd6dd96e67c1fa0505e19bc80cbaf0c9cf5988072b959f1478,1084,207628,1789654218380,1789654220220,1840,
2825,0x9965507D1a55bcC2695C58ba16FB37d819B0A4dc,0x976EA74026E726554dB657fA54763abd0C3a0aa9,true,true,false,0x3cad2ff0fe4c7299c607e3d2766f74da53feebe883d4438c930569a443ca5477,1084,207616,1789654218381,1789654220220,1839,
2826,0x976EA74026E726554dB657fA54763abd0C3a0aa9,0x14dC79964da2C08b23698B3D3cc7Ca32193d9955,true,true,false,0x95e96673abb45188ded2a61c4acf99e1b10ec848866c08d57f3ac99dee92d652,1084,207628,1789654218382,1789654220220,1838,
2827,0x14dC79964da2C08b23698B3D3cc7Ca32193d9955,0x23618e81E3f5cdF7f54C3d65f7FBc0aBf5B21E8f,true,true,false,0x34e17c63bdc7d0c177c731435ed0829084e33cf4c7e9a184a2182922556b7415,1084,207628,1789654218383,1789654220220,1837,
2828,0x23618e81E3f5cdF7f54C3d65f7FBc0aBf5B21E8f,0xa0Ee7A142d267C1f36714E4a8F75612F20a79720,true,true,false,0xe3af3367a7baff598619626817a8854c1f570cdb482ed2da87042746c7a6f231,1084,207628,1789654218389,1789654220220,1831,
2829,0xa0Ee7A142d267C1f36714E4a8F75612F20a79720,0xBcd4042DE499D14e55001CcbB24a551F3b954096,true,true,false,0x671cad496a08a0e08294da2cb5225b9f857f8f193ec7573d3f437721fb33740b,1084,207616,1789654218391,1789654220221,1830,
2830,0xBcd4042DE499D14e55001CcbB24a551F3b954096,0x71bE63f3384f5fb98995898A86B02Fb2426c5788,true,true,false,0x503f657b31966c04b6e3d93231865abdb7a58b7a512fc2180a035ec986965b48,1084,207616,1789654218392,1789654220221,1829,
2831,0x71bE63f3384f5fb98995898A86B02Fb2426c5788,0xFABB0ac9d68B0B445fB7357272Ff202C5651694a,true,true,false,0x61b5446c85b662618973aec636c05d9b07eda3e4969ff1d65bcddff8297da5f4,1084,207628,1789654218392,1789654220221,1829,
2832,0xFABB0ac9d68B0B445fB7357272Ff202C5651694a,0x1CBd3b2770909D4e10f157cABC84C7264073C9Ec,true,true,false,0xe1e8fd7a08c48eef1cca2115a1a261bd42531fa60f97ea73ec8095c39f71777f,1084,207628,1789654218393,1789654220221,1828,
2833,0x1CBd3b2770909D4e10f157cABC84C7264073C9Ec,0xdF3e18d64BC6A983f673Ab319CCaE4f1a57C7097,true,true,false,0x922ba93c518047e6b9a9855be2bb1746906a92fea4c4f3e48b09c374877fe24b,1084,207628,1789654218393,1789654220221,1828,
2834,0xdF3e18d64BC6A983f673Ab319CCaE4f1a57C7097,0xcd3B766CCDd6AE721141F452C550Ca635964ce71,true,true,false,0xbb5be89ce8cb5c12fac14ff332a4d6f00d99576f87b424007272d4dac319a493,1084,207628,1789654218393,1789654220221,1828,
2835,0xcd3B766CCDd6AE721141F452C550Ca635964ce71,0x2546BcD3c84621e976D8185a91A922aE77ECEc30,true,true,false,0x9ebd8bfdd606a7768cdc76920b16cb96c28d5b58058c4c72ba13109c4ac500e6,1084,207628,1789654218394,1789654220222,1828,
2836,0x2546BcD3c84621e976D8185a91A922aE77ECEc30,0xbDA5747bFD65F08deb54cb465eB87D40e51B197E,true,true,false,0xfe1f1599e456c8f04c4fc3e793dfec169a23819288bed7a61af903e85f17b664,1084,207628,1789654218394,1789654220222,1828,
2837,0xbDA5747bFD65F08deb54cb465eB87D40e51B197E,0xdD2FD4581271e230360230F9337D5c0430Bf44C0,true,true,false,0x9d2efe624209f9092307f83c25a5ab668087f436a7ca0cbb5eae6cf00b370487,1084,207628,1789654218396,1789654220222,1826,
2838,0xdD2FD4581271e230360230F9337D5c0430Bf44C0,0x8626f6940E2eb28930eFb4CeF49B2d1F2C9C1199,true,true,false,0xe171c20a729157bf6e785d03787eda8bbd56f93e46b847f4d96aac79bec730fe,1084,207628,1789654218396,1789654220222,1826,
2839,0x8626f6940E2eb28930eFb4CeF49B2d1F2C9C1199,0x09DB0a93B389bEF724429898f539AEB7ac2Dd55f,true,true,false,0x7d0f568963d6fd70ee4f9445a5733956b8bdeb3060dfba9211b76e7c9f040b4f,1084,207628,1789654218397,1789654220222,1825,
2840,0x09DB0a93B389bEF724429898f539AEB7ac2Dd55f,0x70997970C51812dc3A010C7d01b50e0d17dc79C8,true,true,false,0xeba61d410b5fd6aa0917c3f183a69631fa56ab493f8513ec57c83efa64dba7f0,1084,207628,1789654218397,1789654220222,1825,
2841,0x70997970C51812dc3A010C7d01b50e0d17dc79C8,0x3C44CdDdB6a900fa2b585dd299e03d12FA4293BC,true,true,false,0xa78666c5166139b78d55c0f3174253e28ddd9bf3996bb9ddfb992f4e2a5fe868,1084,207616,1789654218399,1789654220223,1824,
2842,0x3C44CdDdB6a900fa2b585dd299e03d12FA4293BC,0x90F79bf6EB2c4f870365E785982E1f101E93b906,true,true,false,0x0d81c5a504ad0a61b7d44df2721f241674b4fd3569db664b74f5bf04dfc98ecd,1084,207616,1789654218400,1789654220223,1823,
2843,0x90F79bf6EB2c4f870365E785982E1f101E93b906,0x15d34AAf54267DB7D7c367839AAf71A00a2C6A65,true,true,false,0x844a5088db44996d43d34b8d66f5f99b9cc3fbf5e92034816bf0c49c41182694,1084,207628,1789654218400,1789654220223,1823,
2844,0x15d34AAf54267DB7D7c367839AAf71A00a2C6A65,0x9965507D1a55bcC2695C58ba16FB37d819B0A4dc,true,true,false,0x0c66cf9e59db3cab2b09fc33df5d781e4e5bc53881610dbafcb9e926e5e8985a,1084,207616,1789654218401,1789654220223,1822,
2845,0x9965507D1a55bcC2695C58ba16FB37d819B0A4dc,0x976EA74026E726554dB657fA54763abd0C3a0aa9,true,true,false,0xf9573d435de3762396e748398f96d4bcef48cce8d217fed4864b3672616c7505,1084,207604,1789654218402,1789654220223,1821,
2846,0x976EA74026E726554dB657fA54763abd0C3a0aa9,0x14dC79964da2C08b23698B3D3cc7Ca32193d9955,true,true,false,0x9d92b37e5406010a1274915cc1e4e27a3426518a482bc639d3fd38578054acb8,1084,207628,1789654218403,1789654220223,1820,
2847,0x14dC79964da2C08b23698B3D3cc7Ca32193d9955,0x23618e81E3f5cdF7f54C3d65f7FBc0aBf5B21E8f,true,true,false,0x4a0c403801a3b436fcd5de458ab485545d193ad0337c0f4b6a6f39f2817f6a74,1084,207628,1789654218403,1789654220224,1821,
2848,0x23618e81E3f5cdF7f54C3d65f7FBc0aBf5B21E8f,0xa0Ee7A142d267C1f36714E4a8F75612F20a79720,true,true,false,0x056e1cc4ec908f991a8fea80fa518dd737090b41d95aa2c81ad667f81443ed76,1084,207628,1789654218404,1789654220224,1820,
2849,0xa0Ee7A142d267C1f36714E4a8F75612F20a79720,0xBcd4042DE499D14e55001CcbB24a551F3b954096,true,true,false,0x36a181a41c2b2e463ba47666b71b8f6c75cd6c0330caeb46682b78b44164c655,1084,207604,1789654218405,1789654220224,1819,
2850,0xBcd4042DE499D14e55001CcbB24a551F3b954096,0x71bE63f3384f5fb98995898A86B02Fb2426c5788,true,true,false,0xe51996342bb84e4ff5617a597a9aa0127c4d6704f914af34ffc472f5f122d252,1084,207616,1789654218405,1789654220224,1819,
2851,0x71bE63f3384f5fb98995898A86B02Fb2426c5788,0xFABB0ac9d68B0B445fB7357272Ff202C5651694a,true,true,false,0x981a1885466d8d5d3aa7de480b832355825810850c03c107dc34b44335bcfcd1,1084,207628,1789654218406,1789654220224,1818,
2852,0xFABB0ac9d68B0B445fB7357272Ff202C5651694a,0x1CBd3b2770909D4e10f157cABC84C7264073C9Ec,true,true,false,0xef832e717544b7e51bf57f884649022ae8db76bec7f2d956d3e9094c5f0326e4,1084,207628,1789654218407,1789654220224,1817,
2853,0x1CBd3b2770909D4e10f157cABC84C7264073C9Ec,0xdF3e18d64BC6A983f673Ab319CCaE4f1a57C7097,true,true,false,0x3d236ea347408cb3c411f41e46bb4db91ca92d5028f190538723f5f215e29fc3,1084,207628,1789654218408,1789654220225,1817,
2854,0xdF3e18d64BC6A983f673Ab319CCaE4f1a57C7097,0xcd3B766CCDd6AE721141F452C550Ca635964ce71,true,true,false,0x0708e9004cd3d8d0ee833135a73b7bab4ffe950f3d27c86583f9caa623f7cfd5,1084,207628,1789654218408,1789654220225,1817,
2855,0xcd3B766CCDd6AE721141F452C550Ca635964ce71,0x2546BcD3c84621e976D8185a91A922aE77ECEc30,true,true,false,0x24b9a46b9da9fa93fdde00d89ae2d88c9e365c764faee309cbf4d3fa9b2ec335,1084,207628,1789654218409,1789654220225,1816,
2856,0x2546BcD3c84621e976D8185a91A922aE77ECEc30,0xbDA5747bFD65F08deb54cb465eB87D40e51B197E,true,true,false,0x904746e39983badc0c560a843f45c20bef63cd01ab5cfc34e064f22bd3264b20,1084,207628,1789654218410,1789654220225,1815,
2857,0xbDA5747bFD65F08deb54cb465eB87D40e51B197E,0xdD2FD4581271e230360230F9337D5c0430Bf44C0,true,true,false,0xe1a576de5855803f61845787238ce14d8f903e816701055de27b24fdc300f3b6,1084,207628,1789654218410,1789654220225,1815,
2858,0xdD2FD4581271e230360230F9337D5c0430Bf44C0,0x8626f6940E2eb28930eFb4CeF49B2d1F2C9C1199,true,true,false,0xa40ec88241f4f13b5cf71792a15c0b42d588db8f86a93d478cbf82499d1519f5,1084,207616,1789654218411,1789654220225,1814,
2859,0x8626f6940E2eb28930eFb4CeF49B2d1F2C9C1199,0x09DB0a93B389bEF724429898f539AEB7ac2Dd55f,true,true,false,0xedec5969262874497582a1e4e391078c2ae5236e2a2d262229cd6d6cffcd58d0,1084,207628,1789654218411,1789654220226,1815,
2860,0x09DB0a93B389bEF724429898f539AEB7ac2Dd55f,0x70997970C51812dc3A010C7d01b50e0d17dc79C8,true,true,false,0xb29ee47aac3c9d2c070b1e8dfc43788acfce50b0b50db9cd1290f91a03443bf8,1084,207616,1789654218411,1789654220226,1815,
2861,0x70997970C51812dc3A010C7d01b50e0d17dc79C8,0x3C44CdDdB6a900fa2b585dd299e03d12FA4293BC,true,true,false,0x9ac4398f7726f5171edd355f3518efdb0b039564af34f60fb0e7bfd61f18a8bd,1084,207616,1789654218412,1789654220226,1814,
2862,0x3C44CdDdB6a900fa2b585dd299e03d12FA4293BC,0x90F79bf6EB2c4f870365E785982E1f101E93b906,true,true,false,0xe9f245b6ceae0c30e54bad6fa9a508be80a12a6f05fc331309fb5a2c645d55d7,1084,207616,1789654218412,1789654220226,1814,
2866,0x976EA74026E726554dB657fA54763abd0C3a0aa9,0x14dC79964da2C08b23698B3D3cc7Ca32193d9955,true,true,false,0x959c7018ff638264227e2f66e1edfad0a51df31faf8954d1a40e288e68d12a86,1084,207628,1789654218412,1789654220226,1814,
2867,0x14dC79964da2C08b23698B3D3cc7Ca32193d9955,0x23618e81E3f5cdF7f54C3d65f7FBc0aBf5B21E8f,true,true,false,0xd25232191add3c25c0ac296e972bb1dac2dd9db43e5b8f0284043bff4813e894,1084,207616,1789654218413,1789654220226,1813,
2977,0xbDA5747bFD65F08deb54cb465eB87D40e51B197E,0xdD2FD4581271e230360230F9337D5c0430Bf44C0,true,true,false,0xc75b4adedfe28c7b723a51eb98c040f42671c653c6757baf9522971de6dd9255,1085,207616,1789654220297,1789654222291,1994,
2868,0x23618e81E3f5cdF7f54C3d65f7FBc0aBf5B21E8f,0xa0Ee7A142d267C1f36714E4a8F75612F20a79720,true,true,false,0xe95ceb0da466fc4f3a882320bc2405d4caa8be055768f187e11cceb2a2cbac2b,1085,207628,1789654220298,1789654222291,1993,
2869,0xa0Ee7A142d267C1f36714E4a8F75612F20a79720,0xBcd4042DE499D14e55001CcbB24a551F3b954096,true,true,false,0x7347592c9f9e32d70653588337de0eed4f501666f202c986a12ac513593521b3,1085,207616,1789654220299,1789654222291,1992,
2870,0xBcd4042DE499D14e55001CcbB24a551F3b954096,0x71bE63f3384f5fb98995898A86B02Fb2426c5788,true,true,false,0xb9326848486e7b9c464c6e4b40737669cf1a90c6e9561ef36c6c31493cc9d77c,1085,207616,1789654220300,1789654222292,1992,
2871,0x71bE63f3384f5fb98995898A86B02Fb2426c5788,0xFABB0ac9d68B0B445fB7357272Ff202C5651694a,true,true,false,0x2eb43d2c1edee4946f2d5453c50e11f1ef0d478dbeda9061e3c983ba8a40872a,1085,207628,1789654220300,1789654222292,1992,
2872,0xFABB0ac9d68B0B445fB7357272Ff202C5651694a,0x1CBd3b2770909D4e10f157cABC84C7264073C9Ec,true,true,false,0x489052a80898e4ec41b5a7bc57a6d22a091656431a57ce34826ee625ca9825d7,1085,207628,1789654220301,1789654222292,1991,
2873,0x1CBd3b2770909D4e10f157cABC84C7264073C9Ec,0xdF3e18d64BC6A983f673Ab319CCaE4f1a57C7097,true,true,false,0xb9638dea4204e1ea63214cecb2fc7b6fb97ade31afb529fc69cd74be0e8fe310,1085,207628,1789654220301,1789654222292,1991,
2874,0xdF3e18d64BC6A983f673Ab319CCaE4f1a57C7097,0xcd3B766CCDd6AE721141F452C550Ca635964ce71,true,true,false,0x3844a7b3b7d32baa8779b0be7aa2c4113d85a8119519bfbc7ae7024950f750e8,1085,207628,1789654220302,1789654222293,1991,
2875,0xcd3B766CCDd6AE721141F452C550Ca635964ce71,0x2546BcD3c84621e976D8185a91A922aE77ECEc30,true,true,false,0x2677aa3eebff1446938bc5f0cf86bd6a3c1b5b2777c8f7c0f85b51fac67d2237,1085,207616,1789654220303,1789654222293,1990,
2876,0x2546BcD3c84621e976D8185a91A922aE77ECEc30,0xbDA5747bFD65F08deb54cb465eB87D40e51B197E,true,true,false,0xbc6371210b18f4366b453c842cd40a9ce4f3f1e94fe407e7b5d20eee5aa4247a,1085,207628,1789654220303,1789654222293,1990,
2877,0xbDA5747bFD65F08deb54cb465eB87D40e51B197E,0xdD2FD4581271e230360230F9337D5c0430Bf44C0,true,true,false,0xe7b3f9310551e5df46692fbaff0f33f826bf0a227a76808c3352dfe8046dca0b,1085,207628,1789654220304,1789654222294,1990,
2878,0xdD2FD4581271e230360230F9337D5c0430Bf44C0,0x8626f6940E2eb28930eFb4CeF49B2d1F2C9C1199,true,true,false,0x53cdc96423ff42b1c5ceebcaf64d14075c6430ef59f7dd2802cc8bf37f807896,1085,207628,1789654220304,1789654222294,1990,
2879,0x8626f6940E2eb28930eFb4CeF49B2d1F2C9C1199,0x09DB0a93B389bEF724429898f539AEB7ac2Dd55f,true,true,false,0x8db2b8301ef2cda2d8fdf32eb141a5607dc73722f644b56a0c03ea4507136e09,1085,207628,1789654220304,1789654222294,1990,
2880,0x09DB0a93B389bEF724429898f539AEB7ac2Dd55f,0x70997970C51812dc3A010C7d01b50e0d17dc79C8,true,true,false,0x2b6c6f92792014a6ed1c0a3dff06a4de28f947365e024f85ae77cb553967ffbc,1085,207628,1789654220305,1789654222294,1989,
2881,0x70997970C51812dc3A010C7d01b50e0d17dc79C8,0x3C44CdDdB6a900fa2b585dd299e03d12FA4293BC,true,true,false,0xebed7b46836d747a74b8e48ca45ed8243e4bf94ba9d8d697724fdd55d72b0940,1085,207604,1789654220305,1789654222295,1990,
2888,0x23618e81E3f5cdF7f54C3d65f7FBc0aBf5B21E8f,0xa0Ee7A142d267C1f36714E4a8F75612F20a79720,true,true,false,0x2eed2c7d0ecda1e58b57e2ceb70e5b658c0c0c703713f458bd950d5d0673707c,1085,207628,1789654220305,1789654222295,1990,
2889,0xa0Ee7A142d267C1f36714E4a8F75612F20a79720,0xBcd4042DE499D14e55001CcbB24a551F3b954096,true,true,false,0xf50ff56660f0868a040780c16345573098cbee96849a04c1416c40a9e9c7b6e3,1085,207616,1789654220306,1789654222295,1989,
2890,0xBcd4042DE499D14e55001CcbB24a551F3b954096,0x71bE63f3384f5fb98995898A86B02Fb2426c5788,true,true,false,0xbb88133e6518660d5120137c270054583ff6a790205730b01e58fb7066ed7f97,1085,207616,1789654220306,1789654222296,1990,
2891,0x71bE63f3384f5fb98995898A86B02Fb2426c5788,0xFABB0ac9d68B0B445fB7357272Ff202C5651694a,true,true,false,0x0d503aed1e2f51e887a9b3020a174ed3cf35ab9147dd559ba1149d98cbceba65,1085,207628,1789654220306,1789654222296,1990,
2892,0xFABB0ac9d68B0B445fB7357272Ff202C5651694a,0x1CBd3b2770909D4e10f157cABC84C7264073C9Ec,true,true,false,0x0832abc5de83c78b1cd7d5ba36a3ef9e69e09da96d6c4194fe0086cfc87c5bde,1085,207628,1789654220307,1789654222296,1989,
2893,0x1CBd3b2770909D4e10f157cABC84C7264073C9Ec,0xdF3e18d64BC6A983f673Ab319CCaE4f1a57C7097,true,true,false,0x73f67e2cc21380740f3e25ef45c9070d89c020d4ad46be0c5622cfd5aefbd3e7,1085,207628,1789654220307,1789654222296,1989,
2894,0xdF3e18d64BC6A983f673Ab319CCaE4f1a57C7097,0xcd3B766CCDd6AE721141F452C550Ca635964ce71,true,true,false,0x176e41f1ad937a647e5130f7c3ed3ce4d56c99f0b3fb6de32f6d58197418fcc8,1085,207628,1789654220307,1789654222296,1989,
2895,0xcd3B766CCDd6AE721141F452C550Ca635964ce71,0x2546BcD3c84621e976D8185a91A922aE77ECEc30,true,true,false,0xd2970feba006aab35d5a9f99545aa4cacfb408a1cc7c5fc959483575376d6b07,1085,207628,1789654220308,1789654222297,1989,
2896,0x2546BcD3c84621e976D8185a91A922aE77ECEc30,0xbDA5747bFD65F08deb54cb465eB87D40e51B197E,true,true,false,0x432c017611533b751577e5e400ebf847b04bd0703403f4f2ca96c44c7a250ca3,1085,207616,1789654220308,1789654222297,1989,
2897,0xbDA5747bFD65F08deb54cb465eB87D40e51B197E,0xdD2FD4581271e230360230F9337D5c0430Bf44C0,true,true,false,0x69289dfca67790c5450697438cbd17e2cd2174c3d21b1484dcd46c1926fe97ae,1085,207628,1789654220308,1789654222297,1989,
2898,0xdD2FD4581271e230360230F9337D5c0430Bf44C0,0x8626f6940E2eb28930eFb4CeF49B2d1F2C9C1199,true,true,false,0x8343a27be2879544cce72c742262b3d8edab006ca8d35886a91fd44a58cb20b1,1085,207628,1789654220309,1789654222297,1988,
2899,0x8626f6940E2eb28930eFb4CeF49B2d1F2C9C1199,0x09DB0a93B389bEF724429898f539AEB7ac2Dd55f,true,true,false,0xfaa15850a4ed46239efd88329839fd08f2f8c5e200dcea2512c86d660ae3fd9e,1085,207628,1789654220309,1789654222298,1989,
2900,0x09DB0a93B389bEF724429898f539AEB7ac2Dd55f,0x70997970C51812dc3A010C7d01b50e0d17dc79C8,true,true,false,0x18e1d2922a3110e9faefc3688dc76635a16ea2929bc8989015308c7f9c37013d,1085,207628,1789654220309,1789654222298,1989,
2901,0x70997970C51812dc3A010C7d01b50e0d17dc79C8,0x3C44CdDdB6a900fa2b585dd299e03d12FA4293BC,true,true,false,0xb9b38ebaeca66159b1594a4a93ce3ff6f76f634df9024d55498424ef9577d21f,1085,207616,1789654220310,1789654222299,1989,
2902,0x3C44CdDdB6a900fa2b585dd299e03d12FA4293BC,0x90F79bf6EB2c4f870365E785982E1f101E93b906,true,true,false,0x80dd414e02434e2b84be1dbb38f8eef870dceb285ac1fd0ea345651305deaac4,1085,207616,1789654220310,1789654222299,1989,
2903,0x90F79bf6EB2c4f870365E785982E1f101E93b906,0x15d34AAf54267DB7D7c367839AAf71A00a2C6A65,true,true,false,0x0de2248eb2692faf23982da08a4d217769fdcc3c13ab31d9eb5aa3937acdd69a,1085,207628,1789654220310,1789654222300,1990,
2904,0x15d34AAf54267DB7D7c367839AAf71A00a2C6A65,0x9965507D1a55bcC2695C58ba16FB37d819B0A4dc,true,true,false,0x96bd8cc9c84df926b4433b03829f79487a56848fffd42265b039eb662a702cb2,1085,207616,1789654220311,1789654222300,1989,
2906,0x976EA74026E726554dB657fA54763abd0C3a0aa9,0x14dC79964da2C08b23698B3D3cc7Ca32193d9955,true,true,false,0x64e2228abefb940f72cd2ae054a32b4b85483496fd1f3eb697e2b84457fff499,1085,207628,1789654220337,1789654222229,1892,
2907,0x14dC79964da2C08b23698B3D3cc7Ca32193d9955,0x23618e81E3f5cdF7f54C3d65f7FBc0aBf5B21E8f,true,true,false,0xfacb95bf74e7aac3598bd7377cb216b0604565e6f23b9b5bc63c973a0276eedc,1085,207616,1789654220340,1789654222230,1890,
2908,0x23618e81E3f5cdF7f54C3d65f7FBc0aBf5B21E8f,0xa0Ee7A142d267C1f36714E4a8F75612F20a79720,true,true,false,0x3197c9a44217f575781bce214496d6d13644c42920fac2cf06bd7f9b053a3267,1085,207628,1789654220340,1789654222230,1890,
2909,0xa0Ee7A142d267C1f36714E4a8F75612F20a79720,0xBcd4042DE499D14e55001CcbB24a551F3b954096,true,true,false,0x11cdf798a449dcac97e38ff65650d6e9895b81c4ca0012bae6daf23f44329376,1085,207616,1789654220341,1789654222230,1889,
2910,0xBcd4042DE499D14e55001CcbB24a551F3b954096,0x71bE63f3384f5fb98995898A86B02Fb2426c5788,true,true,false,0x12907f9cf4d37d3539027f3273986f8728f598baff0c2d5ad5df73287a2caa55,1085,207616,1789654220341,1789654222230,1889,
2911,0x71bE63f3384f5fb98995898A86B02Fb2426c5788,0xFABB0ac9d68B0B445fB7357272Ff202C5651694a,true,true,false,0x83f6a4bfca808ec9d3ce84da7ed7f9691235b4f2e58bfb5205a724b93c702a1b,1085,207628,1789654220342,1789654222231,1889,
2912,0xFABB0ac9d68B0B445fB7357272Ff202C5651694a,0x1CBd3b2770909D4e10f157cABC84C7264073C9Ec,true,true,false,0x6dd37eb500a58c449975f9e025a85c9897a3763e13310f7b15c76dcaf7078bb4,1085,207628,1789654220343,1789654222231,1888,
2914,0xdF3e18d64BC6A983f673Ab319CCaE4f1a57C7097,0xcd3B766CCDd6AE721141F452C550Ca635964ce71,true,true,false,0xb50a92619f507c6970e84733c1d42322e3f3425268e80d278fc80b7c21711a03,1085,207616,1789654220343,1789654222232,1889,
2915,0xcd3B766CCDd6AE721141F452C550Ca635964ce71,0x2546BcD3c84621e976D8185a91A922aE77ECEc30,true,true,false,0x0706af5dfc288676f2680484b0a84cb7f32c471e3aaebb0c0978e480db2a99d2,1085,207628,1789654220344,1789654222232,1888,
2916,0x2546BcD3c84621e976D8185a91A922aE77ECEc30,0xbDA5747bFD65F08deb54cb465eB87D40e51B197E,true,true,false,0x6ab094b0198cac9b9b760dfed0550e7b346034af8589020c278c630df3fcd9ba,1085,207604,1789654220344,1789654222232,1888,
2917,0xbDA5747bFD65F08deb54cb465eB87D40e51B197E,0xdD2FD4581271e230360230F9337D5c0430Bf44C0,true,true,false,0x9b72733ee8242cb887ece02412efad5f31da4090f1b2c5234ca8da3cf4ba9649,1085,207616,1789654220345,1789654222233,1888,
2918,0xdD2FD4581271e230360230F9337D5c0430Bf44C0,0x8626f6940E2eb28930eFb4CeF49B2d1F2C9C1199,true,true,false,0xd5e343f7b1c8640f4800d92d13e61db39ddb388b1a60f84086b14f6feccdcc38,1085,207616,1789654220346,1789654222233,1887,
2919,0x8626f6940E2eb28930eFb4CeF49B2d1F2C9C1199,0x09DB0a93B389bEF724429898f539AEB7ac2Dd55f,true,true,false,0x9abbdffd60bde801303e2091e6f254b9cf4ed517ceb3ea507445f195779d2e63,1085,207628,1789654220346,1789654222233,1887,
2920,0x09DB0a93B389bEF724429898f539AEB7ac2Dd55f,0x70997970C51812dc3A010C7d01b50e0d17dc79C8,true,true,false,0x48c5b585a32fdf47aa2caa9020646ce027ef9cbd385529a3f217dfe1827b7e11,1085,207616,1789654220347,1789654222233,1886,
2921,0x70997970C51812dc3A010C7d01b50e0d17dc79C8,0x3C44CdDdB6a900fa2b585dd299e03d12FA4293BC,true,true,false,0xfb17ef01238fdf5afe917722e866f8e742f816acab6c20c7ece44eb81c4e2c0e,1085,207604,1789654220348,1789654222233,1885,
2922,0x3C44CdDdB6a900fa2b585dd299e03d12FA4293BC,0x90F79bf6EB2c4f870365E785982E1f101E93b906,true,true,false,0x7cbad3d00a5204534c4c07462ca1603986868510a5b72dd16856e703b3f81e82,1085,207616,1789654220349,1789654222233,1884,
2923,0x90F79bf6EB2c4f870365E785982E1f101E93b906,0x15d34AAf54267DB7D7c367839AAf71A00a2C6A65,true,true,false,0x89562ccd583bd440bd9ad2a4a71269aa7479da7421b5915bc285a0fc5942890b,1085,207616,1789654220350,1789654222234,1884,
2924,0x15d34AAf54267DB7D7c367839AAf71A00a2C6A65,0x9965507D1a55bcC2695C58ba16FB37d819B0A4dc,true,true,false,0x6dd71f281db498194d2a9697d4b2942c760f7de041589005550dd367245310ba,1085,207628,1789654220350,1789654222234,1884,
2925,0x9965507D1a55bcC2695C58ba16FB37d819B0A4dc,0x976EA74026E726554dB657fA54763abd0C3a0aa9,true,true,false,0x5cf7737807043951831f844be6d0e62ad59700e69be8f19e2caa9df26c67e4af,1085,207628,1789654220351,1789654222234,1883,
2926,0x976EA74026E726554dB657fA54763abd0C3a0aa9,0x14dC79964da2C08b23698B3D3cc7Ca32193d9955,true,true,false,0x8048910e9def9a3ff00536ec4240db6f13f1388d274c3678c2755b128c0db3af,1085,207628,1789654220352,1789654222234,1882,
2927,0x14dC79964da2C08b23698B3D3cc7Ca32193d9955,0x23618e81E3f5cdF7f54C3d65f7FBc0aBf5B21E8f,true,true,false,0x245194c5843f0fc2d02b2397ca4e66f6123004ca8e3ae2283140d4a8f8833968,1085,207616,1789654220352,1789654222235,1883,
2928,0x23618e81E3f5cdF7f54C3d65f7FBc0aBf5B21E8f,0xa0Ee7A142d267C1f36714E4a8F75612F20a79720,true,true,false,0x69b97da72a31d8732b75954353f0f69f093c6f9a2aea8f537597ac8816525866,1085,207628,1789654220353,1789654222235,1882,
2929,0xa0Ee7A142d267C1f36714E4a8F75612F20a79720,0xBcd4042DE499D14e55001CcbB24a551F3b954096,true,true,false,0x547485eb1e1cdea3b2dc69efa80a93b0621cba05fc44e188006b4f3ce4b6421d,1085,207616,1789654220353,1789654222235,1882,
2930,0xBcd4042DE499D14e55001CcbB24a551F3b954096,0x71bE63f3384f5fb98995898A86B02Fb2426c5788,true,true,false,0x2c9d7bbf0e1183ea30ed93857984cabb23e0f5c55225c8b323ea6888dd637c41,1085,207616,1789654220354,1789654222236,1882,
2931,0x71bE63f3384f5fb98995898A86B02Fb2426c5788,0xFABB0ac9d68B0B445fB7357272Ff202C5651694a,true,true,false,0x09cf7135a35259b0c1ea15e2de8a269eb656aaa2f5834f24138c3592d52428bc,1085,207628,1789654220355,1789654222236,1881,
2932,0xFABB0ac9d68B0B445fB7357272Ff202C5651694a,0x1CBd3b2770909D4e10f157cABC84C7264073C9Ec,true,true,false,0x71f219e3ae99030590119d94089a5bc35aa08db7aa154e6c75745c24702f1380,1085,207628,1789654220355,1789654222236,1881,
2933,0x1CBd3b2770909D4e10f157cABC84C7264073C9Ec,0xdF3e18d64BC6A983f673Ab319CCaE4f1a57C7097,true,true,false,0x2df9f8443b2aae34453f157e7f6abc7acc43aec26627e8f272c5d330b6270ca1,1085,207628,1789654220356,1789654222237,1881,
2935,0xcd3B766CCDd6AE721141F452C550Ca635964ce71,0x2546BcD3c84621e976D8185a91A922aE77ECEc30,true,true,false,0x20b019aaf5b6bd8fbbed2b55c69af4769c911f21163008d10e565153325ac5f0,1085,207628,1789654220356,1789654222237,1881,
2936,0x2546BcD3c84621e976D8185a91A922aE77ECEc30,0xbDA5747bFD65F08deb54cb465eB87D40e51B197E,true,true,false,0xf59508f56c7dbf28022a910bde28609d60e2812aaf52e01890c14940ee93f23e,1085,207616,1789654220357,1789654222237,1880,
2937,0xbDA5747bFD65F08deb54cb465eB87D40e51B197E,0xdD2FD4581271e230360230F9337D5c0430Bf44C0,true,true,false,0xf2d0d3cf410a884d19370aa827fd13e3fb6e91655475a1e16d4301e61d50cf7b,1085,207628,1789654220357,1789654222237,1880,
2938,0xdD2FD4581271e230360230F9337D5c0430Bf44C0,0x8626f6940E2eb28930eFb4CeF49B2d1F2C9C1199,true,true,false,0x417887140e95ef381cb5d5a1f44ee29122ed2700ccf25440c5326ad874f874dc,1085,207628,1789654220396,1789654222237,1841,
2939,0x8626f6940E2eb28930eFb4CeF49B2d1F2C9C1199,0x09DB0a93B389bEF724429898f539AEB7ac2Dd55f,true,true,false,0xb903801eb4a751de1356aa17a7ba5d2f4d0054994eaeb6da5a7ed9c93bc9ea9a,1085,207628,1789654220397,1789654222237,1840,
2940,0x09DB0a93B389bEF724429898f539AEB7ac2Dd55f,0x70997970C51812dc3A010C7d01b50e0d17dc79C8,true,true,false,0x741c46a93e7429ac1a005b7d4fac7288f23d9d2c4fb0ac3d6da341f03adbd3f6,1085,207628,1789654220397,1789654222238,1841,
2941,0x70997970C51812dc3A010C7d01b50e0d17dc79C8,0x3C44CdDdB6a900fa2b585dd299e03d12FA4293BC,true,true,false,0xa6fd750d0a307124278943367f59a68b9c51211eb4636c614df29cf8aa1ef03c,1085,207616,1789654220399,1789654222238,1839,
2942,0x3C44CdDdB6a900fa2b585dd299e03d12FA4293BC,0x90F79bf6EB2c4f870365E785982E1f101E93b906,true,true,false,0x83ee99c191439bad9cc73247ec8906065eb87889154b384767cae0c9dce5deb8,1085,207604,1789654220400,1789654222238,1838,
2943,0x90F79bf6EB2c4f870365E785982E1f101E93b906,0x15d34AAf54267DB7D7c367839AAf71A00a2C6A65,true,true,false,0xc9cef6d7b455658f6bd4a9fcc09dc695f124a6ecf8ff6ec64e12f1b0ce3f6548,1085,207616,1789654220401,1789654222238,1837,
2944,0x15d34AAf54267DB7D7c367839AAf71A00a2C6A65,0x9965507D1a55bcC2695C58ba16FB37d819B0A4dc,true,true,false,0x31a3bcbdf149f6881111410d98843806291c67060e489e5ff0cd97b6f7ce65e8,1085,207628,1789654220401,1789654222239,1838,
2945,0x9965507D1a55bcC2695C58ba16FB37d819B0A4dc,0x976EA74026E726554dB657fA54763abd0C3a0aa9,true,true,false,0x5e16f21391353574fcd222183d2ddd64dd10ce64928aa1a77b664064ecb642dc,1085,207616,1789654220402,1789654222239,1837,
2946,0x976EA74026E726554dB657fA54763abd0C3a0aa9,0x14dC79964da2C08b23698B3D3cc7Ca32193d9955,true,true,false,0x17fd843f378b58c7ab9bb1dc8407f94f422d10f7e0739fd7402878ea36555070,1085,207616,1789654220402,1789654222239,1837,
2947,0x14dC79964da2C08b23698B3D3cc7Ca32193d9955,0x23618e81E3f5cdF7f54C3d65f7FBc0aBf5B21E8f,true,true,false,0x535a0e9e7ea34fcf4c904e52dc81ab26070926d4517ace96f8e3433131036c78,1085,207628,1789654220403,1789654222239,1836,
2948,0x23618e81E3f5cdF7f54C3d65f7FBc0aBf5B21E8f,0xa0Ee7A142d267C1f36714E4a8F75612F20a79720,true,true,false,0xd6d1c5a0f680dc4c2f0353d1fc16805a329602af24da5146b855e6d5c3425b28,1085,207616,1789654220403,1789654222239,1836,
2949,0xa0Ee7A142d267C1f36714E4a8F75612F20a79720,0xBcd4042DE499D14e55001CcbB24a551F3b954096,true,true,false,0x95faccbd1958b0cecc640fa2d523c3483be1be2c00c67ac65142885dd6265675,1085,207616,1789654220404,1789654222239,1835,
2950,0xBcd4042DE499D14e55001CcbB24a551F3b954096,0x71bE63f3384f5fb98995898A86B02Fb2426c5788,true,true,false,0x0105a655883a5fab5c81cec2d932fa771087f635e34c592cb9a2b2d2cc4d3549,1085,207616,1789654220404,1789654222240,1836,
2951,0x71bE63f3384f5fb98995898A86B02Fb2426c5788,0xFABB0ac9d68B0B445fB7357272Ff202C5651694a,true,true,false,0xf38f4bbda6f31d359ccd9dc1049454be2c4a19c1834a4dc33469c529d4caa6a1,1085,207628,1789654220405,1789654222240,1835,
2952,0xFABB0ac9d68B0B445fB7357272Ff202C5651694a,0x1CBd3b2770909D4e10f157cABC84C7264073C9Ec,true,true,false,0xb7ec4280909bf1bf12fb043968af2acbfd5ba97d568411041c44193063cfc818,1085,207628,1789654220405,1789654222240,1835,
2953,0x1CBd3b2770909D4e10f157cABC84C7264073C9Ec,0xdF3e18d64BC6A983f673Ab319CCaE4f1a57C7097,true,true,false,0xcafb535680ce8b5f1d2d4f97be0bfadd9798ec6fb89e1c67f7ef0ea39b18ad1d,1085,207616,1789654220406,1789654222240,1834,
2954,0xdF3e18d64BC6A983f673Ab319CCaE4f1a57C7097,0xcd3B766CCDd6AE721141F452C550Ca635964ce71,true,true,false,0xbfb40a8f293f50700c22704dac887ebbf74062071bc2a3ee069bc45c4d370e3b,1085,207628,1789654220421,1789654222240,1819,
2955,0xcd3B766CCDd6AE721141F452C550Ca635964ce71,0x2546BcD3c84621e976D8185a91A922aE77ECEc30,true,true,false,0xc16c46c8f61573b4b4ad1435ff957ff98ae1f30ac56794b479eae77024813f21,1085,207628,1789654220422,1789654222241,1819,
2956,0x2546BcD3c84621e976D8185a91A922aE77ECEc30,0xbDA5747bFD65F08deb54cb465eB87D40e51B197E,true,true,false,0xc804d30f101382e9a33684ab059b34c5e825df52677d70439799abb51398e229,1085,207616,1789654220423,1789654222241,1818,
2957,0xbDA5747bFD65F08deb54cb465eB87D40e51B197E,0xdD2FD4581271e230360230F9337D5c0430Bf44C0,true,true,false,0x9864cd0505866c6bba82609786c49ffab21dc8364f64f1e5fda5a23b650e30b9,1085,207628,1789654220424,1789654222241,1817,
2958,0xdD2FD4581271e230360230F9337D5c0430Bf44C0,0x8626f6940E2eb28930eFb4CeF49B2d1F2C9C1199,true,true,false,0xaf94b9bb67bbce2101802894022d3e64e6c1c86ba24afff990976265b57140b4,1085,207628,1789654220425,1789654222241,1816,
2959,0x8626f6940E2eb28930eFb4CeF49B2d1F2C9C1199,0x09DB0a93B389bEF724429898f539AEB7ac2Dd55f,true,true,false,0xfb7f87850615ca5986c154b3348e8354d94958cf7e72c31f739522405bf20826,1085,207628,1789654220426,1789654222241,1815,
2960,0x09DB0a93B389bEF724429898f539AEB7ac2Dd55f,0x70997970C51812dc3A010C7d01b50e0d17dc79C8,true,true,false,0x36f23dd79f48a9b89cff24632a72587099e93bccab3ed826e04fd0c98361c3a7,1085,207628,1789654220426,1789654222241,1815,
2961,0x70997970C51812dc3A010C7d01b50e0d17dc79C8,0x3C44CdDdB6a900fa2b585dd299e03d12FA4293BC,true,true,false,0x734030d269b8e3318a29eb5bf26837ff21ee9e61c686ed7fe31d211bb375f27b,1085,207604,1789654220426,1789654222241,1815,
2962,0x3C44CdDdB6a900fa2b585dd299e03d12FA4293BC,0x90F79bf6EB2c4f870365E785982E1f101E93b906,true,true,false,0x985cc336604ef4db8c8296984c54746ed38aa69471cc91fb1284149c8c2eeff4,1085,207616,1789654220427,1789654222242,1815,
2963,0x90F79bf6EB2c4f870365E785982E1f101E93b906,0x15d34AAf54267DB7D7c367839AAf71A00a2C6A65,true,true,false,0x54ed5f48fc820029f5d455a1ad0712ed9ea748d3b976fda077eccf69a1e68f12,1085,207628,1789654220427,1789654222242,1815,
2964,0x15d34AAf54267DB7D7c367839AAf71A00a2C6A65,0x9965507D1a55bcC2695C58ba16FB37d819B0A4dc,true,true,false,0xfe44aa371862907c6d8831beb2f099c4c0d34d256dbed28d7a3e59df3e26d4d6,1085,207628,1789654220428,1789654222242,1814,
2966,0x976EA74026E726554dB657fA54763abd0C3a0aa9,0x14dC79964da2C08b23698B3D3cc7Ca32193d9955,true,true,false,0x6fb893145d7c5a8b00a2270c5f2d775378b16b2ae4ac32c4fb86dd9d71128895,1085,207628,1789654220429,1789654222242,1813,
2967,0x14dC79964da2C08b23698B3D3cc7Ca32193d9955,0x23618e81E3f5cdF7f54C3d65f7FBc0aBf5B21E8f,true,true,false,0x1c440080b9d375f5b421ccfa16044838691f46fafd894499ffa9834e916f2fc5,1085,207628,1789654220430,1789654222242,1812,
2968,0x23618e81E3f5cdF7f54C3d65f7FBc0aBf5B21E8f,0xa0Ee7A142d267C1f36714E4a8F75612F20a79720,true,true,false,0x2b7386bcf351b11777e3179db82538a86c65a124395160987f9de856539f1658,1085,207628,1789654220430,1789654222243,1813,
2969,0xa0Ee7A142d267C1f36714E4a8F75612F20a79720,0xBcd4042DE499D14e55001CcbB24a551F3b954096,true,true,false,0x9711fec7a9b8d12078b57ef5a04d7a7355a7c031a297c00c2283f87fc94cd829,1085,207616,1789654220433,1789654222243,1810,
2970,0xBcd4042DE499D14e55001CcbB24a551F3b954096,0x71bE63f3384f5fb98995898A86B02Fb2426c5788,true,true,false,0xbf902a814a5e6da0042645bc0ce878483fa0b0039cf5ab3d6be179087aeb5dd6,1085,207604,1789654220434,1789654222243,1809,
2971,0x71bE63f3384f5fb98995898A86B02Fb2426c5788,0xFABB0ac9d68B0B445fB7357272Ff202C5651694a,true,true,false,0x1e3259e3a529c73a5a344a54243a2d1d9f1fef634803dd2f1db243fef922dbe8,1085,207616,1789654220435,1789654222243,1808,
2972,0xFABB0ac9d68B0B445fB7357272Ff202C5651694a,0x1CBd3b2770909D4e10f157cABC84C7264073C9Ec,true,true,false,0xe32e102ec446485fafb826e6466075110518465f3f888763957e3abe8d2d0d30,1085,207616,1789654220436,1789654222243,1807,
2973,0x1CBd3b2770909D4e10f157cABC84C7264073C9Ec,0xdF3e18d64BC6A983f673Ab319CCaE4f1a57C7097,true,true,false,0x6e39375be869bb0343a2b49a32eab64d8ea8c05928d1a81433aefb0222aa9842,1085,207616,1789654220437,1789654222243,1806,
2974,0xdF3e18d64BC6A983f673Ab319CCaE4f1a57C7097,0xcd3B766CCDd6AE721141F452C550Ca635964ce71,true,true,false,0x471f023cd09bc3b9191f4d60eca44c3dcddaf6361534f5e5fce79a7c7c338476,1085,207628,1789654220438,1789654222244,1806,
2975,0xcd3B766CCDd6AE721141F452C550Ca635964ce71,0x2546BcD3c84621e976D8185a91A922aE77ECEc30,true,true,false,0x5cf8da478a63b714c8c44936ff69b650937a2615205eec297cbe2e0c3076e460,1085,207628,1789654220439,1789654222244,1805,
2976,0x2546BcD3c84621e976D8185a91A922aE77ECEc30,0xbDA5747bFD65F08deb54cb465eB87D40e51B197E,true,true,false,0x2d4142bd93a7d4147481e1d7643cb86db3259e7bf5abfdfc7e2387026ae71a94,1085,207628,1789654220440,1789654222244,1804,
